
<item>
	<title>[B][COLOR=blue]Rise of the Guardians[/COLOR][/B]</title>
	<meta>
	<imdb>tt1446192</imdb>
	<content>movie</content>
	<title>Rise of the Guardians</title>
	<year>2012</year>
	</meta>
	<link>
	<sublink>https://www.youtube.com/watch?v=aPLiBxhoug0&feature=youtu.be</sublink>
	<sublink>search</sublink>
	<sublink>searchsd</sublink>
	</link>
	<thumbnail>https://image.tmdb.org/t/p/w1280/sIZr3pWcnLTjMkOaTkBrV967lTK.jpg</thumbnail>
	<fanart>https://image.tmdb.org/t/p/w1280/uLAzeXooxaCJvxltbEqZQHLxniP.jpg</fanart>
</item>
<item>
	<title>[B][COLOR=blue]Wreck It Ralph[/COLOR][/B]</title>
	<meta>
	<imdb>tt1772341</imdb>
	<content>movie</content>
	<title>Wreck It Ralph</title>
	<year>2012</year>
	</meta>
	<link>
	<sublink>https://www.youtube.com/watch?v=JPSQOomMWro&feature=youtu.be</sublink>
	<sublink>search</sublink>
	<sublink>searchsd</sublink>
	</link>
	<thumbnail>https://image.tmdb.org/t/p/w1280/gaJbCRPjzQ7JPsr8b14FHmE2He9.jpg</thumbnail>
	<fanart>https://image.tmdb.org/t/p/w1280/mLJNZhoySaaloskNrfYAmIVN9iA.jpg</fanart>
</item>
<item>
	<title>[B][COLOR=blue]Biohazard Damnation[/COLOR][/B]</title>
	<meta>
	<imdb>tt1753496</imdb>
	<content>movie</content>
	<title>Biohazard Damnation</title>
	<year>2012</year>
	</meta>
	<link>
	<sublink>https://www.youtube.com/watch?v=E_ZPb_Qf7JY&feature=youtu.be</sublink>
	<sublink>search</sublink>
	<sublink>searchsd</sublink>
	</link>
	<thumbnail>https://image.tmdb.org/t/p/w1280/hj2xHc35cEscP7oj6DqCK6IbNIC.jpg</thumbnail>
	<fanart>https://image.tmdb.org/t/p/w1280/6pRNDb0yStxlwhavn2ZqYRVFOJ5.jpg</fanart>
</item>
<item>
	<title>[B][COLOR=blue]TinkerBell and the Secret of the Wings[/COLOR][/B]</title>
	<meta>
	<imdb>tt1217213</imdb>
	<content>movie</content>
	<title>TinkerBell and the Secret of the Wings</title>
	<year>2012</year>
	</meta>
	<link>
	<sublink>https://www.youtube.com/watch?v=UpFv8M2HdQ4&feature=youtu.be</sublink>
	<sublink>search</sublink>
	<sublink>searchsd</sublink>
	</link>
	<thumbnail>https://image.tmdb.org/t/p/w1280/4oBoAsIGEw9z4R5XqhtuVmpznGk.jpg</thumbnail>
	<fanart>https://image.tmdb.org/t/p/w1280/wMpL6qA67gTupcwXV8w6VIJzLxa.jpg</fanart>
</item>
<item>
	<title>[B][COLOR=blue]Delhi Safari[/COLOR][/B]</title>
	<meta>
	<imdb>tt1172587</imdb>
	<content>movie</content>
	<title>Delhi Safari</title>
	<year>2012</year>
	</meta>
	<link>
	<sublink>https://www.youtube.com/watch?v=Iwc3c0FwEMY&feature=youtu.be</sublink>
	<sublink>search</sublink>
	<sublink>searchsd</sublink>
	</link>
	<thumbnail>https://image.tmdb.org/t/p/w1280/uSOZatdDKzO33IzIt0txcBwfaD3.jpg</thumbnail>
	<fanart>https://image.tmdb.org/t/p/w1280/6UzVZDUKDxcUa55eE4M8pqBCW8R.jpg</fanart>
</item>
<item>
	<title>[B][COLOR=blue]Hotel Transylvania[/COLOR][/B]</title>
	<meta>
	<imdb>tt0837562</imdb>
	<content>movie</content>
	<title>Hotel Transylvania</title>
	<year>2012</year>
	</meta>
	<link>
	<sublink>https://www.youtube.com/watch?v=q4RK3jY7AVk&feature=youtu.be</sublink>
	<sublink>search</sublink>
	<sublink>searchsd</sublink>
	</link>
	<thumbnail>https://image.tmdb.org/t/p/w1280/9qugesYpAWHUpdrw2w8URSGkAPt.jpg</thumbnail>
	<fanart>https://image.tmdb.org/t/p/w1280/sETTal2HPPkUC3lWc27HL1AFu9C.jpg</fanart>
</item>
<item>
	<title>[B][COLOR=blue]Starship Troopers Invasion[/COLOR][/B]</title>
	<meta>
	<imdb>tt2085930</imdb>
	<content>movie</content>
	<title>Starship Troopers Invasion</title>
	<year>2012</year>
	</meta>
	<link>
	<sublink>https://www.youtube.com/watch?v=q4RK3jY7AVk&feature=youtu.be</sublink>
	<sublink>search</sublink>
	<sublink>searchsd</sublink>
	</link>
	<thumbnail>https://image.tmdb.org/t/p/w1280</thumbnail>
	<fanart>https://image.tmdb.org/t/p/w1280</fanart>
</item>
<item>
	<title>[B][COLOR=blue]Ice Age Continental Drift[/COLOR][/B]</title>
	<meta>
	<imdb>tt1667889</imdb>
	<content>movie</content>
	<title>Ice Age Continental Drift</title>
	<year>2012</year>
	</meta>
	<link>
	<sublink>https://www.youtube.com/watch?v=DjGf2v2Z-3E&feature=youtu.be</sublink>
	<sublink>search</sublink>
	<sublink>searchsd</sublink>
	</link>
	<thumbnail>https://image.tmdb.org/t/p/w1280/u30xsZd3mijrdBKA6CeDsozx48g.jpg</thumbnail>
	<fanart>https://image.tmdb.org/t/p/w1280/tZGKKeWGejt63jiSdi7MTAjCFE9.jpg</fanart>
</item>
<item>
	<title>[B][COLOR=blue]Brave[/COLOR][/B]</title>
	<meta>
	<imdb>tt1217209</imdb>
	<content>movie</content>
	<title>Brave</title>
	<year>2012</year>
	</meta>
	<link>
	<sublink>https://www.youtube.com/watch?v=TEHWDA_6e3M&feature=youtu.be</sublink>
	<sublink>search</sublink>
	<sublink>searchsd</sublink>
	</link>
	<thumbnail>https://image.tmdb.org/t/p/w1280/qhABv2d4NZLhsOOA4iBFM4rfuJC.jpg</thumbnail>
	<fanart>https://image.tmdb.org/t/p/w1280/sfRCA9g3CunpnZO3QurHSIRcsUq.jpg</fanart>
</item>
<item>
	<title>[B][COLOR=blue]Madagascar 3 Europe s Most Wanted[/COLOR][/B]</title>
	<meta>
	<imdb>tt1277953</imdb>
	<content>movie</content>
	<title>Madagascar 3 Europe s Most Wanted</title>
	<year>2012</year>
	</meta>
	<link>
	<sublink>https://www.youtube.com/watch?v=PlkWVkpP59U&feature=youtu.be</sublink>
	<sublink>search</sublink>
	<sublink>searchsd</sublink>
	</link>
	<thumbnail>https://image.tmdb.org/t/p/w1280/wd7NcMifnuf66gD2Fm7Tzz3yJ54.jpg</thumbnail>
	<fanart>https://image.tmdb.org/t/p/w1280/alkQ9DQJdZutBCKdEHXUVCZnuAF.jpg</fanart>
</item>
<item>
	<title>[B][COLOR=blue]Zambezia[/COLOR][/B]</title>
	<meta>
	<imdb>tt1488181</imdb>
	<content>movie</content>
	<title>Zambezia</title>
	<year>2012</year>
	</meta>
	<link>
	<sublink>https://www.youtube.com/watch?v=YwVcjdEe0c8&feature=youtu.be</sublink>
	<sublink>search</sublink>
	<sublink>searchsd</sublink>
	</link>
	<thumbnail>https://image.tmdb.org/t/p/w1280/dLZTSTe4czdJ3Fr6vwy8XwVzLF5.jpg</thumbnail>
	<fanart>https://image.tmdb.org/t/p/w1280/5xPTAstcnDpZWmai8mocGUHChKF.jpg</fanart>
</item>
<item>
	<title>[B][COLOR=blue]The Lorax[/COLOR][/B]</title>
	<meta>
	<imdb>tt1482459</imdb>
	<content>movie</content>
	<title>The Lorax</title>
	<year>2012</year>
	</meta>
	<link>
	<sublink>https://www.youtube.com/watch?v=0aQ1R90UAxQ&feature=youtu.be</sublink>
	<sublink>search</sublink>
	<sublink>searchsd</sublink>
	</link>
	<thumbnail>https://image.tmdb.org/t/p/w1280/6FuYtjegxaUv7n7C733hUEOQytR.jpg</thumbnail>
	<fanart>https://image.tmdb.org/t/p/w1280/7CuXAFUWcOlR5kt07ln1fZDxdHX.jpg</fanart>
</item>
<item>
	<title>[B][COLOR=blue]Dragon Age Dawn of the Seeker[/COLOR][/B]</title>
	<meta>
	<imdb>tt1709652</imdb>
	<content>movie</content>
	<title>Dragon Age Dawn of the Seeker</title>
	<year>2012</year>
	</meta>
	<link>
	<sublink>https://www.youtube.com/watch?v=0aQ1R90UAxQ&feature=youtu.be</sublink>
	<sublink>search</sublink>
	<sublink>searchsd</sublink>
	</link>
	<thumbnail>https://image.tmdb.org/t/p/w1280</thumbnail>
	<fanart>https://image.tmdb.org/t/p/w1280</fanart>
</item>
<item>
	<title>[B][COLOR=blue]Holy Night![/COLOR][/B]</title>
	<meta>
	<imdb>tt2023519</imdb>
	<content>movie</content>
	<title>Holy Night!</title>
	<year>2011</year>
	</meta>
	<link>
	<sublink>https://www.youtube.com/watch?v=0aQ1R90UAxQ&feature=youtu.be</sublink>
	<sublink>search</sublink>
	<sublink>searchsd</sublink>
	</link>
	<thumbnail>https://image.tmdb.org/t/p/w1280</thumbnail>
	<fanart>https://image.tmdb.org/t/p/w1280</fanart>
</item>
<item>
	<title>[B][COLOR=blue]Arthur Christmas[/COLOR][/B]</title>
	<meta>
	<imdb>tt1430607</imdb>
	<content>movie</content>
	<title>Arthur Christmas</title>
	<year>2011</year>
	</meta>
	<link>
	<sublink>https://www.youtube.com/watch?v=7tk-WZSqIGQ&feature=youtu.be</sublink>
	<sublink>search</sublink>
	<sublink>searchsd</sublink>
	</link>
	<thumbnail>https://image.tmdb.org/t/p/w1280/crjzhg2T1sPL9yE7bFHkYp0OfXG.jpg</thumbnail>
	<fanart>https://image.tmdb.org/t/p/w1280/kJwJfSQht3QwpWka8JBnQ18IyDT.jpg</fanart>
</item>
<item>
	<title>[B][COLOR=blue]Happy Feet Two[/COLOR][/B]</title>
	<meta>
	<imdb>tt1402488</imdb>
	<content>movie</content>
	<title>Happy Feet Two</title>
	<year>2011</year>
	</meta>
	<link>
	<sublink>https://www.youtube.com/watch?v=gKWNUyTGqss&feature=youtu.be</sublink>
	<sublink>search</sublink>
	<sublink>searchsd</sublink>
	</link>
	<thumbnail>https://image.tmdb.org/t/p/w1280/2gWiQ4mn85jcXtREVePlVViupeV.jpg</thumbnail>
	<fanart>https://image.tmdb.org/t/p/w1280/dUy3Kh5DIl1CkuMmTP58gOMGxU6.jpg</fanart>
</item>
<item>
	<title>[B][COLOR=blue]Puss in Boots[/COLOR][/B]</title>
	<meta>
	<imdb>tt0448694</imdb>
	<content>movie</content>
	<title>Puss in Boots</title>
	<year>2011</year>
	</meta>
	<link>
	<sublink>https://www.youtube.com/watch?v=Znuq-daWfLE&feature=youtu.be</sublink>
	<sublink>search</sublink>
	<sublink>searchsd</sublink>
	</link>
	<thumbnail>https://image.tmdb.org/t/p/w1280/7r57xOw0zSCW59pys29KyPrDS3t.jpg</thumbnail>
	<fanart>https://image.tmdb.org/t/p/w1280/bGcVQQrTE7tJ4jxKhmPn3z3nc5N.jpg</fanart>
</item>
<item>
	<title>[B][COLOR=blue]The Adventures of Tintin The Secret of the Unicorn[/COLOR][/B]</title>
	<meta>
	<imdb>tt0983193</imdb>
	<content>movie</content>
	<title>The Adventures of Tintin The Secret of the Unicorn</title>
	<year>2011</year>
	</meta>
	<link>
	<sublink>https://www.youtube.com/watch?v=LTnCE_SaU38&feature=youtu.be</sublink>
	<sublink>search</sublink>
	<sublink>searchsd</sublink>
	</link>
	<thumbnail>https://image.tmdb.org/t/p/w1280/3XOaHJARdZIXcd7sgJV24Txp3gf.jpg</thumbnail>
	<fanart>https://image.tmdb.org/t/p/w1280/m3xgF9JiTlfN1rO9hcvTd4PTIQy.jpg</fanart>
</item>
<item>
	<title>[B][COLOR=blue]Hetjur Valhallar xc3 x9e xc3 xb3r[/COLOR][/B]</title>
	<meta>
	<imdb>tt1241721</imdb>
	<content>movie</content>
	<title>Hetjur Valhallar xc3 x9e xc3 xb3r</title>
	<year>2011</year>
	</meta>
	<link>
	<sublink>https://www.youtube.com/watch?v=LTnCE_SaU38&feature=youtu.be</sublink>
	<sublink>search</sublink>
	<sublink>searchsd</sublink>
	</link>
	<thumbnail>https://image.tmdb.org/t/p/w1280</thumbnail>
	<fanart>https://image.tmdb.org/t/p/w1280</fanart>
</item>
<item>
	<title>[B][COLOR=blue]Ronal Barbaren[/COLOR][/B]</title>
	<meta>
	<imdb>tt1629374</imdb>
	<content>movie</content>
	<title>Ronal Barbaren</title>
	<year>2011</year>
	</meta>
	<link>
	<sublink>https://www.youtube.com/watch?v=4N26u0cPdk4&feature=youtu.be</sublink>
	<sublink>search</sublink>
	<sublink>searchsd</sublink>
	</link>
	<thumbnail>https://image.tmdb.org/t/p/w1280/wGtPpl8n3zOP5HsWMqUZNOhKM5c.jpg</thumbnail>
	<fanart>https://image.tmdb.org/t/p/w1280/y2sKCA9fxgUYE3IUsQrJbD1EO2T.jpg</fanart>
</item>
<item>
	<title>[B][COLOR=blue]Jock[/COLOR][/B]</title>
	<meta>
	<imdb>tt1822239</imdb>
	<content>movie</content>
	<title>Jock</title>
	<year>2011</year>
	</meta>
	<link>
	<sublink>https://www.youtube.com/watch?v=zG7nIP30ioM&feature=youtu.be</sublink>
	<sublink>search</sublink>
	<sublink>searchsd</sublink>
	</link>
	<thumbnail>https://image.tmdb.org/t/p/w1280/pWs486QjGRp6Nnjk039XhU12yrw.jpg</thumbnail>
	<fanart>https://image.tmdb.org/t/p/w1280/6muNYHCvORDlDT3GKqQC3qyCRJc.jpg</fanart>
</item>
<item>
	<title>[B][COLOR=blue]Tekken Buraddo benjensu[/COLOR][/B]</title>
	<meta>
	<imdb>tt2005363</imdb>
	<content>movie</content>
	<title>Tekken Buraddo benjensu</title>
	<year>2011</year>
	</meta>
	<link>
	<sublink>https://www.youtube.com/watch?v=IPT_qqJ12s4&feature=youtu.be</sublink>
	<sublink>search</sublink>
	<sublink>searchsd</sublink>
	</link>
	<thumbnail>https://image.tmdb.org/t/p/w1280/7Q8uqpqtwAZIQlNUXMDhHn5PsJO.jpg</thumbnail>
	<fanart>https://image.tmdb.org/t/p/w1280/bish2R7eWff3qt0BnDVuSQhPJwj.jpg</fanart>
</item>
<item>
	<title>[B][COLOR=blue]Cars 2[/COLOR][/B]</title>
	<meta>
	<imdb>tt1216475</imdb>
	<content>movie</content>
	<title>Cars 2</title>
	<year>2011</year>
	</meta>
	<link>
	<sublink>https://www.youtube.com/watch?v=lg5hj2c5Nkk&feature=youtu.be</sublink>
	<sublink>search</sublink>
	<sublink>searchsd</sublink>
	</link>
	<thumbnail>https://image.tmdb.org/t/p/w1280/AblhtULOVtrkSnFxRPQ8gBemxw9.jpg</thumbnail>
	<fanart>https://image.tmdb.org/t/p/w1280/jEcmZhtJkZQc6ta2vzBd9CU7GIx.jpg</fanart>
</item>
