
<item>
	<title>[B][COLOR=blue]The Good Dinosaur[/COLOR][/B]</title>
	<meta>
	<imdb>tt1979388</imdb>
	<content>movie</content>
	<title>The Good Dinosaur</title>
	<year>2015</year>
	</meta>
	<link>
	<sublink>https://www.youtube.com/watch?v=8lsIrASLD-Q&feature=youtu.be</sublink>
	<sublink>search</sublink>
	<sublink>searchsd</sublink>
	</link>
	<thumbnail>https://image.tmdb.org/t/p/w1280/2ZckiMTfSkCep2JTtZbr73tnQbN.jpg</thumbnail>
	<fanart>https://image.tmdb.org/t/p/w1280/pDuD96Fz0ZZXf9buEvRu1UQsmFT.jpg</fanart>
</item>
<item>
	<title>[B][COLOR=blue]Snoopy and Charlie Brown The Peanuts Movie[/COLOR][/B]</title>
	<meta>
	<imdb>tt2452042</imdb>
	<content>movie</content>
	<title>Snoopy and Charlie Brown The Peanuts Movie</title>
	<year>2015</year>
	</meta>
	<link>
	<sublink>https://www.youtube.com/watch?v=fVR4E6Q6u5g&feature=youtu.be</sublink>
	<sublink>search</sublink>
	<sublink>searchsd</sublink>
	</link>
	<thumbnail>https://image.tmdb.org/t/p/w1280/8Riryt5HqjAjLDeIayBSAOtxUKL.jpg</thumbnail>
	<fanart>https://image.tmdb.org/t/p/w1280/yVDp8IjrZOp8MrAHc6ruWtNTsOC.jpg</fanart>
</item>
<item>
	<title>[B][COLOR=blue]Hell and Back[/COLOR][/B]</title>
	<meta>
	<imdb>tt2141773</imdb>
	<content>movie</content>
	<title>Hell and Back</title>
	<year>2015</year>
	</meta>
	<link>
	<sublink>https://www.youtube.com/watch?v=HtWHUpRXl2E&feature=youtu.be</sublink>
	<sublink>search</sublink>
	<sublink>searchsd</sublink>
	</link>
	<thumbnail>https://image.tmdb.org/t/p/w1280/lNEjSuF8ZtYPxYHurtovXDxkobG.jpg</thumbnail>
	<fanart>https://image.tmdb.org/t/p/w1280/8SqznXDc9TFUDSKjcUSCFHtPeLr.jpg</fanart>
</item>
<item>
	<title>[B][COLOR=blue]Hotel Transylvania 2[/COLOR][/B]</title>
	<meta>
	<imdb>tt2510894</imdb>
	<content>movie</content>
	<title>Hotel Transylvania 2</title>
	<year>2015</year>
	</meta>
	<link>
	<sublink>https://www.youtube.com/watch?v=T3nqmGgnJe8&feature=youtu.be</sublink>
	<sublink>search</sublink>
	<sublink>searchsd</sublink>
	</link>
	<thumbnail>https://image.tmdb.org/t/p/w1280/cFQHMUmxaO3PEDo5lxuQC8MCRIH.jpg</thumbnail>
	<fanart>https://image.tmdb.org/t/p/w1280/h3t4zZPteUPqyDBrmz5Z2zzGM61.jpg</fanart>
</item>
<item>
	<title>[B][COLOR=blue]Blinky Bill[/COLOR][/B]</title>
	<meta>
	<imdb>tt3700456</imdb>
	<content>movie</content>
	<title>Blinky Bill</title>
	<year>2015</year>
	</meta>
	<link>
	<sublink>https://www.youtube.com/watch?v=5x9Fxv_2F0o&feature=youtu.be</sublink>
	<sublink>search</sublink>
	<sublink>searchsd</sublink>
	</link>
	<thumbnail>https://image.tmdb.org/t/p/w1280/c7f5MjXeIRW4FSMEL82Spz8jacz.jpg</thumbnail>
	<fanart>https://image.tmdb.org/t/p/w1280/9ZrF8ZkGIcCbxfL1ZPr72k6aFGq.jpg</fanart>
</item>
<item>
	<title>[B][COLOR=blue]Minions[/COLOR][/B]</title>
	<meta>
	<imdb>tt2293640</imdb>
	<content>movie</content>
	<title>Minions</title>
	<year>2015</year>
	</meta>
	<link>
	<sublink>https://www.youtube.com/watch?v=jc86EFjLFV4&feature=youtu.be</sublink>
	<sublink>search</sublink>
	<sublink>searchsd</sublink>
	</link>
	<thumbnail>https://image.tmdb.org/t/p/w1280/q0R4crx2SehcEEQEkYObktdeFy.jpg</thumbnail>
	<fanart>https://image.tmdb.org/t/p/w1280/wiSIfl9FnXYGXzUKji7Muc3Oj3o.jpg</fanart>
</item>
<item>
	<title>[B][COLOR=blue]Le Petit Prince[/COLOR][/B]</title>
	<meta>
	<imdb>tt1754656</imdb>
	<content>movie</content>
	<title>Le Petit Prince</title>
	<year>2015</year>
	</meta>
	<link>
	<sublink>https://www.youtube.com/watch?v=ihi491RQo5A&feature=youtu.be</sublink>
	<sublink>search</sublink>
	<sublink>searchsd</sublink>
	</link>
	<thumbnail>https://image.tmdb.org/t/p/w1280/uUNd8rVnHxhl2DOtaU7itT2vv78.jpg</thumbnail>
	<fanart>https://image.tmdb.org/t/p/w1280/f5gs9YKhwdYNTaOKP7ePfu7V1HD.jpg</fanart>
</item>
<item>
	<title>[B][COLOR=blue]Inside Out[/COLOR][/B]</title>
	<meta>
	<imdb>tt2096673</imdb>
	<content>movie</content>
	<title>Inside Out</title>
	<year>2015</year>
	</meta>
	<link>
	<sublink>https://www.youtube.com/watch?v=yRUAzGQ3nSY&feature=youtu.be</sublink>
	<sublink>search</sublink>
	<sublink>searchsd</sublink>
	</link>
	<thumbnail>https://image.tmdb.org/t/p/w1280/aAmfIX3TT40zUHGcCKrlOZRKC7u.jpg</thumbnail>
	<fanart>https://image.tmdb.org/t/p/w1280/szytSpLAyBh3ULei3x663mAv5ZT.jpg</fanart>
</item>
<item>
	<title>[B][COLOR=blue]Guardianes de Oz[/COLOR][/B]</title>
	<meta>
	<imdb>tt3633118</imdb>
	<content>movie</content>
	<title>Guardianes de Oz</title>
	<year>2015</year>
	</meta>
	<link>
	<sublink>https://www.youtube.com/watch?v=yRUAzGQ3nSY&feature=youtu.be</sublink>
	<sublink>search</sublink>
	<sublink>searchsd</sublink>
	</link>
	<thumbnail>https://image.tmdb.org/t/p/w1280</thumbnail>
	<fanart>https://image.tmdb.org/t/p/w1280</fanart>
</item>
<item>
	<title>[B][COLOR=blue]Home[/COLOR][/B]</title>
	<meta>
	<imdb>tt2224026</imdb>
	<content>movie</content>
	<title>Home</title>
	<year>2015</year>
	</meta>
	<link>
	<sublink>https://www.youtube.com/watch?v=G9F6VhFY4wY&feature=youtu.be</sublink>
	<sublink>search</sublink>
	<sublink>searchsd</sublink>
	</link>
	<thumbnail>https://image.tmdb.org/t/p/w1280/b7czgMTk5txqLr2UczBb0Wez77E.jpg</thumbnail>
	<fanart>https://image.tmdb.org/t/p/w1280/6HoS2Hzcye4xGowSLTf0Pox43QW.jpg</fanart>
</item>
<item>
	<title>[B][COLOR=blue]Two by Two[/COLOR][/B]</title>
	<meta>
	<imdb>tt3411432</imdb>
	<content>movie</content>
	<title>Two by Two</title>
	<year>2015</year>
	</meta>
	<link>
	<sublink>https://www.youtube.com/watch?v=spcghvLHXdk&feature=youtu.be</sublink>
	<sublink>search</sublink>
	<sublink>searchsd</sublink>
	</link>
	<thumbnail>https://image.tmdb.org/t/p/w1280/y1sW14KiKMHQbQCIZiUDha7lkR3.jpg</thumbnail>
	<fanart>https://image.tmdb.org/t/p/w1280/aVcpJiLFpvPkoHgE54R4FaI40If.jpg</fanart>
</item>
<item>
	<title>[B][COLOR=blue]Strange Magic[/COLOR][/B]</title>
	<meta>
	<imdb>tt4191054</imdb>
	<content>movie</content>
	<title>Strange Magic</title>
	<year>2015</year>
	</meta>
	<link>
	<sublink>https://www.youtube.com/watch?v=Xr9iLfD6xus&feature=youtu.be</sublink>
	<sublink>search</sublink>
	<sublink>searchsd</sublink>
	</link>
	<thumbnail>https://image.tmdb.org/t/p/w1280/ixB8bO1sFo5eLPqjsyd3u9UVzDD.jpg</thumbnail>
	<fanart>https://image.tmdb.org/t/p/w1280/yFAvLoOl4313nkV9wuOyTTq9bJ.jpg</fanart>
</item>
<item>
	<title>[B][COLOR=blue]Penguins of Madagascar[/COLOR][/B]</title>
	<meta>
	<imdb>tt1911658</imdb>
	<content>movie</content>
	<title>Penguins of Madagascar</title>
	<year>2014</year>
	</meta>
	<link>
	<sublink>https://www.youtube.com/watch?v=KHGHEpUeUwo&feature=youtu.be</sublink>
	<sublink>search</sublink>
	<sublink>searchsd</sublink>
	</link>
	<thumbnail>https://image.tmdb.org/t/p/w1280/pRer59eyY4rjkLPeKXKo7fPxCHH.jpg</thumbnail>
	<fanart>https://image.tmdb.org/t/p/w1280/fBYnaVOcc2Ghfkv473z0xdBRQ0m.jpg</fanart>
</item>
<item>
	<title>[B][COLOR=blue]Big Hero 6[/COLOR][/B]</title>
	<meta>
	<imdb>tt2245084</imdb>
	<content>movie</content>
	<title>Big Hero 6</title>
	<year>2014</year>
	</meta>
	<link>
	<sublink>https://www.youtube.com/watch?v=OvgyXKDXdZY&feature=youtu.be</sublink>
	<sublink>search</sublink>
	<sublink>searchsd</sublink>
	</link>
	<thumbnail>https://image.tmdb.org/t/p/w1280/9gLu47Zw5ertuFTZaxXOvNfy78T.jpg</thumbnail>
	<fanart>https://image.tmdb.org/t/p/w1280/lv3NrraY2VRK6ImwNU3vfOPZyTi.jpg</fanart>
</item>
<item>
	<title>[B][COLOR=blue]Chaar Sahibzaade[/COLOR][/B]</title>
	<meta>
	<imdb>tt4168188</imdb>
	<content>movie</content>
	<title>Chaar Sahibzaade</title>
	<year>2014</year>
	</meta>
	<link>
	<sublink>https://www.youtube.com/watch?v=V60VT6WvHE4&feature=youtu.be</sublink>
	<sublink>search</sublink>
	<sublink>searchsd</sublink>
	</link>
	<thumbnail>https://image.tmdb.org/t/p/w1280/c3q6v5JbLxRcsmgHSBxsoxeLV5c.jpg</thumbnail>
	<fanart>https://image.tmdb.org/t/p/w1280/zQV8NG1NACtKauCJhQpnKFwgBWT.jpg</fanart>
</item>
<item>
	<title>[B][COLOR=blue]The Book of Life[/COLOR][/B]</title>
	<meta>
	<imdb>tt2262227</imdb>
	<content>movie</content>
	<title>The Book of Life</title>
	<year>2014</year>
	</meta>
	<link>
	<sublink>https://www.youtube.com/watch?v=mP01tEMzt40&feature=youtu.be</sublink>
	<sublink>search</sublink>
	<sublink>searchsd</sublink>
	</link>
	<thumbnail>https://image.tmdb.org/t/p/w1280/puTDvsUADxCA5NjJuwgEWqQ3xGA.jpg</thumbnail>
	<fanart>https://image.tmdb.org/t/p/w1280/lVshZpxU5EB8zXJrnXxblaDps6m.jpg</fanart>
</item>
<item>
	<title>[B][COLOR=blue]Planes Fire & Rescue[/COLOR][/B]</title>
	<meta>
	<imdb>tt2980706</imdb>
	<content>movie</content>
	<title>Planes Fire & Rescue</title>
	<year>2014</year>
	</meta>
	<link>
	<sublink>https://www.youtube.com/watch?v=Uk0D5L0TT30&feature=youtu.be</sublink>
	<sublink>search</sublink>
	<sublink>searchsd</sublink>
	</link>
	<thumbnail>https://image.tmdb.org/t/p/w1280/b5Xn7UQf7s6ZPsDTVT0NeLqiiHY.jpg</thumbnail>
	<fanart>https://image.tmdb.org/t/p/w1280/3MET6hEfk8n8i0KFRq9BHnJq7ju.jpg</fanart>
</item>
<item>
	<title>[B][COLOR=blue]How to Train Your Dragon 2[/COLOR][/B]</title>
	<meta>
	<imdb>tt1646971</imdb>
	<content>movie</content>
	<title>How to Train Your Dragon 2</title>
	<year>2014</year>
	</meta>
	<link>
	<sublink>https://www.youtube.com/watch?v=68AqHwgk2s8&feature=youtu.be</sublink>
	<sublink>search</sublink>
	<sublink>searchsd</sublink>
	</link>
	<thumbnail>https://image.tmdb.org/t/p/w1280/lRjOR4uclMQijUav4OjeZprlehu.jpg</thumbnail>
	<fanart>https://image.tmdb.org/t/p/w1280/mrxKRSlf0iY0T2BLKpSSmu86X9t.jpg</fanart>
</item>
<item>
	<title>[B][COLOR=blue]Dragon Nest Warriors Dawn[/COLOR][/B]</title>
	<meta>
	<imdb>tt2911342</imdb>
	<content>movie</content>
	<title>Dragon Nest Warriors Dawn</title>
	<year>2014</year>
	</meta>
	<link>
	<sublink>https://www.youtube.com/watch?v=vbkA4a5N-Hc&feature=youtu.be</sublink>
	<sublink>search</sublink>
	<sublink>searchsd</sublink>
	</link>
	<thumbnail>https://image.tmdb.org/t/p/w1280/4gtrcEfXkMuVmQTUbELnfrA4Jqk.jpg</thumbnail>
	<fanart>https://image.tmdb.org/t/p/w1280/6i29AyCu1aKAbzbmQITTmOF2cVb.jpg</fanart>
</item>
<item>
	<title>[B][COLOR=blue]Rio 2[/COLOR][/B]</title>
	<meta>
	<imdb>tt2357291</imdb>
	<content>movie</content>
	<title>Rio 2</title>
	<year>2014</year>
	</meta>
	<link>
	<sublink>https://www.youtube.com/watch?v=hUWsKkMKZBc&feature=youtu.be</sublink>
	<sublink>search</sublink>
	<sublink>searchsd</sublink>
	</link>
	<thumbnail>https://image.tmdb.org/t/p/w1280/jZcF7xZVvrX2A4qNOqeHpmtbdBT.jpg</thumbnail>
	<fanart>https://image.tmdb.org/t/p/w1280/bRQPOVpvBmvep9WYnGcKguxjlg2.jpg</fanart>
</item>
<item>
	<title>[B][COLOR=blue]Mr Peabody & Sherman[/COLOR][/B]</title>
	<meta>
	<imdb>tt0864835</imdb>
	<content>movie</content>
	<title>Mr Peabody & Sherman</title>
	<year>2014</year>
	</meta>
	<link>
	<sublink>https://www.youtube.com/watch?v=aMl2tTVwsZA&feature=youtu.be</sublink>
	<sublink>search</sublink>
	<sublink>searchsd</sublink>
	</link>
	<thumbnail>https://image.tmdb.org/t/p/w1280/q4FQXK4a4HSb4pajZL4ZFKHVsjC.jpg</thumbnail>
	<fanart>https://image.tmdb.org/t/p/w1280/hpIUiHIyNKWsid3Tz4adtYsUqo1.jpg</fanart>
</item>
<item>
	<title>[B][COLOR=blue]The Lego Movie[/COLOR][/B]</title>
	<meta>
	<imdb>tt1490017</imdb>
	<content>movie</content>
	<title>The Lego Movie</title>
	<year>2014</year>
	</meta>
	<link>
	<sublink>https://www.youtube.com/watch?v=VQA8kJLTJHs&feature=youtu.be</sublink>
	<sublink>search</sublink>
	<sublink>searchsd</sublink>
	</link>
	<thumbnail>https://image.tmdb.org/t/p/w1280/lMHbadNmznKs5vgBAkHxKGHulOa.jpg</thumbnail>
	<fanart>https://image.tmdb.org/t/p/w1280/wPRiV4TVpRCV2es81q0S1eRaUbm.jpg</fanart>
</item>
<item>
	<title>[B][COLOR=blue]The Nut Job[/COLOR][/B]</title>
	<meta>
	<imdb>tt1821658</imdb>
	<content>movie</content>
	<title>The Nut Job</title>
	<year>2014</year>
	</meta>
	<link>
	<sublink>https://www.youtube.com/watch?v=fq4qP2oSpIA&feature=youtu.be</sublink>
	<sublink>search</sublink>
	<sublink>searchsd</sublink>
	</link>
	<thumbnail>https://image.tmdb.org/t/p/w1280/rXdSfDu08cs0fU9S6l3AK1bJqy8.jpg</thumbnail>
	<fanart>https://image.tmdb.org/t/p/w1280/TCtQLLO9PRqCcPCFgpx77a3Pct.jpg</fanart>
</item>
<item>
	<title>[B][COLOR=blue]Frozen[/COLOR][/B]</title>
	<meta>
	<imdb>tt2294629</imdb>
	<content>movie</content>
	<title>Frozen</title>
	<year>2013</year>
	</meta>
	<link>
	<sublink>https://www.youtube.com/watch?v=TbQm5doF_Uc&feature=youtu.be</sublink>
	<sublink>search</sublink>
	<sublink>searchsd</sublink>
	</link>
	<thumbnail>https://image.tmdb.org/t/p/w1280/eFnGmj63QPUpK7QUWSOUhypIQOT.jpg</thumbnail>
	<fanart>https://image.tmdb.org/t/p/w1280/cN9Nbwh66TRcj2gBE8cSEZulsx3.jpg</fanart>
</item>
<item>
	<title>[B][COLOR=blue]Tarzan[/COLOR][/B]</title>
	<meta>
	<imdb>tt1705952</imdb>
	<content>movie</content>
	<title>Tarzan</title>
	<year>2013</year>
	</meta>
	<link>
	<sublink>https://www.youtube.com/watch?v=eah80eMZMgc&feature=youtu.be</sublink>
	<sublink>search</sublink>
	<sublink>searchsd</sublink>
	</link>
	<thumbnail>https://image.tmdb.org/t/p/w1280/p0Ut3h7Sx6GlsVltt2ZAp8XDFmi.jpg</thumbnail>
	<fanart>https://image.tmdb.org/t/p/w1280/mWpUKAaJHjckIPFdEFEpeMTjjki.jpg</fanart>
</item>
<item>
	<title>[B][COLOR=blue]Free Birds[/COLOR][/B]</title>
	<meta>
	<imdb>tt1621039</imdb>
	<content>movie</content>
	<title>Free Birds</title>
	<year>2013</year>
	</meta>
	<link>
	<sublink>https://www.youtube.com/watch?v=UhxSOkTFGvo&feature=youtu.be</sublink>
	<sublink>search</sublink>
	<sublink>searchsd</sublink>
	</link>
	<thumbnail>https://image.tmdb.org/t/p/w1280/c5Gwex2oQPaMkgZPTzhdkMMSrwW.jpg</thumbnail>
	<fanart>https://image.tmdb.org/t/p/w1280/kMQHV8A0jOl4eRkBFP7dy6Jt5Gv.jpg</fanart>
</item>
<item>
	<title>[B][COLOR=blue]Cloudy with a Chance of Meatballs 2[/COLOR][/B]</title>
	<meta>
	<imdb>tt1985966</imdb>
	<content>movie</content>
	<title>Cloudy with a Chance of Meatballs 2</title>
	<year>2013</year>
	</meta>
	<link>
	<sublink>https://www.youtube.com/watch?v=3QCJTbHU60U&feature=youtu.be</sublink>
	<sublink>search</sublink>
	<sublink>searchsd</sublink>
	</link>
	<thumbnail>https://image.tmdb.org/t/p/w1280/oZjluB568NJVtRrny4rpeApGuNi.jpg</thumbnail>
	<fanart>https://image.tmdb.org/t/p/w1280/qlAeyqhKUfX1f4FWVoFZcHEDCAL.jpg</fanart>
</item>
<item>
	<title>[B][COLOR=blue]Planes[/COLOR][/B]</title>
	<meta>
	<imdb>tt1691917</imdb>
	<content>movie</content>
	<title>Planes</title>
	<year>2013</year>
	</meta>
	<link>
	<sublink>https://www.youtube.com/watch?v=YRjztG65XgI&feature=youtu.be</sublink>
	<sublink>search</sublink>
	<sublink>searchsd</sublink>
	</link>
	<thumbnail>https://image.tmdb.org/t/p/w1280/c8ALtmmmtofVYOxSJG0S5ZcP2pF.jpg</thumbnail>
	<fanart>https://image.tmdb.org/t/p/w1280/jUe7RbnkLXGYC9MPhdN9cruy4L0.jpg</fanart>
</item>
<item>
	<title>[B][COLOR=blue]The Unbeatables[/COLOR][/B]</title>
	<meta>
	<imdb>tt1634003</imdb>
	<content>movie</content>
	<title>The Unbeatables</title>
	<year>2013</year>
	</meta>
	<link>
	<sublink>https://www.youtube.com/watch?v=aymhLsyy3TY&feature=youtu.be</sublink>
	<sublink>search</sublink>
	<sublink>searchsd</sublink>
	</link>
	<thumbnail>https://image.tmdb.org/t/p/w1280/rKnfNwbRGd6p7SidQYlGemCE8wb.jpg</thumbnail>
	<fanart>https://image.tmdb.org/t/p/w1280/aFJI3yhV8HGJ7yo6MUNL2aoy9Aj.jpg</fanart>
</item>
<item>
	<title>[B][COLOR=blue]Turbo[/COLOR][/B]</title>
	<meta>
	<imdb>tt1860353</imdb>
	<content>movie</content>
	<title>Turbo</title>
	<year>2013</year>
	</meta>
	<link>
	<sublink>https://www.youtube.com/watch?v=QULzGYRThH8&feature=youtu.be</sublink>
	<sublink>search</sublink>
	<sublink>searchsd</sublink>
	</link>
	<thumbnail>https://image.tmdb.org/t/p/w1280/kajPlPUgobxci8ME5oqvzjN430q.jpg</thumbnail>
	<fanart>https://image.tmdb.org/t/p/w1280/dvdKrICCKP8Uh1Xqkn60oQXnYer.jpg</fanart>
</item>
<item>
	<title>[B][COLOR=blue]Despicable Me 2[/COLOR][/B]</title>
	<meta>
	<imdb>tt1690953</imdb>
	<content>movie</content>
	<title>Despicable Me 2</title>
	<year>2013</year>
	</meta>
	<link>
	<sublink>https://www.youtube.com/watch?v=6qsH_LFRr6k&feature=youtu.be</sublink>
	<sublink>search</sublink>
	<sublink>searchsd</sublink>
	</link>
	<thumbnail>https://image.tmdb.org/t/p/w1280/kQrYyZQHkwkUg2KlUDyvymj9FAp.jpg</thumbnail>
	<fanart>https://image.tmdb.org/t/p/w1280/rmgxcw8tGTmdhsWqdjGBS9uI1tO.jpg</fanart>
</item>
<item>
	<title>[B][COLOR=blue]Monsters University[/COLOR][/B]</title>
	<meta>
	<imdb>tt1453405</imdb>
	<content>movie</content>
	<title>Monsters University</title>
	<year>2013</year>
	</meta>
	<link>
	<sublink>https://www.youtube.com/watch?v=JbeFIfS8uno&feature=youtu.be</sublink>
	<sublink>search</sublink>
	<sublink>searchsd</sublink>
	</link>
	<thumbnail>https://image.tmdb.org/t/p/w1280/a05xQU9huY3P5uurLcGGHmsf2Vh.jpg</thumbnail>
	<fanart>https://image.tmdb.org/t/p/w1280/5mDCKKS7M8aUZKdShnCa7lLbzmH.jpg</fanart>
</item>
<item>
	<title>[B][COLOR=blue]Epic[/COLOR][/B]</title>
	<meta>
	<imdb>tt0848537</imdb>
	<content>movie</content>
	<title>Epic</title>
	<year>2013</year>
	</meta>
	<link>
	<sublink>https://www.youtube.com/watch?v=_KqNCnd8AN4&feature=youtu.be</sublink>
	<sublink>search</sublink>
	<sublink>searchsd</sublink>
	</link>
	<thumbnail>https://image.tmdb.org/t/p/w1280/dUeXOJCpfWmZd9KaPkq2122J1ji.jpg</thumbnail>
	<fanart>https://image.tmdb.org/t/p/w1280/v6w2o3ji8aVLph6zNgR5yDGQfmS.jpg</fanart>
</item>
<item>
	<title>[B][COLOR=blue]Legends of Oz Dorothy s Return[/COLOR][/B]</title>
	<meta>
	<imdb>tt0884726</imdb>
	<content>movie</content>
	<title>Legends of Oz Dorothy s Return</title>
	<year>2013</year>
	</meta>
	<link>
	<sublink>https://www.youtube.com/watch?v=HN7xNSNsWGA&feature=youtu.be</sublink>
	<sublink>search</sublink>
	<sublink>searchsd</sublink>
	</link>
	<thumbnail>https://image.tmdb.org/t/p/w1280/hkYhAxbDmGctgaqo6EHKQMb79PM.jpg</thumbnail>
	<fanart>https://image.tmdb.org/t/p/w1280/8p6rewgpJsB13JfvBeFo4Nj0B0e.jpg</fanart>
</item>
<item>
	<title>[B][COLOR=blue]The Croods[/COLOR][/B]</title>
	<meta>
	<imdb>tt0481499</imdb>
	<content>movie</content>
	<title>The Croods</title>
	<year>2013</year>
	</meta>
	<link>
	<sublink>https://www.youtube.com/watch?v=4fVCKy69zUY&feature=youtu.be</sublink>
	<sublink>search</sublink>
	<sublink>searchsd</sublink>
	</link>
	<thumbnail>https://image.tmdb.org/t/p/w1280/eHi3Nbgh6Cs2KiIyEMF4Ig4CdjX.jpg</thumbnail>
	<fanart>https://image.tmdb.org/t/p/w1280/vg2hf8eAZhULxtQRS87CbrH2WMQ.jpg</fanart>
</item>
<item>
	<title>[B][COLOR=blue]Escape from Planet Earth[/COLOR][/B]</title>
	<meta>
	<imdb>tt0765446</imdb>
	<content>movie</content>
	<title>Escape from Planet Earth</title>
	<year>2013</year>
	</meta>
	<link>
	<sublink>https://www.youtube.com/watch?v=Q1NhAUsyslk&feature=youtu.be</sublink>
	<sublink>search</sublink>
	<sublink>searchsd</sublink>
	</link>
	<thumbnail>https://image.tmdb.org/t/p/w1280/ql8q3VrEWQ7h0zdrUj0NF9IAm5i.jpg</thumbnail>
	<fanart>https://image.tmdb.org/t/p/w1280/iGGOHUWIef5QEAIcVrJ1ZvIlj3y.jpg</fanart>
</item>