<item>
	<title>[B][COLOR=blue]Toy Story 4[/COLOR][/B]</title>
	<meta>
	<imdb>tt1979376</imdb>
	<content>movie</content>
	<title>Toy Story 4</title>
	<year>2019</year>
	</meta>
	<link>
	<sublink>https://www.youtube.com/watch?v=LDXYRzerjzU&feature=youtu.be</sublink>
	<sublink>search</sublink>
	<sublink>searchsd</sublink>
	</link>
	<thumbnail>https://image.tmdb.org/t/p/w1280/w9kR8qbmQ01HwnvK4alvnQ2ca0L.jpg</thumbnail>
	<fanart>https://image.tmdb.org/t/p/w1280/m67smI1IIMmYzCl9axvKNULVKLr.jpg</fanart>
</item>
<item>
	<title>[B][COLOR=blue]How to Train Your Dragon The Hidden World[/COLOR][/B]</title>
	<meta>
	<imdb>tt2386490</imdb>
	<content>movie</content>
	<title>How to Train Your Dragon The Hidden World</title>
	<year>2019</year>
	</meta>
	<link>
	<sublink>https://www.youtube.com/watch?v=qLTDtbYmdWM&feature=youtu.be</sublink>
	<sublink>search</sublink>
	<sublink>searchsd</sublink>
	</link>
	<thumbnail>https://image.tmdb.org/t/p/w1280/xvx4Yhf0DVH8G4LzNISpMfFBDy2.jpg</thumbnail>
	<fanart>https://image.tmdb.org/t/p/w1280/lFwykSz3Ykj1Q3JXJURnGUTNf1o.jpg</fanart>
</item>
<item>
	<title>[B][COLOR=blue]Polar Squad[/COLOR][/B]</title>
	<meta>
	<imdb>tt4426464</imdb>
	<content>movie</content>
	<title>Polar Squad</title>
	<year>2019</year>
	</meta>
	<link>
	<sublink>https://www.youtube.com/watch?v=LpGJiRa_Kug&feature=youtu.be</sublink>
	<sublink>search</sublink>
	<sublink>searchsd</sublink>
	</link>
	<thumbnail>https://image.tmdb.org/t/p/w1280/gS95M2jMS29zTyc9Aq7Vxx6eXPZ.jpg</thumbnail>
	<fanart>https://image.tmdb.org/t/p/w1280/uTfdOozort4sp9kukWxEmdmRsqJ.jpg</fanart>
</item>
<item>
	<title>[B][COLOR=blue]Spider Man Into the Spider Verse[/COLOR][/B]</title>
	<meta>
	<imdb>tt4633694</imdb>
	<content>movie</content>
	<title>Spider Man Into the Spider Verse</title>
	<year>2018</year>
	</meta>
	<link>
	<sublink>https://www.youtube.com/watch?v=g4Hbz2jLxvQ&feature=youtu.be</sublink>
	<sublink>search</sublink>
	<sublink>searchsd</sublink>
	</link>
	<thumbnail>https://image.tmdb.org/t/p/w1280/iiZZdoQBEYBv6id8su7ImL0oCbD.jpg</thumbnail>
	<fanart>https://image.tmdb.org/t/p/w1280/uUiId6cG32JSRI6RyBQSvQtLjz2.jpg</fanart>
</item>
<item>
	<title>[B][COLOR=blue]Ralph Breaks the Internet[/COLOR][/B]</title>
	<meta>
	<imdb>tt5848272</imdb>
	<content>movie</content>
	<title>Ralph Breaks the Internet</title>
	<year>2018</year>
	</meta>
	<link>
	<sublink>https://www.youtube.com/watch?v=_BcYBFC6zfY&feature=youtu.be</sublink>
	<sublink>search</sublink>
	<sublink>searchsd</sublink>
	</link>
	<thumbnail>https://image.tmdb.org/t/p/w1280/qEnH5meR381iMpmCumAIMswcQw2.jpg</thumbnail>
	<fanart>https://image.tmdb.org/t/p/w1280/88poTBTafMXaz73vYi3c74g0y2k.jpg</fanart>
</item>
<item>
	<title>[B][COLOR=blue]The Grinch[/COLOR][/B]</title>
	<meta>
	<imdb>tt2709692</imdb>
	<content>movie</content>
	<title>The Grinch</title>
	<year>2018</year>
	</meta>
	<link>
	<sublink>https://www.youtube.com/watch?v=2mNMvz85NG8&feature=youtu.be</sublink>
	<sublink>search</sublink>
	<sublink>searchsd</sublink>
	</link>
	<thumbnail>https://image.tmdb.org/t/p/w1280/smxA8yvZ0LzDPer9BIRd4pyOpx1.jpg</thumbnail>
	<fanart>https://image.tmdb.org/t/p/w1280/juc9wt7Eh2IarLL5S1yQ1a21O1A.jpg</fanart>
</item>
<item>
	<title>[B][COLOR=blue]Smallfoot[/COLOR][/B]</title>
	<meta>
	<imdb>tt6182908</imdb>
	<content>movie</content>
	<title>Smallfoot</title>
	<year>2018</year>
	</meta>
	<link>
	<sublink>https://www.youtube.com/watch?v=34cHO5_LX9g&feature=youtu.be</sublink>
	<sublink>search</sublink>
	<sublink>searchsd</sublink>
	</link>
	<thumbnail>https://image.tmdb.org/t/p/w1280/zfaiO7QgpcvR8XDOMokWLRfKeTE.jpg</thumbnail>
	<fanart>https://image.tmdb.org/t/p/w1280/7t88SoT3Dd8DhGnQuVoSbMNUl3W.jpg</fanart>
</item>
<item>
	<title>[B][COLOR=blue]Hotel Transylvania 3 A Monster Vacation[/COLOR][/B]</title>
	<meta>
	<imdb>tt5220122</imdb>
	<content>movie</content>
	<title>Hotel Transylvania 3 A Monster Vacation</title>
	<year>2018</year>
	</meta>
	<link>
	<sublink>https://www.youtube.com/watch?v=Ku52zNnft8k&feature=youtu.be</sublink>
	<sublink>search</sublink>
	<sublink>searchsd</sublink>
	</link>
	<thumbnail>https://image.tmdb.org/t/p/w1280/gjAFM4xhA5vyLxxKMz38ujlUfDL.jpg</thumbnail>
	<fanart>https://image.tmdb.org/t/p/w1280/m03jul0YdVEOFXEQVUv6pOVQYGL.jpg</fanart>
</item>
<item>
	<title>[B][COLOR=blue]The Incredibles 2[/COLOR][/B]</title>
	<meta>
	<imdb>tt3606756</imdb>
	<content>movie</content>
	<title>The Incredibles 2</title>
	<year>2018</year>
	</meta>
	<link>
	<sublink>https://www.youtube.com/watch?v=ZJDMWVZta3M&feature=youtu.be</sublink>
	<sublink>search</sublink>
	<sublink>searchsd</sublink>
	</link>
	<thumbnail>https://image.tmdb.org/t/p/w1280/9lFKBtaVIhP7E2Pk0IY1CwTKTMZ.jpg</thumbnail>
	<fanart>https://image.tmdb.org/t/p/w1280/mabuNsGJgRuCTuGqjFkWe1xdu19.jpg</fanart>
</item>
<item>
	<title>[B][COLOR=blue]Duck Duck Goose[/COLOR][/B]</title>
	<meta>
	<imdb>tt4940416</imdb>
	<content>movie</content>
	<title>Duck Duck Goose</title>
	<year>2018</year>
	</meta>
	<link>
	<sublink>search</sublink>
	<sublink>searchsd</sublink>
	</link>
	<thumbnail>https://image.tmdb.org/t/p/w1280/7XURM64DYa9DpS70I2rM4suvq1s.jpg</thumbnail>
	<fanart>https://image.tmdb.org/t/p/w1280/6Js3hlL2R57R0ooFsFeeuj7JYU7.jpg</fanart>
</item>
<item>
	<title>[B][COLOR=blue]Sgt Stubby An American Hero[/COLOR][/B]</title>
	<meta>
	<imdb>tt5314190</imdb>
	<content>movie</content>
	<title>Sgt Stubby An American Hero</title>
	<year>2018</year>
	</meta>
	<link>
	<sublink>https://www.youtube.com/watch?v=L2rekx-k5X0&feature=youtu.be</sublink>
	<sublink>search</sublink>
	<sublink>searchsd</sublink>
	</link>
	<thumbnail>https://image.tmdb.org/t/p/w1280/l7MiBAz8QlqKPuUfH5Uxxjo33AT.jpg</thumbnail>
	<fanart>https://image.tmdb.org/t/p/w1280/4pEbf7P2xlifhNmwAemcdAbomyZ.jpg</fanart>
</item>
<item>
	<title>[B][COLOR=blue]Sherlock Gnomes[/COLOR][/B]</title>
	<meta>
	<imdb>tt2296777</imdb>
	<content>movie</content>
	<title>Sherlock Gnomes</title>
	<year>2018</year>
	</meta>
	<link>
	<sublink>https://www.youtube.com/watch?v=gwcdJXhngBw&feature=youtu.be</sublink>
	<sublink>search</sublink>
	<sublink>searchsd</sublink>
	</link>
	<thumbnail>https://image.tmdb.org/t/p/w1280/wqnzpJR3PwS4doVkAkt9seSEpoX.jpg</thumbnail>
	<fanart>https://image.tmdb.org/t/p/w1280/a8yYZd7vECN3myX8dJiXOlN2bgf.jpg</fanart>
</item>
<item>
	<title>[B][COLOR=blue]Gnome Alone[/COLOR][/B]</title>
	<meta>
	<imdb>tt5851786</imdb>
	<content>movie</content>
	<title>Gnome Alone</title>
	<year>2017</year>
	</meta>
	<link>
	<sublink>https://www.youtube.com/watch?v=cAtcc6SXWE0&feature=youtu.be</sublink>
	<sublink>search</sublink>
	<sublink>searchsd</sublink>
	</link>
	<thumbnail>https://image.tmdb.org/t/p/w1280/jWB0zhk1Rj1tIWUM98Wsh15gkiW.jpg</thumbnail>
	<fanart>https://image.tmdb.org/t/p/w1280/dUYaqvQQHzGXuxfIUygXVIh8F1l.jpg</fanart>
</item>
<item>
	<title>[B][COLOR=blue]Monster Family[/COLOR][/B]</title>
	<meta>
	<imdb>tt6572702</imdb>
	<content>movie</content>
	<title>Monster Family</title>
	<year>2017</year>
	</meta>
	<link>
	<sublink>https://www.youtube.com/watch?v=7Wdkg-x5FsU&feature=youtu.be</sublink>
	<sublink>search</sublink>
	<sublink>searchsd</sublink>
	</link>
	<thumbnail>https://image.tmdb.org/t/p/w1280/r3xY0tCI05iUmm8M7fAkKtqGPXM.jpg</thumbnail>
	<fanart>https://image.tmdb.org/t/p/w1280/t5ZTLzn0ASdOhY3S8o3vzj57Myg.jpg</fanart>
</item>
<item>
	<title>[B][COLOR=blue]Ferdinand[/COLOR][/B]</title>
	<meta>
	<imdb>tt3411444</imdb>
	<content>movie</content>
	<title>Ferdinand</title>
	<year>2017</year>
	</meta>
	<link>
	<sublink>https://www.youtube.com/watch?v=HBXVM7oUPVk&feature=youtu.be</sublink>
	<sublink>search</sublink>
	<sublink>searchsd</sublink>
	</link>
	<thumbnail>https://image.tmdb.org/t/p/w1280/rMm94JsRfcOPiPVsTRcBiiVBOhz.jpg</thumbnail>
	<fanart>https://image.tmdb.org/t/p/w1280/sTOhZruocNubL0HxjvdouwCEL9I.jpg</fanart>
</item>
<item>
	<title>[B][COLOR=blue]Coco[/COLOR][/B]</title>
	<meta>
	<imdb>tt2380307</imdb>
	<content>movie</content>
	<title>Coco</title>
	<year>2017</year>
	</meta>
	<link>
	<sublink>https://www.youtube.com/watch?v=zNCz4mQzfEI&feature=youtu.be</sublink>
	<sublink>search</sublink>
	<sublink>searchsd</sublink>
	</link>
	<thumbnail>https://image.tmdb.org/t/p/w1280/eKi8dIrr8voobbaGzDpe8w0PVbC.jpg</thumbnail>
	<fanart>https://image.tmdb.org/t/p/w1280/askg3SMvhqEl4OL52YuvdtY40Yb.jpg</fanart>
</item>
<item>
	<title>[B][COLOR=blue]The Star[/COLOR][/B]</title>
	<meta>
	<imdb>tt4587656</imdb>
	<content>movie</content>
	<title>The Star</title>
	<year>2017</year>
	</meta>
	<link>
	<sublink>https://www.youtube.com/watch?v=drWWjIhugik&feature=youtu.be</sublink>
	<sublink>search</sublink>
	<sublink>searchsd</sublink>
	</link>
	<thumbnail>https://image.tmdb.org/t/p/w1280/tEbDvivUfsCupngKIfMJJ725eAD.jpg</thumbnail>
	<fanart>https://image.tmdb.org/t/p/w1280/orpnKsu7t1CLDNYgzevgsz67xRq.jpg</fanart>
</item>
<item>
	<title>[B][COLOR=blue]The Lego Ninjago Movie[/COLOR][/B]</title>
	<meta>
	<imdb>tt3014284</imdb>
	<content>movie</content>
	<title>The Lego Ninjago Movie</title>
	<year>2017</year>
	</meta>
	<link>
	<sublink>https://www.youtube.com/watch?v=sZSYYiATFTI&feature=youtu.be</sublink>
	<sublink>search</sublink>
	<sublink>searchsd</sublink>
	</link>
	<thumbnail>https://image.tmdb.org/t/p/w1280/vUo0pNXGhp2ffTJxiStWt6fHL7F.jpg</thumbnail>
	<fanart>https://image.tmdb.org/t/p/w1280/3DPuzZmkBD9vbMpLvQcrymYoDBk.jpg</fanart>
</item>
<item>
	<title>[B][COLOR=blue]Despicable Me 3[/COLOR][/B]</title>
	<meta>
	<imdb>tt3469046</imdb>
	<content>movie</content>
	<title>Despicable Me 3</title>
	<year>2017</year>
	</meta>
	<link>
	<sublink>https://www.youtube.com/watch?v=euz-KBBfAAo&feature=youtu.be</sublink>
	<sublink>search</sublink>
	<sublink>searchsd</sublink>
	</link>
	<thumbnail>https://image.tmdb.org/t/p/w1280/6t3YWl7hrr88lCEFlGVqW5yV99R.jpg</thumbnail>
	<fanart>https://image.tmdb.org/t/p/w1280/ftRkFtAGuHngHnLiOxktq0aCVMF.jpg</fanart>
</item>
<item>
	<title>[B][COLOR=blue]Cars 3[/COLOR][/B]</title>
	<meta>
	<imdb>tt3606752</imdb>
	<content>movie</content>
	<title>Cars 3</title>
	<year>2017</year>
	</meta>
	<link>
	<sublink>https://www.youtube.com/watch?v=2LeOH9AGJQM&feature=youtu.be</sublink>
	<sublink>search</sublink>
	<sublink>searchsd</sublink>
	</link>
	<thumbnail>https://image.tmdb.org/t/p/w1280/fyy1nDC8wm553FCiBDojkJmKLCs.jpg</thumbnail>
	<fanart>https://image.tmdb.org/t/p/w1280/h1gIXYOTYfYWToDHWWlC7g76guk.jpg</fanart>
</item>
<item>
	<title>[B][COLOR=blue]Animal Crackers[/COLOR][/B]</title>
	<meta>
	<imdb>tt4155534</imdb>
	<content>movie</content>
	<title>Animal Crackers</title>
	<year>2017</year>
	</meta>
	<link>
	<sublink>https://www.youtube.com/watch?v=PVSrn52L4PY&feature=youtu.be</sublink>
	<sublink>search</sublink>
	<sublink>searchsd</sublink>
	</link>
	<thumbnail>https://image.tmdb.org/t/p/w1280/4Z80OqqLV9t5bFuE9itUN8YhgFa.jpg</thumbnail>
	<fanart>https://image.tmdb.org/t/p/w1280/vQaqXNUzhab6MoJdEjn2p2O2YMR.jpg</fanart>
</item>
<item>
	<title>[B][COLOR=blue]The Lego Batman Movie[/COLOR][/B]</title>
	<meta>
	<imdb>tt4116284</imdb>
	<content>movie</content>
	<title>The Lego Batman Movie</title>
	<year>2017</year>
	</meta>
	<link>
	<sublink>https://www.youtube.com/watch?v=aBJyp2LFHgk&feature=youtu.be</sublink>
	<sublink>search</sublink>
	<sublink>searchsd</sublink>
	</link>
	<thumbnail>https://image.tmdb.org/t/p/w1280/1pHOqpdCYNmtRVJs6pGKQKttrPm.jpg</thumbnail>
	<fanart>https://image.tmdb.org/t/p/w1280/jqnbac3oind5VOcAN0mTXyapOGh.jpg</fanart>
</item>

<item>
	<title>[B][COLOR=blue]Moana[/COLOR][/B]</title>
	<meta>
	<imdb>tt3521164</imdb>
	<content>movie</content>
	<title>Moana</title>
	<year>2016</year>
	</meta>
	<link>
	<sublink>https://www.youtube.com/watch?v=C6PbWhWGUrY&feature=youtu.be</sublink>
	<sublink>search</sublink>
	<sublink>searchsd</sublink>
	</link>
	<thumbnail>https://image.tmdb.org/t/p/w1280/z4x0Bp48ar3Mda8KiPD1vwSY3D8.jpg</thumbnail>
	<fanart>https://image.tmdb.org/t/p/w1280/1qGzqGUd1pa05aqYXGSbLkiBlLB.jpg</fanart>
</item>
<item>
	<title>[B][COLOR=blue]Chaar Sahibzaade 2 Rise of Banda Singh Bahadur[/COLOR][/B]</title>
	<meta>
	<imdb>tt6246170</imdb>
	<content>movie</content>
	<title>Chaar Sahibzaade 2 Rise of Banda Singh Bahadur</title>
	<year>2016</year>
	</meta>
	<link>
	<sublink>https://www.youtube.com/watch?v=tJWoyZf55vg&feature=youtu.be</sublink>
	<sublink>search</sublink>
	<sublink>searchsd</sublink>
	</link>
	<thumbnail>https://image.tmdb.org/t/p/w1280/82NzD53hr3NT4pc9t6CybJXabSG.jpg</thumbnail>
	<fanart>https://image.tmdb.org/t/p/w1280/eEUgVY6aEuRupRVBy3rCJQ0vPEp.jpg</fanart>
</item>
<item>
	<title>[B][COLOR=blue]Trolls[/COLOR][/B]</title>
	<meta>
	<imdb>tt1679335</imdb>
	<content>movie</content>
	<title>Trolls</title>
	<year>2016</year>
	</meta>
	<link>
	<sublink>https://www.youtube.com/watch?v=xyjm5VQ11TQ&feature=youtu.be</sublink>
	<sublink>search</sublink>
	<sublink>searchsd</sublink>
	</link>
	<thumbnail>https://image.tmdb.org/t/p/w1280/zKu5MNy9QW1a5ZHgv7iAp3kRZpE.jpg</thumbnail>
	<fanart>https://image.tmdb.org/t/p/w1280/rsqgeBVoirEmlHpNsLr00u5sctk.jpg</fanart>
</item>
<item>
	<title>[B][COLOR=blue]Gantz O[/COLOR][/B]</title>
	<meta>
	<imdb>tt5923962</imdb>
	<content>movie</content>
	<title>Gantz O</title>
	<year>2016</year>
	</meta>
	<link>
	<sublink>https://www.youtube.com/watch?v=ZSUw4rVb9BM&feature=youtu.be</sublink>
	<sublink>search</sublink>
	<sublink>searchsd</sublink>
	</link>
	<thumbnail>https://image.tmdb.org/t/p/w1280/fF33nRbgvxNgTTPUuNqNsRPYmxZ.jpg</thumbnail>
	<fanart>https://image.tmdb.org/t/p/w1280/auRjbGCUWUBFtFcjx6YHe2wg7W5.jpg</fanart>
</item>
<item>
	<title>[B][COLOR=blue]Storks[/COLOR][/B]</title>
	<meta>
	<imdb>tt4624424</imdb>
	<content>movie</content>
	<title>Storks</title>
	<year>2016</year>
	</meta>
	<link>
	<sublink>https://www.youtube.com/watch?v=yPoJiGMwsVE&feature=youtu.be</sublink>
	<sublink>search</sublink>
	<sublink>searchsd</sublink>
	</link>
	<thumbnail>https://image.tmdb.org/t/p/w1280/5qVD5TD1CiALR5vUsMzh2BschVU.jpg</thumbnail>
	<fanart>https://image.tmdb.org/t/p/w1280/yziCg46YIvmWAvPdztuZQqNBinW.jpg</fanart>
</item>
<item>
	<title>[B][COLOR=blue]Throne of Elves[/COLOR][/B]</title>
	<meta>
	<imdb>tt5425264</imdb>
	<content>movie</content>
	<title>Throne of Elves</title>
	<year>2016</year>
	</meta>
	<link>
	<sublink>https://www.youtube.com/watch?v=Uc2mYQayFfQ&feature=youtu.be</sublink>
	<sublink>search</sublink>
	<sublink>searchsd</sublink>
	</link>
	<thumbnail>https://image.tmdb.org/t/p/w1280/3uDlD6Emo02JxXarE5hwD0vNZ5y.jpg</thumbnail>
	<fanart>https://image.tmdb.org/t/p/w1280/9vHcIFK6mj0TSwVr6cmqlceJVkJ.jpg</fanart>
</item>
<item>
	<title>[B][COLOR=blue]The Secret Life of Pets[/COLOR][/B]</title>
	<meta>
	<imdb>tt2709768</imdb>
	<content>movie</content>
	<title>The Secret Life of Pets</title>
	<year>2016</year>
	</meta>
	<link>
	<sublink>https://www.youtube.com/watch?v=UZJVc_JTI_w&feature=youtu.be</sublink>
	<sublink>search</sublink>
	<sublink>searchsd</sublink>
	</link>
	<thumbnail>https://image.tmdb.org/t/p/w1280/WLQN5aiQG8wc9SeKwixW7pAR8K.jpg</thumbnail>
	<fanart>https://image.tmdb.org/t/p/w1280/3DrUqTAPjriEasoGrz5G8sPJtDU.jpg</fanart>
</item>
<item>
	<title>[B][COLOR=blue]Sausage Party[/COLOR][/B]</title>
	<meta>
	<imdb>tt1700841</imdb>
	<content>movie</content>
	<title>Sausage Party</title>
	<year>2016</year>
	</meta>
	<link>
	<sublink>https://www.youtube.com/watch?v=wNAnW6asWEQ&feature=youtu.be</sublink>
	<sublink>search</sublink>
	<sublink>searchsd</sublink>
	</link>
	<thumbnail>https://image.tmdb.org/t/p/w1280/w90cORtNWQAd2k93aFlIBbpQYTC.jpg</thumbnail>
	<fanart>https://image.tmdb.org/t/p/w1280/zpF8ufiB9mG6IwctoD5ONRjXXv1.jpg</fanart>
</item>
<item>
	<title>[B][COLOR=blue]Rudorufu to Ippaiattena[/COLOR][/B]</title>
	<meta>
	<imdb>tt5912052</imdb>
	<content>movie</content>
	<title>Rudorufu to Ippaiattena</title>
	<year>2016</year>
	</meta>
	<link>
	<sublink>https://www.youtube.com/watch?v=wNAnW6asWEQ&feature=youtu.be</sublink>
	<sublink>search</sublink>
	<sublink>searchsd</sublink>
	</link>
	<thumbnail>https://image.tmdb.org/t/p/w1280</thumbnail>
	<fanart>https://image.tmdb.org/t/p/w1280</fanart>
</item>
<item>
	<title>[B][COLOR=blue]Finding Dory[/COLOR][/B]</title>
	<meta>
	<imdb>tt2277860</imdb>
	<content>movie</content>
	<title>Finding Dory</title>
	<year>2016</year>
	</meta>
	<link>
	<sublink>https://www.youtube.com/watch?v=JhvrQeY3doI&feature=youtu.be</sublink>
	<sublink>search</sublink>
	<sublink>searchsd</sublink>
	</link>
	<thumbnail>https://image.tmdb.org/t/p/w1280/z09QAf8WbZncbitewNk6lKYMZsh.jpg</thumbnail>
	<fanart>https://image.tmdb.org/t/p/w1280/3iSCdXjDmY3DuEOUYsElu35vQU6.jpg</fanart>
</item>
<item>
	<title>[B][COLOR=blue]Ice Age Collision Course[/COLOR][/B]</title>
	<meta>
	<imdb>tt3416828</imdb>
	<content>movie</content>
	<title>Ice Age Collision Course</title>
	<year>2016</year>
	</meta>
	<link>
	<sublink>https://www.youtube.com/watch?v=eJaYnvydNyM&feature=youtu.be</sublink>
	<sublink>search</sublink>
	<sublink>searchsd</sublink>
	</link>
	<thumbnail>https://image.tmdb.org/t/p/w1280/gRi7lTBBiRBhn9aJID5MdldcJEJ.jpg</thumbnail>
	<fanart>https://image.tmdb.org/t/p/w1280/o29BFNqgXOUT1yHNYusnITsH7P9.jpg</fanart>
</item>
<item>
	<title>[B][COLOR=blue]Kingsglaive Final Fantasy XV[/COLOR][/B]</title>
	<meta>
	<imdb>tt5595168</imdb>
	<content>movie</content>
	<title>Kingsglaive Final Fantasy XV</title>
	<year>2016</year>
	</meta>
	<link>
	<sublink>https://www.youtube.com/watch?v=iP8EgMUVmwk&feature=youtu.be</sublink>
	<sublink>search</sublink>
	<sublink>searchsd</sublink>
	</link>
	<thumbnail>https://image.tmdb.org/t/p/w1280/xGMgspge6uYoypRiasAmlluDlXH.jpg</thumbnail>
	<fanart>https://image.tmdb.org/t/p/w1280/foxgxCt3JSmHevCXUJfQ9ZGB4K5.jpg</fanart>
</item>
<item>
	<title>[B][COLOR=blue]Angry Birds[/COLOR][/B]</title>
	<meta>
	<imdb>tt1985949</imdb>
	<content>movie</content>
	<title>Angry Birds</title>
	<year>2016</year>
	</meta>
	<link>
	<sublink>https://www.youtube.com/watch?v=0qJzWrq7les&feature=youtu.be</sublink>
	<sublink>search</sublink>
	<sublink>searchsd</sublink>
	</link>
	<thumbnail>https://image.tmdb.org/t/p/w1280/76KMEI1ZNU9HEZ4pmHTwgwa0u6d.jpg</thumbnail>
	<fanart>https://image.tmdb.org/t/p/w1280/k15COpeexV5Ad0tuLjBW2jQFoOz.jpg</fanart>
</item>
<item>
	<title>[B][COLOR=blue]Ratchet & Clank[/COLOR][/B]</title>
	<meta>
	<imdb>tt2865120</imdb>
	<content>movie</content>
	<title>Ratchet & Clank</title>
	<year>2016</year>
	</meta>
	<link>
	<sublink>https://www.youtube.com/watch?v=6rVZKNJO5Cw&feature=youtu.be</sublink>
	<sublink>search</sublink>
	<sublink>searchsd</sublink>
	</link>
	<thumbnail>https://image.tmdb.org/t/p/w1280/q4KgzBRorknuSeQN1q8jxlyg8ux.jpg</thumbnail>
	<fanart>https://image.tmdb.org/t/p/w1280/uCDW54qYqiw9Gonc10cEgOb4tc5.jpg</fanart>
</item>
<item>
	<title>[B][COLOR=blue]Zootropolis[/COLOR][/B]</title>
	<meta>
	<imdb>tt2948356</imdb>
	<content>movie</content>
	<title>Zootropolis</title>
	<year>2016</year>
	</meta>
	<link>
	<sublink>https://www.youtube.com/watch?v=zQ2XkyDTW34&feature=youtu.be</sublink>
	<sublink>search</sublink>
	<sublink>searchsd</sublink>
	</link>
	<thumbnail>https://image.tmdb.org/t/p/w1280/sM33SANp9z6rXW8Itn7NnG1GOEs.jpg</thumbnail>
	<fanart>https://image.tmdb.org/t/p/w1280/mhdeE1yShHTaDbJVdWyTlzFvNkr.jpg</fanart>
</item>
<item>
	<title>[B][COLOR=blue]Americano[/COLOR][/B]</title>
	<meta>
	<imdb>tt3181400</imdb>
	<content>movie</content>
	<title>Americano</title>
	<year>2016</year>
	</meta>
	<link>
	<sublink>https://www.youtube.com/watch?v=Cbys3lb2NJU&feature=youtu.be</sublink>
	<sublink>search</sublink>
	<sublink>searchsd</sublink>
	</link>
	<thumbnail>https://image.tmdb.org/t/p/w1280/vbG5SYyJLleFG6BcejQcyYttftE.jpg</thumbnail>
	<fanart>https://image.tmdb.org/t/p/w1280/cr1717qEKnErtt6XKx1bPO2BUq6.jpg</fanart>
</item>
<item>
	<title>[B][COLOR=blue]Kung Fu Panda 3[/COLOR][/B]</title>
	<meta>
	<imdb>tt2267968</imdb>
	<content>movie</content>
	<title>Kung Fu Panda 3</title>
	<year>2016</year>
	</meta>
	<link>
	<sublink>https://www.youtube.com/watch?v=10r9ozshGVE&feature=youtu.be</sublink>
	<sublink>search</sublink>
	<sublink>searchsd</sublink>
	</link>
	<thumbnail>https://image.tmdb.org/t/p/w1280/MZFPacfKzgisnPoJIPEFZUXBBT.jpg</thumbnail>
	<fanart>https://image.tmdb.org/t/p/w1280/eHWmEUP4fa7h1Fe7TXfTL7ncDl8.jpg</fanart>
</item>
<item>
	<title>[B][COLOR=blue]Norm of the North[/COLOR][/B]</title>
	<meta>
	<imdb>tt1594972</imdb>
	<content>movie</content>
	<title>Norm of the North</title>
	<year>2016</year>
	</meta>
	<link>
	<sublink>https://www.youtube.com/watch?v=u8A_F5oYJGI&feature=youtu.be</sublink>
	<sublink>search</sublink>
	<sublink>searchsd</sublink>
	</link>
	<thumbnail>https://image.tmdb.org/t/p/w1280/qv09dxeJoNQIbalsl47yObGgcc5.jpg</thumbnail>
	<fanart>https://image.tmdb.org/t/p/w1280/v1zDOkk97wrX40QXm2mArs6fnP0.jpg</fanart>
</item>
<item>
	<title>[B][COLOR=blue]Bilal A New Breed of Hero[/COLOR][/B]</title>
	<meta>
	<imdb>tt3576728</imdb>
	<content>movie</content>
	<title>Bilal A New Breed of Hero</title>
	<year>2016</year>
	</meta>
	<link>
	<sublink>https://www.youtube.com/watch?v=186eRogdnCg&feature=youtu.be</sublink>
	<sublink>search</sublink>
	<sublink>searchsd</sublink>
	</link>
	<thumbnail>https://image.tmdb.org/t/p/w1280/ncWuEzxnXqssxRfHghZuUAIezCo.jpg</thumbnail>
	<fanart>https://image.tmdb.org/t/p/w1280/4Fok4YhVDoFFBgYdoBurigu0rXl.jpg</fanart>
</item>