<item>
    <title>[COLORlime][B]*** Your In Kingdoms 3D Movie Zone ***[/B][/COLOR]</title>
    <link>nolink</link>
    <thumbnail></thumbnail>
    
</item>

<dir>
    <title>[COLORwhite][B]3D MOVIES - 2019 - 2016[/B][/COLOR]</title>
    <link>file://menu/3d.2019-2016.xml</link>
    <thumbnail>https://i.imgur.com/CkaqzbS.png</thumbnail>
	<summary>3D Movies</summary>
  </dir>
<dir>
    <title>[COLORwhite][B]3D MOVIES - 2015 - 2013[/B][/COLOR]</title>
    <link>file://menu/3d.2015-2013.xml</link>
    <thumbnail>https://i.imgur.com/CkaqzbS.png</thumbnail>
	<summary>3D Movies</summary>
  </dir>  
<dir>
    <title>[COLORwhite][B]3D MOVIES - 2012 - 2011[/B][/COLOR]</title>
    <link>file://menu/3d.2012-2011.xml</link>
    <thumbnail>https://i.imgur.com/CkaqzbS.png</thumbnail>
	<summary>3D Movies</summary>
  </dir>  
  
  <dir>
    <title>[COLORwhite][B]ANIMATED 3D MOVIES[/B][/COLOR]</title>
    <link>file://menu/3D_Animated_Movies.xml</link>
    <thumbnail>https://i.imgur.com/CkaqzbS.png</thumbnail>
	<summary>3D Movies</summary>
  </dir>  
   