<item>
	<title>[B][COLOR=blue]A Charlie Brown Christmas[/COLOR][/B]</title>
	<meta>
	<imdb>tt0059026</imdb>
	<content>movie</content>
	<title>A Charlie Brown Christmas</title>
	<year>1965</year>
	</meta>
	<link>
	<sublink>https://www.youtube.com/watch?v=N8yy57gqR7s&feature=youtu.be</sublink>
	<sublink>search</sublink>
	<sublink>searchsd</sublink>
	</link>
	<thumbnail>https://image.tmdb.org/t/p/w1280/3Bn0tc1BsheZwUQtvl10wTgQ16J.jpg</thumbnail>
	<fanart>https://image.tmdb.org/t/p/w1280/rtPtwVTo4RqumivX2zspSk8GyCy.jpg</fanart>
</item>
<item>
	<title>[B][COLOR=blue]A Chipmunk Christmas[/COLOR][/B]</title>
	<meta>
	<imdb>tt1146433</imdb>
	<content>movie</content>
	<title>A Chipmunk Christmas</title>
	<year>1981</year>
	</meta>
	<link>
	<sublink>https://www.youtube.com/watch?v=SaFqpuVZ6Bw&feature=youtu.be</sublink>
	<sublink>search</sublink>
	<sublink>searchsd</sublink>
	</link>
	<thumbnail>https://image.tmdb.org/t/p/w1280/c1aAJ5pXTy07HYEGmb4BuMp1s5n.jpg</thumbnail>
	<fanart>https://image.tmdb.org/t/p/w1280/udMzhNpvMozr3WHF0a4RV4aJ8o6.jpg</fanart>
</item>
<item>
	<title>[B][COLOR=blue]A Christmas Carol[/COLOR][/B]</title>
	<meta>
	<imdb>tt1067106</imdb>
	<content>movie</content>
	<title>A Christmas Carol</title>
	<year>2009</year>
	</meta>
	<link>
	<sublink>https://www.youtube.com/watch?v=VZ3lr3urgDU&feature=youtu.be</sublink>
	<sublink>search</sublink>
	<sublink>searchsd</sublink>
	</link>
	<thumbnail>https://image.tmdb.org/t/p/w1280/jeOCcjUAcSYleVwhsaKEPT4CYwF.jpg</thumbnail>
	<fanart>https://image.tmdb.org/t/p/w1280/GtwSStViUdhKGf0d7tCkR7alKV.jpg</fanart>
</item>
<item>
	<title>[B][COLOR=blue]A Disney Christmas Gift[/COLOR][/B]</title>
	<meta>
	<imdb>tt2129864</imdb>
	<content>movie</content>
	<title>A Disney Christmas Gift</title>
	<year>1983</year>
	</meta>
	<link>
	<sublink>https://www.youtube.com/watch?v=O1Uf_oqCdDw&feature=youtu.be</sublink>
	<sublink>search</sublink>
	<sublink>searchsd</sublink>
	</link>
	<thumbnail>https://i.imgur.com/pRx2DDM.png</thumbnail>
	<fanart>https://i.imgur.com/pRx2DDM.png</fanart>
</item>
<item>
	<title>[B][COLOR=blue]A Flintstone Christmas[/COLOR][/B]</title>
	<meta>
	<imdb>tt0193163</imdb>
	<content>movie</content>
	<title>A Flintstone Christmas</title>
	<year>1977</year>
	</meta>
	<link>
	<sublink>https://www.youtube.com/watch?v=PAQF9iiCTHU&feature=youtu.be</sublink>
	<sublink>search</sublink>
	<sublink>searchsd</sublink>
	</link>
	<thumbnail>https://m.media-amazon.com/images/M/MV5BMTg1MzA4Njk2Nl5BMl5BanBnXkFtZTgwMzQ2ODU5NjE@._V1_.jpg</thumbnail>
	<fanart>https://m.media-amazon.com/images/M/MV5BMTg1MzA4Njk2Nl5BMl5BanBnXkFtZTgwMzQ2ODU5NjE@._V1_.jpg</fanart>
</item>
<item>
	<title>[B][COLOR=blue]A Flintstone Family Christmas[/COLOR][/B]</title>
	<meta>
	<imdb>tt0392009</imdb>
	<content>movie</content>
	<title>A Flintstone Family Christmas</title>
	<year>1993</year>
	</meta>
	<link>
	<sublink>https://www.youtube.com/watch?v=Yae0yEasWPI&feature=youtu.be</sublink>
	<sublink>search</sublink>
	<sublink>searchsd</sublink>
	</link>
	<thumbnail>https://i.imgur.com/pRx2DDM.png</thumbnail>
	<fanart>https://i.imgur.com/pRx2DDM.png</fanart>
</item>
<item>
	<title>[B][COLOR=blue]A Flintstones Christmas Carol[/COLOR][/B]</title>
	<meta>
	<imdb>tt0193164</imdb>
	<content>movie</content>
	<title>A Flintstones Christmas Carol</title>
	<year>1994</year>
	</meta>
	<link>
	<sublink>https://www.youtube.com/watch?v=PAQF9iiCTHU&feature=youtu.be</sublink>
	<sublink>search</sublink>
	<sublink>searchsd</sublink>
	</link>
	<thumbnail>https://i.imgur.com/pRx2DDM.png</thumbnail>
	<fanart>https://i.imgur.com/pRx2DDM.png</fanart>
</item>
<item>
	<title>[B][COLOR=blue]A Garfield Christmas Special[/COLOR][/B]</title>
	<meta>
	<imdb>tt0302596</imdb>
	<content>movie</content>
	<title>A Garfield Christmas Special</title>
	<year>1987</year>
	</meta>
	<link>
	<sublink>https://www.youtube.com/watch?v=WQwE6r7fWU0&feature=youtu.be</sublink>
	<sublink>search</sublink>
	<sublink>searchsd</sublink>
	</link>
	<thumbnail>https://i.imgur.com/pRx2DDM.png</thumbnail>
	<fanart>https://i.imgur.com/pRx2DDM.png</fanart>
</item>
<item>
	<title>[B][COLOR=blue]A Muppet Family Christmas[/COLOR][/B]</title>
	<meta>
	<imdb>tt0251282</imdb>
	<content>movie</content>
	<title>A Muppet Family Christmas</title>
	<year>1987</year>
	</meta>
	<link>
	<sublink>https://www.youtube.com/watch?v=O6r6fU3kI_4&feature=youtu.be</sublink>
	<sublink>search</sublink>
	<sublink>searchsd</sublink>
	</link>
	<thumbnail>https://image.tmdb.org/t/p/w1280/5AN5cRiUpVaLcuI3FtgY2wJIwG7.jpg</thumbnail>
	<fanart>https://image.tmdb.org/t/p/w1280/6NRMkalKqdotzL3vYjuaJWdLlPJ.jpg</fanart>
</item>
<item>
	<title>[B][COLOR=blue]A Muppets Christmas: Letters to Santa[/COLOR][/B]</title>
	<meta>
	<imdb>tt1292569</imdb>
	<content>movie</content>
	<title>A Muppets Christmas: Letters to Santa</title>
	<year>2008</year>
	</meta>
	<link>
	<sublink>https://www.youtube.com/watch?v=SvjEHkYm4cY&feature=youtu.be</sublink>
	<sublink>search</sublink>
	<sublink>searchsd</sublink>
	</link>
	<thumbnail>https://i.imgur.com/pRx2DDM.png</thumbnail>
	<fanart>https://i.imgur.com/pRx2DDM.png</fanart>
</item>
<item>
	<title>[B][COLOR=blue]A Scooby-Doo! Christmas[/COLOR][/B]</title>
	<meta>
	<imdb>tt1146294</imdb>
	<content>movie</content>
	<title>A Scooby-Doo! Christmas</title>
	<year>2002</year>
	</meta>
	<link>
	<sublink>https://www.youtube.com/watch?v=PAQF9iiCTHU&feature=youtu.be</sublink>
	<sublink>search</sublink>
	<sublink>searchsd</sublink>
	</link>
	<thumbnail>https://m.media-amazon.com/images/M/MV5BYzJjZmViNDEtNTUzOC00ZTRjLTgyYTQtOWE0MDg4N2Y2ZDBmXkEyXkFqcGdeQXVyNjMxODMyODU@._V1_.jpg</thumbnail>
	<fanart>https://m.media-amazon.com/images/M/MV5BYzJjZmViNDEtNTUzOC00ZTRjLTgyYTQtOWE0MDg4N2Y2ZDBmXkEyXkFqcGdeQXVyNjMxODMyODU@._V1_.jpg</fanart>
</item>
<item>
	<title>[B][COLOR=blue]A Sesame Street Christmas Carol[/COLOR][/B]</title>
	<meta>
	<imdb>tt1018930</imdb>
	<content>movie</content>
	<title>A Sesame Street Christmas Carol</title>
	<year>2006</year>
	</meta>
	<link>
	<sublink>https://www.youtube.com/watch?v=AJKvTHemJCA&feature=youtu.be</sublink>
	<sublink>search</sublink>
	<sublink>searchsd</sublink>
	</link>
	<thumbnail>https://m.media-amazon.com/images/M/MV5BMTkxMjI1NjUzNV5BMl5BanBnXkFtZTgwMDk4MTA2MDE@._V1_.jpg</thumbnail>
	<fanart>https://m.media-amazon.com/images/M/MV5BMTkxMjI1NjUzNV5BMl5BanBnXkFtZTgwMDk4MTA2MDE@._V1_.jpg</fanart>
</item>
<item>
	<title>[B][COLOR=blue]A Walt Disney Christmas[/COLOR][/B]</title>
	<meta>
	<imdb>tt0483445</imdb>
	<content>movie</content>
	<title>A Walt Disney Christmas</title>
	<year>1982</year>
	</meta>
	<link>
	<sublink>https://www.youtube.com/watch?v=h4ohKUcjl58&feature=youtu.be</sublink>
	<sublink>search</sublink>
	<sublink>searchsd</sublink>
	</link>
	<thumbnail>https://i.imgur.com/pRx2DDM.png</thumbnail>
	<fanart>https://i.imgur.com/pRx2DDM.png</fanart>
</item>
<item>
	<title>[B][COLOR=blue]Abominable Christmas[/COLOR][/B]</title>
	<meta>
	<imdb>tt2445310</imdb>
	<content>movie</content>
	<title>Abominable Christmas</title>
	<year>2012</year>
	</meta>
	<link>
	<sublink>https://www.youtube.com/watch?v=RNvcxm904CI&feature=youtu.be</sublink>
	<sublink>search</sublink>
	<sublink>searchsd</sublink>
	</link>
	<thumbnail>https://image.tmdb.org/t/p/w1280/2Vgh6gzxdfF26nmZoROSmKm9SGO.jpg</thumbnail>
	<fanart>https://image.tmdb.org/t/p/w1280/nAYUHOX4kfpYs2puGuCsvvgY7hH.jpg</fanart>
</item>
<item>
	<title>[B][COLOR=blue]An Elf's Story[/COLOR][/B]</title>
	<meta>
	<imdb>tt2094761</imdb>
	<content>movie</content>
	<title>An Elf's Story</title>
	<year>2011</year>
	</meta>
	<link>
	<sublink>https://www.youtube.com/watch?v=F8_GUrqe5tc&feature=youtu.be</sublink>
	<sublink>search</sublink>
	<sublink>searchsd</sublink>
	</link>
	<thumbnail>https://i.imgur.com/pRx2DDM.png</thumbnail>
	<fanart>https://i.imgur.com/pRx2DDM.png</fanart>
</item>
<item>
	<title>[B][COLOR=blue]Arthur Christmas[/COLOR][/B]</title>
	<meta>
	<imdb>tt1430607</imdb>
	<content>movie</content>
	<title>Arthur Christmas</title>
	<year>2011</year>
	</meta>
	<link>
	<sublink>https://www.youtube.com/watch?v=7tk-WZSqIGQ&feature=youtu.be</sublink>
	<sublink>search</sublink>
	<sublink>searchsd</sublink>
	</link>
	<thumbnail>https://image.tmdb.org/t/p/w1280/crjzhg2T1sPL9yE7bFHkYp0OfXG.jpg</thumbnail>
	<fanart>https://image.tmdb.org/t/p/w1280/kJwJfSQht3QwpWka8JBnQ18IyDT.jpg</fanart>
</item>
<item>
	<title>[B][COLOR=blue]Bah, Humduck!: A Looney Tunes Christmas[/COLOR][/B]</title>
	<meta>
	<imdb>tt0896522</imdb>
	<content>movie</content>
	<title>Bah, Humduck!: A Looney Tunes Christmas</title>
	<year>2006</year>
	</meta>
	<link>
	<sublink>https://www.youtube.com/watch?v=WQwE6r7fWU0&feature=youtu.be</sublink>
	<sublink>search</sublink>
	<sublink>searchsd</sublink>
	</link>
	<thumbnail>https://image.tmdb.org/t/p/w1280/56luSbBA4o6otfyIyFtuV29AAYy.jpg</thumbnail>
	<fanart>https://image.tmdb.org/t/p/w1280/cwCazoeGklaHkivLLpnPp5uiqc3.jpg</fanart>
</item>
<item>
	<title>[B][COLOR=blue]Barbie: A Perfect Christmas[/COLOR][/B]</title>
	<meta>
	<imdb>tt2091240</imdb>
	<content>movie</content>
	<title>Barbie: A Perfect Christmas</title>
	<year>2011</year>
	</meta>
	<link>
	<sublink>https://www.youtube.com/watch?v=yKOeF8v67OI&feature=youtu.be</sublink>
	<sublink>search</sublink>
	<sublink>searchsd</sublink>
	</link>
	<thumbnail>https://i.imgur.com/pRx2DDM.png</thumbnail>
	<fanart>https://i.imgur.com/pRx2DDM.png</fanart>
</item>
<item>
	<title>[B][COLOR=blue]Beauty and the Beast: The Enchanted Christmas[/COLOR][/B]</title>
	<meta>
	<imdb>tt0118692</imdb>
	<content>movie</content>
	<title>Beauty and the Beast: The Enchanted Christmas</title>
	<year>1997</year>
	</meta>
	<link>
	<sublink>https://www.youtube.com/watch?v=A2xh1BwSpL4&feature=youtu.be</sublink>
	<sublink>search</sublink>
	<sublink>searchsd</sublink>
	</link>
	<thumbnail>https://image.tmdb.org/t/p/w1280/aqt7gysA2A9dErYxsejYHRo8xPh.jpg</thumbnail>
	<fanart>https://image.tmdb.org/t/p/w1280/568YxRBjT8xkaomnuQaNLg5Bndn.jpg</fanart>
</item>
<item>
	<title>[B][COLOR=blue]Bugs Bunny's Looney Christmas Tales[/COLOR][/B]</title>
	<meta>
	<imdb>tt0154263</imdb>
	<content>movie</content>
	<title>Bugs Bunny's Looney Christmas Tales</title>
	<year>1979</year>
	</meta>
	<link>
	<sublink>https://www.youtube.com/watch?v=h4ohKUcjl58&feature=youtu.be</sublink>
	<sublink>search</sublink>
	<sublink>searchsd</sublink>
	</link>
	<thumbnail>https://i.imgur.com/pRx2DDM.png</thumbnail>
	<fanart>https://i.imgur.com/pRx2DDM.png</fanart>
</item>
<item>
	<title>[B][COLOR=blue]Care Bears: The Nutcracker[/COLOR][/B]</title>
	<meta>
	<imdb>tt0928026</imdb>
	<content>movie</content>
	<title>Care Bears: The Nutcracker</title>
	<year>1988</year>
	</meta>
	<link>
	<sublink>https://www.youtube.com/watch?v=WQwE6r7fWU0&feature=youtu.be</sublink>
	<sublink>search</sublink>
	<sublink>searchsd</sublink>
	</link>
	<thumbnail>https://i.imgur.com/pRx2DDM.png</thumbnail>
	<fanart>https://i.imgur.com/pRx2DDM.png</fanart>
</item>
<item>
	<title>[B][COLOR=blue]Charlie Brown's Christmas Tales[/COLOR][/B]</title>
	<meta>
	<imdb>tt0382602</imdb>
	<content>movie</content>
	<title>Charlie Brown's Christmas Tales</title>
	<year>2002</year>
	</meta>
	<link>
	<sublink>https://www.youtube.com/watch?v=u_3lbGK8hoU&feature=youtu.be</sublink>
	<sublink>search</sublink>
	<sublink>searchsd</sublink>
	</link>
	<thumbnail>https://i.imgur.com/pRx2DDM.png</thumbnail>
	<fanart>https://i.imgur.com/pRx2DDM.png</fanart>
</item>
<item>
	<title>[B][COLOR=blue]Christmas Eve on Sesame Street[/COLOR][/B]</title>
	<meta>
	<imdb>tt0331217</imdb>
	<content>movie</content>
	<title>Christmas Eve on Sesame Street</title>
	<year>1978</year>
	</meta>
	<link>
	<sublink>https://www.youtube.com/watch?v=O1Uf_oqCdDw&feature=youtu.be</sublink>
	<sublink>search</sublink>
	<sublink>searchsd</sublink>
	</link>
	<thumbnail>https://i.imgur.com/pRx2DDM.png</thumbnail>
	<fanart>https://i.imgur.com/pRx2DDM.png</fanart>
</item>
<item>
	<title>[B][COLOR=blue]Christmas[/COLOR][/B]</title>
	<meta>
	<imdb>tt1410207</imdb>
	<content>movie</content>
	<title>Christmas</title>
	<year>2009</year>
	</meta>
	<link>
	<sublink>https://www.youtube.com/watch?v=F8_GUrqe5tc&feature=youtu.be</sublink>
	<sublink>search</sublink>
	<sublink>searchsd</sublink>
	</link>
	<thumbnail>https://i.imgur.com/pRx2DDM.png</thumbnail>
	<fanart>https://i.imgur.com/pRx2DDM.png</fanart>
</item>
<item>
	<title>[B][COLOR=blue]Curious George: A Very Monkey Christmas[/COLOR][/B]</title>
	<meta>
	<imdb>tt1570964</imdb>
	<content>movie</content>
	<title>Curious George: A Very Monkey Christmas</title>
	<year>2009</year>
	</meta>
	<link>
	<sublink>https://www.youtube.com/watch?v=S2JQJVdV8HQ&feature=youtu.be</sublink>
	<sublink>search</sublink>
	<sublink>searchsd</sublink>
	</link>
	<thumbnail>https://i.imgur.com/pRx2DDM.png</thumbnail>
	<fanart>https://i.imgur.com/pRx2DDM.png</fanart>
</item>
<item>
	<title>[B][COLOR=blue]Disney Princess: A Christmas of Enchantment[/COLOR][/B]</title>
	<meta>
	<imdb>tt0766235</imdb>
	<content>movie</content>
	<title>Disney Princess: A Christmas of Enchantment</title>
	<year>2005</year>
	</meta>
	<link>
	<sublink>https://www.youtube.com/watch?v=AJKvTHemJCA&feature=youtu.be</sublink>
	<sublink>search</sublink>
	<sublink>searchsd</sublink>
	</link>
	<thumbnail>https://i.imgur.com/pRx2DDM.png</thumbnail>
	<fanart>https://i.imgur.com/pRx2DDM.png</fanart>
</item>
<item>
	<title>[B][COLOR=blue]Disney's Christmas Favourites[/COLOR][/B]</title>
	<meta>
	<imdb>tt1798141</imdb>
	<content>movie</content>
	<title>Disney's Christmas Favourites</title>
	<year>2005</year>
	</meta>
	<link>
	<sublink>https://www.youtube.com/watch?v=O1Uf_oqCdDw&feature=youtu.be</sublink>
	<sublink>search</sublink>
	<sublink>searchsd</sublink>
	</link>
	<thumbnail>https://i.imgur.com/pRx2DDM.png</thumbnail>
	<fanart>https://i.imgur.com/pRx2DDM.png</fanart>
</item>
<item>
	<title>[B][COLOR=blue]Donkey's Christmas Shrektacular[/COLOR][/B]</title>
	<meta>
	<imdb>tt1830577</imdb>
	<content>movie</content>
	<title>Donkey's Christmas Shrektacular</title>
	<year>2010</year>
	</meta>
	<link>
	<sublink>https://www.youtube.com/watch?v=7tk-WZSqIGQ&feature=youtu.be</sublink>
	<sublink>search</sublink>
	<sublink>searchsd</sublink>
	</link>
	<thumbnail>https://i.imgur.com/pRx2DDM.png</thumbnail>
	<fanart>https://i.imgur.com/pRx2DDM.png</fanart>
</item>
<item>
	<title>[B][COLOR=blue]Elf: Buddy's Musical Christmas[/COLOR][/B]</title>
	<meta>
	<imdb>tt4147830</imdb>
	<content>movie</content>
	<title>Elf: Buddy's Musical Christmas</title>
	<year>2014</year>
	</meta>
	<link>
	<sublink>https://www.youtube.com/watch?v=ctZheO1NXto&feature=youtu.be</sublink>
	<sublink>search</sublink>
	<sublink>searchsd</sublink>
	</link>
	<thumbnail>https://image.tmdb.org/t/p/w1280/2HHi4T5xXBk9rfzpGeskzcYcJFD.jpg</thumbnail>
	<fanart>https://image.tmdb.org/t/p/w1280/finqvPRf8WjxwZkUquaRWQZ2BVq.jpg</fanart>
</item>
<item>
	<title>[B][COLOR=blue]Elliot: The Littlest Reindeer[/COLOR][/B]</title>
	<meta>
	<imdb>tt4177856</imdb>
	<content>movie</content>
	<title>Elliot: The Littlest Reindeer</title>
	<year>2018</year>
	</meta>
	<link>
	<sublink>https://www.youtube.com/watch?v=viUFB3Oitnk&feature=youtu.be</sublink>
	<sublink>search</sublink>
	<sublink>searchsd</sublink>
	</link>
	<thumbnail>https://image.tmdb.org/t/p/w1280/sYq809WTep01HO5oJR9o9VbEDJv.jpg</thumbnail>
	<fanart>https://image.tmdb.org/t/p/w1280/2Djp1gHsUsbf2YpvyoihXecGXPi.jpg</fanart>
</item>
<item>
	<title>[B][COLOR=blue]Frosty Returns[/COLOR][/B]</title>
	<meta>
	<imdb>tt0106973</imdb>
	<content>movie</content>
	<title>Frosty Returns</title>
	<year>1992</year>
	</meta>
	<link>
	<sublink>https://www.youtube.com/watch?v=A2xh1BwSpL4&feature=youtu.be</sublink>
	<sublink>search</sublink>
	<sublink>searchsd</sublink>
	</link>
	<thumbnail>https://i.imgur.com/pRx2DDM.png</thumbnail>
	<fanart>https://i.imgur.com/pRx2DDM.png</fanart>
</item>
<item>
	<title>[B][COLOR=blue]Frosty the Snowman[/COLOR][/B]</title>
	<meta>
	<imdb>tt0064349</imdb>
	<content>movie</content>
	<title>Frosty the Snowman</title>
	<year>1969</year>
	</meta>
	<link>
	<sublink>https://www.youtube.com/watch?v=O6r6fU3kI_4&feature=youtu.be</sublink>
	<sublink>search</sublink>
	<sublink>searchsd</sublink>
	</link>
	<thumbnail>https://i.imgur.com/pRx2DDM.png</thumbnail>
	<fanart>https://i.imgur.com/pRx2DDM.png</fanart>
</item>
<item>
	<title>[B][COLOR=blue]Frosty the Snowman[/COLOR][/B]</title>
	<meta>
	<imdb>tt0064349</imdb>
	<content>movie</content>
	<title>Frosty the Snowman</title>
	<year>1969</year>
	</meta>
	<link>
	<sublink>https://www.youtube.com/watch?v=h4ohKUcjl58&feature=youtu.be</sublink>
	<sublink>search</sublink>
	<sublink>searchsd</sublink>
	</link>
	<thumbnail>https://i.imgur.com/pRx2DDM.png</thumbnail>
	<fanart>https://i.imgur.com/pRx2DDM.png</fanart>
</item>
<item>
	<title>[B][COLOR=blue]Frosty's Winter Wonderland[/COLOR][/B]</title>
	<meta>
	<imdb>tt0134661</imdb>
	<content>movie</content>
	<title>Frosty's Winter Wonderland</title>
	<year>1976</year>
	</meta>
	<link>
	<sublink>https://www.youtube.com/watch?v=SaFqpuVZ6Bw&feature=youtu.be</sublink>
	<sublink>search</sublink>
	<sublink>searchsd</sublink>
	</link>
	<thumbnail>https://i.imgur.com/pRx2DDM.png</thumbnail>
	<fanart>https://i.imgur.com/pRx2DDM.png</fanart>
</item>
<item>
	<title>[B][COLOR=blue]Grandma Got Run Over by a Reindeer[/COLOR][/B]</title>
	<meta>
	<imdb>tt0267536</imdb>
	<content>movie</content>
	<title>Grandma Got Run Over by a Reindeer</title>
	<year>2000</year>
	</meta>
	<link>
	<sublink>https://www.youtube.com/watch?v=u_3lbGK8hoU&feature=youtu.be</sublink>
	<sublink>search</sublink>
	<sublink>searchsd</sublink>
	</link>
	<thumbnail>https://i.imgur.com/pRx2DDM.png</thumbnail>
	<fanart>https://i.imgur.com/pRx2DDM.png</fanart>
</item>
<item>
	<title>[B][COLOR=blue]Have Yourself A Goofy Little Christmas[/COLOR][/B]</title>
	<meta>
	<imdb>none</imdb>
	<content>movie</content>
	<title>Have Yourself A Goofy Little Christmas</title>
	<year>1992</year>
	</meta>
	<link>
	<sublink>https://www.youtube.com/watch?v=WQwE6r7fWU0&feature=youtu.be</sublink>
	<sublink>search</sublink>
	<sublink>searchsd</sublink>
	</link>
	<thumbnail>https://i.imgur.com/pRx2DDM.png</thumbnail>
	<fanart>https://i.imgur.com/pRx2DDM.png</fanart>
</item>
<item>
	<title>[B][COLOR=blue]He-Man and She-Ra: A Christmas Special[/COLOR][/B]</title>
	<meta>
	<imdb>tt0276016</imdb>
	<content>movie</content>
	<title>He-Man and She-Ra: A Christmas Special</title>
	<year>1985</year>
	</meta>
	<link>
	<sublink>https://www.youtube.com/watch?v=O1Uf_oqCdDw&feature=youtu.be</sublink>
	<sublink>search</sublink>
	<sublink>searchsd</sublink>
	</link>
	<thumbnail>https://i.imgur.com/pRx2DDM.png</thumbnail>
	<fanart>https://i.imgur.com/pRx2DDM.png</fanart>
</item>
<item>
	<title>[B][COLOR=blue]How the Grinch Stole Christmas![/COLOR][/B]</title>
	<meta>
	<imdb>tt0060345</imdb>
	<content>movie</content>
	<title>How the Grinch Stole Christmas!</title>
	<year>1966</year>
	</meta>
	<link>
	<sublink>https://www.youtube.com/watch?v=XYRnwWmteac&feature=youtu.be</sublink>
	<sublink>search</sublink>
	<sublink>searchsd</sublink>
	</link>
	<thumbnail>https://image.tmdb.org/t/p/w1280/7ir0iRuPK9OEuH569cp0nF5CJce.jpg</thumbnail>
	<fanart>https://image.tmdb.org/t/p/w1280/cDRhoYxoR4QYDO0XW9qV6kmH85J.jpg</fanart>
</item>
<item>
	<title>[B][COLOR=blue]I Want a Dog for Christmas, Charlie Brown[/COLOR][/B]</title>
	<meta>
	<imdb>tt0387301</imdb>
	<content>movie</content>
	<title>I Want a Dog for Christmas, Charlie Brown</title>
	<year>2003</year>
	</meta>
	<link>
	<sublink>https://www.youtube.com/watch?v=u_3lbGK8hoU&feature=youtu.be</sublink>
	<sublink>search</sublink>
	<sublink>searchsd</sublink>
	</link>
	<thumbnail>https://i.imgur.com/pRx2DDM.png</thumbnail>
	<fanart>https://i.imgur.com/pRx2DDM.png</fanart>
</item>
<item>
	<title>[B][COLOR=blue]Ice Age: A Mammoth Christmas[/COLOR][/B]</title>
	<meta>
	<imdb>tt2100546</imdb>
	<content>movie</content>
	<title>Ice Age: A Mammoth Christmas</title>
	<year>2011</year>
	</meta>
	<link>
	<sublink>https://www.youtube.com/watch?v=Dk1XJF2SX4E&feature=youtu.be</sublink>
	<sublink>search</sublink>
	<sublink>searchsd</sublink>
	</link>
	<thumbnail>https://image.tmdb.org/t/p/w1280/bBKkG54YXVTFCKeZ4a5pmRubTQg.jpg</thumbnail>
	<fanart>https://image.tmdb.org/t/p/w1280/kXZk3v0YPKysLj6J9oimbuxpmCW.jpg</fanart>
</item>
<item>
	<title>[B][COLOR=blue]It's Christmastime Again, Charlie Brown[/COLOR][/B]</title>
	<meta>
	<imdb>tt0104534</imdb>
	<content>movie</content>
	<title>It's Christmastime Again, Charlie Brown</title>
	<year>1992</year>
	</meta>
	<link>
	<sublink>https://www.youtube.com/watch?v=KAk5KQABLuE&feature=youtu.be</sublink>
	<sublink>search</sublink>
	<sublink>searchsd</sublink>
	</link>
	<thumbnail>https://i.imgur.com/pRx2DDM.png</thumbnail>
	<fanart>https://i.imgur.com/pRx2DDM.png</fanart>
</item>
<item>
	<title>[B][COLOR=blue]It's a Very Merry Muppet Christmas Movie[/COLOR][/B]</title>
	<meta>
	<imdb>tt0329737</imdb>
	<content>movie</content>
	<title>It's a Very Merry Muppet Christmas Movie</title>
	<year>2002</year>
	</meta>
	<link>
	<sublink>https://www.youtube.com/watch?v=O1Uf_oqCdDw&feature=youtu.be</sublink>
	<sublink>search</sublink>
	<sublink>searchsd</sublink>
	</link>
	<thumbnail>https://image.tmdb.org/t/p/w1280/9HL9DUh40KNmSpmrjq96lYl27Go.jpg</thumbnail>
	<fanart>https://image.tmdb.org/t/p/w1280/qkPkYSTdrjoj32jiMJByBDAKLTH.jpg</fanart>
</item>
<item>
	<title>[B][COLOR=blue]Klaus[/COLOR][/B]</title>
	<meta>
	<imdb>tt4729430</imdb>
	<content>movie</content>
	<title>Klaus</title>
	<year>2019</year>
	</meta>
	<link>
	<sublink>search</sublink>
	<sublink>searchsd</sublink>
	</link>
	<thumbnail>https://image.tmdb.org/t/p/w1280/q125RHUDgR4gjwh1QkfYuJLYkL.jpg</thumbnail>
	<fanart>https://image.tmdb.org/t/p/w1280/mlxKite1x1PgmIhJgAxNS9eHmH8.jpg</fanart>
</item>
<item>
	<title>[B][COLOR=blue]Kung Fu Panda Holiday[/COLOR][/B]</title>
	<meta>
	<imdb>tt1702433</imdb>
	<content>movie</content>
	<title>Kung Fu Panda Holiday</title>
	<year>2010</year>
	</meta>
	<link>
	<sublink>https://www.youtube.com/watch?v=S2JQJVdV8HQ&feature=youtu.be</sublink>
	<sublink>search</sublink>
	<sublink>searchsd</sublink>
	</link>
	<thumbnail>https://image.tmdb.org/t/p/w1280/gp18R42TbSUlw9VnXFqyecm52lq.jpg</thumbnail>
	<fanart>https://image.tmdb.org/t/p/w1280/a14RyRGC3kz7YeQtvphuYMtou9v.jpg</fanart>
</item>
<item>
	<title>[B][COLOR=blue]Mariah Carey's All I Want for Christmas Is You[/COLOR][/B]</title>
	<meta>
	<imdb>tt6678950</imdb>
	<content>movie</content>
	<title>Mariah Carey's All I Want for Christmas Is You</title>
	<year>2017</year>
	</meta>
	<link>
	<sublink>https://www.youtube.com/watch?v=ZQ95VtBPLLI&feature=youtu.be</sublink>
	<sublink>search</sublink>
	<sublink>searchsd</sublink>
	</link>
	<thumbnail>https://image.tmdb.org/t/p/w1280/nsK8N83x8vFqc0ndXe8jxCq3zGu.jpg</thumbnail>
	<fanart>https://image.tmdb.org/t/p/w1280/3Q54rAAHgxCGNYHuQ6qE1wiwKie.jpg</fanart>
</item>
<item>
	<title>[B][COLOR=blue]Merry Madagascar[/COLOR][/B]</title>
	<meta>
	<imdb>tt1526300</imdb>
	<content>movie</content>
	<title>Merry Madagascar</title>
	<year>2009</year>
	</meta>
	<link>
	<sublink>https://www.youtube.com/watch?v=SvjEHkYm4cY&feature=youtu.be</sublink>
	<sublink>search</sublink>
	<sublink>searchsd</sublink>
	</link>
	<thumbnail>https://image.tmdb.org/t/p/w1280/yb8X45eBtkcEWfcQLdVlTE82pLE.jpg</thumbnail>
	<fanart>https://image.tmdb.org/t/p/w1280/bIA6DNEf3luPT9T5RzLVkBkXMNq.jpg</fanart>
</item>
<item>
	<title>[B][COLOR=blue]Mickey's Christmas Carol[/COLOR][/B]</title>
	<meta>
	<imdb>tt0085936</imdb>
	<content>movie</content>
	<title>Mickey's Christmas Carol</title>
	<year>1983</year>
	</meta>
	<link>
	<sublink>https://www.youtube.com/watch?v=eCO4D7KTRtE&feature=youtu.be</sublink>
	<sublink>search</sublink>
	<sublink>searchsd</sublink>
	</link>
	<thumbnail>https://image.tmdb.org/t/p/w1280/29iF1IiC3ZyJQ1kmTf4LD8p8oro.jpg</thumbnail>
	<fanart>https://image.tmdb.org/t/p/w1280/fDK3xeAcQfQ40ZUULgZshElkspa.jpg</fanart>
</item>
<item>
	<title>[B][COLOR=blue]Mickey's Magical Christmas: Snowed in at the House of Mouse[/COLOR][/B]</title>
	<meta>
	<imdb>tt0300195</imdb>
	<content>movie</content>
	<title>Mickey's Magical Christmas: Snowed in at the House of Mouse</title>
	<year>2001</year>
	</meta>
	<link>
	<sublink>https://www.youtube.com/watch?v=PAQF9iiCTHU&feature=youtu.be</sublink>
	<sublink>search</sublink>
	<sublink>searchsd</sublink>
	</link>
	<thumbnail>https://image.tmdb.org/t/p/w1280/3yIvYvNvarfvwc9YnC0ZbAHhfRK.jpg</thumbnail>
	<fanart>https://image.tmdb.org/t/p/w1280/zK2Z40YMpJXrdjtB87hLC4r07QS.jpg</fanart>
</item>
<item>
	<title>[B][COLOR=blue]Mickey's Once Upon a Christmas[/COLOR][/B]</title>
	<meta>
	<imdb>tt0238414</imdb>
	<content>movie</content>
	<title>Mickey's Once Upon a Christmas</title>
	<year>1999</year>
	</meta>
	<link>
	<sublink>https://www.youtube.com/watch?v=yKOeF8v67OI&feature=youtu.be</sublink>
	<sublink>search</sublink>
	<sublink>searchsd</sublink>
	</link>
	<thumbnail>https://image.tmdb.org/t/p/w1280/hPXSWiuYdJXHtcDS5wluYWgZldE.jpg</thumbnail>
	<fanart>https://image.tmdb.org/t/p/w1280/txLoYcQtKKyGmqik1HRyW2Uv6CY.jpg</fanart>
</item>
<item>
	<title>[B][COLOR=blue]Mickey's Twice Upon a Christmas[/COLOR][/B]</title>
	<meta>
	<imdb>tt0424279</imdb>
	<content>movie</content>
	<title>Mickey's Twice Upon a Christmas</title>
	<year>2004</year>
	</meta>
	<link>
	<sublink>https://www.youtube.com/watch?v=u_3lbGK8hoU&feature=youtu.be</sublink>
	<sublink>search</sublink>
	<sublink>searchsd</sublink>
	</link>
	<thumbnail>https://image.tmdb.org/t/p/w1280/8RTPZ3i7sGWFg4rD6KFptkbniLJ.jpg</thumbnail>
	<fanart>https://image.tmdb.org/t/p/w1280/it2VjKfMblvKA9Jf9Qy4msgXvZw.jpg</fanart>
</item>
<item>
	<title>[B][COLOR=blue]My Friends Tigger and Pooh Super Sleuth Christmas Movie[/COLOR][/B]</title>
	<meta>
	<imdb>tt1141984</imdb>
	<content>movie</content>
	<title>My Friends Tigger and Pooh Super Sleuth Christmas Movie</title>
	<year>2007</year>
	</meta>
	<link>
	<sublink>https://www.youtube.com/watch?v=O1Uf_oqCdDw&feature=youtu.be</sublink>
	<sublink>search</sublink>
	<sublink>searchsd</sublink>
	</link>
	<thumbnail>https://m.media-amazon.com/images/M/MV5BZDAxMTA2YTUtZDVhYi00Y2JiLWIzZTYtODIyZWI2MDUwOTJiXkEyXkFqcGdeQXVyNzg5OTk2OA@@._V1_.jpg</thumbnail>
	<fanart>https://m.media-amazon.com/images/M/MV5BZDAxMTA2YTUtZDVhYi00Y2JiLWIzZTYtODIyZWI2MDUwOTJiXkEyXkFqcGdeQXVyNzg5OTk2OA@@._V1_.jpg</fanart>
</item>
<item>
	<title>[B][COLOR=blue]Prep & Landing[/COLOR][/B]</title>
	<meta>
	<imdb>tt1474311</imdb>
	<content>movie</content>
	<title>Prep & Landing</title>
	<year>2009</year>
	</meta>
	<link>
	<sublink>https://www.youtube.com/watch?v=yKOeF8v67OI&feature=youtu.be</sublink>
	<sublink>search</sublink>
	<sublink>searchsd</sublink>
	</link>
	<thumbnail>https://i.imgur.com/pRx2DDM.png</thumbnail>
	<fanart>https://i.imgur.com/pRx2DDM.png</fanart>
</item>
<item>
	<title>[B][COLOR=blue]Prep & Landing[/COLOR][/B]</title>
	<meta>
	<imdb>tt1474311</imdb>
	<content>movie</content>
	<title>Prep & Landing</title>
	<year>2009</year>
	</meta>
	<link>
	<sublink>https://www.youtube.com/watch?v=F8_GUrqe5tc&feature=youtu.be</sublink>
	<sublink>search</sublink>
	<sublink>searchsd</sublink>
	</link>
	<thumbnail>https://i.imgur.com/pRx2DDM.png</thumbnail>
	<fanart>https://i.imgur.com/pRx2DDM.png</fanart>
</item>
<item>
	<title>[B][COLOR=blue]Rudolph and Frosty's Christmas in July[/COLOR][/B]</title>
	<meta>
	<imdb>tt0079828</imdb>
	<content>movie</content>
	<title>Rudolph and Frosty's Christmas in July</title>
	<year>1979</year>
	</meta>
	<link>
	<sublink>https://www.youtube.com/watch?v=h4ohKUcjl58&feature=youtu.be</sublink>
	<sublink>search</sublink>
	<sublink>searchsd</sublink>
	</link>
	<thumbnail>https://image.tmdb.org/t/p/w1280/aQkuPGotl1jofdeX4eXiXLeorR4.jpg</thumbnail>
	<fanart>https://image.tmdb.org/t/p/w1280/dKPl4IjbRiIwwB2Qk94Mx0QEkmc.jpg</fanart>
</item>
<item>
	<title>[B][COLOR=blue]Rudolph the Red-Nosed Reindeer[/COLOR][/B]</title>
	<meta>
	<imdb>tt0058536</imdb>
	<content>movie</content>
	<title>Rudolph the Red-Nosed Reindeer</title>
	<year>1964</year>
	</meta>
	<link>
	<sublink>https://www.youtube.com/watch?v=W6IAY9bSP7s&feature=youtu.be</sublink>
	<sublink>search</sublink>
	<sublink>searchsd</sublink>
	</link>
	<thumbnail>https://image.tmdb.org/t/p/w1280/r0vtyGOwTLZg4pgtbjlMGke7Qo1.jpg</thumbnail>
	<fanart>https://image.tmdb.org/t/p/w1280/zd3p7GKopxH4rIjGoDQ1ugalUtx.jpg</fanart>
</item>
<item>
	<title>[B][COLOR=blue]Saving Santa[/COLOR][/B]</title>
	<meta>
	<imdb>tt2204315</imdb>
	<content>movie</content>
	<title>Saving Santa</title>
	<year>2013</year>
	</meta>
	<link>
	<sublink>https://www.youtube.com/watch?v=KeAbUaTAUKs&feature=youtu.be</sublink>
	<sublink>search</sublink>
	<sublink>searchsd</sublink>
	</link>
	<thumbnail>https://image.tmdb.org/t/p/w1280/wIr5gosI2cgjqyHN6nIJZdwgz58.jpg</thumbnail>
	<fanart>https://image.tmdb.org/t/p/w1280/daZN4XfgtcC2tJA36HIfc9MQRAH.jpg</fanart>
</item>
<item>
	<title>[B][COLOR=blue]Scooby-Doo! Haunted Holidays[/COLOR][/B]</title>
	<meta>
	<imdb>tt3328510</imdb>
	<content>movie</content>
	<title>Scooby-Doo! Haunted Holidays</title>
	<year>2012</year>
	</meta>
	<link>
	<sublink>https://www.youtube.com/watch?v=Yae0yEasWPI&feature=youtu.be</sublink>
	<sublink>search</sublink>
	<sublink>searchsd</sublink>
	</link>
	<thumbnail>https://image.tmdb.org/t/p/w1280/zUqED16prjv5XbD0s75LwEAJBgW.jpg</thumbnail>
	<fanart>https://image.tmdb.org/t/p/w1280/lLvflqWkW0AjdewYKWBMj5TGumU.jpg</fanart>
</item>
<item>
	<title>[B][COLOR=blue]Sesame Street: Elmo's Christmas Countdown[/COLOR][/B]</title>
	<meta>
	<imdb>tt1077081</imdb>
	<content>movie</content>
	<title>Sesame Street: Elmo's Christmas Countdown</title>
	<year>2007</year>
	</meta>
	<link>
	<sublink>https://www.youtube.com/watch?v=VZ3lr3urgDU&feature=youtu.be</sublink>
	<sublink>search</sublink>
	<sublink>searchsd</sublink>
	</link>
	<thumbnail>https://m.media-amazon.com/images/M/MV5BMTI1MzEwOTQ0M15BMl5BanBnXkFtZTcwMjc4MjY5MQ@@._V1_.jpg</thumbnail>
	<fanart>https://m.media-amazon.com/images/M/MV5BMTI1MzEwOTQ0M15BMl5BanBnXkFtZTcwMjc4MjY5MQ@@._V1_.jpg</fanart>
</item>
<item>
	<title>[B][COLOR=blue]Shrek the Halls[/COLOR][/B]</title>
	<meta>
	<imdb>tt0897387</imdb>
	<content>movie</content>
	<title>Shrek the Halls</title>
	<year>2007</year>
	</meta>
	<link>
	<sublink>https://www.youtube.com/watch?v=AJKvTHemJCA&feature=youtu.be</sublink>
	<sublink>search</sublink>
	<sublink>searchsd</sublink>
	</link>
	<thumbnail>https://image.tmdb.org/t/p/w1280/zq8UaoqVgpwOVOW1xfIYUekgyNl.jpg</thumbnail>
	<fanart>https://image.tmdb.org/t/p/w1280/deIB7BNbJT37GuFcDyUzPh8uqyO.jpg</fanart>
</item>
<item>
	<title>[B][COLOR=blue]The Flight Before Christmas[/COLOR][/B]</title>
	<meta>
	<imdb>tt0885415</imdb>
	<content>movie</content>
	<title>The Flight Before Christmas</title>
	<year>2008</year>
	</meta>
	<link>
	<sublink>https://www.youtube.com/watch?v=NtZX7SOPDi4&feature=youtu.be</sublink>
	<sublink>search</sublink>
	<sublink>searchsd</sublink>
	</link>
	<thumbnail>https://image.tmdb.org/t/p/w1280/7r4Z2bDmjvTY4hHbhCQqqALS3hl.jpg</thumbnail>
	<fanart>https://image.tmdb.org/t/p/w1280/kEgr8FGXavizdpsZ4LwWpmkDy3L.jpg</fanart>
</item>
<item>
	<title>[B][COLOR=blue]The Madagascar Penguins in a Christmas Caper[/COLOR][/B]</title>
	<meta>
	<imdb>tt0484439</imdb>
	<content>movie</content>
	<title>The Madagascar Penguins in a Christmas Caper</title>
	<year>2005</year>
	</meta>
	<link>
	<sublink>https://www.youtube.com/watch?v=AJKvTHemJCA&feature=youtu.be</sublink>
	<sublink>search</sublink>
	<sublink>searchsd</sublink>
	</link>
	<thumbnail>https://i.imgur.com/pRx2DDM.png</thumbnail>
	<fanart>https://i.imgur.com/pRx2DDM.png</fanart>
</item>
<item>
	<title>[B][COLOR=blue]The Muppet Christmas Carol[/COLOR][/B]</title>
	<meta>
	<imdb>tt0104940</imdb>
	<content>movie</content>
	<title>The Muppet Christmas Carol</title>
	<year>1992</year>
	</meta>
	<link>
	<sublink>https://www.youtube.com/watch?v=KAk5KQABLuE&feature=youtu.be</sublink>
	<sublink>search</sublink>
	<sublink>searchsd</sublink>
	</link>
	<thumbnail>https://image.tmdb.org/t/p/w1280/fe4nLJkDNXhyuMnrZ60MfoSpPes.jpg</thumbnail>
	<fanart>https://image.tmdb.org/t/p/w1280/h6NQoXBxD0uaIrpuk9FFV89vITT.jpg</fanart>
</item>
<item>
	<title>[B][COLOR=blue]The Polar Express[/COLOR][/B]</title>
	<meta>
	<imdb>tt0338348</imdb>
	<content>movie</content>
	<title>The Polar Express</title>
	<year>2004</year>
	</meta>
	<link>
	<sublink>https://www.youtube.com/watch?v=F8_GUrqe5tc&feature=youtu.be</sublink>
	<sublink>search</sublink>
	<sublink>searchsd</sublink>
	</link>
	<thumbnail>https://image.tmdb.org/t/p/w1280/2NETsNUxcfBdKtq3W5YbT9O03Ak.jpg</thumbnail>
	<fanart>https://image.tmdb.org/t/p/w1280/AcXCaPRB037DZoZZ2cJzRSxrNBP.jpg</fanart>
</item>
<item>
	<title>[B][COLOR=blue]The Smurfs Christmas Special[/COLOR][/B]</title>
	<meta>
	<imdb>tt1177949</imdb>
	<content>movie</content>
	<title>The Smurfs Christmas Special</title>
	<year>1982</year>
	</meta>
	<link>
	<sublink>https://www.youtube.com/watch?v=WQwE6r7fWU0&feature=youtu.be</sublink>
	<sublink>search</sublink>
	<sublink>searchsd</sublink>
	</link>
	<thumbnail>https://i.imgur.com/pRx2DDM.png</thumbnail>
	<fanart>https://i.imgur.com/pRx2DDM.png</fanart>
</item>
<item>
	<title>[B][COLOR=blue]The Smurfs: A Christmas Carol[/COLOR][/B]</title>
	<meta>
	<imdb>tt2062677</imdb>
	<content>movie</content>
	<title>The Smurfs: A Christmas Carol</title>
	<year>2011</year>
	</meta>
	<link>
	<sublink>https://www.youtube.com/watch?v=yKOeF8v67OI&feature=youtu.be</sublink>
	<sublink>search</sublink>
	<sublink>searchsd</sublink>
	</link>
	<thumbnail>https://i.imgur.com/pRx2DDM.png</thumbnail>
	<fanart>https://i.imgur.com/pRx2DDM.png</fanart>
</item>
<item>
	<title>[B][COLOR=blue]The Snowman and The Snowdog[/COLOR][/B]</title>
	<meta>
	<imdb>tt2560206</imdb>
	<content>movie</content>
	<title>The Snowman and The Snowdog</title>
	<year>2012</year>
	</meta>
	<link>
	<sublink>https://www.youtube.com/watch?v=23ZCF3Rx5AY&feature=youtu.be</sublink>
	<sublink>search</sublink>
	<sublink>searchsd</sublink>
	</link>
	<thumbnail>https://image.tmdb.org/t/p/w1280/o2CXFXWs4PhQFk3370oAXLA7Sg6.jpg</thumbnail>
	<fanart>https://image.tmdb.org/t/p/w1280/gl6WMQZIxC6N52lBDFAHJY4OOBE.jpg</fanart>
</item>
<item>
	<title>[B][COLOR=blue]The Year Without a Santa Claus[/COLOR][/B]</title>
	<meta>
	<imdb>tt0072424</imdb>
	<content>movie</content>
	<title>The Year Without a Santa Claus</title>
	<year>1974</year>
	</meta>
	<link>
	<sublink>https://www.youtube.com/watch?v=O6r6fU3kI_4&feature=youtu.be</sublink>
	<sublink>search</sublink>
	<sublink>searchsd</sublink>
	</link>
	<thumbnail>https://i.imgur.com/pRx2DDM.png</thumbnail>
	<fanart>https://i.imgur.com/pRx2DDM.png</fanart>
</item>
<item>
	<title>[B][COLOR=blue]VeggieTales: The Little Drummer Boy[/COLOR][/B]</title>
	<meta>
	<imdb>tt2076383</imdb>
	<content>movie</content>
	<title>VeggieTales: The Little Drummer Boy</title>
	<year>2011</year>
	</meta>
	<link>
	<sublink>https://www.youtube.com/watch?v=7tk-WZSqIGQ&feature=youtu.be</sublink>
	<sublink>search</sublink>
	<sublink>searchsd</sublink>
	</link>
	<thumbnail>https://i.imgur.com/pRx2DDM.png</thumbnail>
	<fanart>https://i.imgur.com/pRx2DDM.png</fanart>
</item>
<item>
	<title>[B][COLOR=blue]Winnie the Pooh & Christmas Too[/COLOR][/B]</title>
	<meta>
	<imdb>tt0220159</imdb>
	<content>movie</content>
	<title>Winnie the Pooh & Christmas Too</title>
	<year>1991</year>
	</meta>
	<link>
	<sublink>https://www.youtube.com/watch?v=O1Uf_oqCdDw&feature=youtu.be</sublink>
	<sublink>search</sublink>
	<sublink>searchsd</sublink>
	</link>
	<thumbnail>https://i.imgur.com/pRx2DDM.png</thumbnail>
	<fanart>https://i.imgur.com/pRx2DDM.png</fanart>
</item>
<item>
	<title>[B][COLOR=blue]Winnie the Pooh: A Very Merry Pooh Year[/COLOR][/B]</title>
	<meta>
	<imdb>tt0324572</imdb>
	<content>movie</content>
	<title>Winnie the Pooh: A Very Merry Pooh Year</title>
	<year>2002</year>
	</meta>
	<link>
	<sublink>https://www.youtube.com/watch?v=k2OiS7A8sWg&feature=youtu.be</sublink>
	<sublink>search</sublink>
	<sublink>searchsd</sublink>
	</link>
	<thumbnail>https://image.tmdb.org/t/p/w1280/1Xfh2PPZsjEwFyLqp6bisrbdxZs.jpg</thumbnail>
	<fanart>https://image.tmdb.org/t/p/w1280/bow7Bvllz9xBLk8iCgGwK96tH9m.jpg</fanart>
</item>
