<plugin>
	<title>[COLORred][B]Making [/B][/COLOR][COLORwhite][B]Xmas  [/B][/COLOR] [COLORred][B]Decorations  [/B][/COLOR][COLORwhite][B]And Displays [/B][/COLOR]   </title>
	<link>plugin://plugin.video.youtube/playlist/PLFq2YEzLx0LlvJq9YXMUBUoyLYKKpqwUQ/</link>
	<thumbnail>https://i.imgur.com/yelgV7a.png</thumbnail>
</plugin>

<item>
    <title>[COLOR pink][B]**--**[/COLOR][/B]</title>
    <heading></heading>
</item>

<plugin>
	<title>[COLORred][B] Christmas[/B][/COLOR][COLORwhite][B] Cocktails [/B][/COLOR]</title>
	<link>plugin://plugin.video.youtube/playlist/PLFq2YEzLx0LlAovbRyN4tMMKLc3F5XjMR/</link>
	<thumbnail>https://i.imgur.com/L6tU00V.png</thumbnail>
</plugin>

<item>
    <title>[COLOR pink][B]**--**[/COLOR][/B]</title>
    <heading></heading>
</item>