<item>
	<title>[COLOR=white]Mr. Magoo's Christmas Carol[/COLOR]</title>
	<meta>
	<imdb>tt0907680</imdb>
	<content>episode</content>
	<tvshowtitle>The Famous Adventures of Mr Magoo</tvshowtitle>
	<year>1962</year>
	<season>1</season>
	<episode>1</episode>
	</meta>
	<link>
	<sublink>search</sublink>
	<sublink>searchsd</sublink>
	</link>
	<thumbnail>https://image.tmdb.org/t/p/w1280</thumbnail>
	<fanart>https://image.tmdb.org/t/p/w1280</fanart>
</item>
<item>
	<title>[COLOR=white]Mr. Magoo's Treasure Island (1)[/COLOR]</title>
	<meta>
	<imdb>tt0907680</imdb>
	<content>episode</content>
	<tvshowtitle>The Famous Adventures of Mr Magoo</tvshowtitle>
	<year>1964</year>
	<season>1</season>
	<episode>2</episode>
	</meta>
	<link>
	<sublink>search</sublink>
	<sublink>searchsd</sublink>
	</link>
	<thumbnail>https://image.tmdb.org/t/p/w1280</thumbnail>
	<fanart>https://image.tmdb.org/t/p/w1280</fanart>
</item>
<item>
	<title>[COLOR=white]Mr. Magoo's Treasure Island Part 1[/COLOR]</title>
	<meta>
	<imdb>tt0907680</imdb>
	<content>episode</content>
	<tvshowtitle>The Famous Adventures of Mr Magoo</tvshowtitle>
	<year>1964</year>
	<season>1</season>
	<episode>3</episode>
	</meta>
	<link>
	<sublink>search</sublink>
	<sublink>searchsd</sublink>
	</link>
	<thumbnail>https://image.tmdb.org/t/p/w1280</thumbnail>
	<fanart>https://image.tmdb.org/t/p/w1280</fanart>
</item>
<item>
	<title>[COLOR=white]Mr. Magoo's Treasure Island Part 2[/COLOR]</title>
	<meta>
	<imdb>tt0907680</imdb>
	<content>episode</content>
	<tvshowtitle>The Famous Adventures of Mr Magoo</tvshowtitle>
	<year>1964</year>
	<season>1</season>
	<episode>4</episode>
	</meta>
	<link>
	<sublink>search</sublink>
	<sublink>searchsd</sublink>
	</link>
	<thumbnail>https://image.tmdb.org/t/p/w1280</thumbnail>
	<fanart>https://image.tmdb.org/t/p/w1280</fanart>
</item>
<item>
	<title>[COLOR=white]Mr. Magoo's Moby Dick[/COLOR]</title>
	<meta>
	<imdb>tt0907680</imdb>
	<content>episode</content>
	<tvshowtitle>The Famous Adventures of Mr Magoo</tvshowtitle>
	<year>1964</year>
	<season>1</season>
	<episode>5</episode>
	</meta>
	<link>
	<sublink>search</sublink>
	<sublink>searchsd</sublink>
	</link>
	<thumbnail>https://image.tmdb.org/t/p/w1280</thumbnail>
	<fanart>https://image.tmdb.org/t/p/w1280</fanart>
</item>
<item>
	<title>[COLOR=white]Mr. Magoo's The Three Musketeers Part 1[/COLOR]</title>
	<meta>
	<imdb>tt0907680</imdb>
	<content>episode</content>
	<tvshowtitle>The Famous Adventures of Mr Magoo</tvshowtitle>
	<year>1964</year>
	<season>1</season>
	<episode>6</episode>
	</meta>
	<link>
	<sublink>search</sublink>
	<sublink>searchsd</sublink>
	</link>
	<thumbnail>https://image.tmdb.org/t/p/w1280</thumbnail>
	<fanart>https://image.tmdb.org/t/p/w1280</fanart>
</item>
<item>
	<title>[COLOR=white]Mr. Magoo's The Three Musketeers Part 2[/COLOR]</title>
	<meta>
	<imdb>tt0907680</imdb>
	<content>episode</content>
	<tvshowtitle>The Famous Adventures of Mr Magoo</tvshowtitle>
	<year>1964</year>
	<season>1</season>
	<episode>7</episode>
	</meta>
	<link>
	<sublink>search</sublink>
	<sublink>searchsd</sublink>
	</link>
	<thumbnail>https://image.tmdb.org/t/p/w1280</thumbnail>
	<fanart>https://image.tmdb.org/t/p/w1280</fanart>
</item>
<item>
	<title>[COLOR=white]Mr. Magoo's Robin Hood Part 1[/COLOR]</title>
	<meta>
	<imdb>tt0907680</imdb>
	<content>episode</content>
	<tvshowtitle>The Famous Adventures of Mr Magoo</tvshowtitle>
	<year>1964</year>
	<season>1</season>
	<episode>8</episode>
	</meta>
	<link>
	<sublink>search</sublink>
	<sublink>searchsd</sublink>
	</link>
	<thumbnail>https://image.tmdb.org/t/p/w1280</thumbnail>
	<fanart>https://image.tmdb.org/t/p/w1280</fanart>
</item>
<item>
	<title>[COLOR=white]Mr. Magoo's Robin Hood Part 2[/COLOR]</title>
	<meta>
	<imdb>tt0907680</imdb>
	<content>episode</content>
	<tvshowtitle>The Famous Adventures of Mr Magoo</tvshowtitle>
	<year>1964</year>
	<season>1</season>
	<episode>9</episode>
	</meta>
	<link>
	<sublink>search</sublink>
	<sublink>searchsd</sublink>
	</link>
	<thumbnail>https://image.tmdb.org/t/p/w1280</thumbnail>
	<fanart>https://image.tmdb.org/t/p/w1280</fanart>
</item>
<item>
	<title>[COLOR=white]Mr. Magoo's Robin Hood Part 3[/COLOR]</title>
	<meta>
	<imdb>tt0907680</imdb>
	<content>episode</content>
	<tvshowtitle>The Famous Adventures of Mr Magoo</tvshowtitle>
	<year>1964</year>
	<season>1</season>
	<episode>10</episode>
	</meta>
	<link>
	<sublink>search</sublink>
	<sublink>searchsd</sublink>
	</link>
	<thumbnail>https://image.tmdb.org/t/p/w1280</thumbnail>
	<fanart>https://image.tmdb.org/t/p/w1280</fanart>
</item>
<item>
	<title>[COLOR=white]Mr. Magoo's Robin Hood Part 4[/COLOR]</title>
	<meta>
	<imdb>tt0907680</imdb>
	<content>episode</content>
	<tvshowtitle>The Famous Adventures of Mr Magoo</tvshowtitle>
	<year>1964</year>
	<season>1</season>
	<episode>11</episode>
	</meta>
	<link>
	<sublink>search</sublink>
	<sublink>searchsd</sublink>
	</link>
	<thumbnail>https://image.tmdb.org/t/p/w1280</thumbnail>
	<fanart>https://image.tmdb.org/t/p/w1280</fanart>
</item>
<item>
	<title>[COLOR=white]Mr. Magoo's Don Quixote de la Mancha Part 1[/COLOR]</title>
	<meta>
	<imdb>tt0907680</imdb>
	<content>episode</content>
	<tvshowtitle>The Famous Adventures of Mr Magoo</tvshowtitle>
	<year>1964</year>
	<season>1</season>
	<episode>12</episode>
	</meta>
	<link>
	<sublink>search</sublink>
	<sublink>searchsd</sublink>
	</link>
	<thumbnail>https://image.tmdb.org/t/p/w1280</thumbnail>
	<fanart>https://image.tmdb.org/t/p/w1280</fanart>
</item>
<item>
	<title>[COLOR=white]Mr. Magoo's Cyrano de Bergerac[/COLOR]</title>
	<meta>
	<imdb>tt0907680</imdb>
	<content>episode</content>
	<tvshowtitle>The Famous Adventures of Mr Magoo</tvshowtitle>
	<year>1964</year>
	<season>1</season>
	<episode>13</episode>
	</meta>
	<link>
	<sublink>search</sublink>
	<sublink>searchsd</sublink>
	</link>
	<thumbnail>https://image.tmdb.org/t/p/w1280</thumbnail>
	<fanart>https://image.tmdb.org/t/p/w1280</fanart>
</item>
<item>
	<title>[COLOR=white]Mr. Magoo's Little Snow White Part 1[/COLOR]</title>
	<meta>
	<imdb>tt0907680</imdb>
	<content>episode</content>
	<tvshowtitle>The Famous Adventures of Mr Magoo</tvshowtitle>
	<year>1965</year>
	<season>1</season>
	<episode>14</episode>
	</meta>
	<link>
	<sublink>search</sublink>
	<sublink>searchsd</sublink>
	</link>
	<thumbnail>https://image.tmdb.org/t/p/w1280</thumbnail>
	<fanart>https://image.tmdb.org/t/p/w1280</fanart>
</item>
<item>
	<title>[COLOR=white]Mr. Magoo's Little Snow White Part 2[/COLOR]</title>
	<meta>
	<imdb>tt0907680</imdb>
	<content>episode</content>
	<tvshowtitle>The Famous Adventures of Mr Magoo</tvshowtitle>
	<year>1965</year>
	<season>1</season>
	<episode>15</episode>
	</meta>
	<link>
	<sublink>search</sublink>
	<sublink>searchsd</sublink>
	</link>
	<thumbnail>https://image.tmdb.org/t/p/w1280</thumbnail>
	<fanart>https://image.tmdb.org/t/p/w1280</fanart>
</item>
<item>
	<title>[COLOR=white]Mr. Magoo's Rip Van Winkle[/COLOR]</title>
	<meta>
	<imdb>tt0907680</imdb>
	<content>episode</content>
	<tvshowtitle>The Famous Adventures of Mr Magoo</tvshowtitle>
	<year>1965</year>
	<season>1</season>
	<episode>16</episode>
	</meta>
	<link>
	<sublink>search</sublink>
	<sublink>searchsd</sublink>
	</link>
	<thumbnail>https://image.tmdb.org/t/p/w1280</thumbnail>
	<fanart>https://image.tmdb.org/t/p/w1280</fanart>
</item>
<item>
	<title>[COLOR=white]Mr. Magoo's Dick Tracy and the Mob[/COLOR]</title>
	<meta>
	<imdb>tt0907680</imdb>
	<content>episode</content>
	<tvshowtitle>The Famous Adventures of Mr Magoo</tvshowtitle>
	<year>1965</year>
	<season>1</season>
	<episode>17</episode>
	</meta>
	<link>
	<sublink>search</sublink>
	<sublink>searchsd</sublink>
	</link>
	<thumbnail>https://image.tmdb.org/t/p/w1280</thumbnail>
	<fanart>https://image.tmdb.org/t/p/w1280</fanart>
</item>
<item>
	<title>[COLOR=white]Mr. Magoo's Midsummer Night's Dream[/COLOR]</title>
	<meta>
	<imdb>tt0907680</imdb>
	<content>episode</content>
	<tvshowtitle>The Famous Adventures of Mr Magoo</tvshowtitle>
	<year>1965</year>
	<season>1</season>
	<episode>18</episode>
	</meta>
	<link>
	<sublink>search</sublink>
	<sublink>searchsd</sublink>
	</link>
	<thumbnail>https://image.tmdb.org/t/p/w1280</thumbnail>
	<fanart>https://image.tmdb.org/t/p/w1280</fanart>
</item>
<item>
	<title>[COLOR=white]Mr. Magoo's The Count of Monte Cristo[/COLOR]</title>
	<meta>
	<imdb>tt0907680</imdb>
	<content>episode</content>
	<tvshowtitle>The Famous Adventures of Mr Magoo</tvshowtitle>
	<year>1965</year>
	<season>1</season>
	<episode>19</episode>
	</meta>
	<link>
	<sublink>search</sublink>
	<sublink>searchsd</sublink>
	</link>
	<thumbnail>https://image.tmdb.org/t/p/w1280</thumbnail>
	<fanart>https://image.tmdb.org/t/p/w1280</fanart>
</item>
<item>
	<title>[COLOR=white]Mr. Magoo's Doctor Frankenstein[/COLOR]</title>
	<meta>
	<imdb>tt0907680</imdb>
	<content>episode</content>
	<tvshowtitle>The Famous Adventures of Mr Magoo</tvshowtitle>
	<year>1965</year>
	<season>1</season>
	<episode>20</episode>
	</meta>
	<link>
	<sublink>search</sublink>
	<sublink>searchsd</sublink>
	</link>
	<thumbnail>https://image.tmdb.org/t/p/w1280</thumbnail>
	<fanart>https://image.tmdb.org/t/p/w1280</fanart>
</item>
<item>
	<title>[COLOR=white]Mr. Magoo's Don Quixote de la Mancha Part 2[/COLOR]</title>
	<meta>
	<imdb>tt0907680</imdb>
	<content>episode</content>
	<tvshowtitle>The Famous Adventures of Mr Magoo</tvshowtitle>
	<year>1965</year>
	<season>1</season>
	<episode>21</episode>
	</meta>
	<link>
	<sublink>search</sublink>
	<sublink>searchsd</sublink>
	</link>
	<thumbnail>https://image.tmdb.org/t/p/w1280</thumbnail>
	<fanart>https://image.tmdb.org/t/p/w1280</fanart>
</item>
<item>
	<title>[COLOR=white]Mr. Magoo's Captain Kidd[/COLOR]</title>
	<meta>
	<imdb>tt0907680</imdb>
	<content>episode</content>
	<tvshowtitle>The Famous Adventures of Mr Magoo</tvshowtitle>
	<year>1965</year>
	<season>1</season>
	<episode>22</episode>
	</meta>
	<link>
	<sublink>search</sublink>
	<sublink>searchsd</sublink>
	</link>
	<thumbnail>https://image.tmdb.org/t/p/w1280</thumbnail>
	<fanart>https://image.tmdb.org/t/p/w1280</fanart>
</item>
<item>
	<title>[COLOR=white]Mr. Magoo's Noah's Ark[/COLOR]</title>
	<meta>
	<imdb>tt0907680</imdb>
	<content>episode</content>
	<tvshowtitle>The Famous Adventures of Mr Magoo</tvshowtitle>
	<year>1965</year>
	<season>1</season>
	<episode>23</episode>
	</meta>
	<link>
	<sublink>search</sublink>
	<sublink>searchsd</sublink>
	</link>
	<thumbnail>https://image.tmdb.org/t/p/w1280</thumbnail>
	<fanart>https://image.tmdb.org/t/p/w1280</fanart>
</item>
<item>
	<title>[COLOR=white]Mr. Magoo's Sherlock Holmes[/COLOR]</title>
	<meta>
	<imdb>tt0907680</imdb>
	<content>episode</content>
	<tvshowtitle>The Famous Adventures of Mr Magoo</tvshowtitle>
	<year>1965</year>
	<season>1</season>
	<episode>24</episode>
	</meta>
	<link>
	<sublink>search</sublink>
	<sublink>searchsd</sublink>
	</link>
	<thumbnail>https://image.tmdb.org/t/p/w1280</thumbnail>
	<fanart>https://image.tmdb.org/t/p/w1280</fanart>
</item>
<item>
	<title>[COLOR=white]Mr. Magoo's King Arthur[/COLOR]</title>
	<meta>
	<imdb>tt0907680</imdb>
	<content>episode</content>
	<tvshowtitle>The Famous Adventures of Mr Magoo</tvshowtitle>
	<year>1965</year>
	<season>1</season>
	<episode>25</episode>
	</meta>
	<link>
	<sublink>search</sublink>
	<sublink>searchsd</sublink>
	</link>
	<thumbnail>https://image.tmdb.org/t/p/w1280</thumbnail>
	<fanart>https://image.tmdb.org/t/p/w1280</fanart>
</item>
<item>
	<title>[COLOR=white]Mr. Magoo's Paul Revere[/COLOR]</title>
	<meta>
	<imdb>tt0907680</imdb>
	<content>episode</content>
	<tvshowtitle>The Famous Adventures of Mr Magoo</tvshowtitle>
	<year>1965</year>
	<season>1</season>
	<episode>26</episode>
	</meta>
	<link>
	<sublink>search</sublink>
	<sublink>searchsd</sublink>
	</link>
	<thumbnail>https://image.tmdb.org/t/p/w1280</thumbnail>
	<fanart>https://image.tmdb.org/t/p/w1280</fanart>
</item>
<item>
	<title>[COLOR=white]Uncle Sam Magoo[/COLOR]</title>
	<meta>
	<imdb>tt0907680</imdb>
	<content>episode</content>
	<tvshowtitle>The Famous Adventures of Mr Magoo</tvshowtitle>
	<year>1965</year>
	<season>1</season>
	<episode>27</episode>
	</meta>
	<link>
	<sublink>search</sublink>
	<sublink>searchsd</sublink>
	</link>
	<thumbnail>https://image.tmdb.org/t/p/w1280</thumbnail>
	<fanart>https://image.tmdb.org/t/p/w1280</fanart>
</item>
<item>
	<title>[COLOR=white]Uncle Sam Magoo[/COLOR]</title>
	<meta>
	<imdb>tt0907680</imdb>
	<content>episode</content>
	<tvshowtitle>The Famous Adventures of Mr Magoo</tvshowtitle>
	<year></year>
	<season>1</season>
	<episode>28</episode>
	</meta>
	<link>
	<sublink>search</sublink>
	<sublink>searchsd</sublink>
	</link>
	<thumbnail>https://image.tmdb.org/t/p/w1280</thumbnail>
	<fanart>https://image.tmdb.org/t/p/w1280</fanart>
</item>