
<item>
	<title>[B][COLOR=blue]Falling for Vermont[/COLOR][/B]</title>
	<meta>
	<imdb>tt7131334</imdb>
	<content>movie</content>
	<title>Falling for Vermont</title>
	<year>2017</year>
	</meta>
	<link>
	<sublink>https://www.youtube.com/watch?v=Ifu8Jzl3cA0&feature=youtu.be</sublink>
	<sublink>search</sublink>
	<sublink>searchsd</sublink>
	</link>
	<thumbnail>https://image.tmdb.org/t/p/w1280</thumbnail>
	<fanart>https://image.tmdb.org/t/p/w1280</fanart>
</item>
<item>
	<title>[B][COLOR=blue]Family Christmas[/COLOR][/B]</title>
	<meta>
	<imdb>tt3465982</imdb>
	<content>movie</content>
	<title>Family Christmas</title>
	<year>2011</year>
	</meta>
	<link>
	<sublink>https://www.youtube.com/watch?v=eHq7u2x7I8Q&feature=youtu.be</sublink>
	<sublink>search</sublink>
	<sublink>searchsd</sublink>
	</link>
	<thumbnail>https://image.tmdb.org/t/p/w1280</thumbnail>
	<fanart>https://image.tmdb.org/t/p/w1280</fanart>
</item>
<item>
	<title>[B][COLOR=blue]Finding Christmas[/COLOR][/B]</title>
	<meta>
	<imdb>tt2964654</imdb>
	<content>movie</content>
	<title>Finding Christmas</title>
	<year>2013</year>
	</meta>
	<link>
	<sublink>https://www.youtube.com/watch?v=qW0aE-Wd3ZI&feature=youtu.be</sublink>
	<sublink>search</sublink>
	<sublink>searchsd</sublink>
	</link>
	<thumbnail>https://image.tmdb.org/t/p/w1280/1mgLKQYIY9HGyEl7pF54Y6OVG1.jpg</thumbnail>
	<fanart>https://image.tmdb.org/t/p/w1280/eOOUUAXKgGqAoLgOxQ6mkPHniqW.jpg</fanart>
</item>
<item>
	<title>[B][COLOR=blue]Finding Santa[/COLOR][/B]</title>
	<meta>
	<imdb>tt7385392</imdb>
	<content>movie</content>
	<title>Finding Santa</title>
	<year>2017</year>
	</meta>
	<link>
	<sublink>https://www.youtube.com/watch?v=Pgi9eS3jBlg&feature=youtu.be</sublink>
	<sublink>search</sublink>
	<sublink>searchsd</sublink>
	</link>
	<thumbnail>https://image.tmdb.org/t/p/w1280</thumbnail>
	<fanart>https://image.tmdb.org/t/p/w1280</fanart>
</item>
<item>
	<title>[B][COLOR=blue]Four Christmases and a Wedding[/COLOR][/B]</title>
	<meta>
	<imdb>tt7642558</imdb>
	<content>movie</content>
	<title>Four Christmases and a Wedding</title>
	<year>2017</year>
	</meta>
	<link>
	<sublink>https://www.youtube.com/watch?v=E98VVtKKZkY&feature=youtu.be</sublink>
	<sublink>search</sublink>
	<sublink>searchsd</sublink>
	</link>
	<thumbnail>https://image.tmdb.org/t/p/w1280</thumbnail>
	<fanart>https://image.tmdb.org/t/p/w1280</fanart>
</item>
<item>
	<title>[B][COLOR=blue]Hats Off to Christmas![/COLOR][/B]</title>
	<meta>
	<imdb>tt3169000</imdb>
	<content>movie</content>
	<title>Hats Off to Christmas!</title>
	<year>2013</year>
	</meta>
	<link>
	<sublink>https://www.youtube.com/watch?v=Ifu8Jzl3cA0&feature=youtu.be</sublink>
	<sublink>search</sublink>
	<sublink>searchsd</sublink>
	</link>
	<thumbnail>https://image.tmdb.org/t/p/w1280</thumbnail>
	<fanart>https://image.tmdb.org/t/p/w1280</fanart>
</item>
<item>
	<title>[B][COLOR=blue]Holiday Engagement[/COLOR][/B]</title>
	<meta>
	<imdb>tt1807892</imdb>
	<content>movie</content>
	<title>Holiday Engagement</title>
	<year>2011</year>
	</meta>
	<link>
	<sublink>https://www.youtube.com/watch?v=eHq7u2x7I8Q&feature=youtu.be</sublink>
	<sublink>search</sublink>
	<sublink>searchsd</sublink>
	</link>
	<thumbnail>https://image.tmdb.org/t/p/w1280</thumbnail>
	<fanart>https://image.tmdb.org/t/p/w1280</fanart>
</item>
<item>
	<title>[B][COLOR=blue]Holiday Spin[/COLOR][/B]</title>
	<meta>
	<imdb>tt2201034</imdb>
	<content>movie</content>
	<title>Holiday Spin</title>
	<year>2012</year>
	</meta>
	<link>
	<sublink>https://www.youtube.com/watch?v=TGLXeFZxbyc&feature=youtu.be</sublink>
	<sublink>search</sublink>
	<sublink>searchsd</sublink>
	</link>
	<thumbnail>https://image.tmdb.org/t/p/w1280</thumbnail>
	<fanart>https://image.tmdb.org/t/p/w1280</fanart>
</item>
<item>
	<title>[B][COLOR=blue]Hope at Christmas[/COLOR][/B]</title>
	<meta>
	<imdb>tt9033640</imdb>
	<content>movie</content>
	<title>Hope at Christmas</title>
	<year>2018</year>
	</meta>
	<link>
	<sublink>https://www.youtube.com/watch?v=E98VVtKKZkY&feature=youtu.be</sublink>
	<sublink>search</sublink>
	<sublink>searchsd</sublink>
	</link>
	<thumbnail>https://image.tmdb.org/t/p/w1280</thumbnail>
	<fanart>https://image.tmdb.org/t/p/w1280</fanart>
</item>
<item>
	<title>[B][COLOR=blue]I ll Be Home for Christmas[/COLOR][/B]</title>
	<meta>
	<imdb>tt5860940</imdb>
	<content>movie</content>
	<title>I ll Be Home for Christmas</title>
	<year>2016</year>
	</meta>
	<link>
	<sublink>https://www.youtube.com/watch?v=mxJOSKl8rjE&feature=youtu.be</sublink>
	<sublink>search</sublink>
	<sublink>searchsd</sublink>
	</link>
	<thumbnail>https://image.tmdb.org/t/p/w1280/tF1zdr7vcQuswrrtCvczByqIWuw.jpg</thumbnail>
	<fanart>https://image.tmdb.org/t/p/w1280/fv1TMYuNwM1ENgkbAc6s3JGrIEG.jpg</fanart>
</item>
<item>
	<title>[B][COLOR=blue]I m Not Ready for Christmas[/COLOR][/B]</title>
	<meta>
	<imdb>tt5182120</imdb>
	<content>movie</content>
	<title>I m Not Ready for Christmas</title>
	<year>2015</year>
	</meta>
	<link>
	<sublink>https://www.youtube.com/watch?v=E98VVtKKZkY&feature=youtu.be</sublink>
	<sublink>search</sublink>
	<sublink>searchsd</sublink>
	</link>
	<thumbnail>https://image.tmdb.org/t/p/w1280</thumbnail>
	<fanart>https://image.tmdb.org/t/p/w1280</fanart>
</item>
<item>
	<title>[B][COLOR=blue]Ice Sculpture Christmas[/COLOR][/B]</title>
	<meta>
	<imdb>tt5031014</imdb>
	<content>movie</content>
	<title>Ice Sculpture Christmas</title>
	<year>2015</year>
	</meta>
	<link>
	<sublink>https://www.youtube.com/watch?v=7mfuQl0Ov3o&feature=youtu.be</sublink>
	<sublink>search</sublink>
	<sublink>searchsd</sublink>
	</link>
	<thumbnail>https://image.tmdb.org/t/p/w1280</thumbnail>
	<fanart>https://image.tmdb.org/t/p/w1280</fanart>
</item>
<item>
	<title>[B][COLOR=blue]It s Christmas, Eve[/COLOR][/B]</title>
	<meta>
	<imdb>tt8300786</imdb>
	<content>movie</content>
	<title>It s Christmas, Eve</title>
	<year>2018</year>
	</meta>
	<link>
	<sublink>https://www.youtube.com/watch?v=E98VVtKKZkY&feature=youtu.be</sublink>
	<sublink>search</sublink>
	<sublink>searchsd</sublink>
	</link>
	<thumbnail>https://image.tmdb.org/t/p/w1280</thumbnail>
	<fanart>https://image.tmdb.org/t/p/w1280</fanart>
</item>
<item>
	<title>[B][COLOR=blue]Jingle Around the Clock[/COLOR][/B]</title>
	<meta>
	<imdb>tt9168384</imdb>
	<content>movie</content>
	<title>Jingle Around the Clock</title>
	<year>2018</year>
	</meta>
	<link>
	<sublink>https://www.youtube.com/watch?v=GfppdyIdvrk&feature=youtu.be</sublink>
	<sublink>search</sublink>
	<sublink>searchsd</sublink>
	</link>
	<thumbnail>https://image.tmdb.org/t/p/w1280</thumbnail>
	<fanart>https://image.tmdb.org/t/p/w1280</fanart>
</item>
<item>
	<title>[B][COLOR=blue]Just in Time for Christmas[/COLOR][/B]</title>
	<meta>
	<imdb>tt5014528</imdb>
	<content>movie</content>
	<title>Just in Time for Christmas</title>
	<year>2015</year>
	</meta>
	<link>
	<sublink>https://www.youtube.com/watch?v=vKwLKXFYQ6Y&feature=youtu.be</sublink>
	<sublink>search</sublink>
	<sublink>searchsd</sublink>
	</link>
	<thumbnail>https://image.tmdb.org/t/p/w1280/ucKugcPvnAv0nNrdBdVtVOqBW62.jpg</thumbnail>
	<fanart>https://image.tmdb.org/t/p/w1280/25MZPBiT6hVS4pRkMqnUvqDvcmK.jpg</fanart>
</item>
<item>
	<title>[B][COLOR=blue]Karen Kingsbury s Maggie s Christmas Miracle[/COLOR][/B]</title>
	<meta>
	<imdb>tt7714136</imdb>
	<content>movie</content>
	<title>Karen Kingsbury s Maggie s Christmas Miracle</title>
	<year>2017</year>
	</meta>
	<link>
	<sublink>https://www.youtube.com/watch?v=vKwLKXFYQ6Y&feature=youtu.be</sublink>
	<sublink>search</sublink>
	<sublink>searchsd</sublink>
	</link>
	<thumbnail>https://image.tmdb.org/t/p/w1280</thumbnail>
	<fanart>https://image.tmdb.org/t/p/w1280</fanart>
</item>
<item>
	<title>[B][COLOR=blue]Love Always, Santa[/COLOR][/B]</title>
	<meta>
	<imdb>tt6085974</imdb>
	<content>movie</content>
	<title>Love Always, Santa</title>
	<year>2016</year>
	</meta>
	<link>
	<sublink>https://www.youtube.com/watch?v=JrwC1NdRZw8&feature=youtu.be</sublink>
	<sublink>search</sublink>
	<sublink>searchsd</sublink>
	</link>
	<thumbnail>https://image.tmdb.org/t/p/w1280</thumbnail>
	<fanart>https://image.tmdb.org/t/p/w1280</fanart>
</item>
<item>
	<title>[B][COLOR=blue]Love You Like Christmas[/COLOR][/B]</title>
	<meta>
	<imdb>tt6131148</imdb>
	<content>movie</content>
	<title>Love You Like Christmas</title>
	<year>2016</year>
	</meta>
	<link>
	<sublink>search</sublink>
	<sublink>searchsd</sublink>
	</link>
	<thumbnail>https://image.tmdb.org/t/p/w1280</thumbnail>
	<fanart>https://image.tmdb.org/t/p/w1280</fanart>
</item>
<item>
	<title>[B][COLOR=blue]Love at the Christmas Table[/COLOR][/B]</title>
	<meta>
	<imdb>tt2460976</imdb>
	<content>movie</content>
	<title>Love at the Christmas Table</title>
	<year>2012</year>
	</meta>
	<link>
	<sublink>https://www.youtube.com/watch?v=HBdTsHXvyG8&feature=youtu.be</sublink>
	<sublink>search</sublink>
	<sublink>searchsd</sublink>
	</link>
	<thumbnail>https://image.tmdb.org/t/p/w1280</thumbnail>
	<fanart>https://image.tmdb.org/t/p/w1280</fanart>
</item>
<item>
	<title>[B][COLOR=blue]Love at the Thanksgiving Day Parade[/COLOR][/B]</title>
	<meta>
	<imdb>tt2415496</imdb>
	<content>movie</content>
	<title>Love at the Thanksgiving Day Parade</title>
	<year>2012</year>
	</meta>
	<link>
	<sublink>https://www.youtube.com/watch?v=HBdTsHXvyG8&feature=youtu.be</sublink>
	<sublink>search</sublink>
	<sublink>searchsd</sublink>
	</link>
	<thumbnail>https://image.tmdb.org/t/p/w1280</thumbnail>
	<fanart>https://image.tmdb.org/t/p/w1280</fanart>
</item>
<item>
	<title>[B][COLOR=blue]Magical Christmas Ornaments[/COLOR][/B]</title>
	<meta>
	<imdb>tt7642542</imdb>
	<content>movie</content>
	<title>Magical Christmas Ornaments</title>
	<year>2017</year>
	</meta>
	<link>
	<sublink>https://www.youtube.com/watch?v=TGLXeFZxbyc&feature=youtu.be</sublink>
	<sublink>search</sublink>
	<sublink>searchsd</sublink>
	</link>
	<thumbnail>https://image.tmdb.org/t/p/w1280/qG5PDgbTVD9C0Wl892X76a6zINa.jpg</thumbnail>
	<fanart>https://image.tmdb.org/t/p/w1280/nZN5OpDAeADDRO3xJ083WFRqygJ.jpg</fanart>
</item>
<item>
	<title>[B][COLOR=blue]Marry Me at Christmas[/COLOR][/B]</title>
	<meta>
	<imdb>tt6791000</imdb>
	<content>movie</content>
	<title>Marry Me at Christmas</title>
	<year>2017</year>
	</meta>
	<link>
	<sublink>https://www.youtube.com/watch?v=7URgNYpmhvo&feature=youtu.be</sublink>
	<sublink>search</sublink>
	<sublink>searchsd</sublink>
	</link>
	<thumbnail>https://image.tmdb.org/t/p/w1280/4fD798kQmsJeUd9zj0WENSA7PRD.jpg</thumbnail>
	<fanart>https://image.tmdb.org/t/p/w1280/1nMWPC9DEW7fTnakxhHoDAwGsvi.jpg</fanart>
</item>
<item>
	<title>[B][COLOR=blue]Merry Matrimony[/COLOR][/B]</title>
	<meta>
	<imdb>tt5210048</imdb>
	<content>movie</content>
	<title>Merry Matrimony</title>
	<year>2015</year>
	</meta>
	<link>
	<sublink>https://www.youtube.com/watch?v=E98VVtKKZkY&feature=youtu.be</sublink>
	<sublink>search</sublink>
	<sublink>searchsd</sublink>
	</link>
	<thumbnail>https://image.tmdb.org/t/p/w1280</thumbnail>
	<fanart>https://image.tmdb.org/t/p/w1280</fanart>
</item>
<item>
	<title>[B][COLOR=blue]Mingle All the Way[/COLOR][/B]</title>
	<meta>
	<imdb>tt9033628</imdb>
	<content>movie</content>
	<title>Mingle All the Way</title>
	<year>2018</year>
	</meta>
	<link>
	<sublink>https://www.youtube.com/watch?v=HYWXX_Lr1Xw&feature=youtu.be</sublink>
	<sublink>search</sublink>
	<sublink>searchsd</sublink>
	</link>
	<thumbnail>https://image.tmdb.org/t/p/w1280/kUSeiqBWSiOA1mYRVPlaJjJRp5t.jpg</thumbnail>
	<fanart>https://image.tmdb.org/t/p/w1280/ziz3XX1pF2j3n31EnBSP2V2kYJc.jpg</fanart>
</item>
<item>
	<title>[B][COLOR=blue]Miss Christmas[/COLOR][/B]</title>
	<meta>
	<imdb>tt7588798</imdb>
	<content>movie</content>
	<title>Miss Christmas</title>
	<year>2017</year>
	</meta>
	<link>
	<sublink>https://www.youtube.com/watch?v=HBdTsHXvyG8&feature=youtu.be</sublink>
	<sublink>search</sublink>
	<sublink>searchsd</sublink>
	</link>
	<thumbnail>https://image.tmdb.org/t/p/w1280</thumbnail>
	<fanart>https://image.tmdb.org/t/p/w1280</fanart>
</item>
<item>
	<title>[B][COLOR=blue]Naughty or Nice[/COLOR][/B]</title>
	<meta>
	<imdb>tt2417134</imdb>
	<content>movie</content>
	<title>Naughty or Nice</title>
	<year>2012</year>
	</meta>
	<link>
	<sublink>https://www.youtube.com/watch?v=gwQQ0CdExMk&feature=youtu.be</sublink>
	<sublink>search</sublink>
	<sublink>searchsd</sublink>
	</link>
	<thumbnail>https://image.tmdb.org/t/p/w1280</thumbnail>
	<fanart>https://image.tmdb.org/t/p/w1280</fanart>
</item>
<item>
	<title>[B][COLOR=blue]Northern Lights of Christmas[/COLOR][/B]</title>
	<meta>
	<imdb>tt9029324</imdb>
	<content>movie</content>
	<title>Northern Lights of Christmas</title>
	<year>2018</year>
	</meta>
	<link>
	<sublink>https://www.youtube.com/watch?v=Ifu8Jzl3cA0&feature=youtu.be</sublink>
	<sublink>search</sublink>
	<sublink>searchsd</sublink>
	</link>
	<thumbnail>https://image.tmdb.org/t/p/w1280/67QB6sqUxhV5lhuF6zIdYcNPYSF.jpg</thumbnail>
	<fanart>https://image.tmdb.org/t/p/w1280/lXrefMaHS9xufeQLf32hOJ1SvEU.jpg</fanart>
</item>
<item>
	<title>[B][COLOR=blue]On the Twelfth Day of Christmas[/COLOR][/B]</title>
	<meta>
	<imdb>tt5210078</imdb>
	<content>movie</content>
	<title>On the Twelfth Day of Christmas</title>
	<year>2015</year>
	</meta>
	<link>
	<sublink>search</sublink>
	<sublink>searchsd</sublink>
	</link>
	<thumbnail>https://image.tmdb.org/t/p/w1280</thumbnail>
	<fanart>https://image.tmdb.org/t/p/w1280</fanart>
</item>
<item>
	<title>[B][COLOR=blue]Once Upon a Christmas Miracle[/COLOR][/B]</title>
	<meta>
	<imdb>tt9087578</imdb>
	<content>movie</content>
	<title>Once Upon a Christmas Miracle</title>
	<year>2018</year>
	</meta>
	<link>
	<sublink>https://www.youtube.com/watch?v=TGLXeFZxbyc&feature=youtu.be</sublink>
	<sublink>search</sublink>
	<sublink>searchsd</sublink>
	</link>
	<thumbnail>https://image.tmdb.org/t/p/w1280</thumbnail>
	<fanart>https://image.tmdb.org/t/p/w1280</fanart>
</item>
<item>
	<title>[B][COLOR=blue]One Starry Christmas[/COLOR][/B]</title>
	<meta>
	<imdb>tt4159212</imdb>
	<content>movie</content>
	<title>One Starry Christmas</title>
	<year>2014</year>
	</meta>
	<link>
	<sublink>https://www.youtube.com/watch?v=HBdTsHXvyG8&feature=youtu.be</sublink>
	<sublink>search</sublink>
	<sublink>searchsd</sublink>
	</link>
	<thumbnail>https://image.tmdb.org/t/p/w1280</thumbnail>
	<fanart>https://image.tmdb.org/t/p/w1280</fanart>
</item>
<item>
	<title>[B][COLOR=blue]Operation Christmas[/COLOR][/B]</title>
	<meta>
	<imdb>tt6269700</imdb>
	<content>movie</content>
	<title>Operation Christmas</title>
	<year>2016</year>
	</meta>
	<link>
	<sublink>https://www.youtube.com/watch?v=Rp8_Y0OgbMg&feature=youtu.be</sublink>
	<sublink>search</sublink>
	<sublink>searchsd</sublink>
	</link>
	<thumbnail>https://image.tmdb.org/t/p/w1280</thumbnail>
	<fanart>https://image.tmdb.org/t/p/w1280</fanart>
</item>
<item>
	<title>[B][COLOR=blue]Pride, Prejudice, and Mistletoe[/COLOR][/B]</title>
	<meta>
	<imdb>tt8634192</imdb>
	<content>movie</content>
	<title>Pride, Prejudice, and Mistletoe</title>
	<year>2018</year>
	</meta>
	<link>
	<sublink>https://www.youtube.com/watch?v=E98VVtKKZkY&feature=youtu.be</sublink>
	<sublink>search</sublink>
	<sublink>searchsd</sublink>
	</link>
	<thumbnail>https://image.tmdb.org/t/p/w1280</thumbnail>
	<fanart>https://image.tmdb.org/t/p/w1280</fanart>
</item>
<item>
	<title>[B][COLOR=blue]Return to Christmas Creek[/COLOR][/B]</title>
	<meta>
	<imdb>tt9103028</imdb>
	<content>movie</content>
	<title>Return to Christmas Creek</title>
	<year>2018</year>
	</meta>
	<link>
	<sublink>https://www.youtube.com/watch?v=USkhJ5lq9dY&feature=youtu.be</sublink>
	<sublink>search</sublink>
	<sublink>searchsd</sublink>
	</link>
	<thumbnail>https://image.tmdb.org/t/p/w1280/gCdjZCWM9x9vAbtkvZiIIYL7tOB.jpg</thumbnail>
	<fanart>https://image.tmdb.org/t/p/w1280/zNUmOf9vOk0f146jQBrBkdmrZyH.jpg</fanart>
</item>
<item>
	<title>[B][COLOR=blue]Reunited at Christmas[/COLOR][/B]</title>
	<meta>
	<imdb>tt9033646</imdb>
	<content>movie</content>
	<title>Reunited at Christmas</title>
	<year>2018</year>
	</meta>
	<link>
	<sublink>https://www.youtube.com/watch?v=E98VVtKKZkY&feature=youtu.be</sublink>
	<sublink>search</sublink>
	<sublink>searchsd</sublink>
	</link>
	<thumbnail>https://image.tmdb.org/t/p/w1280/gs9BRnWOEWEO43fgB4tKRy9Lrmu.jpg</thumbnail>
	<fanart>https://image.tmdb.org/t/p/w1280/z6k09ajTUKIJlY0D1y1hPxHctUh.jpg</fanart>
</item>
<item>
	<title>[B][COLOR=blue]Road to Christmas[/COLOR][/B]</title>
	<meta>
	<imdb>tt8732914</imdb>
	<content>movie</content>
	<title>Road to Christmas</title>
	<year>2018</year>
	</meta>
	<link>
	<sublink>https://www.youtube.com/watch?v=HBdTsHXvyG8&feature=youtu.be</sublink>
	<sublink>search</sublink>
	<sublink>searchsd</sublink>
	</link>
	<thumbnail>https://image.tmdb.org/t/p/w1280</thumbnail>
	<fanart>https://image.tmdb.org/t/p/w1280</fanart>
</item>
<item>
	<title>[B][COLOR=blue]Romance at Reindeer Lodge[/COLOR][/B]</title>
	<meta>
	<imdb>tt7546978</imdb>
	<content>movie</content>
	<title>Romance at Reindeer Lodge</title>
	<year>2017</year>
	</meta>
	<link>
	<sublink>search</sublink>
	<sublink>searchsd</sublink>
	</link>
	<thumbnail>https://image.tmdb.org/t/p/w1280</thumbnail>
	<fanart>https://image.tmdb.org/t/p/w1280</fanart>
</item>
<item>
	<title>[B][COLOR=blue]Silver Bells[/COLOR][/B]</title>
	<meta>
	<imdb>tt0457477</imdb>
	<content>movie</content>
	<title>Silver Bells</title>
	<year>2005</year>
	</meta>
	<link>
	<sublink>https://www.youtube.com/watch?v=gx5utfQNXlQ&feature=youtu.be</sublink>
	<sublink>search</sublink>
	<sublink>searchsd</sublink>
	</link>
	<thumbnail>https://image.tmdb.org/t/p/w1280</thumbnail>
	<fanart>https://image.tmdb.org/t/p/w1280</fanart>
</item>
<item>
	<title>[B][COLOR=blue]Sleigh Bells Ring[/COLOR][/B]</title>
	<meta>
	<imdb>tt6349282</imdb>
	<content>movie</content>
	<title>Sleigh Bells Ring</title>
	<year>2016</year>
	</meta>
	<link>
	<sublink>https://www.youtube.com/watch?v=7mfuQl0Ov3o&feature=youtu.be</sublink>
	<sublink>search</sublink>
	<sublink>searchsd</sublink>
	</link>
	<thumbnail>https://image.tmdb.org/t/p/w1280</thumbnail>
	<fanart>https://image.tmdb.org/t/p/w1280</fanart>
</item>
<item>
	<title>[B][COLOR=blue]Small Town Christmas[/COLOR][/B]</title>
	<meta>
	<imdb>tt9168416</imdb>
	<content>movie</content>
	<title>Small Town Christmas</title>
	<year>2018</year>
	</meta>
	<link>
	<sublink>https://www.youtube.com/watch?v=vKwLKXFYQ6Y&feature=youtu.be</sublink>
	<sublink>search</sublink>
	<sublink>searchsd</sublink>
	</link>
	<thumbnail>https://image.tmdb.org/t/p/w1280</thumbnail>
	<fanart>https://image.tmdb.org/t/p/w1280</fanart>
</item>
<item>
	<title>[B][COLOR=blue]Snowed Inn Christmas[/COLOR][/B]</title>
	<meta>
	<imdb>tt7421814</imdb>
	<content>movie</content>
	<title>Snowed Inn Christmas</title>
	<year>2017</year>
	</meta>
	<link>
	<sublink>https://www.youtube.com/watch?v=Rp8_Y0OgbMg&feature=youtu.be</sublink>
	<sublink>search</sublink>
	<sublink>searchsd</sublink>
	</link>
	<thumbnail>https://image.tmdb.org/t/p/w1280</thumbnail>
	<fanart>https://image.tmdb.org/t/p/w1280</fanart>
</item>
<item>
	<title>[B][COLOR=blue]Switched for Christmas[/COLOR][/B]</title>
	<meta>
	<imdb>tt7038606</imdb>
	<content>movie</content>
	<title>Switched for Christmas</title>
	<year>2017</year>
	</meta>
	<link>
	<sublink>https://www.youtube.com/watch?v=HBdTsHXvyG8&feature=youtu.be</sublink>
	<sublink>search</sublink>
	<sublink>searchsd</sublink>
	</link>
	<thumbnail>https://image.tmdb.org/t/p/w1280</thumbnail>
	<fanart>https://image.tmdb.org/t/p/w1280</fanart>
</item>
<item>
	<title>[B][COLOR=blue]The Christmas Card[/COLOR][/B]</title>
	<meta>
	<imdb>tt0783494</imdb>
	<content>movie</content>
	<title>The Christmas Card</title>
	<year>2006</year>
	</meta>
	<link>
	<sublink>https://www.youtube.com/watch?v=FZoW8y_bF20&feature=youtu.be</sublink>
	<sublink>search</sublink>
	<sublink>searchsd</sublink>
	</link>
	<thumbnail>https://image.tmdb.org/t/p/w1280/9QDdTcEZwGJEVbTZew4V5ragSb8.jpg</thumbnail>
	<fanart>https://image.tmdb.org/t/p/w1280/6119f76QMrngLAkKBt3Xx1XkTPf.jpg</fanart>
</item>
<item>
	<title>[B][COLOR=blue]The Christmas Cottage[/COLOR][/B]</title>
	<meta>
	<imdb>tt5997848</imdb>
	<content>movie</content>
	<title>The Christmas Cottage</title>
	<year>2017</year>
	</meta>
	<link>
	<sublink>https://www.youtube.com/watch?v=vKwLKXFYQ6Y&feature=youtu.be</sublink>
	<sublink>search</sublink>
	<sublink>searchsd</sublink>
	</link>
	<thumbnail>https://image.tmdb.org/t/p/w1280</thumbnail>
	<fanart>https://image.tmdb.org/t/p/w1280</fanart>
</item>
<item>
	<title>[B][COLOR=blue]The Christmas Cure[/COLOR][/B]</title>
	<meta>
	<imdb>tt7123974</imdb>
	<content>movie</content>
	<title>The Christmas Cure</title>
	<year>2017</year>
	</meta>
	<link>
	<sublink>https://www.youtube.com/watch?v=gx5utfQNXlQ&feature=youtu.be</sublink>
	<sublink>search</sublink>
	<sublink>searchsd</sublink>
	</link>
	<thumbnail>https://image.tmdb.org/t/p/w1280/q5lRVUm0qFUUP4Ffo7z6kAHflBL.jpg</thumbnail>
	<fanart>https://image.tmdb.org/t/p/w1280/A7CEwlGKuw5YIEVBnH3bcckvkw9.jpg</fanart>
</item>
<item>
	<title>[B][COLOR=blue]The Mistletoe Inn[/COLOR][/B]</title>
	<meta>
	<imdb>tt7647010</imdb>
	<content>movie</content>
	<title>The Mistletoe Inn</title>
	<year>2017</year>
	</meta>
	<link>
	<sublink>https://www.youtube.com/watch?v=vKwLKXFYQ6Y&feature=youtu.be</sublink>
	<sublink>search</sublink>
	<sublink>searchsd</sublink>
	</link>
	<thumbnail>https://image.tmdb.org/t/p/w1280</thumbnail>
	<fanart>https://image.tmdb.org/t/p/w1280</fanart>
</item>
<item>
	<title>[B][COLOR=blue]The Mistletoe Promise[/COLOR][/B]</title>
	<meta>
	<imdb>tt5921218</imdb>
	<content>movie</content>
	<title>The Mistletoe Promise</title>
	<year>2016</year>
	</meta>
	<link>
	<sublink>https://www.youtube.com/watch?v=EOz4BiVL63k&feature=youtu.be</sublink>
	<sublink>search</sublink>
	<sublink>searchsd</sublink>
	</link>
	<thumbnail>https://image.tmdb.org/t/p/w1280/gkK9i8xq4Ba4K0CFalKdez7rftq.jpg</thumbnail>
	<fanart>https://image.tmdb.org/t/p/w1280/bg0j29PoBKDDKFaqWFSqy0olMKB.jpg</fanart>
</item>
<item>
	<title>[B][COLOR=blue]The Nine Lives of Christmas[/COLOR][/B]</title>
	<meta>
	<imdb>tt3889642</imdb>
	<content>movie</content>
	<title>The Nine Lives of Christmas</title>
	<year>2014</year>
	</meta>
	<link>
	<sublink>https://www.youtube.com/watch?v=aMoieK9os5M&feature=youtu.be</sublink>
	<sublink>search</sublink>
	<sublink>searchsd</sublink>
	</link>
	<thumbnail>https://image.tmdb.org/t/p/w1280/cQ6fSZpwrpCdJOaZAdwieG6hU66.jpg</thumbnail>
	<fanart>https://image.tmdb.org/t/p/w1280/hrwkZ2uxFI3WpARZ8j50cdOOy28.jpg</fanart>
</item>
<item>
	<title>[B][COLOR=blue]The Spirit of Christmas[/COLOR][/B]</title>
	<meta>
	<imdb>tt4434688</imdb>
	<content>movie</content>
	<title>The Spirit of Christmas</title>
	<year>2015</year>
	</meta>
	<link>
	<sublink>https://www.youtube.com/watch?v=JrwC1NdRZw8&feature=youtu.be</sublink>
	<sublink>search</sublink>
	<sublink>searchsd</sublink>
	</link>
	<thumbnail>https://image.tmdb.org/t/p/w1280/yPz7C8gEiaYEpAsq6l5yMRS6LDW.jpg</thumbnail>
	<fanart>https://image.tmdb.org/t/p/w1280/n3R7tnwjhPTBJavVMyiYcJaHJH8.jpg</fanart>
</item>
<item>
	<title>[B][COLOR=blue]The Sweetest Christmas[/COLOR][/B]</title>
	<meta>
	<imdb>tt7030432</imdb>
	<content>movie</content>
	<title>The Sweetest Christmas</title>
	<year>2017</year>
	</meta>
	<link>
	<sublink>https://www.youtube.com/watch?v=gwQQ0CdExMk&feature=youtu.be</sublink>
	<sublink>search</sublink>
	<sublink>searchsd</sublink>
	</link>
	<thumbnail>https://image.tmdb.org/t/p/w1280/yzaLHT3WxQelA66MSkUlGw9DlmK.jpg</thumbnail>
	<fanart>https://image.tmdb.org/t/p/w1280/qGfMH13DxgnM9n2eyLDNyPHO33O.jpg</fanart>
</item>
<item>
	<title>[B][COLOR=blue]Trading Christmas[/COLOR][/B]</title>
	<meta>
	<imdb>tt2008491</imdb>
	<content>movie</content>
	<title>Trading Christmas</title>
	<year>2011</year>
	</meta>
	<link>
	<sublink>https://www.youtube.com/watch?v=kI0S-2SwolM&feature=youtu.be</sublink>
	<sublink>search</sublink>
	<sublink>searchsd</sublink>
	</link>
	<thumbnail>https://image.tmdb.org/t/p/w1280/zztLM4Z8W5dItS9vuO2BmMr3Ub0.jpg</thumbnail>
	<fanart>https://image.tmdb.org/t/p/w1280/xPFFHopEXRVShuzIWR9EsgZh4Fi.jpg</fanart>
</item>
<item>
	<title>[B][COLOR=blue]Under the Autumn Moon[/COLOR][/B]</title>
	<meta>
	<imdb>tt8863322</imdb>
	<content>movie</content>
	<title>Under the Autumn Moon</title>
	<year>2018</year>
	</meta>
	<link>
	<sublink>https://www.youtube.com/watch?v=mxJOSKl8rjE&feature=youtu.be</sublink>
	<sublink>search</sublink>
	<sublink>searchsd</sublink>
	</link>
	<thumbnail>https://image.tmdb.org/t/p/w1280</thumbnail>
	<fanart>https://image.tmdb.org/t/p/w1280</fanart>
</item>
<item>
	<title>[B][COLOR=blue]Welcome to Christmas[/COLOR][/B]</title>
	<meta>
	<imdb>tt9033308</imdb>
	<content>movie</content>
	<title>Welcome to Christmas</title>
	<year>2018</year>
	</meta>
	<link>
	<sublink>https://www.youtube.com/watch?v=TGLXeFZxbyc&feature=youtu.be</sublink>
	<sublink>search</sublink>
	<sublink>searchsd</sublink>
	</link>
	<thumbnail>https://image.tmdb.org/t/p/w1280</thumbnail>
	<fanart>https://image.tmdb.org/t/p/w1280</fanart>
</item>
