<item>
	<title>[B][COLOR=blue]12 Men of Christmas[/COLOR][/B]</title>
	<meta>
	<imdb>tt1446201</imdb>
	<content>movie</content>
	<title>12 Men of Christmas</title>
	<year>2009</year>
	</meta>
	<link>
	<sublink>https://www.youtube.com/watch?v=jD1K30VNDzI&feature=youtu.be</sublink>
	<sublink>search</sublink>
	<sublink>searchsd</sublink>
	</link>
	<thumbnail>https://image.tmdb.org/t/p/w1280/4GIDNspYuIE8P9DycaYTrvDzhaw.jpg</thumbnail>
	<fanart>https://image.tmdb.org/t/p/w1280/9EU0lFWV3K8LZMyZM6xV64aMPeH.jpg</fanart>
</item>
<item>
	<title>[B][COLOR=blue]A Boyfriend for Christmas[/COLOR][/B]</title>
	<meta>
	<imdb>tt0385567</imdb>
	<content>movie</content>
	<title>A Boyfriend for Christmas</title>
	<year>2004</year>
	</meta>
	<link>
	<sublink>https://www.youtube.com/watch?v=c7O7EHPguOU&feature=youtu.be</sublink>
	<sublink>search</sublink>
	<sublink>searchsd</sublink>
	</link>
	<thumbnail>https://image.tmdb.org/t/p/w1280/ewC4nIT4tNl5roH4K4fJfae3pDo.jpg</thumbnail>
	<fanart>https://image.tmdb.org/t/p/w1280/iLwobeysMktUlNlor7fJ3AA6vej.jpg</fanart>
</item>
<item>
	<title>[B][COLOR=blue]A Bramble House Christmas[/COLOR][/B]</title>
	<meta>
	<imdb>tt7657462</imdb>
	<content>movie</content>
	<title>A Bramble House Christmas</title>
	<year>2017</year>
	</meta>
	<link>
	<sublink>https://www.youtube.com/watch?v=vKwLKXFYQ6Y&feature=youtu.be</sublink>
	<sublink>search</sublink>
	<sublink>searchsd</sublink>
	</link>
	<thumbnail>https://image.tmdb.org/t/p/w1280</thumbnail>
	<fanart>https://image.tmdb.org/t/p/w1280</fanart>
</item>
<item>
	<title>[B][COLOR=blue]A Bride for Christmas[/COLOR][/B]</title>
	<meta>
	<imdb>tt2415112</imdb>
	<content>movie</content>
	<title>A Bride for Christmas</title>
	<year>2012</year>
	</meta>
	<link>
	<sublink>https://www.youtube.com/watch?v=mxJOSKl8rjE&feature=youtu.be</sublink>
	<sublink>search</sublink>
	<sublink>searchsd</sublink>
	</link>
	<thumbnail>https://image.tmdb.org/t/p/w1280</thumbnail>
	<fanart>https://image.tmdb.org/t/p/w1280</fanart>
</item>
<item>
	<title>[B][COLOR=blue]A Christmas Melody[/COLOR][/B]</title>
	<meta>
	<imdb>tt4587740</imdb>
	<content>movie</content>
	<title>A Christmas Melody</title>
	<year>2015</year>
	</meta>
	<link>
	<sublink>https://www.youtube.com/watch?v=F_PaV2BobT0&feature=youtu.be</sublink>
	<sublink>search</sublink>
	<sublink>searchsd</sublink>
	</link>
	<thumbnail>https://image.tmdb.org/t/p/w1280</thumbnail>
	<fanart>https://image.tmdb.org/t/p/w1280</fanart>
</item>
<item>
	<title>[B][COLOR=blue]A Cookie Cutter Christmas[/COLOR][/B]</title>
	<meta>
	<imdb>tt4012254</imdb>
	<content>movie</content>
	<title>A Cookie Cutter Christmas</title>
	<year>2014</year>
	</meta>
	<link>
	<sublink>https://www.youtube.com/watch?v=E98VVtKKZkY&feature=youtu.be</sublink>
	<sublink>search</sublink>
	<sublink>searchsd</sublink>
	</link>
	<thumbnail>https://image.tmdb.org/t/p/w1280</thumbnail>
	<fanart>https://image.tmdb.org/t/p/w1280</fanart>
</item>
<item>
	<title>[B][COLOR=blue]A December Bride[/COLOR][/B]</title>
	<meta>
	<imdb>tt5739680</imdb>
	<content>movie</content>
	<title>A December Bride</title>
	<year>2016</year>
	</meta>
	<link>
	<sublink>https://www.youtube.com/watch?v=7mfuQl0Ov3o&feature=youtu.be</sublink>
	<sublink>search</sublink>
	<sublink>searchsd</sublink>
	</link>
	<thumbnail>https://image.tmdb.org/t/p/w1280</thumbnail>
	<fanart>https://image.tmdb.org/t/p/w1280</fanart>
</item>
<item>
	<title>[B][COLOR=blue]A Dream of Christmas[/COLOR][/B]</title>
	<meta>
	<imdb>tt6279602</imdb>
	<content>movie</content>
	<title>A Dream of Christmas</title>
	<year>2016</year>
	</meta>
	<link>
	<sublink>https://www.youtube.com/watch?v=9LgcARVvXow&feature=youtu.be</sublink>
	<sublink>search</sublink>
	<sublink>searchsd</sublink>
	</link>
	<thumbnail>https://image.tmdb.org/t/p/w1280/zArq5FAPcaMPe1xv6b0ZmDEyK9a.jpg</thumbnail>
	<fanart>https://image.tmdb.org/t/p/w1280/fSzVHnMYjBvHrS97TOsqcLnZImq.jpg</fanart>
</item>
<item>
	<title>[B][COLOR=blue]A Gift to Remember[/COLOR][/B]</title>
	<meta>
	<imdb>tt7006938</imdb>
	<content>movie</content>
	<title>A Gift to Remember</title>
	<year>2017</year>
	</meta>
	<link>
	<sublink>https://www.youtube.com/watch?v=BX2CrNbG3lE&feature=youtu.be</sublink>
	<sublink>search</sublink>
	<sublink>searchsd</sublink>
	</link>
	<thumbnail>https://image.tmdb.org/t/p/w1280/l0XPQ2aOAEKpfuVF1Q56vzktlFC.jpg</thumbnail>
	<fanart>https://image.tmdb.org/t/p/w1280/mUPFwpsOHLQRLBeaR9SF8iOv94a.jpg</fanart>
</item>
<item>
	<title>[B][COLOR=blue]A Godwink Christmas[/COLOR][/B]</title>
	<meta>
	<imdb>tt8974850</imdb>
	<content>movie</content>
	<title>A Godwink Christmas</title>
	<year>2018</year>
	</meta>
	<link>
	<sublink>https://www.youtube.com/watch?v=F_PaV2BobT0&feature=youtu.be</sublink>
	<sublink>search</sublink>
	<sublink>searchsd</sublink>
	</link>
	<thumbnail>https://image.tmdb.org/t/p/w1280/zg5QWA3Upvn8BCvEL8kfXbhS1Qx.jpg</thumbnail>
	<fanart>https://image.tmdb.org/t/p/w1280/oudcnnTYYbEVls99KqE1NWYAfhT.jpg</fanart>
</item>
<item>
	<title>[B][COLOR=blue]A Heavenly Christmas[/COLOR][/B]</title>
	<meta>
	<imdb>tt6263260</imdb>
	<content>movie</content>
	<title>A Heavenly Christmas</title>
	<year>2016</year>
	</meta>
	<link>
	<sublink>https://www.youtube.com/watch?v=2JN7yo-493U&feature=youtu.be</sublink>
	<sublink>search</sublink>
	<sublink>searchsd</sublink>
	</link>
	<thumbnail>https://image.tmdb.org/t/p/w1280/zYJVX6zB0jmzTOPjJQm6miCfn73.jpg</thumbnail>
	<fanart>https://image.tmdb.org/t/p/w1280/XP2Y1anht8UPWT8nwa88Drs08V.jpg</fanart>
</item>
<item>
	<title>[B][COLOR=blue]A Joyous Christmas[/COLOR][/B]</title>
	<meta>
	<imdb>tt7696976</imdb>
	<content>movie</content>
	<title>A Joyous Christmas</title>
	<year>2017</year>
	</meta>
	<link>
	<sublink>https://www.youtube.com/watch?v=9LgcARVvXow&feature=youtu.be</sublink>
	<sublink>search</sublink>
	<sublink>searchsd</sublink>
	</link>
	<thumbnail>https://image.tmdb.org/t/p/w1280</thumbnail>
	<fanart>https://image.tmdb.org/t/p/w1280</fanart>
</item>
<item>
	<title>[B][COLOR=blue]A Majestic Christmas[/COLOR][/B]</title>
	<meta>
	<imdb>tt9033636</imdb>
	<content>movie</content>
	<title>A Majestic Christmas</title>
	<year>2018</year>
	</meta>
	<link>
	<sublink>https://www.youtube.com/watch?v=vKwLKXFYQ6Y&feature=youtu.be</sublink>
	<sublink>search</sublink>
	<sublink>searchsd</sublink>
	</link>
	<thumbnail>https://image.tmdb.org/t/p/w1280</thumbnail>
	<fanart>https://image.tmdb.org/t/p/w1280</fanart>
</item>
<item>
	<title>[B][COLOR=blue]A Rose for Christmas[/COLOR][/B]</title>
	<meta>
	<imdb>tt6284950</imdb>
	<content>movie</content>
	<title>A Rose for Christmas</title>
	<year>2017</year>
	</meta>
	<link>
	<sublink>https://www.youtube.com/watch?v=Rp8_Y0OgbMg&feature=youtu.be</sublink>
	<sublink>search</sublink>
	<sublink>searchsd</sublink>
	</link>
	<thumbnail>https://image.tmdb.org/t/p/w1280/11Wh6RWKNtPcDrdGd1aMM9kE2m3.jpg</thumbnail>
	<fanart>https://image.tmdb.org/t/p/w1280/wO930TRCaZAfXLn2CpaPT6v5PJ.jpg</fanart>
</item>
<item>
	<title>[B][COLOR=blue]A Shoe Addict s Christmas[/COLOR][/B]</title>
	<meta>
	<imdb>tt8634202</imdb>
	<content>movie</content>
	<title>A Shoe Addict s Christmas</title>
	<year>2018</year>
	</meta>
	<link>
	<sublink>https://www.youtube.com/watch?v=HBdTsHXvyG8&feature=youtu.be</sublink>
	<sublink>search</sublink>
	<sublink>searchsd</sublink>
	</link>
	<thumbnail>https://image.tmdb.org/t/p/w1280/dXy55JISYOfUKZdpKG1A8yegHzw.jpg</thumbnail>
	<fanart>https://image.tmdb.org/t/p/w1280/1XuTrifbdOrhAQLC9SrCSuojHe1.jpg</fanart>
</item>
<item>
	<title>[B][COLOR=blue]A Song for Christmas[/COLOR][/B]</title>
	<meta>
	<imdb>tt6759380</imdb>
	<content>movie</content>
	<title>A Song for Christmas</title>
	<year>2017</year>
	</meta>
	<link>
	<sublink>https://www.youtube.com/watch?v=GfppdyIdvrk&feature=youtu.be</sublink>
	<sublink>search</sublink>
	<sublink>searchsd</sublink>
	</link>
	<thumbnail>https://image.tmdb.org/t/p/w1280/iUtw1ablq5J7jXH1d8XXD8J7RG7.jpg</thumbnail>
	<fanart>https://image.tmdb.org/t/p/w1280/20NQOlAOVNTX2TMHJ0tRG88nYNW.jpg</fanart>
</item>
<item>
	<title>[B][COLOR=blue]A Very Merry Mix Up[/COLOR][/B]</title>
	<meta>
	<imdb>tt3131456</imdb>
	<content>movie</content>
	<title>A Very Merry Mix Up</title>
	<year>2013</year>
	</meta>
	<link>
	<sublink>https://www.youtube.com/watch?v=qW0aE-Wd3ZI&feature=youtu.be</sublink>
	<sublink>search</sublink>
	<sublink>searchsd</sublink>
	</link>
	<thumbnail>https://image.tmdb.org/t/p/w1280</thumbnail>
	<fanart>https://image.tmdb.org/t/p/w1280</fanart>
</item>
<item>
	<title>[B][COLOR=blue]A Very Merry Toy Store[/COLOR][/B]</title>
	<meta>
	<imdb>tt7069196</imdb>
	<content>movie</content>
	<title>A Very Merry Toy Store</title>
	<year>2017</year>
	</meta>
	<link>
	<sublink>https://www.youtube.com/watch?v=Qtpeaty3Uk8&feature=youtu.be</sublink>
	<sublink>search</sublink>
	<sublink>searchsd</sublink>
	</link>
	<thumbnail>https://image.tmdb.org/t/p/w1280/9AhY5uNzGTXtUeQRBIeyWkCUxTG.jpg</thumbnail>
	<fanart>https://image.tmdb.org/t/p/w1280/V724vpHh0V6GtP8rLn20Ey7cFc.jpg</fanart>
</item>
<item>
	<title>[B][COLOR=blue]A Veteran s Christmas[/COLOR][/B]</title>
	<meta>
	<imdb>tt9103602</imdb>
	<content>movie</content>
	<title>A Veteran s Christmas</title>
	<year>2018</year>
	</meta>
	<link>
	<sublink>https://www.youtube.com/watch?v=_r_2_VeNY6Y&feature=youtu.be</sublink>
	<sublink>search</sublink>
	<sublink>searchsd</sublink>
	</link>
	<thumbnail>https://image.tmdb.org/t/p/w1280/k3TNeyevlA5GHPtQaAzmaQcbinC.jpg</thumbnail>
	<fanart>https://image.tmdb.org/t/p/w1280/uzoiJMEPGXb1oeJOZZwN1qx1eU1.jpg</fanart>
</item>
<item>
	<title>[B][COLOR=blue]A Wish For Christmas[/COLOR][/B]</title>
	<meta>
	<imdb>tt5676118</imdb>
	<content>movie</content>
	<title>A Wish For Christmas</title>
	<year>2016</year>
	</meta>
	<link>
	<sublink>https://www.youtube.com/watch?v=eHq7u2x7I8Q&feature=youtu.be</sublink>
	<sublink>search</sublink>
	<sublink>searchsd</sublink>
	</link>
	<thumbnail>https://image.tmdb.org/t/p/w1280/9z81XnaxHJ7LYptef6augvgwake.jpg</thumbnail>
	<fanart>https://image.tmdb.org/t/p/w1280/tAIRgvOdHF4iUjfZ4KPtYC3w5Mi.jpg</fanart>
</item>
<item>
	<title>[B][COLOR=blue]An Unexpected Christmas[/COLOR][/B]</title>
	<meta>
	<imdb>tt5863634</imdb>
	<content>movie</content>
	<title>An Unexpected Christmas</title>
	<year>2016</year>
	</meta>
	<link>
	<sublink>https://www.youtube.com/watch?v=Qtpeaty3Uk8&feature=youtu.be</sublink>
	<sublink>search</sublink>
	<sublink>searchsd</sublink>
	</link>
	<thumbnail>https://image.tmdb.org/t/p/w1280</thumbnail>
	<fanart>https://image.tmdb.org/t/p/w1280</fanart>
</item>
<item>
	<title>[B][COLOR=blue]Angels Sing[/COLOR][/B]</title>
	<meta>
	<imdb>tt1833888</imdb>
	<content>movie</content>
	<title>Angels Sing</title>
	<year>2013</year>
	</meta>
	<link>
	<sublink>https://www.youtube.com/watch?v=06h_FzYGPl4&feature=youtu.be</sublink>
	<sublink>search</sublink>
	<sublink>searchsd</sublink>
	</link>
	<thumbnail>https://image.tmdb.org/t/p/w1280/mg2cRNNW4tL4zwl8dBktM4hqpOh.jpg</thumbnail>
	<fanart>https://image.tmdb.org/t/p/w1280/5jGHEuGiayL8G8z6yx9j0oJCue0.jpg</fanart>
</item>
<item>
	<title>[B][COLOR=blue]Best Christmas Party Ever[/COLOR][/B]</title>
	<meta>
	<imdb>tt4065316</imdb>
	<content>movie</content>
	<title>Best Christmas Party Ever</title>
	<year>2014</year>
	</meta>
	<link>
	<sublink>https://www.youtube.com/watch?v=Qtpeaty3Uk8&feature=youtu.be</sublink>
	<sublink>search</sublink>
	<sublink>searchsd</sublink>
	</link>
	<thumbnail>https://image.tmdb.org/t/p/w1280</thumbnail>
	<fanart>https://image.tmdb.org/t/p/w1280</fanart>
</item>
<item>
	<title>[B][COLOR=blue]Christmas Bells Are Ringing[/COLOR][/B]</title>
	<meta>
	<imdb>tt9202096</imdb>
	<content>movie</content>
	<title>Christmas Bells Are Ringing</title>
	<year>2018</year>
	</meta>
	<link>
	<sublink>https://www.youtube.com/watch?v=U8-dWfwYM7M&feature=youtu.be</sublink>
	<sublink>search</sublink>
	<sublink>searchsd</sublink>
	</link>
	<thumbnail>https://image.tmdb.org/t/p/w1280</thumbnail>
	<fanart>https://image.tmdb.org/t/p/w1280</fanart>
</item>
<item>
	<title>[B][COLOR=blue]Christmas Encore[/COLOR][/B]</title>
	<meta>
	<imdb>tt7714138</imdb>
	<content>movie</content>
	<title>Christmas Encore</title>
	<year>2017</year>
	</meta>
	<link>
	<sublink>https://www.youtube.com/watch?v=Ifu8Jzl3cA0&feature=youtu.be</sublink>
	<sublink>search</sublink>
	<sublink>searchsd</sublink>
	</link>
	<thumbnail>https://image.tmdb.org/t/p/w1280</thumbnail>
	<fanart>https://image.tmdb.org/t/p/w1280</fanart>
</item>
<item>
	<title>[B][COLOR=blue]Christmas Getaway[/COLOR][/B]</title>
	<meta>
	<imdb>tt7688990</imdb>
	<content>movie</content>
	<title>Christmas Getaway</title>
	<year>2017</year>
	</meta>
	<link>
	<sublink>https://www.youtube.com/watch?v=RkirXIuVtf0&feature=youtu.be</sublink>
	<sublink>search</sublink>
	<sublink>searchsd</sublink>
	</link>
	<thumbnail>https://image.tmdb.org/t/p/w1280</thumbnail>
	<fanart>https://image.tmdb.org/t/p/w1280</fanart>
</item>
<item>
	<title>[B][COLOR=blue]Christmas Homecoming[/COLOR][/B]</title>
	<meta>
	<imdb>tt5944496</imdb>
	<content>movie</content>
	<title>Christmas Homecoming</title>
	<year>2017</year>
	</meta>
	<link>
	<sublink>https://www.youtube.com/watch?v=RkirXIuVtf0&feature=youtu.be</sublink>
	<sublink>search</sublink>
	<sublink>searchsd</sublink>
	</link>
	<thumbnail>https://image.tmdb.org/t/p/w1280/3UWxy97nl7Nrgy1giZx6YnQlotw.jpg</thumbnail>
	<fanart>https://image.tmdb.org/t/p/w1280/kQ429IGjJroW0rGQAMb0J09ziIi.jpg</fanart>
</item>
<item>
	<title>[B][COLOR=blue]Christmas Joy[/COLOR][/B]</title>
	<meta>
	<imdb>tt8587650</imdb>
	<content>movie</content>
	<title>Christmas Joy</title>
	<year>2018</year>
	</meta>
	<link>
	<sublink>https://www.youtube.com/watch?v=U8-dWfwYM7M&feature=youtu.be</sublink>
	<sublink>search</sublink>
	<sublink>searchsd</sublink>
	</link>
	<thumbnail>https://image.tmdb.org/t/p/w1280</thumbnail>
	<fanart>https://image.tmdb.org/t/p/w1280</fanart>
</item>
<item>
	<title>[B][COLOR=blue]Christmas Land[/COLOR][/B]</title>
	<meta>
	<imdb>tt5265662</imdb>
	<content>movie</content>
	<title>Christmas Land</title>
	<year>2015</year>
	</meta>
	<link>
	<sublink>https://www.youtube.com/watch?v=gwQQ0CdExMk&feature=youtu.be</sublink>
	<sublink>search</sublink>
	<sublink>searchsd</sublink>
	</link>
	<thumbnail>https://image.tmdb.org/t/p/w1280</thumbnail>
	<fanart>https://image.tmdb.org/t/p/w1280</fanart>
</item>
<item>
	<title>[B][COLOR=blue]Christmas List[/COLOR][/B]</title>
	<meta>
	<imdb>tt5902138</imdb>
	<content>movie</content>
	<title>Christmas List</title>
	<year>2016</year>
	</meta>
	<link>
	<sublink>https://www.youtube.com/watch?v=RkirXIuVtf0&feature=youtu.be</sublink>
	<sublink>search</sublink>
	<sublink>searchsd</sublink>
	</link>
	<thumbnail>https://image.tmdb.org/t/p/w1280</thumbnail>
	<fanart>https://image.tmdb.org/t/p/w1280</fanart>
</item>
<item>
	<title>[B][COLOR=blue]Christmas Made to Order[/COLOR][/B]</title>
	<meta>
	<imdb>tt9028880</imdb>
	<content>movie</content>
	<title>Christmas Made to Order</title>
	<year>2018</year>
	</meta>
	<link>
	<sublink>https://www.youtube.com/watch?v=U8-dWfwYM7M&feature=youtu.be</sublink>
	<sublink>search</sublink>
	<sublink>searchsd</sublink>
	</link>
	<thumbnail>https://image.tmdb.org/t/p/w1280</thumbnail>
	<fanart>https://image.tmdb.org/t/p/w1280</fanart>
</item>
<item>
	<title>[B][COLOR=blue]Christmas Next Door[/COLOR][/B]</title>
	<meta>
	<imdb>tt7616668</imdb>
	<content>movie</content>
	<title>Christmas Next Door</title>
	<year>2017</year>
	</meta>
	<link>
	<sublink>https://www.youtube.com/watch?v=vKwLKXFYQ6Y&feature=youtu.be</sublink>
	<sublink>search</sublink>
	<sublink>searchsd</sublink>
	</link>
	<thumbnail>https://image.tmdb.org/t/p/w1280</thumbnail>
	<fanart>https://image.tmdb.org/t/p/w1280</fanart>
</item>
<item>
	<title>[B][COLOR=blue]Christmas Under Wraps[/COLOR][/B]</title>
	<meta>
	<imdb>tt4180032</imdb>
	<content>movie</content>
	<title>Christmas Under Wraps</title>
	<year>2014</year>
	</meta>
	<link>
	<sublink>https://www.youtube.com/watch?v=Pgi9eS3jBlg&feature=youtu.be</sublink>
	<sublink>search</sublink>
	<sublink>searchsd</sublink>
	</link>
	<thumbnail>https://image.tmdb.org/t/p/w1280/AhqBtjrtewKDRdgpZykK97C8pEO.jpg</thumbnail>
	<fanart>https://image.tmdb.org/t/p/w1280/4p7zgpdnS3hTtXRpIqVzEBvQ9gP.jpg</fanart>
</item>
<item>
	<title>[B][COLOR=blue]Christmas Wonderland[/COLOR][/B]</title>
	<meta>
	<imdb>tt9028856</imdb>
	<content>movie</content>
	<title>Christmas Wonderland</title>
	<year>2018</year>
	</meta>
	<link>
	<sublink>https://www.youtube.com/watch?v=TGLXeFZxbyc&feature=youtu.be</sublink>
	<sublink>search</sublink>
	<sublink>searchsd</sublink>
	</link>
	<thumbnail>https://image.tmdb.org/t/p/w1280</thumbnail>
	<fanart>https://image.tmdb.org/t/p/w1280</fanart>
</item>
<item>
	<title>[B][COLOR=blue]Christmas at Grand Valley[/COLOR][/B]</title>
	<meta>
	<imdb>tt9028784</imdb>
	<content>movie</content>
	<title>Christmas at Grand Valley</title>
	<year>2018</year>
	</meta>
	<link>
	<sublink>https://www.youtube.com/watch?v=c7O7EHPguOU&feature=youtu.be</sublink>
	<sublink>search</sublink>
	<sublink>searchsd</sublink>
	</link>
	<thumbnail>https://image.tmdb.org/t/p/w1280</thumbnail>
	<fanart>https://image.tmdb.org/t/p/w1280</fanart>
</item>
<item>
	<title>[B][COLOR=blue]Christmas at Holly Lodge[/COLOR][/B]</title>
	<meta>
	<imdb>tt7557728</imdb>
	<content>movie</content>
	<title>Christmas at Holly Lodge</title>
	<year>2017</year>
	</meta>
	<link>
	<sublink>https://www.youtube.com/watch?v=I7B5KSbaOao&feature=youtu.be</sublink>
	<sublink>search</sublink>
	<sublink>searchsd</sublink>
	</link>
	<thumbnail>https://image.tmdb.org/t/p/w1280/6CXRf9lNARQwCWyzVKXRD31EcUr.jpg</thumbnail>
	<fanart>https://image.tmdb.org/t/p/w1280/iF9ZzVF6hbib2fkkJ9vyVHWVlF1.jpg</fanart>
</item>
<item>
	<title>[B][COLOR=blue]Christmas at Pemberley Manor[/COLOR][/B]</title>
	<meta>
	<imdb>tt8498184</imdb>
	<content>movie</content>
	<title>Christmas at Pemberley Manor</title>
	<year>2018</year>
	</meta>
	<link>
	<sublink>https://www.youtube.com/watch?v=U8-dWfwYM7M&feature=youtu.be</sublink>
	<sublink>search</sublink>
	<sublink>searchsd</sublink>
	</link>
	<thumbnail>https://image.tmdb.org/t/p/w1280/jeevZVf6FmpZasqn1BwhVgC6FXl.jpg</thumbnail>
	<fanart>https://image.tmdb.org/t/p/w1280/ldXlmNYq2gKMiwPmhQdtU3wcAnf.jpg</fanart>
</item>
<item>
	<title>[B][COLOR=blue]Christmas at the Palace[/COLOR][/B]</title>
	<meta>
	<imdb>tt9033632</imdb>
	<content>movie</content>
	<title>Christmas at the Palace</title>
	<year>2018</year>
	</meta>
	<link>
	<sublink>https://www.youtube.com/watch?v=gvoIawc8wpc&feature=youtu.be</sublink>
	<sublink>search</sublink>
	<sublink>searchsd</sublink>
	</link>
	<thumbnail>https://image.tmdb.org/t/p/w1280/lD6xv3dz6AStcYsrDk6sqHKMgxD.jpg</thumbnail>
	<fanart>https://image.tmdb.org/t/p/w1280/7v8axUqFZIsbvzDWY4acQ5uXCf8.jpg</fanart>
</item>
<item>
	<title>[B][COLOR=blue]Christmas in Evergreen Letters to Santa[/COLOR][/B]</title>
	<meta>
	<imdb>tt9033634</imdb>
	<content>movie</content>
	<title>Christmas in Evergreen Letters to Santa</title>
	<year>2018</year>
	</meta>
	<link>
	<sublink>https://www.youtube.com/watch?v=7YYVC_QkZ28&feature=youtu.be</sublink>
	<sublink>search</sublink>
	<sublink>searchsd</sublink>
	</link>
	<thumbnail>https://image.tmdb.org/t/p/w1280/n2Zbp9IPahWID80LPX3kXklxoL8.jpg</thumbnail>
	<fanart>https://image.tmdb.org/t/p/w1280/4b9h7IhfkaJcfqZsXLoCKOm3EGg.jpg</fanart>
</item>
<item>
	<title>[B][COLOR=blue]Christmas in Evergreen[/COLOR][/B]</title>
	<meta>
	<imdb>tt7440948</imdb>
	<content>movie</content>
	<title>Christmas in Evergreen</title>
	<year>2017</year>
	</meta>
	<link>
	<sublink>search</sublink>
	<sublink>searchsd</sublink>
	</link>
	<thumbnail>https://image.tmdb.org/t/p/w1280</thumbnail>
	<fanart>https://image.tmdb.org/t/p/w1280</fanart>
</item>
<item>
	<title>[B][COLOR=blue]Christmas in Love[/COLOR][/B]</title>
	<meta>
	<imdb>tt9033712</imdb>
	<content>movie</content>
	<title>Christmas in Love</title>
	<year>2018</year>
	</meta>
	<link>
	<sublink>https://www.youtube.com/watch?v=7mfuQl0Ov3o&feature=youtu.be</sublink>
	<sublink>search</sublink>
	<sublink>searchsd</sublink>
	</link>
	<thumbnail>https://image.tmdb.org/t/p/w1280/OJxPdGKi4dZpOz8pP4MQ7484uN.jpg</thumbnail>
	<fanart>https://image.tmdb.org/t/p/w1280/584v3CzzjZSQZdjDHrHju0sEKG6.jpg</fanart>
</item>
<item>
	<title>[B][COLOR=blue]Christmas in Mississippi[/COLOR][/B]</title>
	<meta>
	<imdb>tt7621886</imdb>
	<content>movie</content>
	<title>Christmas in Mississippi</title>
	<year>2017</year>
	</meta>
	<link>
	<sublink>https://www.youtube.com/watch?v=RkirXIuVtf0&feature=youtu.be</sublink>
	<sublink>search</sublink>
	<sublink>searchsd</sublink>
	</link>
	<thumbnail>https://image.tmdb.org/t/p/w1280</thumbnail>
	<fanart>https://image.tmdb.org/t/p/w1280</fanart>
</item>
<item>
	<title>[B][COLOR=blue]Christmas on Honeysuckle Lane[/COLOR][/B]</title>
	<meta>
	<imdb>tt9083646</imdb>
	<content>movie</content>
	<title>Christmas on Honeysuckle Lane</title>
	<year>2018</year>
	</meta>
	<link>
	<sublink>https://www.youtube.com/watch?v=srnwmedKNG4&feature=youtu.be</sublink>
	<sublink>search</sublink>
	<sublink>searchsd</sublink>
	</link>
	<thumbnail>https://image.tmdb.org/t/p/w1280/4Qv2VdJbEyQmHhezwJad6wyJJAj.jpg</thumbnail>
	<fanart>https://image.tmdb.org/t/p/w1280/i8PCU4JeBSHQ83Cdjp7hA6iNGM7.jpg</fanart>
</item>
<item>
	<title>[B][COLOR=blue]Christmas with Holly[/COLOR][/B]</title>
	<meta>
	<imdb>tt2355762</imdb>
	<content>movie</content>
	<title>Christmas with Holly</title>
	<year>2012</year>
	</meta>
	<link>
	<sublink>https://www.youtube.com/watch?v=qW0aE-Wd3ZI&feature=youtu.be</sublink>
	<sublink>search</sublink>
	<sublink>searchsd</sublink>
	</link>
	<thumbnail>https://image.tmdb.org/t/p/w1280</thumbnail>
	<fanart>https://image.tmdb.org/t/p/w1280</fanart>
</item>
<item>
	<title>[B][COLOR=blue]Crown for Christmas[/COLOR][/B]</title>
	<meta>
	<imdb>tt5133572</imdb>
	<content>movie</content>
	<title>Crown for Christmas</title>
	<year>2015</year>
	</meta>
	<link>
	<sublink>https://www.youtube.com/watch?v=Qtpeaty3Uk8&feature=youtu.be</sublink>
	<sublink>search</sublink>
	<sublink>searchsd</sublink>
	</link>
	<thumbnail>https://image.tmdb.org/t/p/w1280</thumbnail>
	<fanart>https://image.tmdb.org/t/p/w1280</fanart>
</item>
<item>
	<title>[B][COLOR=blue]Enchanted Christmas[/COLOR][/B]</title>
	<meta>
	<imdb>tt7030416</imdb>
	<content>movie</content>
	<title>Enchanted Christmas</title>
	<year>2017</year>
	</meta>
	<link>
	<sublink>search</sublink>
	<sublink>searchsd</sublink>
	</link>
	<thumbnail>https://image.tmdb.org/t/p/w1280/tWR2JcvR8uWNhzze03Q7ZXMwsgH.jpg</thumbnail>
	<fanart>https://image.tmdb.org/t/p/w1280/xE5wiFuIxcsKVr1DzZlqU0qaanl.jpg</fanart>
</item>
<item>
	<title>[B][COLOR=blue]Entertaining Christmas[/COLOR][/B]</title>
	<meta>
	<imdb>tt9028872</imdb>
	<content>movie</content>
	<title>Entertaining Christmas</title>
	<year>2018</year>
	</meta>
	<link>
	<sublink>https://www.youtube.com/watch?v=Ifu8Jzl3cA0&feature=youtu.be</sublink>
	<sublink>search</sublink>
	<sublink>searchsd</sublink>
	</link>
	<thumbnail>https://image.tmdb.org/t/p/w1280</thumbnail>
	<fanart>https://image.tmdb.org/t/p/w1280</fanart>
</item>
<item>
	<title>[B][COLOR=blue]Every Christmas Has a Story[/COLOR][/B]</title>
	<meta>
	<imdb>tt6215212</imdb>
	<content>movie</content>
	<title>Every Christmas Has a Story</title>
	<year>2016</year>
	</meta>
	<link>
	<sublink>https://www.youtube.com/watch?v=gvoIawc8wpc&feature=youtu.be</sublink>
	<sublink>search</sublink>
	<sublink>searchsd</sublink>
	</link>
	<thumbnail>https://image.tmdb.org/t/p/w1280</thumbnail>
	<fanart>https://image.tmdb.org/t/p/w1280</fanart>
</item>