<plugin>
    <title>[COLORlime][B]Sing With The Stars Latest releases 2019[/B][/COLOR]</title>
   <link>plugin://plugin.video.youtube/playlist/PLDIoUOhQQPlXzhp-83rECoLaV6BwFtNC4/</link>
    <thumbnail>https://i.imgur.com/rwL7bfW.png</thumbnail>
  </plugin>
  
  <plugin>
    <title>[COLORlime][B]Top 100 Karaoke Songs[/B][/COLOR]</title>
    <link>plugin://plugin.video.youtube/playlist/PLqGkpApxFsX_jRp4sDFz9_gwztqqpDZ2U/</link>
    <thumbnail>https://i.imgur.com/rwL7bfW.png</thumbnail>
  </plugin>
  
  <plugin>
    <title>[COLORlime][B]R and B Karaoke [/B][/COLOR]</title>
    <link>plugin://plugin.video.youtube/playlist/PL_3dlGnPgUZiEPrB-0JLNI9YDg-47vovt/</link>
    <thumbnail>https://i.imgur.com/rwL7bfW.png</thumbnail>
  </plugin>
  
  <plugin>
    <title>[COLORlime][B]Top  80s karaoke[/B][/COLOR]</title>
    <link>plugin://plugin.video.youtube/playlist/PLdZzClTcgSlXjBWV7D1VhXvGQblibP0eb/</link>
    <thumbnail>https://i.imgur.com/rwL7bfW.png</thumbnail>
  </plugin>
  
  <plugin>
    <title>[COLORlime][B]Top Karaoke Songs 2019[/B][/COLOR]</title>
    <link>plugin://plugin.video.youtube/playlist/PLJtpjlkBVF4zz1kyCPzr-Ahw84ofGYBaC/</link>
    <thumbnail>https://i.imgur.com/rwL7bfW.png</thumbnail>
  </plugin>
  
  <plugin>
    <title>[COLORlime][B]Top Karaoke Songs from the 70s[/B][/COLOR]</title>
    <link>plugin://plugin.video.youtube/playlist/PLHigSUD9i4vj5TGuOTTTFSzduoVWZSf7C/</link>
    <thumbnail>https://i.imgur.com/rwL7bfW.png</thumbnail>
  </plugin>
  
  <plugin>
    <title>[COLORlime][B]Party Starters karaoke[/B][/COLOR]</title>
    <link>plugin://plugin.video.youtube/playlist/PL8D4Iby0Bmm-uQIcbRfHeUMd_YDSZDA39/</link>
    <thumbnail>https://i.imgur.com/rwL7bfW.png</thumbnail>
  </plugin>