<dir>
    <title>Marvel Movies</title>
    <link>https://pastebin.com/raw/HFDVhbHd</link>
	<summary>Marvel Movies</summary>
  </dir>

<dir>
    <title> Kids Movies</title>
    <link>https://pastebin.com/raw/cAhpbCyM</link>
    <thumbnail>http://i66.tinypic.com/5tlop.jpg</thumbnail>
	<summary>Kids Movies</summary>
  </dir>
 
<dir>
  <title>Walt Disney Animated Feature Films</title>
  <trakt>https://api.trakt.tv/users/movistapp/lists/walt-disney-animated-feature-films/items</trakt>
  <summary>Walt Disney Animated Films</summary>
</dir>
 
<dir>
  <title>Pixar animation Studios</title>
  <trakt>https://api.trakt.tv/users/movistapp/lists/pixar-animation-studios/items</trakt>
  <summary>Pixar  Movies</summary>
</dir>
 
<dir>
  <title>Dreamworks Animation</title>
  <trakt>https://api.trakt.tv/users/movistapp/lists/dreamworks-animation/items</trakt>
  <summary>Dreamworks Movies</summary>
</dir>
 
<dir>
  <title>D C Comics</title>
  <trakt>https://api.trakt.tv/users/movistapp/lists/dc-comics/items</trakt>
  <summary>D C Comics Movies</summary>
</dir>
 
<dir>
  <title>Batman Movies</title>
  <trakt>https://api.trakt.tv/users/movistapp/lists/batman/items</trakt>
  <summary>Batman Movies</summary>
</dir>
 
<dir>
  <title>Superman Movies</title>
  <trakt>https://api.trakt.tv/users/movistapp/lists/superman/items</trakt>
  <summary>Superman Movies</summary>
</dir>
 
<dir>
  <title>Animation</title>
  <trakt>https://api.trakt.tv/users/giladg/lists/animation/items</trakt>
  <summary>Animation</summary>
</dir>
 
<dir>
  <title>Family Movies</title>
  <trakt>https://api.trakt.tv/users/movistapp/lists/family/items</trakt>
  <summary>Family Movies</summary>
</dir>

<dir>
<title>Disney Channel Shows</title>
<trakt>https://api.trakt.tv/users/kylesheila/lists/disney-channel/items</trakt>
<summary>Disney Channel Shows</summary>
</dir>

<dir>
<title>Kids TV Shows</title>
<trakt>https://api.trakt.tv/users/drinfernoo/lists/kids-shows/items</trakt>
<summary>Kids TV Shows</summary>
</dir>

 <dir>
     <title> Disney Channel Shows </title>
  <link>https://pastebin.com/raw/YTdTapCd</link>
  <thumbnail>http://i66.tinypic.com/5tlop.jpg</thumbnail>
  </dir>
 
<dir>
<title>Kids Cartoons</title>
<trakt>https://api.trakt.tv/users/kylesheila/lists/kids-cartoons/items</trakt>
<summary>Kids Cartoons</summary>
</dir>

<dir>
<title>  Kids Shows By Network  </title>
<link>https://pastebin.com/raw/is5dkge4</link>
<summary>Kids Shows By Network</summary>
</dir>

<dir>
     <title> Shows and Cartoons </title>
  <link>https://pastebin.com/raw/GuXZJn9N</link>
  <thumbnail>http://i66.tinypic.com/5tlop.jpg</thumbnail>
  <summary>TV Shows and Cartoons</summary>
</dir>

<dir>
    <title>[COLORlimegreen][B]*** Spooky Corner       Click Me***[/B][/COLOR]</title>
    <link>https://pastebin.com/raw/pT2LZH2W</link>
    <thumbnail>http://i66.tinypic.com/5tlop.jpg</thumbnail>
	<summary>Home of Everythiug Spookie</summary>
</dir>   

<dir>
    <title>[COLORorange][B]*** CONNORS    DEN      Click Me ***[/B][/COLOR]</title>
    <link>https://pastebin.com/raw/JxjG15UY</link>
    <thumbnail>http://i65.tinypic.com/krdiq.jpg</thumbnail>
	<summary> Collection of everything Connor likes</summary>
  </dir>

<dir>
     <title>   </title>
    <link></link>
  </dir>