<item>
	<title>[COLOR=white]I Still See You[/COLOR]</title>
	<meta>
	<imdb>tt2160105</imdb>
	<content>movie</content>
	<title>I Still See You</title>
	<year>2018</year>
	</meta>
	<link>
	<sublink>search</sublink>
	<sublink>searchsd</sublink>
	</link>
	<thumbnail>https://image.tmdb.org/t/p/w1280/9fqzZs922V8OmwgO11Eqclof2mQ.jpg</thumbnail>
	<fanart>https://image.tmdb.org/t/p/w1280/7rqpB7coXaNvTVMWb5vL8qU0pBp.jpg</fanart>
</item>
<item>
	<title>[COLOR=white]SuperFly[/COLOR]</title>
	<meta>
	<imdb>tt7690670</imdb>
	<content>movie</content>
	<title>SuperFly</title>
	<year>2018</year>
	</meta>
	<link>
	<sublink>search</sublink>
	<sublink>searchsd</sublink>
	</link>
	<thumbnail>https://image.tmdb.org/t/p/w1280/gGk9H5PVpWzbsYkmnBeKevQkwwf.jpg</thumbnail>
	<fanart>https://image.tmdb.org/t/p/w1280/jqoGbSNsl5aO3JzeoWEf6EDoncD.jpg</fanart>
</item>
<item>
	<title>[COLOR=white]Bad Times at the El Royale[/COLOR]</title>
	<meta>
	<imdb>tt6628394</imdb>
	<content>movie</content>
	<title>Bad Times at the El Royale</title>
	<year>2018</year>
	</meta>
	<link>
	<sublink>search</sublink>
	<sublink>searchsd</sublink>
	</link>
	<thumbnail>https://image.tmdb.org/t/p/w1280/qExufIc4Rw0e4xdVZlhMdmEDGES.jpg</thumbnail>
	<fanart>https://image.tmdb.org/t/p/w1280/uyM09BML2F05VpJoXtf0tza44A4.jpg</fanart>
</item>
<item>
	<title>[COLOR=white]Night School[/COLOR]</title>
	<meta>
	<imdb>tt6781982</imdb>
	<content>movie</content>
	<title>Night School</title>
	<year>2018</year>
	</meta>
	<link>
	<sublink>search</sublink>
	<sublink>searchsd</sublink>
	</link>
	<thumbnail>https://image.tmdb.org/t/p/w1280/uQVIQDc3foTPodZw0ie1Or0CXBn.jpg</thumbnail>
	<fanart>https://image.tmdb.org/t/p/w1280/eiUO8svuxMv16wvZsxubNLb5wNL.jpg</fanart>
</item>
<item>
	<title>[COLOR=white]Hell Fest[/COLOR]</title>
	<meta>
	<imdb>tt1999890</imdb>
	<content>movie</content>
	<title>Hell Fest</title>
	<year>2018</year>
	</meta>
	<link>
	<sublink>search</sublink>
	<sublink>searchsd</sublink>
	</link>
	<thumbnail>https://image.tmdb.org/t/p/w1280/qgLlnlrUtTKXkdrgMBwUfkyAkya.jpg</thumbnail>
	<fanart>https://image.tmdb.org/t/p/w1280/vIsKcpscdELfbBHHsfLvfTTMIc3.jpg</fanart>
</item>
<item>
	<title>[COLOR=white]Goosebumps 2: Haunted Halloween[/COLOR]</title>
	<meta>
	<imdb>tt5664636</imdb>
	<content>movie</content>
	<title>Goosebumps 2: Haunted Halloween</title>
	<year>2018</year>
	</meta>
	<link>
	<sublink>search</sublink>
	<sublink>searchsd</sublink>
	</link>
	<thumbnail>https://image.tmdb.org/t/p/w1280/kOrUF0EH2C3KHoI7tqANZMFZaTN.jpg</thumbnail>
	<fanart>https://image.tmdb.org/t/p/w1280/h5BvesqaxL7V3vl1CmaR8waGyiM.jpg</fanart>
</item>
<item>
	<title>[COLOR=white]Halloween[/COLOR]</title>
	<meta>
	<imdb>tt1502407</imdb>
	<content>movie</content>
	<title>Halloween</title>
	<year>2018</year>
	</meta>
	<link>
	<sublink>search</sublink>
	<sublink>searchsd</sublink>
	</link>
	<thumbnail>https://image.tmdb.org/t/p/w1280/bXs0zkv2iGVViZEy78teg2ycDBm.jpg</thumbnail>
	<fanart>https://image.tmdb.org/t/p/w1280/jLLsaKktHOUp0goIFu3R9x6knJ3.jpg</fanart>
</item>
<item>
	<title>[COLOR=white]Black Mirror: Bandersnatch[/COLOR]</title>
	<meta>
	<imdb>tt9495224</imdb>
	<content>movie</content>
	<title>Black Mirror: Bandersnatch</title>
	<year>2018</year>
	</meta>
	<link>
	<sublink>search</sublink>
	<sublink>searchsd</sublink>
	</link>
	<thumbnail>https://image.tmdb.org/t/p/w1280/fR0VZ0VE598zl1lrYf7IfBqEwQ2.jpg</thumbnail>
	<fanart>https://image.tmdb.org/t/p/w1280/tmsddF6G7vIbJ2Lg6DZDVbnhBxs.jpg</fanart>
</item>
<item>
	<title>[COLOR=white]The Hate U Give[/COLOR]</title>
	<meta>
	<imdb>tt5580266</imdb>
	<content>movie</content>
	<title>The Hate U Give</title>
	<year>2018</year>
	</meta>
	<link>
	<sublink>search</sublink>
	<sublink>searchsd</sublink>
	</link>
	<thumbnail>https://image.tmdb.org/t/p/w1280/2icwBom0t5nmOuZI9FVXF3gkMK0.jpg</thumbnail>
	<fanart>https://image.tmdb.org/t/p/w1280/5AijK8OxcTzuT8z6aEcc3kO96eG.jpg</fanart>
</item>
<item>
	<title>[COLOR=white]Johnny English Strikes Again[/COLOR]</title>
	<meta>
	<imdb>tt6921996</imdb>
	<content>movie</content>
	<title>Johnny English Strikes Again</title>
	<year>2018</year>
	</meta>
	<link>
	<sublink>search</sublink>
	<sublink>searchsd</sublink>
	</link>
	<thumbnail>https://image.tmdb.org/t/p/w1280/ryACHOzmRJiJEKjatbokudfkO74.jpg</thumbnail>
	<fanart>https://image.tmdb.org/t/p/w1280/xh4SKML3kQPnJfEcgML2pFpalQe.jpg</fanart>
</item>
<item>
	<title>[COLOR=white]First Man[/COLOR]</title>
	<meta>
	<imdb>tt1213641</imdb>
	<content>movie</content>
	<title>First Man</title>
	<year>2018</year>
	</meta>
	<link>
	<sublink>search</sublink>
	<sublink>searchsd</sublink>
	</link>
	<thumbnail>https://image.tmdb.org/t/p/w1280/i91mfvFcPPlaegcbOyjGgiWfZzh.jpg</thumbnail>
	<fanart>https://image.tmdb.org/t/p/w1280/3LX7SkR7ERIR2ZB6NPlyrgmZ5ga.jpg</fanart>
</item>
<item>
	<title>[COLOR=white]The Nutcracker and the Four Realms[/COLOR]</title>
	<meta>
	<imdb>tt5523010</imdb>
	<content>movie</content>
	<title>The Nutcracker and the Four Realms</title>
	<year>2018</year>
	</meta>
	<link>
	<sublink>search</sublink>
	<sublink>searchsd</sublink>
	</link>
	<thumbnail>https://image.tmdb.org/t/p/w1280/tysit5m7HSEvf1wknPR0DeEhR7e.jpg</thumbnail>
	<fanart>https://image.tmdb.org/t/p/w1280/l2ji4YiNSPBV69WjGBgU0gCvRqy.jpg</fanart>
</item>
<item>
	<title>[COLOR=white]Hunter Killer[/COLOR]</title>
	<meta>
	<imdb>tt1846589</imdb>
	<content>movie</content>
	<title>Hunter Killer</title>
	<year>2018</year>
	</meta>
	<link>
	<sublink>search</sublink>
	<sublink>searchsd</sublink>
	</link>
	<thumbnail>https://image.tmdb.org/t/p/w1280/a0j18XNVhP4RcW3wXwsqT0kVoQm.jpg</thumbnail>
	<fanart>https://image.tmdb.org/t/p/w1280/gCIB3DdK00DyfwosVGf7pnFFdK3.jpg</fanart>
</item>
<item>
	<title>[COLOR=white]Polar[/COLOR]</title>
	<meta>
	<imdb>tt4139588</imdb>
	<content>movie</content>
	<title>Polar</title>
	<year>2019</year>
	</meta>
	<link>
	<sublink>search</sublink>
	<sublink>searchsd</sublink>
	</link>
	<thumbnail>https://image.tmdb.org/t/p/w1280/qOBEpKVLl8Q9CZScbOcRRVISezV.jpg</thumbnail>
	<fanart>https://image.tmdb.org/t/p/w1280/u8CP7EeWbYMlIVqEoKAt6OYsEe1.jpg</fanart>
</item>
<item>
	<title>[COLOR=white]Reign of the Supermen[/COLOR]</title>
	<meta>
	<imdb>tt7167686</imdb>
	<content>movie</content>
	<title>Reign of the Supermen</title>
	<year>2019</year>
	</meta>
	<link>
	<sublink>search</sublink>
	<sublink>searchsd</sublink>
	</link>
	<thumbnail>https://image.tmdb.org/t/p/w1280/e9TzqscNRUaG8HqEP3K1jUvi8pC.jpg</thumbnail>
	<fanart>https://image.tmdb.org/t/p/w1280/cdCMUHWyXBOsbLL4dOEPdCEtwM4.jpg</fanart>
</item>
<item>
	<title>[COLOR=white]Our Nature[/COLOR]</title>
	<meta>
	<imdb>none</imdb>
	<content>movie</content>
	<title>Our Nature</title>
	<year>2018</year>
	</meta>
	<link>
	<sublink>search</sublink>
	<sublink>searchsd</sublink>
	</link>
	<thumbnail>https://image.tmdb.org/t/p/w1280none</thumbnail>
	<fanart>https://image.tmdb.org/t/p/w1280none</fanart>
</item>
<item>
	<title>[COLOR=white]Widows[/COLOR]</title>
	<meta>
	<imdb>tt4218572</imdb>
	<content>movie</content>
	<title>Widows</title>
	<year>2018</year>
	</meta>
	<link>
	<sublink>search</sublink>
	<sublink>searchsd</sublink>
	</link>
	<thumbnail>https://image.tmdb.org/t/p/w1280/d31SGJSaX29ba5ZUbZcesGoDE7I.jpg</thumbnail>
	<fanart>https://image.tmdb.org/t/p/w1280/tkri1hMrb1FhWfb2bWpprsvq9Sd.jpg</fanart>
</item>
<item>
	<title>[COLOR=white]White Boy Rick[/COLOR]</title>
	<meta>
	<imdb>tt4537896</imdb>
	<content>movie</content>
	<title>White Boy Rick</title>
	<year>2018</year>
	</meta>
	<link>
	<sublink>search</sublink>
	<sublink>searchsd</sublink>
	</link>
	<thumbnail>https://image.tmdb.org/t/p/w1280/l15r2aLqdifXM9GFsJLkOq5Y8SI.jpg</thumbnail>
	<fanart>https://image.tmdb.org/t/p/w1280/4Y0eLVkUwThX9pt1uqVoWoCtvcl.jpg</fanart>
</item>
<item>
	<title>[COLOR=white]The Grinch[/COLOR]</title>
	<meta>
	<imdb>tt2709692</imdb>
	<content>movie</content>
	<title>The Grinch</title>
	<year>2018</year>
	</meta>
	<link>
	<sublink>search</sublink>
	<sublink>searchsd</sublink>
	</link>
	<thumbnail>https://image.tmdb.org/t/p/w1280/gpkHvkCtZOeCQ2DelnJ2LB1WjZ5.jpg</thumbnail>
	<fanart>https://image.tmdb.org/t/p/w1280/juc9wt7Eh2IarLL5S1yQ1a21O1A.jpg</fanart>
</item>
<item>
	<title>[COLOR=white]The Girl in the Spider's Web[/COLOR]</title>
	<meta>
	<imdb>tt5177088</imdb>
	<content>movie</content>
	<title>The Girl in the Spider's Web</title>
	<year>2018</year>
	</meta>
	<link>
	<sublink>search</sublink>
	<sublink>searchsd</sublink>
	</link>
	<thumbnail>https://image.tmdb.org/t/p/w1280/w4ibr8R702DCjwYniry1D1XwQXj.jpg</thumbnail>
	<fanart>https://image.tmdb.org/t/p/w1280/cCyaG86vAhQQgtAJLBkio16HNvz.jpg</fanart>
</item>
<item>
	<title>[COLOR=white]Bohemian Rhapsody[/COLOR]</title>
	<meta>
	<imdb>tt1727824</imdb>
	<content>movie</content>
	<title>Bohemian Rhapsody</title>
	<year>2018</year>
	</meta>
	<link>
	<sublink>search</sublink>
	<sublink>searchsd</sublink>
	</link>
	<thumbnail>https://image.tmdb.org/t/p/w1280/lHu1wtNaczFPGFDTrjCSzeLPTKN.jpg</thumbnail>
	<fanart>https://image.tmdb.org/t/p/w1280/xcaSYLBhmDzJ6P14bcKe0KTh3QV.jpg</fanart>
</item>
<item>
	<title>[COLOR=white]A Star Is Born[/COLOR]</title>
	<meta>
	<imdb>tt1517451</imdb>
	<content>movie</content>
	<title>A Star Is Born</title>
	<year>2018</year>
	</meta>
	<link>
	<sublink>search</sublink>
	<sublink>searchsd</sublink>
	</link>
	<thumbnail>https://image.tmdb.org/t/p/w1280/wrFpXMNBRj2PBiN4Z5kix51XaIZ.jpg</thumbnail>
	<fanart>https://image.tmdb.org/t/p/w1280/mnDvPokXpvsdPcWSjNRPhiiLOKu.jpg</fanart>
</item>
<item>
	<title>[COLOR=white]Overlord[/COLOR]</title>
	<meta>
	<imdb>tt4530422</imdb>
	<content>movie</content>
	<title>Overlord</title>
	<year>2018</year>
	</meta>
	<link>
	<sublink>search</sublink>
	<sublink>searchsd</sublink>
	</link>
	<thumbnail>https://image.tmdb.org/t/p/w1280/l76Rgp32z2UxjULApxGXAPpYdAP.jpg</thumbnail>
	<fanart>https://image.tmdb.org/t/p/w1280/sHNC8hjAu4ZKXYhG3cp8ghRZ02B.jpg</fanart>
</item>
<item>
	<title>[COLOR=white]Robin Hood[/COLOR]</title>
	<meta>
	<imdb>tt4532826</imdb>
	<content>movie</content>
	<title>Robin Hood</title>
	<year>2018</year>
	</meta>
	<link>
	<sublink>search</sublink>
	<sublink>searchsd</sublink>
	</link>
	<thumbnail>https://image.tmdb.org/t/p/w1280/AiRfixFcfTkNbn2A73qVJPlpkUo.jpg</thumbnail>
	<fanart>https://image.tmdb.org/t/p/w1280/axjFiijtxdfK3CD9dMwrdgLwblD.jpg</fanart>
</item>
<item>
	<title>[COLOR=white]Fantastic Beasts: The Crimes of Grindelwald[/COLOR]</title>
	<meta>
	<imdb>tt4123430</imdb>
	<content>movie</content>
	<title>Fantastic Beasts: The Crimes of Grindelwald</title>
	<year>2018</year>
	</meta>
	<link>
	<sublink>search</sublink>
	<sublink>searchsd</sublink>
	</link>
	<thumbnail>https://image.tmdb.org/t/p/w1280/fMMrl8fD9gRCFJvsx0SuFwkEOop.jpg</thumbnail>
	<fanart>https://image.tmdb.org/t/p/w1280/qrtRKRzoNkf5vemO9tJ2Y4DrHxQ.jpg</fanart>
</item>
<item>
	<title>[COLOR=white]Mary Queen of Scots[/COLOR]</title>
	<meta>
	<imdb>tt2328900</imdb>
	<content>movie</content>
	<title>Mary Queen of Scots</title>
	<year>2018</year>
	</meta>
	<link>
	<sublink>search</sublink>
	<sublink>searchsd</sublink>
	</link>
	<thumbnail>https://image.tmdb.org/t/p/w1280/b5RMzLAyq5QW6GtN9sIeAEMLlBI.jpg</thumbnail>
	<fanart>https://image.tmdb.org/t/p/w1280/iv5N169nQIzrS0pZ8MBEiemTtVt.jpg</fanart>
</item>
<item>
	<title>[COLOR=white]Ralph Breaks the Internet[/COLOR]</title>
	<meta>
	<imdb>tt5848272</imdb>
	<content>movie</content>
	<title>Ralph Breaks the Internet</title>
	<year>2018</year>
	</meta>
	<link>
	<sublink>search</sublink>
	<sublink>searchsd</sublink>
	</link>
	<thumbnail>https://image.tmdb.org/t/p/w1280/dbvAUZWOepRxwUnSOvZAGsrPjta.jpg</thumbnail>
	<fanart>https://image.tmdb.org/t/p/w1280/88poTBTafMXaz73vYi3c74g0y2k.jpg</fanart>
</item>
<item>
	<title>[COLOR=white]Spider-Man: Into the Spider-Verse[/COLOR]</title>
	<meta>
	<imdb>tt4633694</imdb>
	<content>movie</content>
	<title>Spider-Man: Into the Spider-Verse</title>
	<year>2018</year>
	</meta>
	<link>
	<sublink>search</sublink>
	<sublink>searchsd</sublink>
	</link>
	<thumbnail>https://image.tmdb.org/t/p/w1280/iiZZdoQBEYBv6id8su7ImL0oCbD.jpg</thumbnail>
	<fanart>https://image.tmdb.org/t/p/w1280/uUiId6cG32JSRI6RyBQSvQtLjz2.jpg</fanart>
</item>
<item>
	<title>[COLOR=white]Creed II[/COLOR]</title>
	<meta>
	<imdb>tt6343314</imdb>
	<content>movie</content>
	<title>Creed II</title>
	<year>2018</year>
	</meta>
	<link>
	<sublink>search</sublink>
	<sublink>searchsd</sublink>
	</link>
	<thumbnail>https://image.tmdb.org/t/p/w1280/v3QyboWRoA4O9RbcsqH8tJMe8EB.jpg</thumbnail>
	<fanart>https://image.tmdb.org/t/p/w1280/6JHYYbvoSuQ95ceGx8Oeg8zzAjg.jpg</fanart>
</item>
<item>
	<title>[COLOR=white]Aquaman[/COLOR]</title>
	<meta>
	<imdb>tt1477834</imdb>
	<content>movie</content>
	<title>Aquaman</title>
	<year>2018</year>
	</meta>
	<link>
	<sublink>search</sublink>
	<sublink>searchsd</sublink>
	</link>
	<thumbnail>https://image.tmdb.org/t/p/w1280/5Kg76ldv7VxeX9YlcQXiowHgdX6.jpg</thumbnail>
	<fanart>https://image.tmdb.org/t/p/w1280/9QusGjxcYvfPD1THg6oW3RLeNn7.jpg</fanart>
</item>
<item>
	<title>[COLOR=white]Can You Ever Forgive Me?[/COLOR]</title>
	<meta>
	<imdb>tt4595882</imdb>
	<content>movie</content>
	<title>Can You Ever Forgive Me?</title>
	<year>2018</year>
	</meta>
	<link>
	<sublink>search</sublink>
	<sublink>searchsd</sublink>
	</link>
	<thumbnail>https://image.tmdb.org/t/p/w1280/hPuZR2bFoV0kuBrA98exWyvTf40.jpg</thumbnail>
	<fanart>https://image.tmdb.org/t/p/w1280/dc0FxYIyKfP4drQ7MEl2sHsoD14.jpg</fanart>
</item>
<item>
	<title>[COLOR=white]Green Book[/COLOR]</title>
	<meta>
	<imdb>tt6966692</imdb>
	<content>movie</content>
	<title>Green Book</title>
	<year>2018</year>
	</meta>
	<link>
	<sublink>search</sublink>
	<sublink>searchsd</sublink>
	</link>
	<thumbnail>https://image.tmdb.org/t/p/w1280/7BsvSuDQuoqhWmU2fL7W2GOcZHU.jpg</thumbnail>
	<fanart>https://image.tmdb.org/t/p/w1280/78PjwaykLY2QqhMfWRDvmfbC6EV.jpg</fanart>
</item>
<item>
	<title>[COLOR=white]Mortal Engines[/COLOR]</title>
	<meta>
	<imdb>tt1571234</imdb>
	<content>movie</content>
	<title>Mortal Engines</title>
	<year>2018</year>
	</meta>
	<link>
	<sublink>search</sublink>
	<sublink>searchsd</sublink>
	</link>
	<thumbnail>https://image.tmdb.org/t/p/w1280/iteUvQKCW0EqNQrIVzZGJntYq9s.jpg</thumbnail>
	<fanart>https://image.tmdb.org/t/p/w1280/jnOuttTfG9KKpmOZtprC4pA1AlZ.jpg</fanart>
</item>
<item>
	<title>[COLOR=white]Mary Poppins Returns[/COLOR]</title>
	<meta>
	<imdb>tt5028340</imdb>
	<content>movie</content>
	<title>Mary Poppins Returns</title>
	<year>2018</year>
	</meta>
	<link>
	<sublink>search</sublink>
	<sublink>searchsd</sublink>
	</link>
	<thumbnail>https://image.tmdb.org/t/p/w1280/uTVGku4LibMGyKgQvjBtv3OYfAX.jpg</thumbnail>
	<fanart>https://image.tmdb.org/t/p/w1280/cwiJQXezWz876K3jS57Sq56RYCZ.jpg</fanart>
</item>
<item>
	<title>[COLOR=white]Triple Frontier[/COLOR]</title>
	<meta>
	<imdb>tt1488606</imdb>
	<content>movie</content>
	<title>Triple Frontier</title>
	<year>2019</year>
	</meta>
	<link>
	<sublink>search</sublink>
	<sublink>searchsd</sublink>
	</link>
	<thumbnail>https://image.tmdb.org/t/p/w1280/aBw8zYuAljVM1FeK5bZKITPH8ZD.jpg</thumbnail>
	<fanart>https://image.tmdb.org/t/p/w1280/s9I2LmQMYCanl6DvC3X1AOHs2r8.jpg</fanart>
</item>
<item>
	<title>[COLOR=white]Bumblebee[/COLOR]</title>
	<meta>
	<imdb>tt4701182</imdb>
	<content>movie</content>
	<title>Bumblebee</title>
	<year>2018</year>
	</meta>
	<link>
	<sublink>search</sublink>
	<sublink>searchsd</sublink>
	</link>
	<thumbnail>https://image.tmdb.org/t/p/w1280/fw02ONlDhrYjTSZV8XO6hhU3ds3.jpg</thumbnail>
	<fanart>https://image.tmdb.org/t/p/w1280/wtZj5nn6hVwgakPdg6y6gm3eFXU.jpg</fanart>
</item>
<item>
	<title>[COLOR=white]The Mule[/COLOR]</title>
	<meta>
	<imdb>tt7959026</imdb>
	<content>movie</content>
	<title>The Mule</title>
	<year>2018</year>
	</meta>
	<link>
	<sublink>search</sublink>
	<sublink>searchsd</sublink>
	</link>
	<thumbnail>https://image.tmdb.org/t/p/w1280/klazQbxk3yfuZ8JcfO9jdKOZQJ7.jpg</thumbnail>
	<fanart>https://image.tmdb.org/t/p/w1280/bTeRgkAavyw1eCtSkaww18wLYNP.jpg</fanart>
</item>
<item>
	<title>[COLOR=white]Dragged Across Concrete[/COLOR]</title>
	<meta>
	<imdb>tt6491178</imdb>
	<content>movie</content>
	<title>Dragged Across Concrete</title>
	<year>2019</year>
	</meta>
	<link>
	<sublink>search</sublink>
	<sublink>searchsd</sublink>
	</link>
	<thumbnail>https://image.tmdb.org/t/p/w1280/fVG4a27ImyPS4vvNMjCtan3QhDl.jpg</thumbnail>
	<fanart>https://image.tmdb.org/t/p/w1280/sZUbg9K8zGiUmeVYSlUNelVcuzM.jpg</fanart>
</item>
<item>
	<title>[COLOR=white]Holmes & Watson[/COLOR]</title>
	<meta>
	<imdb>tt1255919</imdb>
	<content>movie</content>
	<title>Holmes & Watson</title>
	<year>2018</year>
	</meta>
	<link>
	<sublink>search</sublink>
	<sublink>searchsd</sublink>
	</link>
	<thumbnail>https://image.tmdb.org/t/p/w1280/orEUlKndjV1rEcWqXbbjegjfv97.jpg</thumbnail>
	<fanart>https://image.tmdb.org/t/p/w1280/5Zvu4SrY3p9qgnITkCn4jAQwKvB.jpg</fanart>
</item>
<item>
	<title>[COLOR=white]The Dirt[/COLOR]</title>
	<meta>
	<imdb>tt0800325</imdb>
	<content>movie</content>
	<title>The Dirt</title>
	<year>2019</year>
	</meta>
	<link>
	<sublink>search</sublink>
	<sublink>searchsd</sublink>
	</link>
	<thumbnail>https://image.tmdb.org/t/p/w1280/xGY5rr8441ib0lT9mtHZn7e8Aay.jpg</thumbnail>
	<fanart>https://image.tmdb.org/t/p/w1280/lFLwxSd9JReOBBxoUwQFBANcyIl.jpg</fanart>
</item>
<item>
	<title>[COLOR=white]The Highwaymen[/COLOR]</title>
	<meta>
	<imdb>tt1860242</imdb>
	<content>movie</content>
	<title>The Highwaymen</title>
	<year>2019</year>
	</meta>
	<link>
	<sublink>search</sublink>
	<sublink>searchsd</sublink>
	</link>
	<thumbnail>https://image.tmdb.org/t/p/w1280/4bRYg4l12yDuJvAfqvUOPnBrxno.jpg</thumbnail>
	<fanart>https://image.tmdb.org/t/p/w1280/pZ78ksjPlXf3q2EeONN8WdHE03Y.jpg</fanart>
</item>
<item>
	<title>[COLOR=white]Blindspotting[/COLOR]</title>
	<meta>
	<imdb>tt7242142</imdb>
	<content>movie</content>
	<title>Blindspotting</title>
	<year>2018</year>
	</meta>
	<link>
	<sublink>search</sublink>
	<sublink>searchsd</sublink>
	</link>
	<thumbnail>https://image.tmdb.org/t/p/w1280/c4UvwoMmQiztTqeUnExDU5hoCdP.jpg</thumbnail>
	<fanart>https://image.tmdb.org/t/p/w1280/qNYL8EAUPvTaiW1hVavX1vIWVcl.jpg</fanart>
</item>
<item>
	<title>[COLOR=white]Glass[/COLOR]</title>
	<meta>
	<imdb>tt6823368</imdb>
	<content>movie</content>
	<title>Glass</title>
	<year>2019</year>
	</meta>
	<link>
	<sublink>search</sublink>
	<sublink>searchsd</sublink>
	</link>
	<thumbnail>https://image.tmdb.org/t/p/w1280/svIDTNUoajS8dLEo7EosxvyAsgJ.jpg</thumbnail>
	<fanart>https://image.tmdb.org/t/p/w1280/rL1ITQuX0lmSNPu52pRRHUyim5N.jpg</fanart>
</item>
<item>
	<title>[COLOR=white]Suspiria[/COLOR]</title>
	<meta>
	<imdb>tt1034415</imdb>
	<content>movie</content>
	<title>Suspiria</title>
	<year>2018</year>
	</meta>
	<link>
	<sublink>search</sublink>
	<sublink>searchsd</sublink>
	</link>
	<thumbnail>https://image.tmdb.org/t/p/w1280/dzWTnkert9EoiPWldWJ15dnfAFl.jpg</thumbnail>
	<fanart>https://image.tmdb.org/t/p/w1280/AmO8I38bkHwKhgxPNrd6djBQyPU.jpg</fanart>
</item>
<item>
	<title>[COLOR=white]Justice League vs. the Fatal Five[/COLOR]</title>
	<meta>
	<imdb>tt8752474</imdb>
	<content>movie</content>
	<title>Justice League vs. the Fatal Five</title>
	<year>2019</year>
	</meta>
	<link>
	<sublink>search</sublink>
	<sublink>searchsd</sublink>
	</link>
	<thumbnail>https://image.tmdb.org/t/p/w1280/9F4yd1lnTKFHZkme1nuPWmH1hbl.jpg</thumbnail>
	<fanart>https://image.tmdb.org/t/p/w1280/95sZU1pEq410rtKZJU61eZ7mAfs.jpg</fanart>
</item>
<item>
	<title>[COLOR=white]The Kid Who Would Be King[/COLOR]</title>
	<meta>
	<imdb>tt6811018</imdb>
	<content>movie</content>
	<title>The Kid Who Would Be King</title>
	<year>2019</year>
	</meta>
	<link>
	<sublink>search</sublink>
	<sublink>searchsd</sublink>
	</link>
	<thumbnail>https://image.tmdb.org/t/p/w1280/kBuvLX6zynQP0sjyqbXV4jNaZ4E.jpg</thumbnail>
	<fanart>https://image.tmdb.org/t/p/w1280/jmbgxBd86MshzQQvv5laKvOKoMm.jpg</fanart>
</item>
<item>
	<title>[COLOR=white]How to Train Your Dragon: The Hidden World[/COLOR]</title>
	<meta>
	<imdb>tt2386490</imdb>
	<content>movie</content>
	<title>How to Train Your Dragon: The Hidden World</title>
	<year>2019</year>
	</meta>
	<link>
	<sublink>search</sublink>
	<sublink>searchsd</sublink>
	</link>
	<thumbnail>https://image.tmdb.org/t/p/w1280/xvx4Yhf0DVH8G4LzNISpMfFBDy2.jpg</thumbnail>
	<fanart>https://image.tmdb.org/t/p/w1280/lFwykSz3Ykj1Q3JXJURnGUTNf1o.jpg</fanart>
</item>
<item>
	<title>[COLOR=white]Escape Room[/COLOR]</title>
	<meta>
	<imdb>tt5886046</imdb>
	<content>movie</content>
	<title>Escape Room</title>
	<year>2019</year>
	</meta>
	<link>
	<sublink>search</sublink>
	<sublink>searchsd</sublink>
	</link>
	<thumbnail>https://image.tmdb.org/t/p/w1280/8Ls1tZ6qjGzfGHjBB7ihOnf7f0b.jpg</thumbnail>
	<fanart>https://image.tmdb.org/t/p/w1280/mWLljCmpqlcYQh7uh51BBMwCZwN.jpg</fanart>
</item>
<item>
	<title>[COLOR=white]Miss Bala[/COLOR]</title>
	<meta>
	<imdb>tt5941692</imdb>
	<content>movie</content>
	<title>Miss Bala</title>
	<year>2019</year>
	</meta>
	<link>
	<sublink>search</sublink>
	<sublink>searchsd</sublink>
	</link>
	<thumbnail>https://image.tmdb.org/t/p/w1280/ae9yrSAS7nLZPbbkOm61pSuIqeo.jpg</thumbnail>
	<fanart>https://image.tmdb.org/t/p/w1280/5OoR3aVpxXluSCe9P5mhqOa36Gb.jpg</fanart>
</item>
<item>
	<title>[COLOR=white]The Lego Movie 2: The Second Part[/COLOR]</title>
	<meta>
	<imdb>tt3513498</imdb>
	<content>movie</content>
	<title>The Lego Movie 2: The Second Part</title>
	<year>2019</year>
	</meta>
	<link>
	<sublink>search</sublink>
	<sublink>searchsd</sublink>
	</link>
	<thumbnail>https://image.tmdb.org/t/p/w1280/QTESAsBVZwjtGJNDP7utiGV37z.jpg</thumbnail>
	<fanart>https://image.tmdb.org/t/p/w1280/8kPozGb4BDrcWBSsGPrkULG2tP9.jpg</fanart>
</item>
<item>
	<title>[COLOR=white]Isn't It Romantic[/COLOR]</title>
	<meta>
	<imdb>tt2452244</imdb>
	<content>movie</content>
	<title>Isn't It Romantic</title>
	<year>2019</year>
	</meta>
	<link>
	<sublink>search</sublink>
	<sublink>searchsd</sublink>
	</link>
	<thumbnail>https://image.tmdb.org/t/p/w1280/5xNBYXuv8wqiLVDhsfqCOr75DL7.jpg</thumbnail>
	<fanart>https://image.tmdb.org/t/p/w1280/fPwJmIg6CVNNXUJvL1wgeexzwEp.jpg</fanart>
</item>
<item>
	<title>[COLOR=white]Cold Pursuit[/COLOR]</title>
	<meta>
	<imdb>tt5719748</imdb>
	<content>movie</content>
	<title>Cold Pursuit</title>
	<year>2019</year>
	</meta>
	<link>
	<sublink>search</sublink>
	<sublink>searchsd</sublink>
	</link>
	<thumbnail>https://image.tmdb.org/t/p/w1280/hXgmWPd1SuujRZ4QnKLzrj79PAw.jpg</thumbnail>
	<fanart>https://image.tmdb.org/t/p/w1280/aiM3XxYE2JvW1vJ4AC6cI1RjAoT.jpg</fanart>
</item>
<item>
	<title>[COLOR=white]Shadow[/COLOR]</title>
	<meta>
	<imdb>tt6864046</imdb>
	<content>movie</content>
	<title>Shadow</title>
	<year>2018</year>
	</meta>
	<link>
	<sublink>search</sublink>
	<sublink>searchsd</sublink>
	</link>
	<thumbnail>https://image.tmdb.org/t/p/w1280/l4AUvO8XzFUC6UwJqrNiAAD61OA.jpg</thumbnail>
	<fanart>https://image.tmdb.org/t/p/w1280/bk2NtbQh84QEsL2bKVCbFx3ZOUa.jpg</fanart>
</item>
<item>
	<title>[COLOR=white]Captain Marvel[/COLOR]</title>
	<meta>
	<imdb>tt4154664</imdb>
	<content>movie</content>
	<title>Captain Marvel</title>
	<year>2019</year>
	</meta>
	<link>
	<sublink>search</sublink>
	<sublink>searchsd</sublink>
	</link>
	<thumbnail>https://image.tmdb.org/t/p/w1280/AtsgWhDnHTq68L0lLsUrCnM7TjG.jpg</thumbnail>
	<fanart>https://image.tmdb.org/t/p/w1280/w2PMyoyLU22YvrGK3smVM9fW1jj.jpg</fanart>
</item>