<item>
	<title>[COLOR=white]A Fistful of Dollars[/COLOR]</title>
	<meta>
	<imdb>tt0058461</imdb>
	<content>movie</content>
	<title>A Fistful of Dollars</title>
	<year>1964</year>
	</meta>
	<link>
	<sublink>search</sublink>
	<sublink>searchsd</sublink>
	</link>
	<thumbnail>https://image.tmdb.org/t/p/w1280/sFLgxvtK9vxbNq502peVJ847Owp.jpg</thumbnail>
	<fanart>https://image.tmdb.org/t/p/w1280/mndYimxcima4Z5YxH8XngTEGi5L.jpg</fanart>
</item>
<item>
	<title>[COLOR=white]A Good Day to Die Hard[/COLOR]</title>
	<meta>
	<imdb>tt1606378</imdb>
	<content>movie</content>
	<title>A Good Day to Die Hard</title>
	<year>2013</year>
	</meta>
	<link>
	<sublink>search</sublink>
	<sublink>searchsd</sublink>
	</link>
	<thumbnail>https://image.tmdb.org/t/p/w1280/c2SQMd00CCGTiDxGXVqA2J9lmzF.jpg</thumbnail>
	<fanart>https://image.tmdb.org/t/p/w1280/17zArExB7ztm6fjUXZwQWgGMC9f.jpg</fanart>
</item>
<item>
	<title>[COLOR=white]A Nightmare on Elm Street 3: Dream Warriors[/COLOR]</title>
	<meta>
	<imdb>tt0093629</imdb>
	<content>movie</content>
	<title>A Nightmare on Elm Street 3: Dream Warriors</title>
	<year>1987</year>
	</meta>
	<link>
	<sublink>search</sublink>
	<sublink>searchsd</sublink>
	</link>
	<thumbnail>https://image.tmdb.org/t/p/w1280/4aMSIhvShIkDrhOsa0WL6KFwnpD.jpg</thumbnail>
	<fanart>https://image.tmdb.org/t/p/w1280/lNrbMhjhAQK9Hf4Nww7GoBezCMA.jpg</fanart>
</item>
<item>
	<title>[COLOR=white]A Nightmare on Elm Street 4: The Dream Master[/COLOR]</title>
	<meta>
	<imdb>tt0095742</imdb>
	<content>movie</content>
	<title>A Nightmare on Elm Street 4: The Dream Master</title>
	<year>1988</year>
	</meta>
	<link>
	<sublink>search</sublink>
	<sublink>searchsd</sublink>
	</link>
	<thumbnail>https://image.tmdb.org/t/p/w1280/gERdob60xVv0tJ1Kr3XEqqj0KFl.jpg</thumbnail>
	<fanart>https://image.tmdb.org/t/p/w1280/dDn5n9JbGLEthBndWtkW343BhYE.jpg</fanart>
</item>
<item>
	<title>[COLOR=white]A Nightmare on Elm Street Part 2: Freddy's Revenge[/COLOR]</title>
	<meta>
	<imdb>tt0089686</imdb>
	<content>movie</content>
	<title>A Nightmare on Elm Street Part 2: Freddy's Revenge</title>
	<year>1985</year>
	</meta>
	<link>
	<sublink>search</sublink>
	<sublink>searchsd</sublink>
	</link>
	<thumbnail>https://image.tmdb.org/t/p/w1280/seEMZxo6bhHWbWPNcBQfsMAk39F.jpg</thumbnail>
	<fanart>https://image.tmdb.org/t/p/w1280/tJTrNDt1242xe4zlatlZfDMvWjg.jpg</fanart>
</item>
<item>
	<title>[COLOR=white]A Nightmare on Elm Street: The Dream Child[/COLOR]</title>
	<meta>
	<imdb>tt0097981</imdb>
	<content>movie</content>
	<title>A Nightmare on Elm Street: The Dream Child</title>
	<year>1989</year>
	</meta>
	<link>
	<sublink>search</sublink>
	<sublink>searchsd</sublink>
	</link>
	<thumbnail>https://image.tmdb.org/t/p/w1280/vnorsG2pKAVqIMYsDJbKoOr4CsX.jpg</thumbnail>
	<fanart>https://image.tmdb.org/t/p/w1280/7jQ5uwFcMuRL7pmCVDjq7KpBwbU.jpg</fanart>
</item>
<item>
	<title>[COLOR=white]A Nightmare on Elm Street[/COLOR]</title>
	<meta>
	<imdb>tt0087800</imdb>
	<content>movie</content>
	<title>A Nightmare on Elm Street</title>
	<year>1984</year>
	</meta>
	<link>
	<sublink>search</sublink>
	<sublink>searchsd</sublink>
	</link>
	<thumbnail>https://image.tmdb.org/t/p/w1280/sXFlyjfWv544uKOJmPd2vVsaFm9.jpg</thumbnail>
	<fanart>https://image.tmdb.org/t/p/w1280/67qMLI58HmQ5ArBsTVBxG4KHuRJ.jpg</fanart>
</item>
<item>
	<title>[COLOR=white]Austin Powers in Goldmember[/COLOR]</title>
	<meta>
	<imdb>tt0295178</imdb>
	<content>movie</content>
	<title>Austin Powers in Goldmember</title>
	<year>2002</year>
	</meta>
	<link>
	<sublink>search</sublink>
	<sublink>searchsd</sublink>
	</link>
	<thumbnail>https://image.tmdb.org/t/p/w1280/tFR7dTbX5BsmoUwKHfa2cWoZbwK.jpg</thumbnail>
	<fanart>https://image.tmdb.org/t/p/w1280/mzZraP6PV34eVjB8giKbKIMXVeW.jpg</fanart>
</item>
<item>
	<title>[COLOR=white]Austin Powers: International Man of Mystery[/COLOR]</title>
	<meta>
	<imdb>tt0118655</imdb>
	<content>movie</content>
	<title>Austin Powers: International Man of Mystery</title>
	<year>1997</year>
	</meta>
	<link>
	<sublink>search</sublink>
	<sublink>searchsd</sublink>
	</link>
	<thumbnail>https://image.tmdb.org/t/p/w1280/mLVymsqdkwNNKjw2ZXn8fkor3om.jpg</thumbnail>
	<fanart>https://image.tmdb.org/t/p/w1280/6gmN7Nskw3sHo64hKtV3prbSnG2.jpg</fanart>
</item>
<item>
	<title>[COLOR=white]Austin Powers: The Spy Who Shagged Me[/COLOR]</title>
	<meta>
	<imdb>tt0145660</imdb>
	<content>movie</content>
	<title>Austin Powers: The Spy Who Shagged Me</title>
	<year>1999</year>
	</meta>
	<link>
	<sublink>search</sublink>
	<sublink>searchsd</sublink>
	</link>
	<thumbnail>https://image.tmdb.org/t/p/w1280/yhg0l1Ddd2thQOSUUQx9jBrGI12.jpg</thumbnail>
	<fanart>https://image.tmdb.org/t/p/w1280/84gZXcZlpVJcYUqQ4k3Qjc9s6Ke.jpg</fanart>
</item>
<item>
	<title>[COLOR=white]Back to the Future Part III[/COLOR]</title>
	<meta>
	<imdb>tt0099088</imdb>
	<content>movie</content>
	<title>Back to the Future Part III</title>
	<year>1990</year>
	</meta>
	<link>
	<sublink>search</sublink>
	<sublink>searchsd</sublink>
	</link>
	<thumbnail>https://image.tmdb.org/t/p/w1280/6DmgPTZYaug7QNDjOhUDWyjOQDl.jpg</thumbnail>
	<fanart>https://image.tmdb.org/t/p/w1280/pP2a4MBQbIeZMbErBWMjxTT5Npb.jpg</fanart>
</item>
<item>
	<title>[COLOR=white]Back to the Future Part II[/COLOR]</title>
	<meta>
	<imdb>tt0096874</imdb>
	<content>movie</content>
	<title>Back to the Future Part II</title>
	<year>1989</year>
	</meta>
	<link>
	<sublink>search</sublink>
	<sublink>searchsd</sublink>
	</link>
	<thumbnail>https://image.tmdb.org/t/p/w1280/k5dzvCQkXU2CAhLtlj9BHE7xmyK.jpg</thumbnail>
	<fanart>https://image.tmdb.org/t/p/w1280/snLFUFzWUZCdYkAbhZlaGJxiY3I.jpg</fanart>
</item>
<item>
	<title>[COLOR=white]Back to the Future[/COLOR]</title>
	<meta>
	<imdb>tt0088763</imdb>
	<content>movie</content>
	<title>Back to the Future</title>
	<year>1985</year>
	</meta>
	<link>
	<sublink>search</sublink>
	<sublink>searchsd</sublink>
	</link>
	<thumbnail>https://image.tmdb.org/t/p/w1280/pTpxQB1N0waaSc3OSn0e9oc8kx9.jpg</thumbnail>
	<fanart>https://image.tmdb.org/t/p/w1280/x4N74cycZvKu5k3KDERJay4ajR3.jpg</fanart>
</item>
<item>
	<title>[COLOR=white]Batman & Robin[/COLOR]</title>
	<meta>
	<imdb>tt0118688</imdb>
	<content>movie</content>
	<title>Batman & Robin</title>
	<year>1997</year>
	</meta>
	<link>
	<sublink>search</sublink>
	<sublink>searchsd</sublink>
	</link>
	<thumbnail>https://image.tmdb.org/t/p/w1280/79AYCcxw3kSKbhGpx1LiqaCAbwo.jpg</thumbnail>
	<fanart>https://image.tmdb.org/t/p/w1280/GesgsgLb2e3q7sKRgRCAQAOrXc.jpg</fanart>
</item>
<item>
	<title>[COLOR=white]Batman Begins[/COLOR]</title>
	<meta>
	<imdb>tt0372784</imdb>
	<content>movie</content>
	<title>Batman Begins</title>
	<year>2005</year>
	</meta>
	<link>
	<sublink>search</sublink>
	<sublink>searchsd</sublink>
	</link>
	<thumbnail>https://image.tmdb.org/t/p/w1280/dr6x4GyyegBWtinPBzipY02J2lV.jpg</thumbnail>
	<fanart>https://image.tmdb.org/t/p/w1280/9myrRcegWGGp24mpVfkD4zhUfhi.jpg</fanart>
</item>
<item>
	<title>[COLOR=white]Batman Forever[/COLOR]</title>
	<meta>
	<imdb>tt0112462</imdb>
	<content>movie</content>
	<title>Batman Forever</title>
	<year>1995</year>
	</meta>
	<link>
	<sublink>search</sublink>
	<sublink>searchsd</sublink>
	</link>
	<thumbnail>https://image.tmdb.org/t/p/w1280/eTMrHEhlFPHNxpqGwpGGTdAa0xV.jpg</thumbnail>
	<fanart>https://image.tmdb.org/t/p/w1280/rI67zGyNZKa7ef8iiZN1lSJT7mp.jpg</fanart>
</item>
<item>
	<title>[COLOR=white]Batman Returns[/COLOR]</title>
	<meta>
	<imdb>tt0103776</imdb>
	<content>movie</content>
	<title>Batman Returns</title>
	<year>1992</year>
	</meta>
	<link>
	<sublink>search</sublink>
	<sublink>searchsd</sublink>
	</link>
	<thumbnail>https://image.tmdb.org/t/p/w1280/jKBjeXM7iBBV9UkUcOXx3m7FSHY.jpg</thumbnail>
	<fanart>https://image.tmdb.org/t/p/w1280/wNIE5dpkiHU2csDRptMutFjAGiV.jpg</fanart>
</item>
<item>
	<title>[COLOR=white]Batman[/COLOR]</title>
	<meta>
	<imdb>tt0096895</imdb>
	<content>movie</content>
	<title>Batman</title>
	<year>1989</year>
	</meta>
	<link>
	<sublink>search</sublink>
	<sublink>searchsd</sublink>
	</link>
	<thumbnail>https://image.tmdb.org/t/p/w1280/kBf3g9crrADGMc2AMAMlLBgSm2h.jpg</thumbnail>
	<fanart>https://image.tmdb.org/t/p/w1280/2blmxp2pr4BhwQr74AdCfwgfMOb.jpg</fanart>
</item>
<item>
	<title>[COLOR=white]Beverly Hills Cop III[/COLOR]</title>
	<meta>
	<imdb>tt0109254</imdb>
	<content>movie</content>
	<title>Beverly Hills Cop III</title>
	<year>1994</year>
	</meta>
	<link>
	<sublink>search</sublink>
	<sublink>searchsd</sublink>
	</link>
	<thumbnail>https://image.tmdb.org/t/p/w1280/tw9gAhqQcBFX0X0XfVbWqUsmzoU.jpg</thumbnail>
	<fanart>https://image.tmdb.org/t/p/w1280/9En9020IPIGzVW4cgaqmSMCNNiw.jpg</fanart>
</item>
<item>
	<title>[COLOR=white]Beverly Hills Cop II[/COLOR]</title>
	<meta>
	<imdb>tt0092644</imdb>
	<content>movie</content>
	<title>Beverly Hills Cop II</title>
	<year>1987</year>
	</meta>
	<link>
	<sublink>search</sublink>
	<sublink>searchsd</sublink>
	</link>
	<thumbnail>https://image.tmdb.org/t/p/w1280/2y1z1baxKT0coTTRlnkI6McnR9f.jpg</thumbnail>
	<fanart>https://image.tmdb.org/t/p/w1280/mXenFohxCO4jQ0e1bJf4e9gebxL.jpg</fanart>
</item>
<item>
	<title>[COLOR=white]Beverly Hills Cop[/COLOR]</title>
	<meta>
	<imdb>tt0086960</imdb>
	<content>movie</content>
	<title>Beverly Hills Cop</title>
	<year>1984</year>
	</meta>
	<link>
	<sublink>search</sublink>
	<sublink>searchsd</sublink>
	</link>
	<thumbnail>https://image.tmdb.org/t/p/w1280/eEm00B2qO4j4gGH9PDg8dHvyApD.jpg</thumbnail>
	<fanart>https://image.tmdb.org/t/p/w1280/gmV4lsRAAtgdTysO3FwTxN8wevb.jpg</fanart>
</item>
<item>
	<title>[COLOR=white]Bill & Ted's Bogus Journey[/COLOR]</title>
	<meta>
	<imdb>tt0101452</imdb>
	<content>movie</content>
	<title>Bill & Ted's Bogus Journey</title>
	<year>1991</year>
	</meta>
	<link>
	<sublink>search</sublink>
	<sublink>searchsd</sublink>
	</link>
	<thumbnail>https://image.tmdb.org/t/p/w1280/q8ssJWstfsWHmmFdigDk4r3l5gM.jpg</thumbnail>
	<fanart>https://image.tmdb.org/t/p/w1280/wLlCWH8TaoXYL7IurG0NCivZMRA.jpg</fanart>
</item>
<item>
	<title>[COLOR=white]Bill & Ted's Excellent Adventure[/COLOR]</title>
	<meta>
	<imdb>tt0096928</imdb>
	<content>movie</content>
	<title>Bill & Ted's Excellent Adventure</title>
	<year>1989</year>
	</meta>
	<link>
	<sublink>search</sublink>
	<sublink>searchsd</sublink>
	</link>
	<thumbnail>https://image.tmdb.org/t/p/w1280/b2yKJ1STPklVSRtso2Tg4TPXK7u.jpg</thumbnail>
	<fanart>https://image.tmdb.org/t/p/w1280/ca925HbhdgTdjEs3VGg3SX0k86a.jpg</fanart>
</item>
<item>
	<title>[COLOR=white]Bride of Chucky[/COLOR]</title>
	<meta>
	<imdb>tt0144120</imdb>
	<content>movie</content>
	<title>Bride of Chucky</title>
	<year>1998</year>
	</meta>
	<link>
	<sublink>search</sublink>
	<sublink>searchsd</sublink>
	</link>
	<thumbnail>https://image.tmdb.org/t/p/w1280/u5Lc1Li0Hpc452o57E2KaToezZX.jpg</thumbnail>
	<fanart>https://image.tmdb.org/t/p/w1280/8m5RYjYDcsZyFFP0rsfAGJj2lU5.jpg</fanart>
</item>
<item>
	<title>[COLOR=white]Child's Play 2[/COLOR]</title>
	<meta>
	<imdb>tt0099253</imdb>
	<content>movie</content>
	<title>Child's Play 2</title>
	<year>1990</year>
	</meta>
	<link>
	<sublink>search</sublink>
	<sublink>searchsd</sublink>
	</link>
	<thumbnail>https://image.tmdb.org/t/p/w1280/xy0qUntbDOVgiTDvSIFlSM3MMzP.jpg</thumbnail>
	<fanart>https://image.tmdb.org/t/p/w1280/qq0204J5V6uYk0bb7HNw8cYe2ld.jpg</fanart>
</item>
<item>
	<title>[COLOR=white]Child's Play 3[/COLOR]</title>
	<meta>
	<imdb>tt0103956</imdb>
	<content>movie</content>
	<title>Child's Play 3</title>
	<year>1991</year>
	</meta>
	<link>
	<sublink>search</sublink>
	<sublink>searchsd</sublink>
	</link>
	<thumbnail>https://image.tmdb.org/t/p/w1280/pDko1kIkrCaHBSfBj7pAJu1Diss.jpg</thumbnail>
	<fanart>https://image.tmdb.org/t/p/w1280/kHGLUgNsjTNsDAgXMvYH7J48Ikx.jpg</fanart>
</item>
<item>
	<title>[COLOR=white]Child's Play[/COLOR]</title>
	<meta>
	<imdb>tt0094862</imdb>
	<content>movie</content>
	<title>Child's Play</title>
	<year>1988</year>
	</meta>
	<link>
	<sublink>search</sublink>
	<sublink>searchsd</sublink>
	</link>
	<thumbnail>https://image.tmdb.org/t/p/w1280/dSX9i2buibfyKFRpK2kOe6rtl5R.jpg</thumbnail>
	<fanart>https://image.tmdb.org/t/p/w1280/8DkJrxEyRN8gTseEhajybpC5smK.jpg</fanart>
</item>
<item>
	<title>[COLOR=white]Creed[/COLOR]</title>
	<meta>
	<imdb>tt3076658</imdb>
	<content>movie</content>
	<title>Creed</title>
	<year>2015</year>
	</meta>
	<link>
	<sublink>search</sublink>
	<sublink>searchsd</sublink>
	</link>
	<thumbnail>https://image.tmdb.org/t/p/w1280/hKzhV274pkZBSpXfCjUyzbyYKLl.jpg</thumbnail>
	<fanart>https://image.tmdb.org/t/p/w1280/fs2yhdSCzMVlNECrN84WuCkgXov.jpg</fanart>
</item>
<item>
	<title>[COLOR=white]Critters 2[/COLOR]</title>
	<meta>
	<imdb>tt0094919</imdb>
	<content>movie</content>
	<title>Critters 2</title>
	<year>1988</year>
	</meta>
	<link>
	<sublink>search</sublink>
	<sublink>searchsd</sublink>
	</link>
	<thumbnail>https://image.tmdb.org/t/p/w1280/lAtrBWgZ4V4dVcQQZXRKpuewNug.jpg</thumbnail>
	<fanart>https://image.tmdb.org/t/p/w1280/9N7Xu2NZAHTvNRddHLSW4H1GBp4.jpg</fanart>
</item>
<item>
	<title>[COLOR=white]Critters 3[/COLOR]</title>
	<meta>
	<imdb>tt0101627</imdb>
	<content>movie</content>
	<title>Critters 3</title>
	<year>1991</year>
	</meta>
	<link>
	<sublink>search</sublink>
	<sublink>searchsd</sublink>
	</link>
	<thumbnail>https://image.tmdb.org/t/p/w1280/zImPNGAVoTK1GmwcSkE0tx6el1N.jpg</thumbnail>
	<fanart>https://image.tmdb.org/t/p/w1280/lvpUnrcrP4PUEz06DvKlDN7wU1V.jpg</fanart>
</item>
<item>
	<title>[COLOR=white]Critters 4[/COLOR]</title>
	<meta>
	<imdb>tt0101628</imdb>
	<content>movie</content>
	<title>Critters 4</title>
	<year>1992</year>
	</meta>
	<link>
	<sublink>search</sublink>
	<sublink>searchsd</sublink>
	</link>
	<thumbnail>https://image.tmdb.org/t/p/w1280/qUR8DJEOASIZtIzC8Civ6lSagPi.jpg</thumbnail>
	<fanart>https://image.tmdb.org/t/p/w1280/7GHXvhvildJxOnoK6EkufJa7LSl.jpg</fanart>
</item>
<item>
	<title>[COLOR=white]Critters[/COLOR]</title>
	<meta>
	<imdb>tt0090887</imdb>
	<content>movie</content>
	<title>Critters</title>
	<year>1986</year>
	</meta>
	<link>
	<sublink>search</sublink>
	<sublink>searchsd</sublink>
	</link>
	<thumbnail>https://image.tmdb.org/t/p/w1280/zLL6nX13AfigvvNQ9GyNXhKVrmg.jpg</thumbnail>
	<fanart>https://image.tmdb.org/t/p/w1280/dqUw5SO18T8qFs8A0NVq85M5Of3.jpg</fanart>
</item>
<item>
	<title>[COLOR=white]Curse of Chucky[/COLOR]</title>
	<meta>
	<imdb>tt2230358</imdb>
	<content>movie</content>
	<title>Curse of Chucky</title>
	<year>2013</year>
	</meta>
	<link>
	<sublink>search</sublink>
	<sublink>searchsd</sublink>
	</link>
	<thumbnail>https://image.tmdb.org/t/p/w1280/qoFfZa6b9xsr1dJwdb6SCiw2KHs.jpg</thumbnail>
	<fanart>https://image.tmdb.org/t/p/w1280/e95CLG02scalwpHgR0BSCUXWeE3.jpg</fanart>
</item>
<item>
	<title>[COLOR=white]Die Hard 2[/COLOR]</title>
	<meta>
	<imdb>tt0099423</imdb>
	<content>movie</content>
	<title>Die Hard 2</title>
	<year>1990</year>
	</meta>
	<link>
	<sublink>search</sublink>
	<sublink>searchsd</sublink>
	</link>
	<thumbnail>https://image.tmdb.org/t/p/w1280/zSgL998DXaljsCmwQuwDM8Ak4rV.jpg</thumbnail>
	<fanart>https://image.tmdb.org/t/p/w1280/kywkOlRpYtfVlar41R1s8lO46vD.jpg</fanart>
</item>
<item>
	<title>[COLOR=white]Die Hard: With a Vengeance[/COLOR]</title>
	<meta>
	<imdb>tt0112864</imdb>
	<content>movie</content>
	<title>Die Hard: With a Vengeance</title>
	<year>1995</year>
	</meta>
	<link>
	<sublink>search</sublink>
	<sublink>searchsd</sublink>
	</link>
	<thumbnail>https://image.tmdb.org/t/p/w1280/ivpXGcsPZglyYrN65THWSD7JM3q.jpg</thumbnail>
	<fanart>https://image.tmdb.org/t/p/w1280/aJCEQFFXNcfg5YneJzTG15qzxF7.jpg</fanart>
</item>
<item>
	<title>[COLOR=white]Die Hard[/COLOR]</title>
	<meta>
	<imdb>tt0095016</imdb>
	<content>movie</content>
	<title>Die Hard</title>
	<year>1988</year>
	</meta>
	<link>
	<sublink>search</sublink>
	<sublink>searchsd</sublink>
	</link>
	<thumbnail>https://image.tmdb.org/t/p/w1280/mc7MubOLcIw3MDvnuQFrO9psfCa.jpg</thumbnail>
	<fanart>https://image.tmdb.org/t/p/w1280/eg049B1TJdWuKuyKowNmhZxNToc.jpg</fanart>
</item>
<item>
	<title>[COLOR=white]Final Destination 2[/COLOR]</title>
	<meta>
	<imdb>tt0309593</imdb>
	<content>movie</content>
	<title>Final Destination 2</title>
	<year>2003</year>
	</meta>
	<link>
	<sublink>search</sublink>
	<sublink>searchsd</sublink>
	</link>
	<thumbnail>https://image.tmdb.org/t/p/w1280/2Tj8YJJuahzwUbdYDgydYX4Yj4Y.jpg</thumbnail>
	<fanart>https://image.tmdb.org/t/p/w1280/59xu0cANg5kIv0wqOIIr0990iBC.jpg</fanart>
</item>
<item>
	<title>[COLOR=white]Final Destination 3[/COLOR]</title>
	<meta>
	<imdb>tt0414982</imdb>
	<content>movie</content>
	<title>Final Destination 3</title>
	<year>2006</year>
	</meta>
	<link>
	<sublink>search</sublink>
	<sublink>searchsd</sublink>
	</link>
	<thumbnail>https://image.tmdb.org/t/p/w1280/p7ARuNKUGPGvkBiDtIDvAzYzonX.jpg</thumbnail>
	<fanart>https://image.tmdb.org/t/p/w1280/6sCto39wgQGCzDojAr5c4UPBjDZ.jpg</fanart>
</item>
<item>
	<title>[COLOR=white]Final Destination 5[/COLOR]</title>
	<meta>
	<imdb>tt1622979</imdb>
	<content>movie</content>
	<title>Final Destination 5</title>
	<year>2011</year>
	</meta>
	<link>
	<sublink>search</sublink>
	<sublink>searchsd</sublink>
	</link>
	<thumbnail>https://image.tmdb.org/t/p/w1280/m4xhyjrybUGGY2p6bjrF4AO5Osl.jpg</thumbnail>
	<fanart>https://image.tmdb.org/t/p/w1280/3ngwmwSSSymtg7XXw2rgjnML2yT.jpg</fanart>
</item>
<item>
	<title>[COLOR=white]Final Destination[/COLOR]</title>
	<meta>
	<imdb>tt0195714</imdb>
	<content>movie</content>
	<title>Final Destination</title>
	<year>2000</year>
	</meta>
	<link>
	<sublink>search</sublink>
	<sublink>searchsd</sublink>
	</link>
	<thumbnail>https://image.tmdb.org/t/p/w1280/nW6JfCIWqUpIESlras0nrVy4pCl.jpg</thumbnail>
	<fanart>https://image.tmdb.org/t/p/w1280/pkqsU4ufXilO4ajJSdButxj8xCJ.jpg</fanart>
</item>
<item>
	<title>[COLOR=white]First Blood[/COLOR]</title>
	<meta>
	<imdb>tt0083944</imdb>
	<content>movie</content>
	<title>First Blood</title>
	<year>1982</year>
	</meta>
	<link>
	<sublink>search</sublink>
	<sublink>searchsd</sublink>
	</link>
	<thumbnail>https://image.tmdb.org/t/p/w1280/bbYNNEGLXrV3lJpHDg7CKaPscCb.jpg</thumbnail>
	<fanart>https://image.tmdb.org/t/p/w1280/xiBsA8Qj5KhO4cUKz6RHDtKpBGs.jpg</fanart>
</item>
<item>
	<title>[COLOR=white]For a Few Dollars More[/COLOR]</title>
	<meta>
	<imdb>tt0059578</imdb>
	<content>movie</content>
	<title>For a Few Dollars More</title>
	<year>1965</year>
	</meta>
	<link>
	<sublink>search</sublink>
	<sublink>searchsd</sublink>
	</link>
	<thumbnail>https://image.tmdb.org/t/p/w1280/f5cEyMeoSUc5AB7o8WDgFKR8EtY.jpg</thumbnail>
	<fanart>https://image.tmdb.org/t/p/w1280/f61COvOzOOIwx7whPl5Yj78s9gY.jpg</fanart>
</item>
<item>
	<title>[COLOR=white]Freddy vs. Jason[/COLOR]</title>
	<meta>
	<imdb>tt0329101</imdb>
	<content>movie</content>
	<title>Freddy vs. Jason</title>
	<year>2003</year>
	</meta>
	<link>
	<sublink>search</sublink>
	<sublink>searchsd</sublink>
	</link>
	<thumbnail>https://image.tmdb.org/t/p/w1280/smD9JEIKuvsllgjgrGTOzzbATeN.jpg</thumbnail>
	<fanart>https://image.tmdb.org/t/p/w1280/pHPi34ysBhhLVM9LVKwJ0nJPFqN.jpg</fanart>
</item>
<item>
	<title>[COLOR=white]Freddy's Dead: The Final Nightmare[/COLOR]</title>
	<meta>
	<imdb>tt0101917</imdb>
	<content>movie</content>
	<title>Freddy's Dead: The Final Nightmare</title>
	<year>1991</year>
	</meta>
	<link>
	<sublink>search</sublink>
	<sublink>searchsd</sublink>
	</link>
	<thumbnail>https://image.tmdb.org/t/p/w1280/m4IFNmheHcjbLsVWbUq9TIpWL5S.jpg</thumbnail>
	<fanart>https://image.tmdb.org/t/p/w1280/atDDJBJ9eUeXbySh6wFbUBIQlQ1.jpg</fanart>
</item>
<item>
	<title>[COLOR=white]Friday the 13th Part 2[/COLOR]</title>
	<meta>
	<imdb>tt0082418</imdb>
	<content>movie</content>
	<title>Friday the 13th Part 2</title>
	<year>1981</year>
	</meta>
	<link>
	<sublink>search</sublink>
	<sublink>searchsd</sublink>
	</link>
	<thumbnail>https://image.tmdb.org/t/p/w1280/92rGctBMTv4uaSlIBVnhz01kRWL.jpg</thumbnail>
	<fanart>https://image.tmdb.org/t/p/w1280/mshdRsIOPgzIMdcHUD4I5TUf7kT.jpg</fanart>
</item>
<item>
	<title>[COLOR=white]Friday the 13th Part III[/COLOR]</title>
	<meta>
	<imdb>tt0083972</imdb>
	<content>movie</content>
	<title>Friday the 13th Part III</title>
	<year>1982</year>
	</meta>
	<link>
	<sublink>search</sublink>
	<sublink>searchsd</sublink>
	</link>
	<thumbnail>https://image.tmdb.org/t/p/w1280/5wg2NZyIhcMbIBAahBODXHyJ54S.jpg</thumbnail>
	<fanart>https://image.tmdb.org/t/p/w1280/4L1MSZo8dQ20x4AhBDKfDs1cOjs.jpg</fanart>
</item>
<item>
	<title>[COLOR=white]Friday the 13th Part VI: Jason Lives[/COLOR]</title>
	<meta>
	<imdb>tt0091080</imdb>
	<content>movie</content>
	<title>Friday the 13th Part VI: Jason Lives</title>
	<year>1986</year>
	</meta>
	<link>
	<sublink>search</sublink>
	<sublink>searchsd</sublink>
	</link>
	<thumbnail>https://image.tmdb.org/t/p/w1280/527lL7kLmvxLXnMoaMrKashaC58.jpg</thumbnail>
	<fanart>https://image.tmdb.org/t/p/w1280/lxZxbLpg4JhGptq0CejbElATU98.jpg</fanart>
</item>
<item>
	<title>[COLOR=white]Friday the 13th Part VII: The New Blood[/COLOR]</title>
	<meta>
	<imdb>tt0095179</imdb>
	<content>movie</content>
	<title>Friday the 13th Part VII: The New Blood</title>
	<year>1988</year>
	</meta>
	<link>
	<sublink>search</sublink>
	<sublink>searchsd</sublink>
	</link>
	<thumbnail>https://image.tmdb.org/t/p/w1280/2Tyr422N8ivi9TfA9BAP896Z6Q.jpg</thumbnail>
	<fanart>https://image.tmdb.org/t/p/w1280/lugW6YkOPxkTFb12mWmW53etfUR.jpg</fanart>
</item>
<item>
	<title>[COLOR=white]Friday the 13th Part VIII: Jason Takes Manhattan[/COLOR]</title>
	<meta>
	<imdb>tt0097388</imdb>
	<content>movie</content>
	<title>Friday the 13th Part VIII: Jason Takes Manhattan</title>
	<year>1989</year>
	</meta>
	<link>
	<sublink>search</sublink>
	<sublink>searchsd</sublink>
	</link>
	<thumbnail>https://image.tmdb.org/t/p/w1280/s5U5JgPpgfTnbGxQF2bOlfqqz5b.jpg</thumbnail>
	<fanart>https://image.tmdb.org/t/p/w1280/9jK1QitHHj9ffaqWZJuCp5FFihF.jpg</fanart>
</item>
<item>
	<title>[COLOR=white]Friday the 13th: A New Beginning[/COLOR]</title>
	<meta>
	<imdb>tt0089173</imdb>
	<content>movie</content>
	<title>Friday the 13th: A New Beginning</title>
	<year>1985</year>
	</meta>
	<link>
	<sublink>search</sublink>
	<sublink>searchsd</sublink>
	</link>
	<thumbnail>https://image.tmdb.org/t/p/w1280/ewnIs4aCuWnKQ13Eaj8f3ybrQc8.jpg</thumbnail>
	<fanart>https://image.tmdb.org/t/p/w1280/1KEbXBRupVIm0JDbHgZ23nEFEL4.jpg</fanart>
</item>
<item>
	<title>[COLOR=white]Friday the 13th: The Final Chapter[/COLOR]</title>
	<meta>
	<imdb>tt0087298</imdb>
	<content>movie</content>
	<title>Friday the 13th: The Final Chapter</title>
	<year>1984</year>
	</meta>
	<link>
	<sublink>search</sublink>
	<sublink>searchsd</sublink>
	</link>
	<thumbnail>https://image.tmdb.org/t/p/w1280/p5wiO9KgZH78Kvo1L6dPz8uECJ9.jpg</thumbnail>
	<fanart>https://image.tmdb.org/t/p/w1280/AqbBb1tL9pCdDovZSKCEGDWFhsN.jpg</fanart>
</item>
<item>
	<title>[COLOR=white]Friday the 13th[/COLOR]</title>
	<meta>
	<imdb>tt0080761</imdb>
	<content>movie</content>
	<title>Friday the 13th</title>
	<year>1980</year>
	</meta>
	<link>
	<sublink>search</sublink>
	<sublink>searchsd</sublink>
	</link>
	<thumbnail>https://image.tmdb.org/t/p/w1280/4nbUlVEg31I8lchI3bu3Oq3Ks4t.jpg</thumbnail>
	<fanart>https://image.tmdb.org/t/p/w1280/d1DyIWgc80ufW2ENGOMNZRbpq4x.jpg</fanart>
</item>
<item>
	<title>[COLOR=white]Gremlins 2: The New Batch[/COLOR]</title>
	<meta>
	<imdb>tt0099700</imdb>
	<content>movie</content>
	<title>Gremlins 2: The New Batch</title>
	<year>1990</year>
	</meta>
	<link>
	<sublink>search</sublink>
	<sublink>searchsd</sublink>
	</link>
	<thumbnail>https://image.tmdb.org/t/p/w1280/mkWD9W27JYmQPbgcryPBdI2cF4r.jpg</thumbnail>
	<fanart>https://image.tmdb.org/t/p/w1280/4GbP532VkFcOng4vBaF5VMjXR26.jpg</fanart>
</item>
<item>
	<title>[COLOR=white]Gremlins[/COLOR]</title>
	<meta>
	<imdb>tt0087363</imdb>
	<content>movie</content>
	<title>Gremlins</title>
	<year>1984</year>
	</meta>
	<link>
	<sublink>search</sublink>
	<sublink>searchsd</sublink>
	</link>
	<thumbnail>https://image.tmdb.org/t/p/w1280/5t16qsvUmksew50X0o6D5y0lrJM.jpg</thumbnail>
	<fanart>https://image.tmdb.org/t/p/w1280/xZ5SUO6YtIcSwRuKZhNLBfCJzpv.jpg</fanart>
</item>
<item>
	<title>[COLOR=white]Hannibal[/COLOR]</title>
	<meta>
	<imdb>tt0212985</imdb>
	<content>movie</content>
	<title>Hannibal</title>
	<year>2001</year>
	</meta>
	<link>
	<sublink>search</sublink>
	<sublink>searchsd</sublink>
	</link>
	<thumbnail>https://image.tmdb.org/t/p/w1280/v5wAZwRqpGWmyAaaJ8BBHYuNXnj.jpg</thumbnail>
	<fanart>https://image.tmdb.org/t/p/w1280/uq53wVM1DLRmKlgLmIs60mBvlP3.jpg</fanart>
</item>
<item>
	<title>[COLOR=white]Home Alone 2: Lost in New York[/COLOR]</title>
	<meta>
	<imdb>tt0104431</imdb>
	<content>movie</content>
	<title>Home Alone 2: Lost in New York</title>
	<year>1992</year>
	</meta>
	<link>
	<sublink>search</sublink>
	<sublink>searchsd</sublink>
	</link>
	<thumbnail>https://image.tmdb.org/t/p/w1280/ezGcLFTvwR64I3Z7RqHnXRFet4r.jpg</thumbnail>
	<fanart>https://image.tmdb.org/t/p/w1280/dS1EMlZK8Axj5wrgRpWGLOb85KN.jpg</fanart>
</item>
<item>
	<title>[COLOR=white]Home Alone[/COLOR]</title>
	<meta>
	<imdb>tt0099785</imdb>
	<content>movie</content>
	<title>Home Alone</title>
	<year>1990</year>
	</meta>
	<link>
	<sublink>search</sublink>
	<sublink>searchsd</sublink>
	</link>
	<thumbnail>https://image.tmdb.org/t/p/w1280/5Lo3sWuvbO4AnrAHYBgB5U1Opqd.jpg</thumbnail>
	<fanart>https://image.tmdb.org/t/p/w1280/bD5bJcjr14hnkWS11soQepslUmz.jpg</fanart>
</item>
<item>
	<title>[COLOR=white]Hot Shots! Part Deux[/COLOR]</title>
	<meta>
	<imdb>tt0107144</imdb>
	<content>movie</content>
	<title>Hot Shots! Part Deux</title>
	<year>1993</year>
	</meta>
	<link>
	<sublink>search</sublink>
	<sublink>searchsd</sublink>
	</link>
	<thumbnail>https://image.tmdb.org/t/p/w1280/3vILyxwmL4hcqiik638l8lL2d4h.jpg</thumbnail>
	<fanart>https://image.tmdb.org/t/p/w1280/4nYzn99ZPfAEQY4ypopoXa7RdPU.jpg</fanart>
</item>
<item>
	<title>[COLOR=white]Hot Shots![/COLOR]</title>
	<meta>
	<imdb>tt0102059</imdb>
	<content>movie</content>
	<title>Hot Shots!</title>
	<year>1991</year>
	</meta>
	<link>
	<sublink>search</sublink>
	<sublink>searchsd</sublink>
	</link>
	<thumbnail>https://image.tmdb.org/t/p/w1280/2e9g8SEXBmFysLKJZOb64ecWVTq.jpg</thumbnail>
	<fanart>https://image.tmdb.org/t/p/w1280/AfvHMk4no96xqC2lEckA65sbct0.jpg</fanart>
</item>
<item>
	<title>[COLOR=white]Indiana Jones and the Kingdom of the Crystal Skull[/COLOR]</title>
	<meta>
	<imdb>tt0367882</imdb>
	<content>movie</content>
	<title>Indiana Jones and the Kingdom of the Crystal Skull</title>
	<year>2008</year>
	</meta>
	<link>
	<sublink>search</sublink>
	<sublink>searchsd</sublink>
	</link>
	<thumbnail>https://image.tmdb.org/t/p/w1280/qY1x6v5daMDTr904G3y84WVgpfC.jpg</thumbnail>
	<fanart>https://image.tmdb.org/t/p/w1280/m9vS8UfYd9XZedhO7ifpAznxSOj.jpg</fanart>
</item>
<item>
	<title>[COLOR=white]Indiana Jones and the Last Crusade[/COLOR]</title>
	<meta>
	<imdb>tt0097576</imdb>
	<content>movie</content>
	<title>Indiana Jones and the Last Crusade</title>
	<year>1989</year>
	</meta>
	<link>
	<sublink>search</sublink>
	<sublink>searchsd</sublink>
	</link>
	<thumbnail>https://image.tmdb.org/t/p/w1280/4p1N2Qrt8j0H8xMHMHvtRxv9weZ.jpg</thumbnail>
	<fanart>https://image.tmdb.org/t/p/w1280/vfvVuu1JdnEGcyZUj7VHrhhbeMj.jpg</fanart>
</item>
<item>
	<title>[COLOR=white]Indiana Jones and the Temple of Doom[/COLOR]</title>
	<meta>
	<imdb>tt0087469</imdb>
	<content>movie</content>
	<title>Indiana Jones and the Temple of Doom</title>
	<year>1984</year>
	</meta>
	<link>
	<sublink>search</sublink>
	<sublink>searchsd</sublink>
	</link>
	<thumbnail>https://image.tmdb.org/t/p/w1280/f2nTRKk2zGdUTE7tLJ5EGGSuKA6.jpg</thumbnail>
	<fanart>https://image.tmdb.org/t/p/w1280/mWuFDpOxXJpPxLM3p8f3w02pBb2.jpg</fanart>
</item>
<item>
	<title>[COLOR=white]Insidious: Chapter 2[/COLOR]</title>
	<meta>
	<imdb>tt2226417</imdb>
	<content>movie</content>
	<title>Insidious: Chapter 2</title>
	<year>2013</year>
	</meta>
	<link>
	<sublink>search</sublink>
	<sublink>searchsd</sublink>
	</link>
	<thumbnail>https://image.tmdb.org/t/p/w1280/vmWgw1Lsc6bHThA6S2k8fPsROaI.jpg</thumbnail>
	<fanart>https://image.tmdb.org/t/p/w1280/59baGxEztxeXW1oFjs8EBgXxTXk.jpg</fanart>
</item>
<item>
	<title>[COLOR=white]Insidious: Chapter 3[/COLOR]</title>
	<meta>
	<imdb>tt3195644</imdb>
	<content>movie</content>
	<title>Insidious: Chapter 3</title>
	<year>2015</year>
	</meta>
	<link>
	<sublink>search</sublink>
	<sublink>searchsd</sublink>
	</link>
	<thumbnail>https://image.tmdb.org/t/p/w1280/ixANIbPRTNMAstlqJa2FlfBesyQ.jpg</thumbnail>
	<fanart>https://image.tmdb.org/t/p/w1280/fkUAz8gKVzH8OoEEcHf9MJpO1wu.jpg</fanart>
</item>
<item>
	<title>[COLOR=white]Insidious[/COLOR]</title>
	<meta>
	<imdb>tt1591095</imdb>
	<content>movie</content>
	<title>Insidious</title>
	<year>2010</year>
	</meta>
	<link>
	<sublink>search</sublink>
	<sublink>searchsd</sublink>
	</link>
	<thumbnail>https://image.tmdb.org/t/p/w1280/6Tjg6DWVo2cpqDLxrOQNw1UvIMB.jpg</thumbnail>
	<fanart>https://image.tmdb.org/t/p/w1280/xVNR5eperbCm1DI1JfGhUXd4lqm.jpg</fanart>
</item>
<item>
	<title>[COLOR=white]Jason Goes to Hell: The Final Friday[/COLOR]</title>
	<meta>
	<imdb>tt0107254</imdb>
	<content>movie</content>
	<title>Jason Goes to Hell: The Final Friday</title>
	<year>1993</year>
	</meta>
	<link>
	<sublink>search</sublink>
	<sublink>searchsd</sublink>
	</link>
	<thumbnail>https://image.tmdb.org/t/p/w1280/8yLdCrD1Eh6eoGTIIQ4jNBFLkUb.jpg</thumbnail>
	<fanart>https://image.tmdb.org/t/p/w1280/2n6awnTBWiMREWijGQ0vbxSC8qY.jpg</fanart>
</item>
<item>
	<title>[COLOR=white]Jason X[/COLOR]</title>
	<meta>
	<imdb>tt0211443</imdb>
	<content>movie</content>
	<title>Jason X</title>
	<year>2001</year>
	</meta>
	<link>
	<sublink>search</sublink>
	<sublink>searchsd</sublink>
	</link>
	<thumbnail>https://image.tmdb.org/t/p/w1280/zdfRa0FLVxfRwWhwitIZhjEIepI.jpg</thumbnail>
	<fanart>https://image.tmdb.org/t/p/w1280/1WMJkYQTaU1JhIzqqydJ7pnzlbe.jpg</fanart>
</item>
<item>
	<title>[COLOR=white]Kill Bill: Vol. 1[/COLOR]</title>
	<meta>
	<imdb>tt0266697</imdb>
	<content>movie</content>
	<title>Kill Bill: Vol. 1</title>
	<year>2003</year>
	</meta>
	<link>
	<sublink>search</sublink>
	<sublink>searchsd</sublink>
	</link>
	<thumbnail>https://image.tmdb.org/t/p/w1280/v7TaX8kXMXs5yFFGR41guUDNcnB.jpg</thumbnail>
	<fanart>https://image.tmdb.org/t/p/w1280/kkS8PKa8c134vXsj2fQkNqOaCXU.jpg</fanart>
</item>
<item>
	<title>[COLOR=white]Kill Bill: Vol. 2[/COLOR]</title>
	<meta>
	<imdb>tt0378194</imdb>
	<content>movie</content>
	<title>Kill Bill: Vol. 2</title>
	<year>2004</year>
	</meta>
	<link>
	<sublink>search</sublink>
	<sublink>searchsd</sublink>
	</link>
	<thumbnail>https://image.tmdb.org/t/p/w1280/2yhg0mZQMhDyvUQ4rG1IZ4oIA8L.jpg</thumbnail>
	<fanart>https://image.tmdb.org/t/p/w1280/33WfP01Pu8SMuuHYnoJXMRCMtmI.jpg</fanart>
</item>
<item>
	<title>[COLOR=white]Lethal Weapon 2[/COLOR]</title>
	<meta>
	<imdb>tt0097733</imdb>
	<content>movie</content>
	<title>Lethal Weapon 2</title>
	<year>1989</year>
	</meta>
	<link>
	<sublink>search</sublink>
	<sublink>searchsd</sublink>
	</link>
	<thumbnail>https://image.tmdb.org/t/p/w1280/7XAusKpFNv8x9sHpFLAS2lWCT8l.jpg</thumbnail>
	<fanart>https://image.tmdb.org/t/p/w1280/7AwySjHxakk3yCItwtjQbYhWAOg.jpg</fanart>
</item>
<item>
	<title>[COLOR=white]Lethal Weapon 3[/COLOR]</title>
	<meta>
	<imdb>tt0104714</imdb>
	<content>movie</content>
	<title>Lethal Weapon 3</title>
	<year>1992</year>
	</meta>
	<link>
	<sublink>search</sublink>
	<sublink>searchsd</sublink>
	</link>
	<thumbnail>https://image.tmdb.org/t/p/w1280/pr5RcT2TdJ09PkETdhRiwixf8PW.jpg</thumbnail>
	<fanart>https://image.tmdb.org/t/p/w1280/rnMLbWNSWX70eWFxWOpkfngXtwD.jpg</fanart>
</item>
<item>
	<title>[COLOR=white]Lethal Weapon 4[/COLOR]</title>
	<meta>
	<imdb>tt0122151</imdb>
	<content>movie</content>
	<title>Lethal Weapon 4</title>
	<year>1998</year>
	</meta>
	<link>
	<sublink>search</sublink>
	<sublink>searchsd</sublink>
	</link>
	<thumbnail>https://image.tmdb.org/t/p/w1280/kpC9Y0jhwTqtRlcetxbgn3crnlU.jpg</thumbnail>
	<fanart>https://image.tmdb.org/t/p/w1280/jssTFAf5MCBbZPA02vRSYSeVtHh.jpg</fanart>
</item>
<item>
	<title>[COLOR=white]Lethal Weapon[/COLOR]</title>
	<meta>
	<imdb>tt0093409</imdb>
	<content>movie</content>
	<title>Lethal Weapon</title>
	<year>1987</year>
	</meta>
	<link>
	<sublink>search</sublink>
	<sublink>searchsd</sublink>
	</link>
	<thumbnail>https://image.tmdb.org/t/p/w1280/drp80fBSWhz0vAmzUibXDyn0Pjo.jpg</thumbnail>
	<fanart>https://image.tmdb.org/t/p/w1280/xQpCA4QIEKcfsLf7CSeSM0tHCY7.jpg</fanart>
</item>
<item>
	<title>[COLOR=white]Live Free or Die Hard[/COLOR]</title>
	<meta>
	<imdb>tt0337978</imdb>
	<content>movie</content>
	<title>Live Free or Die Hard</title>
	<year>2007</year>
	</meta>
	<link>
	<sublink>search</sublink>
	<sublink>searchsd</sublink>
	</link>
	<thumbnail>https://image.tmdb.org/t/p/w1280/pHWgbaXiQD2nmex7u8Xv6XmhaZS.jpg</thumbnail>
	<fanart>https://image.tmdb.org/t/p/w1280/yo3LesueMprtgjRiIRmjiIrFIKj.jpg</fanart>
</item>
<item>
	<title>[COLOR=white]Naked Gun 33 1/3 : The Final Insult[/COLOR]</title>
	<meta>
	<imdb>tt0110622</imdb>
	<content>movie</content>
	<title>Naked Gun 33 1/3 : The Final Insult</title>
	<year>1994</year>
	</meta>
	<link>
	<sublink>search</sublink>
	<sublink>searchsd</sublink>
	</link>
	<thumbnail>https://image.tmdb.org/t/p/w1280/k3F8N3jeqXOpm1qjY7mL8O6vdx.jpg</thumbnail>
	<fanart>https://image.tmdb.org/t/p/w1280/n3ia62ThbLDVpoZpvTkoVe5SL1n.jpg</fanart>
</item>
<item>
	<title>[COLOR=white]New Nightmare[/COLOR]</title>
	<meta>
	<imdb>tt0111686</imdb>
	<content>movie</content>
	<title>New Nightmare</title>
	<year>1994</year>
	</meta>
	<link>
	<sublink>search</sublink>
	<sublink>searchsd</sublink>
	</link>
	<thumbnail>https://image.tmdb.org/t/p/w1280/oLEZibnraixTE68rTaYv4FEmvYd.jpg</thumbnail>
	<fanart>https://image.tmdb.org/t/p/w1280/bFdZFVHMn6stFWr4c08OTJDZHcG.jpg</fanart>
</item>
<item>
	<title>[COLOR=white]Night at the Museum: Battle of the Smithsonian[/COLOR]</title>
	<meta>
	<imdb>tt1078912</imdb>
	<content>movie</content>
	<title>Night at the Museum: Battle of the Smithsonian</title>
	<year>2009</year>
	</meta>
	<link>
	<sublink>search</sublink>
	<sublink>searchsd</sublink>
	</link>
	<thumbnail>https://image.tmdb.org/t/p/w1280/qbU6AxmO69bBwu6Tw8HtcRoltAA.jpg</thumbnail>
	<fanart>https://image.tmdb.org/t/p/w1280/632jziQ0Etz5J6yQvPNW3pmjQT8.jpg</fanart>
</item>
<item>
	<title>[COLOR=white]Night at the Museum: Secret of the Tomb[/COLOR]</title>
	<meta>
	<imdb>tt2692250</imdb>
	<content>movie</content>
	<title>Night at the Museum: Secret of the Tomb</title>
	<year>2014</year>
	</meta>
	<link>
	<sublink>search</sublink>
	<sublink>searchsd</sublink>
	</link>
	<thumbnail>https://image.tmdb.org/t/p/w1280/tWwASv4CU1Au1IukacdSUewDCV3.jpg</thumbnail>
	<fanart>https://image.tmdb.org/t/p/w1280/8b9mOlxer8DVw4k368IXNG5HPBI.jpg</fanart>
</item>
<item>
	<title>[COLOR=white]Night at the Museum[/COLOR]</title>
	<meta>
	<imdb>tt0477347</imdb>
	<content>movie</content>
	<title>Night at the Museum</title>
	<year>2006</year>
	</meta>
	<link>
	<sublink>search</sublink>
	<sublink>searchsd</sublink>
	</link>
	<thumbnail>https://image.tmdb.org/t/p/w1280/NUbCSwy2EQ9Z6psUjPqr3WdVI2.jpg</thumbnail>
	<fanart>https://image.tmdb.org/t/p/w1280/fDuTrT0qJUgEJjexaZOce4kmO0V.jpg</fanart>
</item>
<item>
	<title>[COLOR=white]Now You See Me 2[/COLOR]</title>
	<meta>
	<imdb>tt3110958</imdb>
	<content>movie</content>
	<title>Now You See Me 2</title>
	<year>2016</year>
	</meta>
	<link>
	<sublink>search</sublink>
	<sublink>searchsd</sublink>
	</link>
	<thumbnail>https://image.tmdb.org/t/p/w1280/hU0E130tsGdsYa4K9lc3Xrn5Wyt.jpg</thumbnail>
	<fanart>https://image.tmdb.org/t/p/w1280/zrAO2OOa6s6dQMQ7zsUbDyIBrAP.jpg</fanart>
</item>
<item>
	<title>[COLOR=white]Now You See Me[/COLOR]</title>
	<meta>
	<imdb>tt1670345</imdb>
	<content>movie</content>
	<title>Now You See Me</title>
	<year>2013</year>
	</meta>
	<link>
	<sublink>search</sublink>
	<sublink>searchsd</sublink>
	</link>
	<thumbnail>https://image.tmdb.org/t/p/w1280/A06e9YJ5ry3WXEIFIAD1mKBxcuZ.jpg</thumbnail>
	<fanart>https://image.tmdb.org/t/p/w1280/9wbXqcx6rHhoZ9Esp03C7amQzom.jpg</fanart>
</item>
<item>
	<title>[COLOR=white]Ocean's Eleven[/COLOR]</title>
	<meta>
	<imdb>tt0240772</imdb>
	<content>movie</content>
	<title>Ocean's Eleven</title>
	<year>2001</year>
	</meta>
	<link>
	<sublink>search</sublink>
	<sublink>searchsd</sublink>
	</link>
	<thumbnail>https://image.tmdb.org/t/p/w1280/o0h76DVXvk5OKjmNez5YY0GODC2.jpg</thumbnail>
	<fanart>https://image.tmdb.org/t/p/w1280/z2fiN0tgkgOcAFl5gxvQlYXCn3l.jpg</fanart>
</item>
<item>
	<title>[COLOR=white]Ocean's Thirteen[/COLOR]</title>
	<meta>
	<imdb>tt0496806</imdb>
	<content>movie</content>
	<title>Ocean's Thirteen</title>
	<year>2007</year>
	</meta>
	<link>
	<sublink>search</sublink>
	<sublink>searchsd</sublink>
	</link>
	<thumbnail>https://image.tmdb.org/t/p/w1280/5QTc2a782KkHwz4NntHMDgcp3PX.jpg</thumbnail>
	<fanart>https://image.tmdb.org/t/p/w1280/7ytb78OyijteFpFKKoZsYSvPw2u.jpg</fanart>
</item>
<item>
	<title>[COLOR=white]Ocean's Twelve[/COLOR]</title>
	<meta>
	<imdb>tt0349903</imdb>
	<content>movie</content>
	<title>Ocean's Twelve</title>
	<year>2004</year>
	</meta>
	<link>
	<sublink>search</sublink>
	<sublink>searchsd</sublink>
	</link>
	<thumbnail>https://image.tmdb.org/t/p/w1280/nS3iDLQuy13XY1JH58NNl1rCuNN.jpg</thumbnail>
	<fanart>https://image.tmdb.org/t/p/w1280/bYfM7W5bPTRLptXTItYExgTZLQV.jpg</fanart>
</item>
<item>
	<title>[COLOR=white]Police Academy 2: Their First Assignment[/COLOR]</title>
	<meta>
	<imdb>tt0089822</imdb>
	<content>movie</content>
	<title>Police Academy 2: Their First Assignment</title>
	<year>1985</year>
	</meta>
	<link>
	<sublink>search</sublink>
	<sublink>searchsd</sublink>
	</link>
	<thumbnail>https://image.tmdb.org/t/p/w1280/iNlm1BBGCwfP207QzuUk2Ei13sG.jpg</thumbnail>
	<fanart>https://image.tmdb.org/t/p/w1280/b5J9DNshga1O2hKNw6MKIgathpK.jpg</fanart>
</item>
<item>
	<title>[COLOR=white]Police Academy 3: Back in Training[/COLOR]</title>
	<meta>
	<imdb>tt0091777</imdb>
	<content>movie</content>
	<title>Police Academy 3: Back in Training</title>
	<year>1986</year>
	</meta>
	<link>
	<sublink>search</sublink>
	<sublink>searchsd</sublink>
	</link>
	<thumbnail>https://image.tmdb.org/t/p/w1280/r4j14ZjmWfcQbboG76gxloqa3N3.jpg</thumbnail>
	<fanart>https://image.tmdb.org/t/p/w1280/fxIm54v5iHtGmgVQKAu5zyN9L7T.jpg</fanart>
</item>
<item>
	<title>[COLOR=white]Police Academy 4: Citizens on Patrol[/COLOR]</title>
	<meta>
	<imdb>tt0093756</imdb>
	<content>movie</content>
	<title>Police Academy 4: Citizens on Patrol</title>
	<year>1987</year>
	</meta>
	<link>
	<sublink>search</sublink>
	<sublink>searchsd</sublink>
	</link>
	<thumbnail>https://image.tmdb.org/t/p/w1280/AcvfIPLXGxSucYGSmfkRU2SqLi4.jpg</thumbnail>
	<fanart>https://image.tmdb.org/t/p/w1280/aHiWHHqO1a1WY02KQGwvECJ7hzH.jpg</fanart>
</item>
<item>
	<title>[COLOR=white]Police Academy 5: Assignment Miami Beach[/COLOR]</title>
	<meta>
	<imdb>tt0095882</imdb>
	<content>movie</content>
	<title>Police Academy 5: Assignment Miami Beach</title>
	<year>1988</year>
	</meta>
	<link>
	<sublink>search</sublink>
	<sublink>searchsd</sublink>
	</link>
	<thumbnail>https://image.tmdb.org/t/p/w1280/aKtwmrSaFe3Ge5BF5oYYgPoFWYs.jpg</thumbnail>
	<fanart>https://image.tmdb.org/t/p/w1280/pmQ4DsQ4x6iSA0iOIArRpGt8lT3.jpg</fanart>
</item>
<item>
	<title>[COLOR=white]Police Academy 6: City Under Siege[/COLOR]</title>
	<meta>
	<imdb>tt0098105</imdb>
	<content>movie</content>
	<title>Police Academy 6: City Under Siege</title>
	<year>1989</year>
	</meta>
	<link>
	<sublink>search</sublink>
	<sublink>searchsd</sublink>
	</link>
	<thumbnail>https://image.tmdb.org/t/p/w1280/9mW8fM0PkXvSSmLODTb2OAYEQTY.jpg</thumbnail>
	<fanart>https://image.tmdb.org/t/p/w1280/Apyk9JRSm6mgQ9H13N5KabMiboo.jpg</fanart>
</item>
<item>
	<title>[COLOR=white]Police Academy: Mission to Moscow[/COLOR]</title>
	<meta>
	<imdb>tt0110857</imdb>
	<content>movie</content>
	<title>Police Academy: Mission to Moscow</title>
	<year>1994</year>
	</meta>
	<link>
	<sublink>search</sublink>
	<sublink>searchsd</sublink>
	</link>
	<thumbnail>https://image.tmdb.org/t/p/w1280/mpUOqZcs7VVg9LrVPRZKAGPiTT2.jpg</thumbnail>
	<fanart>https://image.tmdb.org/t/p/w1280/Y8b33EkncHL9mLRVvSPSB2SQol.jpg</fanart>
</item>
<item>
	<title>[COLOR=white]Police Academy[/COLOR]</title>
	<meta>
	<imdb>tt0087928</imdb>
	<content>movie</content>
	<title>Police Academy</title>
	<year>1984</year>
	</meta>
	<link>
	<sublink>search</sublink>
	<sublink>searchsd</sublink>
	</link>
	<thumbnail>https://image.tmdb.org/t/p/w1280/J1UDZYfVaLJjoIfw0VDmpBZ2Sm.jpg</thumbnail>
	<fanart>https://image.tmdb.org/t/p/w1280/3Gvj33dyiAXHGqWKItDQ9anap7c.jpg</fanart>
</item>
<item>
	<title>[COLOR=white]Raiders of the Lost Ark[/COLOR]</title>
	<meta>
	<imdb>tt0082971</imdb>
	<content>movie</content>
	<title>Raiders of the Lost Ark</title>
	<year>1981</year>
	</meta>
	<link>
	<sublink>search</sublink>
	<sublink>searchsd</sublink>
	</link>
	<thumbnail>https://image.tmdb.org/t/p/w1280/44sKJOGP3fTm4QXBcIuqu0RkdP7.jpg</thumbnail>
	<fanart>https://image.tmdb.org/t/p/w1280/1TxaXNobCO3fhcgYUfLHj6CkEFP.jpg</fanart>
</item>
<item>
	<title>[COLOR=white]Rambo III[/COLOR]</title>
	<meta>
	<imdb>tt0095956</imdb>
	<content>movie</content>
	<title>Rambo III</title>
	<year>1988</year>
	</meta>
	<link>
	<sublink>search</sublink>
	<sublink>searchsd</sublink>
	</link>
	<thumbnail>https://image.tmdb.org/t/p/w1280/gWYfUEkExdr0SLY5L2mjnhKgE4C.jpg</thumbnail>
	<fanart>https://image.tmdb.org/t/p/w1280/mx0x96S8ZCXXoSxFinMbyI1117f.jpg</fanart>
</item>
<item>
	<title>[COLOR=white]Rambo: First Blood Part II[/COLOR]</title>
	<meta>
	<imdb>tt0089880</imdb>
	<content>movie</content>
	<title>Rambo: First Blood Part II</title>
	<year>1985</year>
	</meta>
	<link>
	<sublink>search</sublink>
	<sublink>searchsd</sublink>
	</link>
	<thumbnail>https://image.tmdb.org/t/p/w1280/l6zUaYqaQ5TFokesv3BPzBvSN0.jpg</thumbnail>
	<fanart>https://image.tmdb.org/t/p/w1280/dy5ThWXUuEHH60liT8oVSDqkSGB.jpg</fanart>
</item>
<item>
	<title>[COLOR=white]Rambo[/COLOR]</title>
	<meta>
	<imdb>tt0462499</imdb>
	<content>movie</content>
	<title>Rambo</title>
	<year>2008</year>
	</meta>
	<link>
	<sublink>search</sublink>
	<sublink>searchsd</sublink>
	</link>
	<thumbnail>https://image.tmdb.org/t/p/w1280/ec1m7YgBYb4os06OSNW3QBaNYqZ.jpg</thumbnail>
	<fanart>https://image.tmdb.org/t/p/w1280/73QE77hOalLxUiheYJrk9XwHL4h.jpg</fanart>
</item>
<item>
	<title>[COLOR=white]Red Dragon[/COLOR]</title>
	<meta>
	<imdb>tt0289765</imdb>
	<content>movie</content>
	<title>Red Dragon</title>
	<year>2002</year>
	</meta>
	<link>
	<sublink>search</sublink>
	<sublink>searchsd</sublink>
	</link>
	<thumbnail>https://image.tmdb.org/t/p/w1280/sULs7GLEM2tqNBwE5ac5d6FRlBR.jpg</thumbnail>
	<fanart>https://image.tmdb.org/t/p/w1280/kLWavbQnfAPE0s8BKtOhWVcJHvs.jpg</fanart>
</item>
<item>
	<title>[COLOR=white]Return of the Jedi[/COLOR]</title>
	<meta>
	<imdb>tt0086190</imdb>
	<content>movie</content>
	<title>Return of the Jedi</title>
	<year>1983</year>
	</meta>
	<link>
	<sublink>search</sublink>
	<sublink>searchsd</sublink>
	</link>
	<thumbnail>https://image.tmdb.org/t/p/w1280/lrJWyjOVjPhghl4KyAMtOepAxs.jpg</thumbnail>
	<fanart>https://image.tmdb.org/t/p/w1280/koE7aMeR2ATivI18mCbscLsI0Nm.jpg</fanart>
</item>
<item>
	<title>[COLOR=white]RoboCop 2[/COLOR]</title>
	<meta>
	<imdb>tt0100502</imdb>
	<content>movie</content>
	<title>RoboCop 2</title>
	<year>1990</year>
	</meta>
	<link>
	<sublink>search</sublink>
	<sublink>searchsd</sublink>
	</link>
	<thumbnail>https://image.tmdb.org/t/p/w1280/jHE1jOJQILXSPudL4h94NI3TRL.jpg</thumbnail>
	<fanart>https://image.tmdb.org/t/p/w1280/pkuf3xajNzDPzAXtvGNNhs59XBL.jpg</fanart>
</item>
<item>
	<title>[COLOR=white]RoboCop 3[/COLOR]</title>
	<meta>
	<imdb>tt0107978</imdb>
	<content>movie</content>
	<title>RoboCop 3</title>
	<year>1993</year>
	</meta>
	<link>
	<sublink>search</sublink>
	<sublink>searchsd</sublink>
	</link>
	<thumbnail>https://image.tmdb.org/t/p/w1280/1YSXqKHjMAutWpIat9AOTIgozDb.jpg</thumbnail>
	<fanart>https://image.tmdb.org/t/p/w1280/3xRpLfsfexxTbZ22fVdhRsF6Frr.jpg</fanart>
</item>
<item>
	<title>[COLOR=white]RoboCop[/COLOR]</title>
	<meta>
	<imdb>tt0093870</imdb>
	<content>movie</content>
	<title>RoboCop</title>
	<year>1987</year>
	</meta>
	<link>
	<sublink>search</sublink>
	<sublink>searchsd</sublink>
	</link>
	<thumbnail>https://image.tmdb.org/t/p/w1280/gtGreTdzYBuQsEwTliEFdTzPleV.jpg</thumbnail>
	<fanart>https://image.tmdb.org/t/p/w1280/szd5SbG2ASP4CUZeF9bdoJ4tVn7.jpg</fanart>
</item>
<item>
	<title>[COLOR=white]RoboCop[/COLOR]</title>
	<meta>
	<imdb>tt1234721</imdb>
	<content>movie</content>
	<title>RoboCop</title>
	<year>2014</year>
	</meta>
	<link>
	<sublink>search</sublink>
	<sublink>searchsd</sublink>
	</link>
	<thumbnail>https://image.tmdb.org/t/p/w1280/hFQcC5eSSHqJfk70RdgrMMxGuYt.jpg</thumbnail>
	<fanart>https://image.tmdb.org/t/p/w1280/kxe2Dyhyl0GoBQe47qpDZlfqJEN.jpg</fanart>
</item>
<item>
	<title>[COLOR=white]Rocky Balboa[/COLOR]</title>
	<meta>
	<imdb>tt0479143</imdb>
	<content>movie</content>
	<title>Rocky Balboa</title>
	<year>2006</year>
	</meta>
	<link>
	<sublink>search</sublink>
	<sublink>searchsd</sublink>
	</link>
	<thumbnail>https://image.tmdb.org/t/p/w1280/n82AAPWnAafDAZjxkYK2rAPwk4A.jpg</thumbnail>
	<fanart>https://image.tmdb.org/t/p/w1280/gcFhaI5IrKxvMs4TtvlHbYE4b0.jpg</fanart>
</item>
<item>
	<title>[COLOR=white]Rocky III[/COLOR]</title>
	<meta>
	<imdb>tt0084602</imdb>
	<content>movie</content>
	<title>Rocky III</title>
	<year>1982</year>
	</meta>
	<link>
	<sublink>search</sublink>
	<sublink>searchsd</sublink>
	</link>
	<thumbnail>https://image.tmdb.org/t/p/w1280/ns55NGqTDEEjcI9z2a9htA2cFtG.jpg</thumbnail>
	<fanart>https://image.tmdb.org/t/p/w1280/6qYptQG2ynJANbyjjYOt4fpHfxF.jpg</fanart>
</item>
<item>
	<title>[COLOR=white]Rocky II[/COLOR]</title>
	<meta>
	<imdb>tt0079817</imdb>
	<content>movie</content>
	<title>Rocky II</title>
	<year>1979</year>
	</meta>
	<link>
	<sublink>search</sublink>
	<sublink>searchsd</sublink>
	</link>
	<thumbnail>https://image.tmdb.org/t/p/w1280/fqJH7mI4dFANRay8qdJoGa7fK1k.jpg</thumbnail>
	<fanart>https://image.tmdb.org/t/p/w1280/xx9DyVNmehDJPrYGsy9AJgYzAtd.jpg</fanart>
</item>
<item>
	<title>[COLOR=white]Rocky IV[/COLOR]</title>
	<meta>
	<imdb>tt0089927</imdb>
	<content>movie</content>
	<title>Rocky IV</title>
	<year>1985</year>
	</meta>
	<link>
	<sublink>search</sublink>
	<sublink>searchsd</sublink>
	</link>
	<thumbnail>https://image.tmdb.org/t/p/w1280/jmvpwgW5M2kduR9zB0q8qGFC4zM.jpg</thumbnail>
	<fanart>https://image.tmdb.org/t/p/w1280/uvbjTLZSxGehXWDo1ENyVuBrYie.jpg</fanart>
</item>
<item>
	<title>[COLOR=white]Rocky V[/COLOR]</title>
	<meta>
	<imdb>tt0100507</imdb>
	<content>movie</content>
	<title>Rocky V</title>
	<year>1990</year>
	</meta>
	<link>
	<sublink>search</sublink>
	<sublink>searchsd</sublink>
	</link>
	<thumbnail>https://image.tmdb.org/t/p/w1280/5P2RiuLt31mWyb6duww8qlAhs6G.jpg</thumbnail>
	<fanart>https://image.tmdb.org/t/p/w1280/dr5pdEDOdCvelCQqP32UZubiSgE.jpg</fanart>
</item>
<item>
	<title>[COLOR=white]Rocky[/COLOR]</title>
	<meta>
	<imdb>tt0075148</imdb>
	<content>movie</content>
	<title>Rocky</title>
	<year>1976</year>
	</meta>
	<link>
	<sublink>search</sublink>
	<sublink>searchsd</sublink>
	</link>
	<thumbnail>https://image.tmdb.org/t/p/w1280/9TUR3s1PMJHwDRbpm7PWQ0S7IRy.jpg</thumbnail>
	<fanart>https://image.tmdb.org/t/p/w1280/2kkyt0FLROrXt41IgSdE7goCFNQ.jpg</fanart>
</item>
<item>
	<title>[COLOR=white]Rogue One: A Star Wars Story[/COLOR]</title>
	<meta>
	<imdb>tt3748528</imdb>
	<content>movie</content>
	<title>Rogue One: A Star Wars Story</title>
	<year>2016</year>
	</meta>
	<link>
	<sublink>search</sublink>
	<sublink>searchsd</sublink>
	</link>
	<thumbnail>https://image.tmdb.org/t/p/w1280/qjiskwlV1qQzRCjpV0cL9pEMF9a.jpg</thumbnail>
	<fanart>https://image.tmdb.org/t/p/w1280/tZjVVIYXACV4IIIhXeIM59ytqwS.jpg</fanart>
</item>
<item>
	<title>[COLOR=white]Rush Hour 2[/COLOR]</title>
	<meta>
	<imdb>tt0266915</imdb>
	<content>movie</content>
	<title>Rush Hour 2</title>
	<year>2001</year>
	</meta>
	<link>
	<sublink>search</sublink>
	<sublink>searchsd</sublink>
	</link>
	<thumbnail>https://image.tmdb.org/t/p/w1280/xG43wsvHpOp2QIj2JGQEvmK8dgC.jpg</thumbnail>
	<fanart>https://image.tmdb.org/t/p/w1280/bLv1am2xc4JqP4CzT7i48BFQjTu.jpg</fanart>
</item>
<item>
	<title>[COLOR=white]Rush Hour 3[/COLOR]</title>
	<meta>
	<imdb>tt0293564</imdb>
	<content>movie</content>
	<title>Rush Hour 3</title>
	<year>2007</year>
	</meta>
	<link>
	<sublink>search</sublink>
	<sublink>searchsd</sublink>
	</link>
	<thumbnail>https://image.tmdb.org/t/p/w1280/qgaDWYLrnEPJpc5Lp35WbgX7GfS.jpg</thumbnail>
	<fanart>https://image.tmdb.org/t/p/w1280/awz4HjFA02ldEhVcJY27Ek2sfuT.jpg</fanart>
</item>
<item>
	<title>[COLOR=white]Rush Hour[/COLOR]</title>
	<meta>
	<imdb>tt0120812</imdb>
	<content>movie</content>
	<title>Rush Hour</title>
	<year>1998</year>
	</meta>
	<link>
	<sublink>search</sublink>
	<sublink>searchsd</sublink>
	</link>
	<thumbnail>https://image.tmdb.org/t/p/w1280/jdfxpW5LF36sHsHjyH8CMBEG4TF.jpg</thumbnail>
	<fanart>https://image.tmdb.org/t/p/w1280/8GgXo5TQO3ccARNLn7rcWdbTTsx.jpg</fanart>
</item>
<item>
	<title>[COLOR=white]Saw III[/COLOR]</title>
	<meta>
	<imdb>tt0489270</imdb>
	<content>movie</content>
	<title>Saw III</title>
	<year>2006</year>
	</meta>
	<link>
	<sublink>search</sublink>
	<sublink>searchsd</sublink>
	</link>
	<thumbnail>https://image.tmdb.org/t/p/w1280/zHMw9xGrNlrDsuK6Lnx5NlL72Eu.jpg</thumbnail>
	<fanart>https://image.tmdb.org/t/p/w1280/1AG4zhL1MPdJGwAp3GODLG1j1LY.jpg</fanart>
</item>
<item>
	<title>[COLOR=white]Saw II[/COLOR]</title>
	<meta>
	<imdb>tt0432348</imdb>
	<content>movie</content>
	<title>Saw II</title>
	<year>2005</year>
	</meta>
	<link>
	<sublink>search</sublink>
	<sublink>searchsd</sublink>
	</link>
	<thumbnail>https://image.tmdb.org/t/p/w1280/vC7ggR8njwtQOZRmrSvMtHqy9hx.jpg</thumbnail>
	<fanart>https://image.tmdb.org/t/p/w1280/5iHDEhrsL0ObbdbIzTK23jHgkFA.jpg</fanart>
</item>
<item>
	<title>[COLOR=white]Saw IV[/COLOR]</title>
	<meta>
	<imdb>tt0890870</imdb>
	<content>movie</content>
	<title>Saw IV</title>
	<year>2007</year>
	</meta>
	<link>
	<sublink>search</sublink>
	<sublink>searchsd</sublink>
	</link>
	<thumbnail>https://image.tmdb.org/t/p/w1280/veApHw5ARGHWf3ptKf30rOGFY9n.jpg</thumbnail>
	<fanart>https://image.tmdb.org/t/p/w1280/dUof53pTXTLlfw6svPhqdgma3WK.jpg</fanart>
</item>
<item>
	<title>[COLOR=white]Saw VI[/COLOR]</title>
	<meta>
	<imdb>tt1233227</imdb>
	<content>movie</content>
	<title>Saw VI</title>
	<year>2009</year>
	</meta>
	<link>
	<sublink>search</sublink>
	<sublink>searchsd</sublink>
	</link>
	<thumbnail>https://image.tmdb.org/t/p/w1280/iCVk1uniEoQLXdluUGUXBaAgD1H.jpg</thumbnail>
	<fanart>https://image.tmdb.org/t/p/w1280/n7rXLeKo28a3Rxiyg9MQBoX7heX.jpg</fanart>
</item>
<item>
	<title>[COLOR=white]Saw V[/COLOR]</title>
	<meta>
	<imdb>tt1132626</imdb>
	<content>movie</content>
	<title>Saw V</title>
	<year>2008</year>
	</meta>
	<link>
	<sublink>search</sublink>
	<sublink>searchsd</sublink>
	</link>
	<thumbnail>https://image.tmdb.org/t/p/w1280/AkfY99GJjnsuOpIaQlFzCsv5pBl.jpg</thumbnail>
	<fanart>https://image.tmdb.org/t/p/w1280/riCNFvTbbgjWYIhy6Ow5gBd8ZqW.jpg</fanart>
</item>
<item>
	<title>[COLOR=white]Saw: The Final Chapter[/COLOR]</title>
	<meta>
	<imdb>tt1477076</imdb>
	<content>movie</content>
	<title>Saw: The Final Chapter</title>
	<year>2010</year>
	</meta>
	<link>
	<sublink>search</sublink>
	<sublink>searchsd</sublink>
	</link>
	<thumbnail>https://image.tmdb.org/t/p/w1280/mBQX4TCfDEk2a5mvu0Z0PFeFoUp.jpg</thumbnail>
	<fanart>https://image.tmdb.org/t/p/w1280/KgtCygdbUuteeKxm3N5hnm150Y.jpg</fanart>
</item>
<item>
	<title>[COLOR=white]Saw[/COLOR]</title>
	<meta>
	<imdb>tt0387564</imdb>
	<content>movie</content>
	<title>Saw</title>
	<year>2004</year>
	</meta>
	<link>
	<sublink>search</sublink>
	<sublink>searchsd</sublink>
	</link>
	<thumbnail>https://image.tmdb.org/t/p/w1280/dHYvIgsax8ZFgkz1OslE4V6Pnf5.jpg</thumbnail>
	<fanart>https://image.tmdb.org/t/p/w1280/fLL6WfUXvdQee1fD4xuzNnWfVBk.jpg</fanart>
</item>
<item>
	<title>[COLOR=white]Scary Movie 2[/COLOR]</title>
	<meta>
	<imdb>tt0257106</imdb>
	<content>movie</content>
	<title>Scary Movie 2</title>
	<year>2001</year>
	</meta>
	<link>
	<sublink>search</sublink>
	<sublink>searchsd</sublink>
	</link>
	<thumbnail>https://image.tmdb.org/t/p/w1280/tSGWhSResV2Cnqqr91TGKyZzf79.jpg</thumbnail>
	<fanart>https://image.tmdb.org/t/p/w1280/trZlq0eB8V8R4r7au8yX7myNESa.jpg</fanart>
</item>
<item>
	<title>[COLOR=white]Scary Movie[/COLOR]</title>
	<meta>
	<imdb>tt0175142</imdb>
	<content>movie</content>
	<title>Scary Movie</title>
	<year>2000</year>
	</meta>
	<link>
	<sublink>search</sublink>
	<sublink>searchsd</sublink>
	</link>
	<thumbnail>https://image.tmdb.org/t/p/w1280/bvVmVFBVQLytK1H4TJTFdnhvf4T.jpg</thumbnail>
	<fanart>https://image.tmdb.org/t/p/w1280/s7dcAllZEVSrVIVMUVAUmwAxFmn.jpg</fanart>
</item>
<item>
	<title>[COLOR=white]Scream 2[/COLOR]</title>
	<meta>
	<imdb>tt0120082</imdb>
	<content>movie</content>
	<title>Scream 2</title>
	<year>1997</year>
	</meta>
	<link>
	<sublink>search</sublink>
	<sublink>searchsd</sublink>
	</link>
	<thumbnail>https://image.tmdb.org/t/p/w1280/c5AyWNWooMGkJXlqLwmPQCjUwHt.jpg</thumbnail>
	<fanart>https://image.tmdb.org/t/p/w1280/cBUvJWcV8k7GTEGoL2Dp6CmgUV1.jpg</fanart>
</item>
<item>
	<title>[COLOR=white]Scream 3[/COLOR]</title>
	<meta>
	<imdb>tt0134084</imdb>
	<content>movie</content>
	<title>Scream 3</title>
	<year>2000</year>
	</meta>
	<link>
	<sublink>search</sublink>
	<sublink>searchsd</sublink>
	</link>
	<thumbnail>https://image.tmdb.org/t/p/w1280/3GWGslNffuMvaW9yzTCNkLmwkkE.jpg</thumbnail>
	<fanart>https://image.tmdb.org/t/p/w1280/frxiigkZplwaXnJYVA2rEYHqWeN.jpg</fanart>
</item>
<item>
	<title>[COLOR=white]Scream 4[/COLOR]</title>
	<meta>
	<imdb>tt1262416</imdb>
	<content>movie</content>
	<title>Scream 4</title>
	<year>2011</year>
	</meta>
	<link>
	<sublink>search</sublink>
	<sublink>searchsd</sublink>
	</link>
	<thumbnail>https://image.tmdb.org/t/p/w1280/g0YcSd5QpgGXOjg9tl0if0soOkE.jpg</thumbnail>
	<fanart>https://image.tmdb.org/t/p/w1280/5VqyrIpMbnwXdZFcISmtKr3n75A.jpg</fanart>
</item>
<item>
	<title>[COLOR=white]Scream[/COLOR]</title>
	<meta>
	<imdb>tt0117571</imdb>
	<content>movie</content>
	<title>Scream</title>
	<year>1996</year>
	</meta>
	<link>
	<sublink>search</sublink>
	<sublink>searchsd</sublink>
	</link>
	<thumbnail>https://image.tmdb.org/t/p/w1280/ewi7gYW22t8T3piRvrXO73GlzuL.jpg</thumbnail>
	<fanart>https://image.tmdb.org/t/p/w1280/tdcb0RHusaQxScWORevtKQ0u9NG.jpg</fanart>
</item>
<item>
	<title>[COLOR=white]Seed of Chucky[/COLOR]</title>
	<meta>
	<imdb>tt0387575</imdb>
	<content>movie</content>
	<title>Seed of Chucky</title>
	<year>2004</year>
	</meta>
	<link>
	<sublink>search</sublink>
	<sublink>searchsd</sublink>
	</link>
	<thumbnail>https://image.tmdb.org/t/p/w1280/vOykTC4dMzEHt2fyOxVRWFnl2pl.jpg</thumbnail>
	<fanart>https://image.tmdb.org/t/p/w1280/kP9aUOkh9xUXJ8qxoVQPNbysPZc.jpg</fanart>
</item>
<item>
	<title>[COLOR=white]Short Circuit 2[/COLOR]</title>
	<meta>
	<imdb>tt0096101</imdb>
	<content>movie</content>
	<title>Short Circuit 2</title>
	<year>1988</year>
	</meta>
	<link>
	<sublink>search</sublink>
	<sublink>searchsd</sublink>
	</link>
	<thumbnail>https://image.tmdb.org/t/p/w1280/18yjQQMK6mtB3L3os1kmT7MwXdf.jpg</thumbnail>
	<fanart>https://image.tmdb.org/t/p/w1280/tHuWYBNfsVOc99PBmQtEBryG2Hd.jpg</fanart>
</item>
<item>
	<title>[COLOR=white]Short Circuit[/COLOR]</title>
	<meta>
	<imdb>tt0091949</imdb>
	<content>movie</content>
	<title>Short Circuit</title>
	<year>1986</year>
	</meta>
	<link>
	<sublink>search</sublink>
	<sublink>searchsd</sublink>
	</link>
	<thumbnail>https://image.tmdb.org/t/p/w1280/7HGVea7ful5Hvm7yngAQhIXubJv.jpg</thumbnail>
	<fanart>https://image.tmdb.org/t/p/w1280/yoOgUFzKst23wCcW4TdakAJ1lXd.jpg</fanart>
</item>
<item>
	<title>[COLOR=white]Sin City: A Dame to Kill For[/COLOR]</title>
	<meta>
	<imdb>tt0458481</imdb>
	<content>movie</content>
	<title>Sin City: A Dame to Kill For</title>
	<year>2014</year>
	</meta>
	<link>
	<sublink>search</sublink>
	<sublink>searchsd</sublink>
	</link>
	<thumbnail>https://image.tmdb.org/t/p/w1280/k80qKrJ0qQ6ocVo5N932stNSg6j.jpg</thumbnail>
	<fanart>https://image.tmdb.org/t/p/w1280/fQQpxJf65P9eaSUya2mI6GU0ZPn.jpg</fanart>
</item>
<item>
	<title>[COLOR=white]Sin City[/COLOR]</title>
	<meta>
	<imdb>tt0401792</imdb>
	<content>movie</content>
	<title>Sin City</title>
	<year>2005</year>
	</meta>
	<link>
	<sublink>search</sublink>
	<sublink>searchsd</sublink>
	</link>
	<thumbnail>https://image.tmdb.org/t/p/w1280/vKJVGOKPyWqp9d2EX5NH1liqRqR.jpg</thumbnail>
	<fanart>https://image.tmdb.org/t/p/w1280/my81Hjt7NpZhaMX9bHi4wVhFy0v.jpg</fanart>
</item>
<item>
	<title>[COLOR=white]Sister Act 2: Back in the Habit[/COLOR]</title>
	<meta>
	<imdb>tt0108147</imdb>
	<content>movie</content>
	<title>Sister Act 2: Back in the Habit</title>
	<year>1993</year>
	</meta>
	<link>
	<sublink>search</sublink>
	<sublink>searchsd</sublink>
	</link>
	<thumbnail>https://image.tmdb.org/t/p/w1280/tLbvfUYw8Pr7DMI5TGL5DX1bx5S.jpg</thumbnail>
	<fanart>https://image.tmdb.org/t/p/w1280/tCAvkUjZqUVWBo2zHIuNKnSTsdU.jpg</fanart>
</item>
<item>
	<title>[COLOR=white]Sister Act[/COLOR]</title>
	<meta>
	<imdb>tt0105417</imdb>
	<content>movie</content>
	<title>Sister Act</title>
	<year>1992</year>
	</meta>
	<link>
	<sublink>search</sublink>
	<sublink>searchsd</sublink>
	</link>
	<thumbnail>https://image.tmdb.org/t/p/w1280/7wQxLtybiUbtC6tsJh9htFEmqq3.jpg</thumbnail>
	<fanart>https://image.tmdb.org/t/p/w1280/oaLqlJxt8TJSjsdfMpSkLexZ4l5.jpg</fanart>
</item>
<item>
	<title>[COLOR=white]Spider-Man 2[/COLOR]</title>
	<meta>
	<imdb>tt0316654</imdb>
	<content>movie</content>
	<title>Spider-Man 2</title>
	<year>2004</year>
	</meta>
	<link>
	<sublink>search</sublink>
	<sublink>searchsd</sublink>
	</link>
	<thumbnail>https://image.tmdb.org/t/p/w1280/olxpyq9kJAZ2NU1siLshhhXEPR7.jpg</thumbnail>
	<fanart>https://image.tmdb.org/t/p/w1280/inHzBSWqQhHaamuBSZ0I0YQ1OQf.jpg</fanart>
</item>
<item>
	<title>[COLOR=white]Spider-Man 3[/COLOR]</title>
	<meta>
	<imdb>tt0413300</imdb>
	<content>movie</content>
	<title>Spider-Man 3</title>
	<year>2007</year>
	</meta>
	<link>
	<sublink>search</sublink>
	<sublink>searchsd</sublink>
	</link>
	<thumbnail>https://image.tmdb.org/t/p/w1280/2N9lhZg6VtVJoGCZDjXVC3a81Ea.jpg</thumbnail>
	<fanart>https://image.tmdb.org/t/p/w1280/7IBpOrw0ATwL1AOV97mtsceDpYs.jpg</fanart>
</item>
<item>
	<title>[COLOR=white]Spider-Man[/COLOR]</title>
	<meta>
	<imdb>tt0145487</imdb>
	<content>movie</content>
	<title>Spider-Man</title>
	<year>2002</year>
	</meta>
	<link>
	<sublink>search</sublink>
	<sublink>searchsd</sublink>
	</link>
	<thumbnail>https://image.tmdb.org/t/p/w1280/rZd0y1X1Gw4t5B3f01Qzj8DYY66.jpg</thumbnail>
	<fanart>https://image.tmdb.org/t/p/w1280/5yAEbTXiJZQpNx7eCyyOhnY9MYw.jpg</fanart>
</item>
<item>
	<title>[COLOR=white]Star Trek Beyond[/COLOR]</title>
	<meta>
	<imdb>tt2660888</imdb>
	<content>movie</content>
	<title>Star Trek Beyond</title>
	<year>2016</year>
	</meta>
	<link>
	<sublink>search</sublink>
	<sublink>searchsd</sublink>
	</link>
	<thumbnail>https://image.tmdb.org/t/p/w1280/mLrQMqyZgLeP8FrT5LCobKAiqmK.jpg</thumbnail>
	<fanart>https://image.tmdb.org/t/p/w1280/6uBlEXZCUHM15UNZqNig17VdN4m.jpg</fanart>
</item>
<item>
	<title>[COLOR=white]Star Trek Into Darkness[/COLOR]</title>
	<meta>
	<imdb>tt1408101</imdb>
	<content>movie</content>
	<title>Star Trek Into Darkness</title>
	<year>2013</year>
	</meta>
	<link>
	<sublink>search</sublink>
	<sublink>searchsd</sublink>
	</link>
	<thumbnail>https://image.tmdb.org/t/p/w1280/41mhrXASAW3sdn7LBWF49uCX0xi.jpg</thumbnail>
	<fanart>https://image.tmdb.org/t/p/w1280/ns0IojuqJe24AHTxe8RVcWJUCDM.jpg</fanart>
</item>
<item>
	<title>[COLOR=white]Star Trek[/COLOR]</title>
	<meta>
	<imdb>tt0796366</imdb>
	<content>movie</content>
	<title>Star Trek</title>
	<year>2009</year>
	</meta>
	<link>
	<sublink>search</sublink>
	<sublink>searchsd</sublink>
	</link>
	<thumbnail>https://image.tmdb.org/t/p/w1280/xPihqTMhCh6b8DHYzE61jrIiNMS.jpg</thumbnail>
	<fanart>https://image.tmdb.org/t/p/w1280/1XOSh6BFZbQ0xN75m4avqgzClyG.jpg</fanart>
</item>
<item>
	<title>[COLOR=white]Star Wars: Episode I - The Phantom Menace[/COLOR]</title>
	<meta>
	<imdb>tt0120915</imdb>
	<content>movie</content>
	<title>Star Wars: Episode I - The Phantom Menace</title>
	<year>1999</year>
	</meta>
	<link>
	<sublink>search</sublink>
	<sublink>searchsd</sublink>
	</link>
	<thumbnail>https://image.tmdb.org/t/p/w1280/n8V09dDc02KsSN6Q4hC2BX6hN8X.jpg</thumbnail>
	<fanart>https://image.tmdb.org/t/p/w1280/v6lRzOActebITc9rizhNAdwQR1O.jpg</fanart>
</item>
<item>
	<title>[COLOR=white]Star Wars: Episode II - Attack of the Clones[/COLOR]</title>
	<meta>
	<imdb>tt0121765</imdb>
	<content>movie</content>
	<title>Star Wars: Episode II - Attack of the Clones</title>
	<year>2002</year>
	</meta>
	<link>
	<sublink>search</sublink>
	<sublink>searchsd</sublink>
	</link>
	<thumbnail>https://image.tmdb.org/t/p/w1280/2vcNFtrZXNwIcBgH5e2xXCmVR8t.jpg</thumbnail>
	<fanart>https://image.tmdb.org/t/p/w1280/1Slt26IGf2XHqv8xjEJ7LMZqCYb.jpg</fanart>
</item>
<item>
	<title>[COLOR=white]Star Wars: Episode III - Revenge of the Sith[/COLOR]</title>
	<meta>
	<imdb>tt0121766</imdb>
	<content>movie</content>
	<title>Star Wars: Episode III - Revenge of the Sith</title>
	<year>2005</year>
	</meta>
	<link>
	<sublink>search</sublink>
	<sublink>searchsd</sublink>
	</link>
	<thumbnail>https://image.tmdb.org/t/p/w1280/tgr5Pdy7ehZYBqBkN2K7Q02xgOb.jpg</thumbnail>
	<fanart>https://image.tmdb.org/t/p/w1280/wUYTfFbfPiZC6Lcyt1nonr69ZmK.jpg</fanart>
</item>
<item>
	<title>[COLOR=white]Star Wars: The Force Awakens[/COLOR]</title>
	<meta>
	<imdb>tt2488496</imdb>
	<content>movie</content>
	<title>Star Wars: The Force Awakens</title>
	<year>2015</year>
	</meta>
	<link>
	<sublink>search</sublink>
	<sublink>searchsd</sublink>
	</link>
	<thumbnail>https://image.tmdb.org/t/p/w1280/weUSwMdQIa3NaXVzwUoIIcAi85d.jpg</thumbnail>
	<fanart>https://image.tmdb.org/t/p/w1280/njv65RTipNSTozFLuF85jL0bcQe.jpg</fanart>
</item>
<item>
	<title>[COLOR=white]Star Wars[/COLOR]</title>
	<meta>
	<imdb>tt0076759</imdb>
	<content>movie</content>
	<title>Star Wars</title>
	<year>1977</year>
	</meta>
	<link>
	<sublink>search</sublink>
	<sublink>searchsd</sublink>
	</link>
	<thumbnail>https://image.tmdb.org/t/p/w1280/btTdmkgIvOi0FFip1sPuZI2oQG6.jpg</thumbnail>
	<fanart>https://image.tmdb.org/t/p/w1280/4iJfYYoQzZcONB9hNzg0J0wWyPH.jpg</fanart>
</item>
<item>
	<title>[COLOR=white]Superman III[/COLOR]</title>
	<meta>
	<imdb>tt0086393</imdb>
	<content>movie</content>
	<title>Superman III</title>
	<year>1983</year>
	</meta>
	<link>
	<sublink>search</sublink>
	<sublink>searchsd</sublink>
	</link>
	<thumbnail>https://image.tmdb.org/t/p/w1280/pDjfBk3YkdvRK2VERvoHaXJdNxF.jpg</thumbnail>
	<fanart>https://image.tmdb.org/t/p/w1280/pkqkxX7tkN0QLBtOYzugtBqyu0C.jpg</fanart>
</item>
<item>
	<title>[COLOR=white]Superman II[/COLOR]</title>
	<meta>
	<imdb>tt0081573</imdb>
	<content>movie</content>
	<title>Superman II</title>
	<year>1980</year>
	</meta>
	<link>
	<sublink>search</sublink>
	<sublink>searchsd</sublink>
	</link>
	<thumbnail>https://image.tmdb.org/t/p/w1280/uvxjXSfph2FD07A2jBG9NHJnl27.jpg</thumbnail>
	<fanart>https://image.tmdb.org/t/p/w1280/1d0bPDy0Ud7g7vZ5qnKI6HsduLE.jpg</fanart>
</item>
<item>
	<title>[COLOR=white]Superman IV: The Quest for Peace[/COLOR]</title>
	<meta>
	<imdb>tt0094074</imdb>
	<content>movie</content>
	<title>Superman IV: The Quest for Peace</title>
	<year>1987</year>
	</meta>
	<link>
	<sublink>search</sublink>
	<sublink>searchsd</sublink>
	</link>
	<thumbnail>https://image.tmdb.org/t/p/w1280/q1P6UHWdrtZNkmdnoprV0ILfLlr.jpg</thumbnail>
	<fanart>https://image.tmdb.org/t/p/w1280/5VdpO1zWqritRhZnulbbhprBatW.jpg</fanart>
</item>
<item>
	<title>[COLOR=white]Superman[/COLOR]</title>
	<meta>
	<imdb>tt0078346</imdb>
	<content>movie</content>
	<title>Superman</title>
	<year>1978</year>
	</meta>
	<link>
	<sublink>search</sublink>
	<sublink>searchsd</sublink>
	</link>
	<thumbnail>https://image.tmdb.org/t/p/w1280/n2DOECThGG7h7m5AjLi2Nuh23u1.jpg</thumbnail>
	<fanart>https://image.tmdb.org/t/p/w1280/nS0rEXPbkHI449SF6R4WUQvTVxE.jpg</fanart>
</item>
<item>
	<title>[COLOR=white]Taken 2[/COLOR]</title>
	<meta>
	<imdb>tt1397280</imdb>
	<content>movie</content>
	<title>Taken 2</title>
	<year>2012</year>
	</meta>
	<link>
	<sublink>search</sublink>
	<sublink>searchsd</sublink>
	</link>
	<thumbnail>https://image.tmdb.org/t/p/w1280/rDX2zd9aVMJnBmlS8efwOYsi76R.jpg</thumbnail>
	<fanart>https://image.tmdb.org/t/p/w1280/uLQjXZq6307jTgcACnhOeh5mCK2.jpg</fanart>
</item>
<item>
	<title>[COLOR=white]Taken 3[/COLOR]</title>
	<meta>
	<imdb>tt2446042</imdb>
	<content>movie</content>
	<title>Taken 3</title>
	<year>2014</year>
	</meta>
	<link>
	<sublink>search</sublink>
	<sublink>searchsd</sublink>
	</link>
	<thumbnail>https://image.tmdb.org/t/p/w1280/ikDwR3i2bczqnRf1urJTy77YTFf.jpg</thumbnail>
	<fanart>https://image.tmdb.org/t/p/w1280/cU6R5EgOEmiIVKommjnU89hsvcD.jpg</fanart>
</item>
<item>
	<title>[COLOR=white]Taken[/COLOR]</title>
	<meta>
	<imdb>tt0936501</imdb>
	<content>movie</content>
	<title>Taken</title>
	<year>2008</year>
	</meta>
	<link>
	<sublink>search</sublink>
	<sublink>searchsd</sublink>
	</link>
	<thumbnail>https://image.tmdb.org/t/p/w1280/3zlffXmo7QpVBc17QIJWrRfasVr.jpg</thumbnail>
	<fanart>https://image.tmdb.org/t/p/w1280/lcqVBBirzzX520AyOK3k7kXBDJ6.jpg</fanart>
</item>
<item>
	<title>[COLOR=white]Terminator 2: Judgment Day[/COLOR]</title>
	<meta>
	<imdb>tt0103064</imdb>
	<content>movie</content>
	<title>Terminator 2: Judgment Day</title>
	<year>1991</year>
	</meta>
	<link>
	<sublink>search</sublink>
	<sublink>searchsd</sublink>
	</link>
	<thumbnail>https://image.tmdb.org/t/p/w1280/2y4dmgWYRMYXdD1UyJVcn2HSd1D.jpg</thumbnail>
	<fanart>https://image.tmdb.org/t/p/w1280/d9AqtruwS8nljKjL5aYzM42hQJr.jpg</fanart>
</item>
<item>
	<title>[COLOR=white]Terminator 3: Rise of the Machines[/COLOR]</title>
	<meta>
	<imdb>tt0181852</imdb>
	<content>movie</content>
	<title>Terminator 3: Rise of the Machines</title>
	<year>2003</year>
	</meta>
	<link>
	<sublink>search</sublink>
	<sublink>searchsd</sublink>
	</link>
	<thumbnail>https://image.tmdb.org/t/p/w1280/lz4xYdF1n09lyiCfZWtWT44SZiG.jpg</thumbnail>
	<fanart>https://image.tmdb.org/t/p/w1280/8ZuMyOjFpwq1tNU9MAFN836Wb1b.jpg</fanart>
</item>
<item>
	<title>[COLOR=white]Terminator Genisys[/COLOR]</title>
	<meta>
	<imdb>tt1340138</imdb>
	<content>movie</content>
	<title>Terminator Genisys</title>
	<year>2015</year>
	</meta>
	<link>
	<sublink>search</sublink>
	<sublink>searchsd</sublink>
	</link>
	<thumbnail>https://image.tmdb.org/t/p/w1280/5JU9ytZJyR3zmClGmVm9q4Geqbd.jpg</thumbnail>
	<fanart>https://image.tmdb.org/t/p/w1280/bIlYH4l2AyYvEysmS2AOfjO7Dn8.jpg</fanart>
</item>
<item>
	<title>[COLOR=white]Terminator Salvation[/COLOR]</title>
	<meta>
	<imdb>tt0438488</imdb>
	<content>movie</content>
	<title>Terminator Salvation</title>
	<year>2009</year>
	</meta>
	<link>
	<sublink>search</sublink>
	<sublink>searchsd</sublink>
	</link>
	<thumbnail>https://image.tmdb.org/t/p/w1280/gw6JhlekZgtKUFlDTezq3j5JEPK.jpg</thumbnail>
	<fanart>https://image.tmdb.org/t/p/w1280/tBCOpjphzSLzC6oOjqzTEg6bJ7q.jpg</fanart>
</item>
<item>
	<title>[COLOR=white]The Conjuring 2[/COLOR]</title>
	<meta>
	<imdb>tt3065204</imdb>
	<content>movie</content>
	<title>The Conjuring 2</title>
	<year>2016</year>
	</meta>
	<link>
	<sublink>search</sublink>
	<sublink>searchsd</sublink>
	</link>
	<thumbnail>https://image.tmdb.org/t/p/w1280/e3lBJCedHnZPfNfmBArKHZXXNC0.jpg</thumbnail>
	<fanart>https://image.tmdb.org/t/p/w1280/slpgZisYNapLoN9FWXqDOC1ExbU.jpg</fanart>
</item>
<item>
	<title>[COLOR=white]The Conjuring[/COLOR]</title>
	<meta>
	<imdb>tt1457767</imdb>
	<content>movie</content>
	<title>The Conjuring</title>
	<year>2013</year>
	</meta>
	<link>
	<sublink>search</sublink>
	<sublink>searchsd</sublink>
	</link>
	<thumbnail>https://image.tmdb.org/t/p/w1280/ejrD1lkCIQX26TO8k4gePsFpcyX.jpg</thumbnail>
	<fanart>https://image.tmdb.org/t/p/w1280/ksV4twEYj9HUjq2MP6q2dM0rxWX.jpg</fanart>
</item>
<item>
	<title>[COLOR=white]The Dark Knight Rises[/COLOR]</title>
	<meta>
	<imdb>tt1345836</imdb>
	<content>movie</content>
	<title>The Dark Knight Rises</title>
	<year>2012</year>
	</meta>
	<link>
	<sublink>search</sublink>
	<sublink>searchsd</sublink>
	</link>
	<thumbnail>https://image.tmdb.org/t/p/w1280/dEYnvnUfXrqvqeRSqvIEtmzhoA8.jpg</thumbnail>
	<fanart>https://image.tmdb.org/t/p/w1280/f6ljQGv7WnJuwBPty017oPWfqjx.jpg</fanart>
</item>
<item>
	<title>[COLOR=white]The Dark Knight[/COLOR]</title>
	<meta>
	<imdb>tt0468569</imdb>
	<content>movie</content>
	<title>The Dark Knight</title>
	<year>2008</year>
	</meta>
	<link>
	<sublink>search</sublink>
	<sublink>searchsd</sublink>
	</link>
	<thumbnail>https://image.tmdb.org/t/p/w1280/1hRoyzDtpgMU7Dz4JF22RANzQO7.jpg</thumbnail>
	<fanart>https://image.tmdb.org/t/p/w1280/hqkIcbrOHL86UncnHIsHVcVmzue.jpg</fanart>
</item>
<item>
	<title>[COLOR=white]The Empire Strikes Back[/COLOR]</title>
	<meta>
	<imdb>tt0080684</imdb>
	<content>movie</content>
	<title>The Empire Strikes Back</title>
	<year>1980</year>
	</meta>
	<link>
	<sublink>search</sublink>
	<sublink>searchsd</sublink>
	</link>
	<thumbnail>https://image.tmdb.org/t/p/w1280/9SKDSFbaM6LuGqG1aPWN3wYGEyD.jpg</thumbnail>
	<fanart>https://image.tmdb.org/t/p/w1280/amYkOxCwHiVTFKendcIW0rSrRlU.jpg</fanart>
</item>
<item>
	<title>[COLOR=white]The Expendables 2[/COLOR]</title>
	<meta>
	<imdb>tt1764651</imdb>
	<content>movie</content>
	<title>The Expendables 2</title>
	<year>2012</year>
	</meta>
	<link>
	<sublink>search</sublink>
	<sublink>searchsd</sublink>
	</link>
	<thumbnail>https://image.tmdb.org/t/p/w1280/dJPnTe1qOcO7XqsJvESFph83m6m.jpg</thumbnail>
	<fanart>https://image.tmdb.org/t/p/w1280/pIjnoUnXdLpROFzIRPNziPzgBUp.jpg</fanart>
</item>
<item>
	<title>[COLOR=white]The Expendables 3[/COLOR]</title>
	<meta>
	<imdb>tt2333784</imdb>
	<content>movie</content>
	<title>The Expendables 3</title>
	<year>2014</year>
	</meta>
	<link>
	<sublink>search</sublink>
	<sublink>searchsd</sublink>
	</link>
	<thumbnail>https://image.tmdb.org/t/p/w1280/xczFwJhcCb2rUMylXam0Ni7Yn5o.jpg</thumbnail>
	<fanart>https://image.tmdb.org/t/p/w1280/5ldMfEYNk0fea8QQ0mjyrksIr1M.jpg</fanart>
</item>
<item>
	<title>[COLOR=white]The Expendables[/COLOR]</title>
	<meta>
	<imdb>tt1320253</imdb>
	<content>movie</content>
	<title>The Expendables</title>
	<year>2010</year>
	</meta>
	<link>
	<sublink>search</sublink>
	<sublink>searchsd</sublink>
	</link>
	<thumbnail>https://image.tmdb.org/t/p/w1280/4gLFKsalwRy0ONzfYaRsKr5wilK.jpg</thumbnail>
	<fanart>https://image.tmdb.org/t/p/w1280/x5u73uBylbyCCnkzUGzt3uozqRp.jpg</fanart>
</item>
<item>
	<title>[COLOR=white]The Final Destination[/COLOR]</title>
	<meta>
	<imdb>tt1144884</imdb>
	<content>movie</content>
	<title>The Final Destination</title>
	<year>2009</year>
	</meta>
	<link>
	<sublink>search</sublink>
	<sublink>searchsd</sublink>
	</link>
	<thumbnail>https://image.tmdb.org/t/p/w1280/5vxXrr1MqGsT4NNeRITpfDnl4Rq.jpg</thumbnail>
	<fanart>https://image.tmdb.org/t/p/w1280/166hLHfpVEvXpMQWqvFiqzUgZ6W.jpg</fanart>
</item>
<item>
	<title>[COLOR=white]The Good, the Bad and the Ugly[/COLOR]</title>
	<meta>
	<imdb>tt0060196</imdb>
	<content>movie</content>
	<title>The Good, the Bad and the Ugly</title>
	<year>1966</year>
	</meta>
	<link>
	<sublink>search</sublink>
	<sublink>searchsd</sublink>
	</link>
	<thumbnail>https://image.tmdb.org/t/p/w1280/wfPHdfofBD5PN96dV96a51B3Ja2.jpg</thumbnail>
	<fanart>https://image.tmdb.org/t/p/w1280/xGC2fY5KFmtuXnsuQwYQKFOLZFy.jpg</fanart>
</item>
<item>
	<title>[COLOR=white]The Hangover Part III[/COLOR]</title>
	<meta>
	<imdb>tt1951261</imdb>
	<content>movie</content>
	<title>The Hangover Part III</title>
	<year>2013</year>
	</meta>
	<link>
	<sublink>search</sublink>
	<sublink>searchsd</sublink>
	</link>
	<thumbnail>https://image.tmdb.org/t/p/w1280/vtxuPWkdllLNLVyGjKYa267ntuH.jpg</thumbnail>
	<fanart>https://image.tmdb.org/t/p/w1280/xIrtFqXc62VGcWKHOsQfCq4j3x0.jpg</fanart>
</item>
<item>
	<title>[COLOR=white]The Hangover Part II[/COLOR]</title>
	<meta>
	<imdb>tt1411697</imdb>
	<content>movie</content>
	<title>The Hangover Part II</title>
	<year>2011</year>
	</meta>
	<link>
	<sublink>search</sublink>
	<sublink>searchsd</sublink>
	</link>
	<thumbnail>https://image.tmdb.org/t/p/w1280/yoiJyVknXfU4jcJvPYeMOCgyLky.jpg</thumbnail>
	<fanart>https://image.tmdb.org/t/p/w1280/hnu7rEmUXyrRBqlRTd2CzDBUap4.jpg</fanart>
</item>
<item>
	<title>[COLOR=white]The Hangover[/COLOR]</title>
	<meta>
	<imdb>tt1119646</imdb>
	<content>movie</content>
	<title>The Hangover</title>
	<year>2009</year>
	</meta>
	<link>
	<sublink>search</sublink>
	<sublink>searchsd</sublink>
	</link>
	<thumbnail>https://image.tmdb.org/t/p/w1280/uluhlXubGu1VxU63X9VHCLWDAYP.jpg</thumbnail>
	<fanart>https://image.tmdb.org/t/p/w1280/xxKd56iFbMeRQARUosTGgxKxrnF.jpg</fanart>
</item>
<item>
	<title>[COLOR=white]The Karate Kid, Part III[/COLOR]</title>
	<meta>
	<imdb>tt0097647</imdb>
	<content>movie</content>
	<title>The Karate Kid, Part III</title>
	<year>1989</year>
	</meta>
	<link>
	<sublink>search</sublink>
	<sublink>searchsd</sublink>
	</link>
	<thumbnail>https://image.tmdb.org/t/p/w1280/2Z0EJl11kOSPMMvHqZ4r5Csh7Ph.jpg</thumbnail>
	<fanart>https://image.tmdb.org/t/p/w1280/3VZwYb2N46lHsTrXVxk3KcbPyxw.jpg</fanart>
</item>
<item>
	<title>[COLOR=white]The Karate Kid, Part II[/COLOR]</title>
	<meta>
	<imdb>tt0091326</imdb>
	<content>movie</content>
	<title>The Karate Kid, Part II</title>
	<year>1986</year>
	</meta>
	<link>
	<sublink>search</sublink>
	<sublink>searchsd</sublink>
	</link>
	<thumbnail>https://image.tmdb.org/t/p/w1280/4zmEPGKrD3sgjHZUs99tknEBaJy.jpg</thumbnail>
	<fanart>https://image.tmdb.org/t/p/w1280/dRoRqvQahkeGsOKuCNdx4nPGfF.jpg</fanart>
</item>
<item>
	<title>[COLOR=white]The Karate Kid[/COLOR]</title>
	<meta>
	<imdb>tt0087538</imdb>
	<content>movie</content>
	<title>The Karate Kid</title>
	<year>1984</year>
	</meta>
	<link>
	<sublink>search</sublink>
	<sublink>searchsd</sublink>
	</link>
	<thumbnail>https://image.tmdb.org/t/p/w1280/5kKor5pZ3ov08CAstSyk7FGDKVN.jpg</thumbnail>
	<fanart>https://image.tmdb.org/t/p/w1280/bPSnI2tPcxRXJ1oGMpIxIMvoSde.jpg</fanart>
</item>
<item>
	<title>[COLOR=white]The Lord of the Rings: The Fellowship of the Ring[/COLOR]</title>
	<meta>
	<imdb>tt0120737</imdb>
	<content>movie</content>
	<title>The Lord of the Rings: The Fellowship of the Ring</title>
	<year>2001</year>
	</meta>
	<link>
	<sublink>search</sublink>
	<sublink>searchsd</sublink>
	</link>
	<thumbnail>https://image.tmdb.org/t/p/w1280/56zTpe2xvaA4alU51sRWPoKPYZy.jpg</thumbnail>
	<fanart>https://image.tmdb.org/t/p/w1280/pIUvQ9Ed35wlWhY2oU6OmwEsmzG.jpg</fanart>
</item>
<item>
	<title>[COLOR=white]The Lord of the Rings: The Return of the King[/COLOR]</title>
	<meta>
	<imdb>tt0167260</imdb>
	<content>movie</content>
	<title>The Lord of the Rings: The Return of the King</title>
	<year>2003</year>
	</meta>
	<link>
	<sublink>search</sublink>
	<sublink>searchsd</sublink>
	</link>
	<thumbnail>https://image.tmdb.org/t/p/w1280/rCzpDGLbOoPwLjy3OAm5NUPOTrC.jpg</thumbnail>
	<fanart>https://image.tmdb.org/t/p/w1280/8BPZO0Bf8TeAy8znF43z8soK3ys.jpg</fanart>
</item>
<item>
	<title>[COLOR=white]The Lord of the Rings: The Two Towers[/COLOR]</title>
	<meta>
	<imdb>tt0167261</imdb>
	<content>movie</content>
	<title>The Lord of the Rings: The Two Towers</title>
	<year>2002</year>
	</meta>
	<link>
	<sublink>search</sublink>
	<sublink>searchsd</sublink>
	</link>
	<thumbnail>https://image.tmdb.org/t/p/w1280/5VTN0pR8gcqV3EPUHHfMGnJYN9L.jpg</thumbnail>
	<fanart>https://image.tmdb.org/t/p/w1280/dG4BmM32XJmKiwopLDQmvXEhuHB.jpg</fanart>
</item>
<item>
	<title>[COLOR=white]The Naked Gun 2 1/2 : The Smell of Fear[/COLOR]</title>
	<meta>
	<imdb>tt0102510</imdb>
	<content>movie</content>
	<title>The Naked Gun 2 1/2 : The Smell of Fear</title>
	<year>1991</year>
	</meta>
	<link>
	<sublink>search</sublink>
	<sublink>searchsd</sublink>
	</link>
	<thumbnail>https://image.tmdb.org/t/p/w1280/qrjwY4wXu54rhpuwrfq7lojGMka.jpg</thumbnail>
	<fanart>https://image.tmdb.org/t/p/w1280/HbXkK9swYbBiRL4KhvyA97TOqR.jpg</fanart>
</item>
<item>
	<title>[COLOR=white]The Naked Gun: From the Files of Police Squad![/COLOR]</title>
	<meta>
	<imdb>tt0095705</imdb>
	<content>movie</content>
	<title>The Naked Gun: From the Files of Police Squad!</title>
	<year>1988</year>
	</meta>
	<link>
	<sublink>search</sublink>
	<sublink>searchsd</sublink>
	</link>
	<thumbnail>https://image.tmdb.org/t/p/w1280/gajZQkZjVXPuLJUMoEk1eVeZz61.jpg</thumbnail>
	<fanart>https://image.tmdb.org/t/p/w1280/vBvfE7oUpJggU1Cf4UXgeeXocsg.jpg</fanart>
</item>
<item>
	<title>[COLOR=white]The Purge: Anarchy[/COLOR]</title>
	<meta>
	<imdb>tt2975578</imdb>
	<content>movie</content>
	<title>The Purge: Anarchy</title>
	<year>2014</year>
	</meta>
	<link>
	<sublink>search</sublink>
	<sublink>searchsd</sublink>
	</link>
	<thumbnail>https://image.tmdb.org/t/p/w1280/l1DRl40x2OWUoPP42v8fjKdS1Z3.jpg</thumbnail>
	<fanart>https://image.tmdb.org/t/p/w1280/zWGAnbxjjwY3xFGuOeR26LGbBlG.jpg</fanart>
</item>
<item>
	<title>[COLOR=white]The Purge: Election Year[/COLOR]</title>
	<meta>
	<imdb>tt4094724</imdb>
	<content>movie</content>
	<title>The Purge: Election Year</title>
	<year>2016</year>
	</meta>
	<link>
	<sublink>search</sublink>
	<sublink>searchsd</sublink>
	</link>
	<thumbnail>https://image.tmdb.org/t/p/w1280/sm7p6NvWOBSDywdIPhmiX3SLSH8.jpg</thumbnail>
	<fanart>https://image.tmdb.org/t/p/w1280/f4GxmpfTxEN09R5qOCs9v5DN3KO.jpg</fanart>
</item>
<item>
	<title>[COLOR=white]The Purge[/COLOR]</title>
	<meta>
	<imdb>tt2184339</imdb>
	<content>movie</content>
	<title>The Purge</title>
	<year>2013</year>
	</meta>
	<link>
	<sublink>search</sublink>
	<sublink>searchsd</sublink>
	</link>
	<thumbnail>https://image.tmdb.org/t/p/w1280/tGGJOuLHX7UDlTz57sjfhW1qreP.jpg</thumbnail>
	<fanart>https://image.tmdb.org/t/p/w1280/1sZ9Nnic1ldHhHttAMDmNxaNM04.jpg</fanart>
</item>
<item>
	<title>[COLOR=white]The Silence of the Lambs[/COLOR]</title>
	<meta>
	<imdb>tt0102926</imdb>
	<content>movie</content>
	<title>The Silence of the Lambs</title>
	<year>1991</year>
	</meta>
	<link>
	<sublink>search</sublink>
	<sublink>searchsd</sublink>
	</link>
	<thumbnail>https://image.tmdb.org/t/p/w1280/qjAyTj2BSth1EQ89vNfo0JYVPFN.jpg</thumbnail>
	<fanart>https://image.tmdb.org/t/p/w1280/pzmrKXQgL7GEZvigD6W1bUEzXJN.jpg</fanart>
</item>
<item>
	<title>[COLOR=white]The Terminator[/COLOR]</title>
	<meta>
	<imdb>tt0088247</imdb>
	<content>movie</content>
	<title>The Terminator</title>
	<year>1984</year>
	</meta>
	<link>
	<sublink>search</sublink>
	<sublink>searchsd</sublink>
	</link>
	<thumbnail>https://image.tmdb.org/t/p/w1280/q8ffBuxQlYOHrvPniLgCbmKK4Lv.jpg</thumbnail>
	<fanart>https://image.tmdb.org/t/p/w1280/6yFoLNQgFdVbA8TZMdfgVpszOla.jpg</fanart>
</item>
<item>
	<title>[COLOR=white]Toy Story 2[/COLOR]</title>
	<meta>
	<imdb>tt0120363</imdb>
	<content>movie</content>
	<title>Toy Story 2</title>
	<year>1999</year>
	</meta>
	<link>
	<sublink>search</sublink>
	<sublink>searchsd</sublink>
	</link>
	<thumbnail>https://image.tmdb.org/t/p/w1280/3CmK3XurcLeUyMifCR28ibzupbB.jpg</thumbnail>
	<fanart>https://image.tmdb.org/t/p/w1280/9Kjxr4VCU0Y4DAuXkzR2moAy7DK.jpg</fanart>
</item>
<item>
	<title>[COLOR=white]Toy Story 3[/COLOR]</title>
	<meta>
	<imdb>tt0435761</imdb>
	<content>movie</content>
	<title>Toy Story 3</title>
	<year>2010</year>
	</meta>
	<link>
	<sublink>search</sublink>
	<sublink>searchsd</sublink>
	</link>
	<thumbnail>https://image.tmdb.org/t/p/w1280/mMltbSxwEdNE4Cv8QYLpzkHWTDo.jpg</thumbnail>
	<fanart>https://image.tmdb.org/t/p/w1280/y2qAjM37QgatWeG84DDtwsZuMW.jpg</fanart>
</item>
<item>
	<title>[COLOR=white]Toy Story[/COLOR]</title>
	<meta>
	<imdb>tt0114709</imdb>
	<content>movie</content>
	<title>Toy Story</title>
	<year>1995</year>
	</meta>
	<link>
	<sublink>search</sublink>
	<sublink>searchsd</sublink>
	</link>
	<thumbnail>https://image.tmdb.org/t/p/w1280/rhIRbceoE9lR4veEXuwCC2wARtG.jpg</thumbnail>
	<fanart>https://image.tmdb.org/t/p/w1280/dji4Fm0gCDVb9DQQMRvAI8YNnTz.jpg</fanart>
</item>
<item>
	<title>[COLOR=white]Wrong Turn 2: Dead End[/COLOR]</title>
	<meta>
	<imdb>tt0804555</imdb>
	<content>movie</content>
	<title>Wrong Turn 2: Dead End</title>
	<year>2007</year>
	</meta>
	<link>
	<sublink>search</sublink>
	<sublink>searchsd</sublink>
	</link>
	<thumbnail>https://image.tmdb.org/t/p/w1280/ftmiyfrTrqTi5Qod62nGRP9BGPn.jpg</thumbnail>
	<fanart>https://image.tmdb.org/t/p/w1280/6hBIRNqGhaFxMHLRyudhRJOJGHt.jpg</fanart>
</item>
<item>
	<title>[COLOR=white]Wrong Turn 3: Left for Dead[/COLOR]</title>
	<meta>
	<imdb>tt1261978</imdb>
	<content>movie</content>
	<title>Wrong Turn 3: Left for Dead</title>
	<year>2009</year>
	</meta>
	<link>
	<sublink>search</sublink>
	<sublink>searchsd</sublink>
	</link>
	<thumbnail>https://image.tmdb.org/t/p/w1280/84s4LMWuGbm4xPWW5PSbHyQhh33.jpg</thumbnail>
	<fanart>https://image.tmdb.org/t/p/w1280/xywrNUGd9TYsa2lxRMbVRd8hsom.jpg</fanart>
</item>
<item>
	<title>[COLOR=white]Wrong Turn 4: Bloody Beginnings[/COLOR]</title>
	<meta>
	<imdb>tt1865567</imdb>
	<content>movie</content>
	<title>Wrong Turn 4: Bloody Beginnings</title>
	<year>2011</year>
	</meta>
	<link>
	<sublink>search</sublink>
	<sublink>searchsd</sublink>
	</link>
	<thumbnail>https://image.tmdb.org/t/p/w1280/ogAYr3SdD5j2bFRX5briSOhe0Rw.jpg</thumbnail>
	<fanart>https://image.tmdb.org/t/p/w1280/lWU9q6992huj0TPi53kemgYGPo8.jpg</fanart>
</item>
<item>
	<title>[COLOR=white]Wrong Turn 5: Bloodlines[/COLOR]</title>
	<meta>
	<imdb>tt2375779</imdb>
	<content>movie</content>
	<title>Wrong Turn 5: Bloodlines</title>
	<year>2012</year>
	</meta>
	<link>
	<sublink>search</sublink>
	<sublink>searchsd</sublink>
	</link>
	<thumbnail>https://image.tmdb.org/t/p/w1280/olnVrUyoL2ntBBuipvXBecCbTBX.jpg</thumbnail>
	<fanart>https://image.tmdb.org/t/p/w1280/euv2zu83YBRQDOjcsPy3vWkyO5n.jpg</fanart>
</item>
<item>
	<title>[COLOR=white]Wrong Turn 6: Last Resort[/COLOR]</title>
	<meta>
	<imdb>tt3612032</imdb>
	<content>movie</content>
	<title>Wrong Turn 6: Last Resort</title>
	<year>2014</year>
	</meta>
	<link>
	<sublink>search</sublink>
	<sublink>searchsd</sublink>
	</link>
	<thumbnail>https://image.tmdb.org/t/p/w1280/n6bu9uvIQBTJEmWCGlifTToWxsu.jpg</thumbnail>
	<fanart>https://image.tmdb.org/t/p/w1280/wdCnrC6is10zWqD3lqCe9LMz63o.jpg</fanart>
</item>
<item>
	<title>[COLOR=white]Wrong Turn[/COLOR]</title>
	<meta>
	<imdb>tt0295700</imdb>
	<content>movie</content>
	<title>Wrong Turn</title>
	<year>2003</year>
	</meta>
	<link>
	<sublink>search</sublink>
	<sublink>searchsd</sublink>
	</link>
	<thumbnail>https://image.tmdb.org/t/p/w1280/kyn0ZC8tvLWuKN85mhlG1lwB1WQ.jpg</thumbnail>
	<fanart>https://image.tmdb.org/t/p/w1280/creyffSSB77AsPHclQlVc2Iu2BR.jpg</fanart>
</item>
