item>
	<title>[COLOR=white]In The Wild[/COLOR]</title>
	<meta>
	<imdb>tt0280277</imdb>
	<content>episode</content>
	<tvshowtitle>Mr Bean The Animated Series</tvshowtitle>
	<year>2002</year>
	<season>1</season>
	<episode>1</episode>
	</meta>
	<link>
	<sublink>search</sublink>
	<sublink>searchsd</sublink>
	</link>
	<thumbnail>https://image.tmdb.org/t/p/w1280/v2GalSg1QUN7pUKd474eIJl0YTz.jpg</thumbnail>
	<fanart>https://image.tmdb.org/t/p/w1280/blPKmlHDXGLmE0kqR1JexMLzXQt.jpg</fanart>
</item>
<item>
	<title>[COLOR=white]Missing Teddy[/COLOR]</title>
	<meta>
	<imdb>tt0280277</imdb>
	<content>episode</content>
	<tvshowtitle>Mr Bean The Animated Series</tvshowtitle>
	<year>2002</year>
	<season>1</season>
	<episode>2</episode>
	</meta>
	<link>
	<sublink>search</sublink>
	<sublink>searchsd</sublink>
	</link>
	<thumbnail>https://image.tmdb.org/t/p/w1280/b52kbqyPpSrtJo7zOZVfLxxr0cc.jpg</thumbnail>
	<fanart>https://image.tmdb.org/t/p/w1280/blPKmlHDXGLmE0kqR1JexMLzXQt.jpg</fanart>
</item>
<item>
	<title>[COLOR=white]No Parking[/COLOR]</title>
	<meta>
	<imdb>tt0280277</imdb>
	<content>episode</content>
	<tvshowtitle>Mr Bean The Animated Series</tvshowtitle>
	<year>2002</year>
	<season>1</season>
	<episode>3</episode>
	</meta>
	<link>
	<sublink>search</sublink>
	<sublink>searchsd</sublink>
	</link>
	<thumbnail>https://image.tmdb.org/t/p/w1280/7XK6OqalHppd3ezHC7eI0QMf1fC.jpg</thumbnail>
	<fanart>https://image.tmdb.org/t/p/w1280/blPKmlHDXGLmE0kqR1JexMLzXQt.jpg</fanart>
</item>
<item>
	<title>[COLOR=white]Bean's Bounty[/COLOR]</title>
	<meta>
	<imdb>tt0280277</imdb>
	<content>episode</content>
	<tvshowtitle>Mr Bean The Animated Series</tvshowtitle>
	<year>2002</year>
	<season>1</season>
	<episode>4</episode>
	</meta>
	<link>
	<sublink>search</sublink>
	<sublink>searchsd</sublink>
	</link>
	<thumbnail>https://image.tmdb.org/t/p/w1280/dpKpYN1T5B8t1GSIMT6gFm36lkL.jpg</thumbnail>
	<fanart>https://image.tmdb.org/t/p/w1280/blPKmlHDXGLmE0kqR1JexMLzXQt.jpg</fanart>
</item>
<item>
	<title>[COLOR=white]Mime Games[/COLOR]</title>
	<meta>
	<imdb>tt0280277</imdb>
	<content>episode</content>
	<tvshowtitle>Mr Bean The Animated Series</tvshowtitle>
	<year>2002</year>
	<season>1</season>
	<episode>5</episode>
	</meta>
	<link>
	<sublink>search</sublink>
	<sublink>searchsd</sublink>
	</link>
	<thumbnail>https://image.tmdb.org/t/p/w1280/hoUmLwy3E1Kjtof707sTLVp4nID.jpg</thumbnail>
	<fanart>https://image.tmdb.org/t/p/w1280/blPKmlHDXGLmE0kqR1JexMLzXQt.jpg</fanart>
</item>
<item>
	<title>[COLOR=white]Spring Clean[/COLOR]</title>
	<meta>
	<imdb>tt0280277</imdb>
	<content>episode</content>
	<tvshowtitle>Mr Bean The Animated Series</tvshowtitle>
	<year>2002</year>
	<season>1</season>
	<episode>6</episode>
	</meta>
	<link>
	<sublink>search</sublink>
	<sublink>searchsd</sublink>
	</link>
	<thumbnail>https://image.tmdb.org/t/p/w1280/1aNXOStBccVoK4xPbsA7ZsNaEuZ.jpg</thumbnail>
	<fanart>https://image.tmdb.org/t/p/w1280/blPKmlHDXGLmE0kqR1JexMLzXQt.jpg</fanart>
</item>
<item>
	<title>[COLOR=white]Birthday Bear[/COLOR]</title>
	<meta>
	<imdb>tt0280277</imdb>
	<content>episode</content>
	<tvshowtitle>Mr Bean The Animated Series</tvshowtitle>
	<year>2002</year>
	<season>1</season>
	<episode>7</episode>
	</meta>
	<link>
	<sublink>search</sublink>
	<sublink>searchsd</sublink>
	</link>
	<thumbnail>https://image.tmdb.org/t/p/w1280/8ARp9s7uTi24P5fCMq5FMzHy52Y.jpg</thumbnail>
	<fanart>https://image.tmdb.org/t/p/w1280/blPKmlHDXGLmE0kqR1JexMLzXQt.jpg</fanart>
</item>
<item>
	<title>[COLOR=white]The Mole[/COLOR]</title>
	<meta>
	<imdb>tt0280277</imdb>
	<content>episode</content>
	<tvshowtitle>Mr Bean The Animated Series</tvshowtitle>
	<year>2002</year>
	<season>1</season>
	<episode>8</episode>
	</meta>
	<link>
	<sublink>search</sublink>
	<sublink>searchsd</sublink>
	</link>
	<thumbnail>https://image.tmdb.org/t/p/w1280/wEUrYi4jeH5K52Is9hApNusiWog.jpg</thumbnail>
	<fanart>https://image.tmdb.org/t/p/w1280/blPKmlHDXGLmE0kqR1JexMLzXQt.jpg</fanart>
</item>
<item>
	<title>[COLOR=white]Roadworks[/COLOR]</title>
	<meta>
	<imdb>tt0280277</imdb>
	<content>episode</content>
	<tvshowtitle>Mr Bean The Animated Series</tvshowtitle>
	<year>2002</year>
	<season>1</season>
	<episode>9</episode>
	</meta>
	<link>
	<sublink>search</sublink>
	<sublink>searchsd</sublink>
	</link>
	<thumbnail>https://image.tmdb.org/t/p/w1280/9ZGZ1tTtVvhzEtPDwJEDZoLlGA5.jpg</thumbnail>
	<fanart>https://image.tmdb.org/t/p/w1280/blPKmlHDXGLmE0kqR1JexMLzXQt.jpg</fanart>
</item>
<item>
	<title>[COLOR=white]The Sofa[/COLOR]</title>
	<meta>
	<imdb>tt0280277</imdb>
	<content>episode</content>
	<tvshowtitle>Mr Bean The Animated Series</tvshowtitle>
	<year>2002</year>
	<season>1</season>
	<episode>10</episode>
	</meta>
	<link>
	<sublink>search</sublink>
	<sublink>searchsd</sublink>
	</link>
	<thumbnail>https://image.tmdb.org/t/p/w1280/5NfOkmiYTxiiW99Ov8EtAQDHLF7.jpg</thumbnail>
	<fanart>https://image.tmdb.org/t/p/w1280/blPKmlHDXGLmE0kqR1JexMLzXQt.jpg</fanart>
</item>
<item>
	<title>[COLOR=white]Treasure![/COLOR]</title>
	<meta>
	<imdb>tt0280277</imdb>
	<content>episode</content>
	<tvshowtitle>Mr Bean The Animated Series</tvshowtitle>
	<year>2002</year>
	<season>1</season>
	<episode>11</episode>
	</meta>
	<link>
	<sublink>search</sublink>
	<sublink>searchsd</sublink>
	</link>
	<thumbnail>https://image.tmdb.org/t/p/w1280/8fi3JGtdrsSLbEtaeIptXZPLpV0.jpg</thumbnail>
	<fanart>https://image.tmdb.org/t/p/w1280/blPKmlHDXGLmE0kqR1JexMLzXQt.jpg</fanart>
</item>
<item>
	<title>[COLOR=white]Homeless[/COLOR]</title>
	<meta>
	<imdb>tt0280277</imdb>
	<content>episode</content>
	<tvshowtitle>Mr Bean The Animated Series</tvshowtitle>
	<year>2002</year>
	<season>1</season>
	<episode>12</episode>
	</meta>
	<link>
	<sublink>search</sublink>
	<sublink>searchsd</sublink>
	</link>
	<thumbnail>https://image.tmdb.org/t/p/w1280/cofjR51ShRB29w5dRiDZjcH5b3C.jpg</thumbnail>
	<fanart>https://image.tmdb.org/t/p/w1280/blPKmlHDXGLmE0kqR1JexMLzXQt.jpg</fanart>
</item>
<item>
	<title>[COLOR=white]Nurse![/COLOR]</title>
	<meta>
	<imdb>tt0280277</imdb>
	<content>episode</content>
	<tvshowtitle>Mr Bean The Animated Series</tvshowtitle>
	<year>2002</year>
	<season>1</season>
	<episode>13</episode>
	</meta>
	<link>
	<sublink>search</sublink>
	<sublink>searchsd</sublink>
	</link>
	<thumbnail>https://image.tmdb.org/t/p/w1280/6s6IqIqS37GQSPMl12mYzOhmemj.jpg</thumbnail>
	<fanart>https://image.tmdb.org/t/p/w1280/blPKmlHDXGLmE0kqR1JexMLzXQt.jpg</fanart>
</item>
<item>
	<title>[COLOR=white]Dead Cat[/COLOR]</title>
	<meta>
	<imdb>tt0280277</imdb>
	<content>episode</content>
	<tvshowtitle>Mr Bean The Animated Series</tvshowtitle>
	<year>2002</year>
	<season>1</season>
	<episode>14</episode>
	</meta>
	<link>
	<sublink>search</sublink>
	<sublink>searchsd</sublink>
	</link>
	<thumbnail>https://image.tmdb.org/t/p/w1280/wkgQNanHhveCh8CMUFnRsHD2DEZ.jpg</thumbnail>
	<fanart>https://image.tmdb.org/t/p/w1280/blPKmlHDXGLmE0kqR1JexMLzXQt.jpg</fanart>
</item>
<item>
	<title>[COLOR=white]Super Trolley[/COLOR]</title>
	<meta>
	<imdb>tt0280277</imdb>
	<content>episode</content>
	<tvshowtitle>Mr Bean The Animated Series</tvshowtitle>
	<year>2002</year>
	<season>1</season>
	<episode>15</episode>
	</meta>
	<link>
	<sublink>search</sublink>
	<sublink>searchsd</sublink>
	</link>
	<thumbnail>https://image.tmdb.org/t/p/w1280/zEVSTx3yxcrWy7BlpVCWJnzI2cs.jpg</thumbnail>
	<fanart>https://image.tmdb.org/t/p/w1280/blPKmlHDXGLmE0kqR1JexMLzXQt.jpg</fanart>
</item>
<item>
	<title>[COLOR=white]Magpie[/COLOR]</title>
	<meta>
	<imdb>tt0280277</imdb>
	<content>episode</content>
	<tvshowtitle>Mr Bean The Animated Series</tvshowtitle>
	<year>2002</year>
	<season>1</season>
	<episode>16</episode>
	</meta>
	<link>
	<sublink>search</sublink>
	<sublink>searchsd</sublink>
	</link>
	<thumbnail>https://image.tmdb.org/t/p/w1280/7aZVAgpSf5NeDF4tKfr12dgbzEP.jpg</thumbnail>
	<fanart>https://image.tmdb.org/t/p/w1280/blPKmlHDXGLmE0kqR1JexMLzXQt.jpg</fanart>
</item>
<item>
	<title>[COLOR=white]Cat-Sitting[/COLOR]</title>
	<meta>
	<imdb>tt0280277</imdb>
	<content>episode</content>
	<tvshowtitle>Mr Bean The Animated Series</tvshowtitle>
	<year>2002</year>
	<season>1</season>
	<episode>17</episode>
	</meta>
	<link>
	<sublink>search</sublink>
	<sublink>searchsd</sublink>
	</link>
	<thumbnail>https://image.tmdb.org/t/p/w1280/6jeJGAkwMnLD25rmB8UPMuDqt9H.jpg</thumbnail>
	<fanart>https://image.tmdb.org/t/p/w1280/blPKmlHDXGLmE0kqR1JexMLzXQt.jpg</fanart>
</item>
<item>
	<title>[COLOR=white]The Bottle[/COLOR]</title>
	<meta>
	<imdb>tt0280277</imdb>
	<content>episode</content>
	<tvshowtitle>Mr Bean The Animated Series</tvshowtitle>
	<year>2002</year>
	<season>1</season>
	<episode>18</episode>
	</meta>
	<link>
	<sublink>search</sublink>
	<sublink>searchsd</sublink>
	</link>
	<thumbnail>https://image.tmdb.org/t/p/w1280/amfEB5bsSrK6zYZmZ49DPyxcB3z.jpg</thumbnail>
	<fanart>https://image.tmdb.org/t/p/w1280/blPKmlHDXGLmE0kqR1JexMLzXQt.jpg</fanart>
</item>
<item>
	<title>[COLOR=white]Episode 19[/COLOR]</title>
	<meta>
	<imdb>tt0280277</imdb>
	<content>episode</content>
	<tvshowtitle>Mr Bean The Animated Series</tvshowtitle>
	<year></year>
	<season>1</season>
	<episode>19</episode>
	</meta>
	<link>
	<sublink>search</sublink>
	<sublink>searchsd</sublink>
	</link>
	<thumbnail>https://image.tmdb.org/t/p/w1280/67r3GKDl6gzjQzOglsNbao2LuRH.jpg</thumbnail>
	<fanart>https://image.tmdb.org/t/p/w1280/blPKmlHDXGLmE0kqR1JexMLzXQt.jpg</fanart>
</item>
<item>
	<title>[COLOR=white]Episode 20[/COLOR]</title>
	<meta>
	<imdb>tt0280277</imdb>
	<content>episode</content>
	<tvshowtitle>Mr Bean The Animated Series</tvshowtitle>
	<year></year>
	<season>1</season>
	<episode>20</episode>
	</meta>
	<link>
	<sublink>search</sublink>
	<sublink>searchsd</sublink>
	</link>
	<thumbnail>https://image.tmdb.org/t/p/w1280/k5ghQ5J2Wz2hFmfCY9Diuzbw56j.jpg</thumbnail>
	<fanart>https://image.tmdb.org/t/p/w1280/blPKmlHDXGLmE0kqR1JexMLzXQt.jpg</fanart>
</item>
<item>
	<title>[COLOR=white]Episode 21[/COLOR]</title>
	<meta>
	<imdb>tt0280277</imdb>
	<content>episode</content>
	<tvshowtitle>Mr Bean The Animated Series</tvshowtitle>
	<year></year>
	<season>1</season>
	<episode>21</episode>
	</meta>
	<link>
	<sublink>search</sublink>
	<sublink>searchsd</sublink>
	</link>
	<thumbnail>https://image.tmdb.org/t/p/w1280/5G7UcV0rH5OppSt1ToEWglQUIkO.jpg</thumbnail>
	<fanart>https://image.tmdb.org/t/p/w1280/blPKmlHDXGLmE0kqR1JexMLzXQt.jpg</fanart>
</item>
<item>
	<title>[COLOR=white]Episode 22[/COLOR]</title>
	<meta>
	<imdb>tt0280277</imdb>
	<content>episode</content>
	<tvshowtitle>Mr Bean The Animated Series</tvshowtitle>
	<year></year>
	<season>1</season>
	<episode>22</episode>
	</meta>
	<link>
	<sublink>search</sublink>
	<sublink>searchsd</sublink>
	</link>
	<thumbnail>https://image.tmdb.org/t/p/w1280/qKADCvPySIMQlX297JHvsb5RFLN.jpg</thumbnail>
	<fanart>https://image.tmdb.org/t/p/w1280/blPKmlHDXGLmE0kqR1JexMLzXQt.jpg</fanart>
</item>
<item>
	<title>[COLOR=white]Episode 23[/COLOR]</title>
	<meta>
	<imdb>tt0280277</imdb>
	<content>episode</content>
	<tvshowtitle>Mr Bean The Animated Series</tvshowtitle>
	<year></year>
	<season>1</season>
	<episode>23</episode>
	</meta>
	<link>
	<sublink>search</sublink>
	<sublink>searchsd</sublink>
	</link>
	<thumbnail>https://image.tmdb.org/t/p/w1280/5kGn5SFHbH1CDRG8gXR0P1qgOkO.jpg</thumbnail>
	<fanart>https://image.tmdb.org/t/p/w1280/blPKmlHDXGLmE0kqR1JexMLzXQt.jpg</fanart>
</item>
<item>
	<title>[COLOR=white]Episode 24[/COLOR]</title>
	<meta>
	<imdb>tt0280277</imdb>
	<content>episode</content>
	<tvshowtitle>Mr Bean The Animated Series</tvshowtitle>
	<year></year>
	<season>1</season>
	<episode>24</episode>
	</meta>
	<link>
	<sublink>search</sublink>
	<sublink>searchsd</sublink>
	</link>
	<thumbnail>https://image.tmdb.org/t/p/w1280/cAkUFNjeD1IW3dh0zgTxtRja1DT.jpg</thumbnail>
	<fanart>https://image.tmdb.org/t/p/w1280/blPKmlHDXGLmE0kqR1JexMLzXQt.jpg</fanart>
</item>
<item>
	<title>[COLOR=white]Episode 25[/COLOR]</title>
	<meta>
	<imdb>tt0280277</imdb>
	<content>episode</content>
	<tvshowtitle>Mr Bean The Animated Series</tvshowtitle>
	<year></year>
	<season>1</season>
	<episode>25</episode>
	</meta>
	<link>
	<sublink>search</sublink>
	<sublink>searchsd</sublink>
	</link>
	<thumbnail>https://image.tmdb.org/t/p/w1280/j4IAC2Q8QbVdCdM74Fh74EtOBXq.jpg</thumbnail>
	<fanart>https://image.tmdb.org/t/p/w1280/blPKmlHDXGLmE0kqR1JexMLzXQt.jpg</fanart>
</item>
<item>
	<title>[COLOR=white]Episode 26[/COLOR]</title>
	<meta>
	<imdb>tt0280277</imdb>
	<content>episode</content>
	<tvshowtitle>Mr Bean The Animated Series</tvshowtitle>
	<year></year>
	<season>1</season>
	<episode>26</episode>
	</meta>
	<link>
	<sublink>search</sublink>
	<sublink>searchsd</sublink>
	</link>
	<thumbnail>https://image.tmdb.org/t/p/w1280/dx9YNrndzmoVWzPRyy13ltVX9BU.jpg</thumbnail>
	<fanart>https://image.tmdb.org/t/p/w1280/blPKmlHDXGLmE0kqR1JexMLzXQt.jpg</fanart>
</item>
<item>
	<title>[COLOR=white]Episode 27[/COLOR]</title>
	<meta>
	<imdb>tt0280277</imdb>
	<content>episode</content>
	<tvshowtitle>Mr Bean The Animated Series</tvshowtitle>
	<year></year>
	<season>1</season>
	<episode>27</episode>
	</meta>
	<link>
	<sublink>search</sublink>
	<sublink>searchsd</sublink>
	</link>
	<thumbnail>https://image.tmdb.org/t/p/w1280/cPsOT9DC7RwiREg8jgNmhLdwSuK.jpg</thumbnail>
	<fanart>https://image.tmdb.org/t/p/w1280/blPKmlHDXGLmE0kqR1JexMLzXQt.jpg</fanart>
</item>
<item>
	<title>[COLOR=white]Episode 28[/COLOR]</title>
	<meta>
	<imdb>tt0280277</imdb>
	<content>episode</content>
	<tvshowtitle>Mr Bean The Animated Series</tvshowtitle>
	<year></year>
	<season>1</season>
	<episode>28</episode>
	</meta>
	<link>
	<sublink>search</sublink>
	<sublink>searchsd</sublink>
	</link>
	<thumbnail>https://image.tmdb.org/t/p/w1280/wLTgZhAQnso4eMcSfVWsnVWlOwn.jpg</thumbnail>
	<fanart>https://image.tmdb.org/t/p/w1280/blPKmlHDXGLmE0kqR1JexMLzXQt.jpg</fanart>
</item>
<item>
	<title>[COLOR=white]Episode 29[/COLOR]</title>
	<meta>
	<imdb>tt0280277</imdb>
	<content>episode</content>
	<tvshowtitle>Mr Bean The Animated Series</tvshowtitle>
	<year></year>
	<season>1</season>
	<episode>29</episode>
	</meta>
	<link>
	<sublink>search</sublink>
	<sublink>searchsd</sublink>
	</link>
	<thumbnail>https://image.tmdb.org/t/p/w1280/c93wB11mfYIycTlBjEhBmkAe4on.jpg</thumbnail>
	<fanart>https://image.tmdb.org/t/p/w1280/blPKmlHDXGLmE0kqR1JexMLzXQt.jpg</fanart>
</item>
<item>
	<title>[COLOR=white]Episode 30[/COLOR]</title>
	<meta>
	<imdb>tt0280277</imdb>
	<content>episode</content>
	<tvshowtitle>Mr Bean The Animated Series</tvshowtitle>
	<year></year>
	<season>1</season>
	<episode>30</episode>
	</meta>
	<link>
	<sublink>search</sublink>
	<sublink>searchsd</sublink>
	</link>
	<thumbnail>https://image.tmdb.org/t/p/w1280/mCUUWH9HMlfo1u6xgC42mpLuvMI.jpg</thumbnail>
	<fanart>https://image.tmdb.org/t/p/w1280/blPKmlHDXGLmE0kqR1JexMLzXQt.jpg</fanart>
</item>
<item>
	<title>[COLOR=white]Episode 31[/COLOR]</title>
	<meta>
	<imdb>tt0280277</imdb>
	<content>episode</content>
	<tvshowtitle>Mr Bean The Animated Series</tvshowtitle>
	<year></year>
	<season>1</season>
	<episode>31</episode>
	</meta>
	<link>
	<sublink>search</sublink>
	<sublink>searchsd</sublink>
	</link>
	<thumbnail>https://image.tmdb.org/t/p/w1280/8cxDgmXp3LswZmmMpKE7zvLDvJx.jpg</thumbnail>
	<fanart>https://image.tmdb.org/t/p/w1280/blPKmlHDXGLmE0kqR1JexMLzXQt.jpg</fanart>
</item>
<item>
	<title>[COLOR=white]Episode 32[/COLOR]</title>
	<meta>
	<imdb>tt0280277</imdb>
	<content>episode</content>
	<tvshowtitle>Mr Bean The Animated Series</tvshowtitle>
	<year></year>
	<season>1</season>
	<episode>32</episode>
	</meta>
	<link>
	<sublink>search</sublink>
	<sublink>searchsd</sublink>
	</link>
	<thumbnail>https://image.tmdb.org/t/p/w1280/mFbu7132g6fMmfZK2u9CY5Dzk0.jpg</thumbnail>
	<fanart>https://image.tmdb.org/t/p/w1280/blPKmlHDXGLmE0kqR1JexMLzXQt.jpg</fanart>
</item>
<item>
	<title>[COLOR=white]Episode 33[/COLOR]</title>
	<meta>
	<imdb>tt0280277</imdb>
	<content>episode</content>
	<tvshowtitle>Mr Bean The Animated Series</tvshowtitle>
	<year></year>
	<season>1</season>
	<episode>33</episode>
	</meta>
	<link>
	<sublink>search</sublink>
	<sublink>searchsd</sublink>
	</link>
	<thumbnail>https://image.tmdb.org/t/p/w1280/mUIhIOhjHemwqZQPmJpK3Sjwbej.jpg</thumbnail>
	<fanart>https://image.tmdb.org/t/p/w1280/blPKmlHDXGLmE0kqR1JexMLzXQt.jpg</fanart>
</item>
<item>
	<title>[COLOR=white]Episode 34[/COLOR]</title>
	<meta>
	<imdb>tt0280277</imdb>
	<content>episode</content>
	<tvshowtitle>Mr Bean The Animated Series</tvshowtitle>
	<year></year>
	<season>1</season>
	<episode>34</episode>
	</meta>
	<link>
	<sublink>search</sublink>
	<sublink>searchsd</sublink>
	</link>
	<thumbnail>https://image.tmdb.org/t/p/w1280/3BUhQHHlmrMYEMQvyKuCChDVqVE.jpg</thumbnail>
	<fanart>https://image.tmdb.org/t/p/w1280/blPKmlHDXGLmE0kqR1JexMLzXQt.jpg</fanart>
</item>
<item>
	<title>[COLOR=white]Episode 35[/COLOR]</title>
	<meta>
	<imdb>tt0280277</imdb>
	<content>episode</content>
	<tvshowtitle>Mr Bean The Animated Series</tvshowtitle>
	<year></year>
	<season>1</season>
	<episode>35</episode>
	</meta>
	<link>
	<sublink>search</sublink>
	<sublink>searchsd</sublink>
	</link>
	<thumbnail>https://image.tmdb.org/t/p/w1280/84fqcLxyrGVQwGtI23nJHr6EnwO.jpg</thumbnail>
	<fanart>https://image.tmdb.org/t/p/w1280/blPKmlHDXGLmE0kqR1JexMLzXQt.jpg</fanart>
</item>
<item>
	<title>[COLOR=white]Episode 36[/COLOR]</title>
	<meta>
	<imdb>tt0280277</imdb>
	<content>episode</content>
	<tvshowtitle>Mr Bean The Animated Series</tvshowtitle>
	<year></year>
	<season>1</season>
	<episode>36</episode>
	</meta>
	<link>
	<sublink>search</sublink>
	<sublink>searchsd</sublink>
	</link>
	<thumbnail>https://image.tmdb.org/t/p/w1280/xx9Of9a6Lo97gJH67P2tu5ZnUf1.jpg</thumbnail>
	<fanart>https://image.tmdb.org/t/p/w1280/blPKmlHDXGLmE0kqR1JexMLzXQt.jpg</fanart>
</item>
<item>
	<title>[COLOR=white]Episode 37[/COLOR]</title>
	<meta>
	<imdb>tt0280277</imdb>
	<content>episode</content>
	<tvshowtitle>Mr Bean The Animated Series</tvshowtitle>
	<year></year>
	<season>1</season>
	<episode>37</episode>
	</meta>
	<link>
	<sublink>search</sublink>
	<sublink>searchsd</sublink>
	</link>
	<thumbnail>https://image.tmdb.org/t/p/w1280/20Rjefxx5UUHkWtY3L04yy1TD3v.jpg</thumbnail>
	<fanart>https://image.tmdb.org/t/p/w1280/blPKmlHDXGLmE0kqR1JexMLzXQt.jpg</fanart>
</item>
<item>
	<title>[COLOR=white]Episode 38[/COLOR]</title>
	<meta>
	<imdb>tt0280277</imdb>
	<content>episode</content>
	<tvshowtitle>Mr Bean The Animated Series</tvshowtitle>
	<year></year>
	<season>1</season>
	<episode>38</episode>
	</meta>
	<link>
	<sublink>search</sublink>
	<sublink>searchsd</sublink>
	</link>
	<thumbnail>https://image.tmdb.org/t/p/w1280/fkwEcFsHEI8N1to1XvisOMRUPRp.jpg</thumbnail>
	<fanart>https://image.tmdb.org/t/p/w1280/blPKmlHDXGLmE0kqR1JexMLzXQt.jpg</fanart>
</item>
<item>
	<title>[COLOR=white]Episode 39[/COLOR]</title>
	<meta>
	<imdb>tt0280277</imdb>
	<content>episode</content>
	<tvshowtitle>Mr Bean The Animated Series</tvshowtitle>
	<year></year>
	<season>1</season>
	<episode>39</episode>
	</meta>
	<link>
	<sublink>search</sublink>
	<sublink>searchsd</sublink>
	</link>
	<thumbnail>https://image.tmdb.org/t/p/w1280/yQqqYOILFrtgkhzGEKO1lBHKp2u.jpg</thumbnail>
	<fanart>https://image.tmdb.org/t/p/w1280/blPKmlHDXGLmE0kqR1JexMLzXQt.jpg</fanart>
</item>
<item>
	<title>[COLOR=white]Episode 40[/COLOR]</title>
	<meta>
	<imdb>tt0280277</imdb>
	<content>episode</content>
	<tvshowtitle>Mr Bean The Animated Series</tvshowtitle>
	<year></year>
	<season>1</season>
	<episode>40</episode>
	</meta>
	<link>
	<sublink>search</sublink>
	<sublink>searchsd</sublink>
	</link>
	<thumbnail>https://image.tmdb.org/t/p/w1280/9l41ZMPYYFCFMEemMBdpMmke8fh.jpg</thumbnail>
	<fanart>https://image.tmdb.org/t/p/w1280/blPKmlHDXGLmE0kqR1JexMLzXQt.jpg</fanart>
</item>
<item>
	<title>[COLOR=white]Episode 41[/COLOR]</title>
	<meta>
	<imdb>tt0280277</imdb>
	<content>episode</content>
	<tvshowtitle>Mr Bean The Animated Series</tvshowtitle>
	<year></year>
	<season>1</season>
	<episode>41</episode>
	</meta>
	<link>
	<sublink>search</sublink>
	<sublink>searchsd</sublink>
	</link>
	<thumbnail>https://image.tmdb.org/t/p/w1280/SvZpxKAxkXvIbBWALy2DpE7dtP.jpg</thumbnail>
	<fanart>https://image.tmdb.org/t/p/w1280/blPKmlHDXGLmE0kqR1JexMLzXQt.jpg</fanart>
</item>
<item>
	<title>[COLOR=white]Episode 42[/COLOR]</title>
	<meta>
	<imdb>tt0280277</imdb>
	<content>episode</content>
	<tvshowtitle>Mr Bean The Animated Series</tvshowtitle>
	<year></year>
	<season>1</season>
	<episode>42</episode>
	</meta>
	<link>
	<sublink>search</sublink>
	<sublink>searchsd</sublink>
	</link>
	<thumbnail>https://image.tmdb.org/t/p/w1280/3ThoELzoVsvSoZ94Vq4ZqLaNNej.jpg</thumbnail>
	<fanart>https://image.tmdb.org/t/p/w1280/blPKmlHDXGLmE0kqR1JexMLzXQt.jpg</fanart>
</item>
<item>
	<title>[COLOR=white]Episode 43[/COLOR]</title>
	<meta>
	<imdb>tt0280277</imdb>
	<content>episode</content>
	<tvshowtitle>Mr Bean The Animated Series</tvshowtitle>
	<year></year>
	<season>1</season>
	<episode>43</episode>
	</meta>
	<link>
	<sublink>search</sublink>
	<sublink>searchsd</sublink>
	</link>
	<thumbnail>https://image.tmdb.org/t/p/w1280/oqeuFsuIdZw03cmorwPO9PmqcFZ.jpg</thumbnail>
	<fanart>https://image.tmdb.org/t/p/w1280/blPKmlHDXGLmE0kqR1JexMLzXQt.jpg</fanart>
</item>
<item>
	<title>[COLOR=white]Episode 44[/COLOR]</title>
	<meta>
	<imdb>tt0280277</imdb>
	<content>episode</content>
	<tvshowtitle>Mr Bean The Animated Series</tvshowtitle>
	<year></year>
	<season>1</season>
	<episode>44</episode>
	</meta>
	<link>
	<sublink>search</sublink>
	<sublink>searchsd</sublink>
	</link>
	<thumbnail>https://image.tmdb.org/t/p/w1280/eL3EmARYzvqgxQbgYqfIMrcFbs1.jpg</thumbnail>
	<fanart>https://image.tmdb.org/t/p/w1280/blPKmlHDXGLmE0kqR1JexMLzXQt.jpg</fanart>
</item>
<item>
	<title>[COLOR=white]Episode 45[/COLOR]</title>
	<meta>
	<imdb>tt0280277</imdb>
	<content>episode</content>
	<tvshowtitle>Mr Bean The Animated Series</tvshowtitle>
	<year></year>
	<season>1</season>
	<episode>45</episode>
	</meta>
	<link>
	<sublink>search</sublink>
	<sublink>searchsd</sublink>
	</link>
	<thumbnail>https://image.tmdb.org/t/p/w1280/pfSp2VVbMp5WTjsXGFUWzeTb1Lt.jpg</thumbnail>
	<fanart>https://image.tmdb.org/t/p/w1280/blPKmlHDXGLmE0kqR1JexMLzXQt.jpg</fanart>
</item>
<item>
	<title>[COLOR=white]Episode 46[/COLOR]</title>
	<meta>
	<imdb>tt0280277</imdb>
	<content>episode</content>
	<tvshowtitle>Mr Bean The Animated Series</tvshowtitle>
	<year></year>
	<season>1</season>
	<episode>46</episode>
	</meta>
	<link>
	<sublink>search</sublink>
	<sublink>searchsd</sublink>
	</link>
	<thumbnail>https://image.tmdb.org/t/p/w1280/dEPehQLHPKKxz6xiB2g9gU0RKxs.jpg</thumbnail>
	<fanart>https://image.tmdb.org/t/p/w1280/blPKmlHDXGLmE0kqR1JexMLzXQt.jpg</fanart>
</item>
<item>
	<title>[COLOR=white]Episode 47[/COLOR]</title>
	<meta>
	<imdb>tt0280277</imdb>
	<content>episode</content>
	<tvshowtitle>Mr Bean The Animated Series</tvshowtitle>
	<year></year>
	<season>1</season>
	<episode>47</episode>
	</meta>
	<link>
	<sublink>search</sublink>
	<sublink>searchsd</sublink>
	</link>
	<thumbnail>https://image.tmdb.org/t/p/w1280/2e9Q9N8NR5ppTv6Qbt2pVTqv7MJ.jpg</thumbnail>
	<fanart>https://image.tmdb.org/t/p/w1280/blPKmlHDXGLmE0kqR1JexMLzXQt.jpg</fanart>
</item>
<item>
	<title>[COLOR=white]Episode 48[/COLOR]</title>
	<meta>
	<imdb>tt0280277</imdb>
	<content>episode</content>
	<tvshowtitle>Mr Bean The Animated Series</tvshowtitle>
	<year></year>
	<season>1</season>
	<episode>48</episode>
	</meta>
	<link>
	<sublink>search</sublink>
	<sublink>searchsd</sublink>
	</link>
	<thumbnail>https://image.tmdb.org/t/p/w1280/h3FnHJVyi7BzDFk4qs7hoBgu5ML.jpg</thumbnail>
	<fanart>https://image.tmdb.org/t/p/w1280/blPKmlHDXGLmE0kqR1JexMLzXQt.jpg</fanart>
</item>
<item>
	<title>[COLOR=white]Episode 49[/COLOR]</title>
	<meta>
	<imdb>tt0280277</imdb>
	<content>episode</content>
	<tvshowtitle>Mr Bean The Animated Series</tvshowtitle>
	<year></year>
	<season>1</season>
	<episode>49</episode>
	</meta>
	<link>
	<sublink>search</sublink>
	<sublink>searchsd</sublink>
	</link>
	<thumbnail>https://image.tmdb.org/t/p/w1280/wyQ6TKwjWmknu5I4ALvRkjUev3a.jpg</thumbnail>
	<fanart>https://image.tmdb.org/t/p/w1280/blPKmlHDXGLmE0kqR1JexMLzXQt.jpg</fanart>
</item>
<item>
	<title>[COLOR=white]Episode 50[/COLOR]</title>
	<meta>
	<imdb>tt0280277</imdb>
	<content>episode</content>
	<tvshowtitle>Mr Bean The Animated Series</tvshowtitle>
	<year></year>
	<season>1</season>
	<episode>50</episode>
	</meta>
	<link>
	<sublink>search</sublink>
	<sublink>searchsd</sublink>
	</link>
	<thumbnail>https://image.tmdb.org/t/p/w1280/jfnmAB8bDx1JnPtmhKCsj8zgHYy.jpg</thumbnail>
	<fanart>https://image.tmdb.org/t/p/w1280/blPKmlHDXGLmE0kqR1JexMLzXQt.jpg</fanart>
</item>
<item>
	<title>[COLOR=white]Episode 51[/COLOR]</title>
	<meta>
	<imdb>tt0280277</imdb>
	<content>episode</content>
	<tvshowtitle>Mr Bean The Animated Series</tvshowtitle>
	<year></year>
	<season>1</season>
	<episode>51</episode>
	</meta>
	<link>
	<sublink>search</sublink>
	<sublink>searchsd</sublink>
	</link>
	<thumbnail>https://image.tmdb.org/t/p/w1280/wngIE9fJBpJRTPGJhqfd6FzuagB.jpg</thumbnail>
	<fanart>https://image.tmdb.org/t/p/w1280/blPKmlHDXGLmE0kqR1JexMLzXQt.jpg</fanart>
</item>
<item>
	<title>[COLOR=white]Episode 52[/COLOR]</title>
	<meta>
	<imdb>tt0280277</imdb>
	<content>episode</content>
	<tvshowtitle>Mr Bean The Animated Series</tvshowtitle>
	<year></year>
	<season>1</season>
	<episode>52</episode>
	</meta>
	<link>
	<sublink>search</sublink>
	<sublink>searchsd</sublink>
	</link>
	<thumbnail>https://image.tmdb.org/t/p/w1280/eIcZfssBebYNWhDmOccKEN8tzKy.jpg</thumbnail>
	<fanart>https://image.tmdb.org/t/p/w1280/blPKmlHDXGLmE0kqR1JexMLzXQt.jpg</fanart>
</item>