 <plugin>
	<title>MUSIC VIDEOS OF THE 50s (200)</title>
	<link>plugin://plugin.video.youtube/playlist/PLuK6flVU_Aj45QZ_A5ld0-pP3CIkoNQDk/</link>
	<thumbnail>https://i.imgur.com/9R4SFIy.png</thumbnail>
</plugin>
 
 <plugin>
	<title>MUSIC VIDEOS OF THE 60s (313)</title>
	<link>plugin://plugin.video.youtube/playlist/PLuK6flVU_Aj5EJ9Pp-C9N7XA0YJr_GrJI/</link>
	<thumbnail>https://i.imgur.com/Qs4uNvR.jpg</thumbnail>
</plugin>

 <plugin>
	<title>MUSIC VIDEOS OF THE 70s (152)</title>
	<link>plugin://plugin.video.youtube/playlist/PLGBuKfnErZlAkaUUy57-mR97f8SBgMNHh/</link>
	<thumbnail>https://i.imgur.com/DmxHFVE.jpg</thumbnail>
</plugin>

 <plugin>
	<title>MUSIC VIDEOS OF THE 80s (189)</title>
	<link>plugin://plugin.video.youtube/playlist/PLpYWKGMgRA1uU9lyMtR8vQBzc4HrjpqYu/</link>
	<thumbnail>https://i.imgur.com/XZDZJPX.jpg</thumbnail>
</plugin>

 <plugin>
	<title>MUSIC VIDEOS OF THE 90s  (217} </title>
	<link>plugin://plugin.video.youtube/playlist/playlist?list=PLDB29F01702BF67F9/</link>
	<thumbnail>https://i.imgur.com/7wWwrQB.jpg</thumbnail>
</plugin>

 <plugin>
	<title>MUSIC VIDEOS OF THE 00s (385</title>
	<link>plugin://plugin.video.youtube/playlist/PLpuDUpB0osJmZQ0a3n6imXirSu0QAZIqF/</link>
	<thumbnail>https://i.imgur.com/MiQGnhH.jpg</thumbnail>
</plugin>

 <plugin>
	<title>MUSIC VIDEOS 2019 PLAYLIST  (241)</title>
	<link>plugin://plugin.video.youtube/playlist/PL4o29bINVT4ECr8O6FU3PzXh2NX8_JE2-/</link>
	<thumbnail>https://i.imgur.com/GbUNJYE.png</thumbnail>
</plugin>

 <plugin>
	<title>ROCK CLASSICS MUSIC VIDEOS (132)</title>
	<link>plugin://plugin.video.youtube/playlist/PLBD5pRttJ7N0vCfh4NpEg7Vw47hfeCxuE/</link>
	<thumbnail>https://i.imgur.com/sK32VNr.jpg</thumbnail>
</plugin>

 <plugin>
	<title>INDIE  AND ALTERNATIVE PLAYLIST (50)</title>
	<link>plugin://plugin.video.youtube/playlist/PLkqz3S84Tw-Sf_46j-O6XyLw-oPWfppal/</link>
	<thumbnail>https://i.imgur.com/3gebwHr.jpg</thumbnail>
</plugin>

 <plugin>
	<title>R and B PLAYLIST (416)</title>
	<link>plugin://plugin.video.youtube/playlist/PLFbWuc6jwPGeqFkoDBq87CcmlurwrlEGv/</link>
	<thumbnail>https://i.imgur.com/uDBSvFh.jpg</thumbnail>
</plugin>

 
