<item>
	<title>[B][COLOR=blue]Luce[/COLOR][/B]</title>
	<meta>
	<imdb>tt7616148</imdb>
	<content>movie</content>
	<title>Luce</title>
	<year>2019</year>
	</meta>
	<link>
	<sublink>https://www.youtube.com/watch?v=aqzgDB1CMI4&feature=youtu.be</sublink>
	<sublink>search</sublink>
	<sublink>searchsd</sublink>
	</link>
	<thumbnail>https://image.tmdb.org/t/p/w1280/uxig1ZvVddzXVRYNOAQ6hKtea80.jpg</thumbnail>
	<fanart>https://image.tmdb.org/t/p/w1280/kFVWAC9K8x9Na7e2xNJrMVT7Cec.jpg</fanart>
</item>

<item>
	<title>[B][COLOR=blue]Them That Follow[/COLOR][/B]</title>
	<meta>
	<imdb>tt7313348</imdb>
	<content>movie</content>
	<title>Them That Follow</title>
	<year>2019</year>
	</meta>
	<link>
	<sublink>https://www.youtube.com/watch?v=eXl1vjK4040&feature=youtu.be</sublink>
	<sublink>search</sublink>
	<sublink>searchsd</sublink>
	</link>
	<thumbnail>https://image.tmdb.org/t/p/w1280/y5pXzgds0pPOJevmunFkPFMaaGU.jpg</thumbnail>
	<fanart>https://image.tmdb.org/t/p/w1280/qZsDZLvDSKJXs58ZW5fShnXeqDd.jpg</fanart>
</item>

<item>
	<title>[B][COLOR=blue]A Cinderella Story Christmas Wish[/COLOR][/B]</title>
	<meta>
	<imdb>tt10326928</imdb>
	<content>movie</content>
	<title>A Cinderella Story Christmas Wish</title>
	<year>2019</year>
	</meta>
	<link>
	<sublink>https://www.youtube.com/watch?v=F0WNgGtRwy8&feature=youtu.be</sublink>
	<sublink>search</sublink>
	<sublink>searchsd</sublink>
	</link>
	<thumbnail>https://image.tmdb.org/t/p/w1280/ozBX0u5caaJFli9AssqJmARb5R.jpg</thumbnail>
	<fanart>https://image.tmdb.org/t/p/w1280/aG9mPbhU6xR4EcSuaukcp3KEILJ.jpg</fanart>
</item>
<item>
	<title>[B][COLOR=blue]10 Minutes Gone[/COLOR][/B]</title>
	<meta>
	<imdb>tt8809652</imdb>
	<content>movie</content>
	<title>10 Minutes Gone</title>
	<year>2019</year>
	</meta>
	<link>
	<sublink>https://www.youtube.com/watch?v=6TNFcyEN-3w&feature=youtu.be</sublink>
	<sublink>search</sublink>
	<sublink>searchsd</sublink>
	</link>
	<thumbnail>https://image.tmdb.org/t/p/w1280/i8lVYRplWdCEqYOutxpxeCtaD2a.jpg</thumbnail>
	<fanart>https://image.tmdb.org/t/p/w1280/3xxFtGWXybWoixONIgkMTpvbZCb.jpg</fanart>
</item>
<item>
	<title>[B][COLOR=blue]The Lion King[/COLOR][/B]</title>
	<meta>
	<imdb>tt6105098</imdb>
	<content>movie</content>
	<title>The Lion King</title>
	<year>2019</year>
	</meta>
	<link>
	<sublink>https://www.youtube.com/watch?v=4CbLXeGSDxg&feature=youtu.be</sublink>
	<sublink>search</sublink>
	<sublink>searchsd</sublink>
	</link>
	<thumbnail>https://image.tmdb.org/t/p/w1280/2bXbqYdUdNVa8VIWXVfclP2ICtT.jpg</thumbnail>
	<fanart>https://image.tmdb.org/t/p/w1280/nRXO2SnOA75OsWhNhXstHB8ZmI3.jpg</fanart>
</item>

<item>
	<title>[B][COLOR=blue]Wonder Woman Bloodlines[/COLOR][/B]</title>
	<meta>
	<imdb>tt8752498</imdb>
	<content>movie</content>
	<title>Wonder Woman Bloodlines</title>
	<year>2019</year>
	</meta>
	<link>
	<sublink>https://www.youtube.com/watch?v=6ljM52nZTAs&feature=youtu.be</sublink>
	<sublink>search</sublink>
	<sublink>searchsd</sublink>
	</link>
	<thumbnail>https://image.tmdb.org/t/p/w1280/w1SBqj0fn1j72ST5i1jauWo3swT.jpg</thumbnail>
	<fanart>https://image.tmdb.org/t/p/w1280/645T4C9rip5mvK2UrwTmLPIuKYd.jpg</fanart>
</item>
<item>
	<title>[B][COLOR=blue]Satanic Panic[/COLOR][/B]</title>
	<meta>
	<imdb>tt8510350</imdb>
	<content>movie</content>
	<title>Satanic Panic</title>
	<year>2019</year>
	</meta>
	<link>
	<sublink>https://www.youtube.com/watch?v=mpwVh6c7fFs&feature=youtu.be</sublink>
	<sublink>search</sublink>
	<sublink>searchsd</sublink>
	</link>
	<thumbnail>https://image.tmdb.org/t/p/w1280/qnxAGrRwBynkQXCs4Dh6zpEVajN.jpg</thumbnail>
	<fanart>https://image.tmdb.org/t/p/w1280/7xySmHLRPHy4SyfOLA50IcinewH.jpg</fanart>
</item>
<item>
	<title>[B][COLOR=blue]Strange But True[/COLOR][/B]</title>
	<meta>
	<imdb>tt2866708</imdb>
	<content>movie</content>
	<title>Strange But True</title>
	<year>2019</year>
	</meta>
	<link>
	<sublink>https://www.youtube.com/watch?v=mpwVh6c7fFs&feature=youtu.be</sublink>
	<sublink>search</sublink>
	<sublink>searchsd</sublink>
	</link>
	<thumbnail>https://image.tmdb.org/t/p/w1280</thumbnail>
	<fanart>https://image.tmdb.org/t/p/w1280</fanart>
</item>
<item>
	<title>[B][COLOR=blue]Tone Deaf[/COLOR][/B]</title>
	<meta>
	<imdb>tt8332666</imdb>
	<content>movie</content>
	<title>Tone Deaf</title>
	<year>2019</year>
	</meta>
	<link>
	<sublink>https://www.youtube.com/watch?v=pF2dEsLO-sQ&feature=youtu.be</sublink>
	<sublink>search</sublink>
	<sublink>searchsd</sublink>
	</link>
	<thumbnail>https://image.tmdb.org/t/p/w1280/1yHOLVfLHnbAHYqxV2PwtE32kBm.jpg</thumbnail>
	<fanart>https://image.tmdb.org/t/p/w1280/aIgSmuJg33djRkNpVuIiPjB45sU.jpg</fanart>
</item>
<item>
	<title>[B][COLOR=blue]Bloodline[/COLOR][/B]</title>
	<meta>
	<imdb>tt8883524</imdb>
	<content>movie</content>
	<title>Bloodline</title>
	<year>2019</year>
	</meta>
	<link>
	<sublink>https://www.youtube.com/watch?v=cvxlMNI_lpk&feature=youtu.be</sublink>
	<sublink>search</sublink>
	<sublink>searchsd</sublink>
	</link>
	<thumbnail>https://image.tmdb.org/t/p/w1280/u9UfbDVilnhT3fa82aTFs3O0TsA.jpg</thumbnail>
	<fanart>https://image.tmdb.org/t/p/w1280/zhgCIl1IdmISwPMAbRKLLLw2Qqb.jpg</fanart>
</item>
<item>
	<title>[B][COLOR=blue]Angel of Mine[/COLOR][/B]</title>
	<meta>
	<imdb>tt7058080</imdb>
	<content>movie</content>
	<title>Angel of Mine</title>
	<year>2019</year>
	</meta>
	<link>
	<sublink>https://www.youtube.com/watch?v=Hui0KpDzAwY&feature=youtu.be</sublink>
	<sublink>search</sublink>
	<sublink>searchsd</sublink>
	</link>
	<thumbnail>https://image.tmdb.org/t/p/w1280/q8IxjDRqJ7jFtt5Fn0jcXjiRVoF.jpg</thumbnail>
	<fanart>https://image.tmdb.org/t/p/w1280/61EpZBNVwXHgJmr0jPKO9qkIWnN.jpg</fanart>
</item>
<item>
	<title>[B][COLOR=blue]Crawl[/COLOR][/B]</title>
	<meta>
	<imdb>tt8364368</imdb>
	<content>movie</content>
	<title>Crawl</title>
	<year>2019</year>
	</meta>
	<link>
	<sublink>https://www.youtube.com/watch?v=H6MLJG0RdDE&feature=youtu.be</sublink>
	<sublink>search</sublink>
	<sublink>searchsd</sublink>
	</link>
	<thumbnail>https://image.tmdb.org/t/p/w1280/9kOtMOUa5HrOiIG2Z9Anv7M8AbY.jpg</thumbnail>
	<fanart>https://image.tmdb.org/t/p/w1280/lm4xH0YwFbVvTgdtau1thNK5S6J.jpg</fanart>
</item>
<item>
	<title>[B][COLOR=blue]The Art of Self Defense[/COLOR][/B]</title>
	<meta>
	<imdb>tt7339248</imdb>
	<content>movie</content>
	<title>The Art of Self Defense</title>
	<year>2019</year>
	</meta>
	<link>
	<sublink>https://www.youtube.com/watch?v=Td0oBCWO_I4&feature=youtu.be</sublink>
	<sublink>search</sublink>
	<sublink>searchsd</sublink>
	</link>
	<thumbnail>https://image.tmdb.org/t/p/w1280/bTq793Qwl3tCXb94zrDPAwppbsC.jpg</thumbnail>
	<fanart>https://image.tmdb.org/t/p/w1280/fNK2okhxA1YFQ2ONjXa8QYrIaXC.jpg</fanart>
</item>
<item>
	<title>[B][COLOR=blue]Stuber[/COLOR][/B]</title>
	<meta>
	<imdb>tt7734218</imdb>
	<content>movie</content>
	<title>Stuber</title>
	<year>2019</year>
	</meta>
	<link>
	<sublink>https://www.youtube.com/watch?v=i5l6a5RiR1E&feature=youtu.be</sublink>
	<sublink>search</sublink>
	<sublink>searchsd</sublink>
	</link>
	<thumbnail>https://image.tmdb.org/t/p/w1280/klkFYDZOetegK8floj6IjvbzzQ2.jpg</thumbnail>
	<fanart>https://image.tmdb.org/t/p/w1280/xgfn98c2UzvFWP6MXDzytearmQ3.jpg</fanart>
</item>
<item>
	<title>[B][COLOR=blue]3 from Hell[/COLOR][/B]</title>
	<meta>
	<imdb>tt8134742</imdb>
	<content>movie</content>
	<title>3 from Hell</title>
	<year>2019</year>
	</meta>
	<link>
	<sublink>https://www.youtube.com/watch?v=aQxaGpJNfyA&feature=youtu.be</sublink>
	<sublink>search</sublink>
	<sublink>searchsd</sublink>
	</link>
	<thumbnail>https://image.tmdb.org/t/p/w1280/wWWjBJbORsB9xt17eXmYEYhinux.jpg</thumbnail>
	<fanart>https://image.tmdb.org/t/p/w1280/fDsCo5dUC7zsEWukHtMJ6B615Lx.jpg</fanart>
</item>
<item>
	<title>[B][COLOR=blue]Can You Keep a Secret[/COLOR][/B]</title>
	<meta>
	<imdb>tt8707922</imdb>
	<content>movie</content>
	<title>Can You Keep a Secret</title>
	<year>2019</year>
	</meta>
	<link>
	<sublink>https://www.youtube.com/watch?v=3IM1vSNJw3Y&feature=youtu.be</sublink>
	<sublink>search</sublink>
	<sublink>searchsd</sublink>
	</link>
	<thumbnail>https://image.tmdb.org/t/p/w1280/uNWk5HZfVBHpARcV1z9cwUAbtpF.jpg</thumbnail>
	<fanart>https://image.tmdb.org/t/p/w1280/9AvYdiDWutgsy67klIMVXImmv2G.jpg</fanart>
</item>
<item>
	<title>[B][COLOR=blue]Night Hunter[/COLOR][/B]</title>
	<meta>
	<imdb>tt6533240</imdb>
	<content>movie</content>
	<title>Night Hunter</title>
	<year>2019</year>
	</meta>
	<link>
	<sublink>https://www.youtube.com/watch?v=Rvh9zDUNiWg&feature=youtu.be</sublink>
	<sublink>search</sublink>
	<sublink>searchsd</sublink>
	</link>
	<thumbnail>https://image.tmdb.org/t/p/w1280/vVYU0x9FRpiJNX7c54ciFnRBVYG.jpg</thumbnail>
	<fanart>https://image.tmdb.org/t/p/w1280/8knaRrDd1FM1pbSLaViEQSxodi5.jpg</fanart>
</item>
<item>
	<title>[B][COLOR=blue]Teen Titans Go! Vs Teen Titans[/COLOR][/B]</title>
	<meta>
	<imdb>tt10548944</imdb>
	<content>movie</content>
	<title>Teen Titans Go! Vs Teen Titans</title>
	<year>2019</year>
	</meta>
	<link>
	<sublink>https://www.youtube.com/watch?v=Rvh9zDUNiWg&feature=youtu.be</sublink>
	<sublink>search</sublink>
	<sublink>searchsd</sublink>
	</link>
	<thumbnail>https://image.tmdb.org/t/p/w1280</thumbnail>
	<fanart>https://image.tmdb.org/t/p/w1280</fanart>
</item>
<item>
	<title>[B][COLOR=blue]Toy Story 4[/COLOR][/B]</title>
	<meta>
	<imdb>tt1979376</imdb>
	<content>movie</content>
	<title>Toy Story 4</title>
	<year>2019</year>
	</meta>
	<link>
	<sublink>https://www.youtube.com/watch?v=LDXYRzerjzU&feature=youtu.be</sublink>
	<sublink>search</sublink>
	<sublink>searchsd</sublink>
	</link>
	<thumbnail>https://image.tmdb.org/t/p/w1280/w9kR8qbmQ01HwnvK4alvnQ2ca0L.jpg</thumbnail>
	<fanart>https://image.tmdb.org/t/p/w1280/m67smI1IIMmYzCl9axvKNULVKLr.jpg</fanart>
</item>

<item>
	<title>[B][COLOR=blue]Midsommar[/COLOR][/B]</title>
	<meta>
	<imdb>tt8772262</imdb>
	<content>movie</content>
	<title>Midsommar</title>
	<year>2019</year>
	</meta>
	<link>
	<sublink>https://www.youtube.com/watch?v=I0UWIya-O0s&feature=youtu.be</sublink>
	<sublink>search</sublink>
	<sublink>searchsd</sublink>
	</link>
	<thumbnail>https://image.tmdb.org/t/p/w1280/rXsh4MI6uyVgZBSSzXCfitJnVPy.jpg</thumbnail>
	<fanart>https://image.tmdb.org/t/p/w1280/g6GtOfXtzDpY73ef7wludoorTti.jpg</fanart>
</item>
<item>
	<title>[B][COLOR=blue]Annabelle Comes Home[/COLOR][/B]</title>
	<meta>
	<imdb>tt8350360</imdb>
	<content>movie</content>
	<title>Annabelle Comes Home</title>
	<year>2019</year>
	</meta>
	<link>
	<sublink>https://www.youtube.com/watch?v=UULg8WnOAOo&feature=youtu.be</sublink>
	<sublink>search</sublink>
	<sublink>searchsd</sublink>
	</link>
	<thumbnail>https://image.tmdb.org/t/p/w1280/qWsHMrbg9DsBY3bCMk9jyYCRVRs.jpg</thumbnail>
	<fanart>https://image.tmdb.org/t/p/w1280/jB98SrdXAYSbiprjIwc7WfVCuCV.jpg</fanart>
</item>
<item>
	<title>[B][COLOR=blue]Deadwood[/COLOR][/B]</title>
	<meta>
	<imdb>tt4943998</imdb>
	<content>movie</content>
	<title>Deadwood</title>
	<year>2019</year>
	</meta>
	<link>
	<sublink>https://www.youtube.com/watch?v=tAcftIUE6MQ&feature=youtu.be</sublink>
	<sublink>search</sublink>
	<sublink>searchsd</sublink>
	</link>
	<thumbnail>https://image.tmdb.org/t/p/w1280/fCQ13cqd02dop7Chkov0fPl4r3t.jpg</thumbnail>
	<fanart>https://image.tmdb.org/t/p/w1280/8LkIia2DSnQ1IRiBdgtPshenM8Z.jpg</fanart>
</item>
<item>
	<title>[B][COLOR=blue]Light of My Life[/COLOR][/B]</title>
	<meta>
	<imdb>tt6063090</imdb>
	<content>movie</content>
	<title>Light of My Life</title>
	<year>2019</year>
	</meta>
	<link>
	<sublink>https://www.youtube.com/watch?v=nWkAtNpSIrY&feature=youtu.be</sublink>
	<sublink>search</sublink>
	<sublink>searchsd</sublink>
	</link>
	<thumbnail>https://image.tmdb.org/t/p/w1280/3gLH2WSY9IykYaiqDHkCCGbY7nw.jpg</thumbnail>
	<fanart>https://image.tmdb.org/t/p/w1280/vNPv5aMHimu1hm8AY2TNaom6Bi.jpg</fanart>
</item>
<item>
	<title>[B][COLOR=blue]American Woman[/COLOR][/B]</title>
	<meta>
	<imdb>tt4465572</imdb>
	<content>movie</content>
	<title>American Woman</title>
	<year>2019</year>
	</meta>
	<link>
	<sublink>https://www.youtube.com/watch?v=l43skoy-_qw&feature=youtu.be</sublink>
	<sublink>search</sublink>
	<sublink>searchsd</sublink>
	</link>
	<thumbnail>https://image.tmdb.org/t/p/w1280/kGGJgeY53e1JWugOkY96XiSiRJA.jpg</thumbnail>
	<fanart>https://image.tmdb.org/t/p/w1280/ppF7HAKrJA3l0ezMQbscG6nvi90.jpg</fanart>
</item>
<item>
	<title>[B][COLOR=blue]Red Joan[/COLOR][/B]</title>
	<meta>
	<imdb>tt7615302</imdb>
	<content>movie</content>
	<title>Red Joan</title>
	<year>2018</year>
	</meta>
	<link>
	<sublink>https://www.youtube.com/watch?v=gkecgBW-Y80&feature=youtu.be</sublink>
	<sublink>search</sublink>
	<sublink>searchsd</sublink>
	</link>
	<thumbnail>https://image.tmdb.org/t/p/w1280/pTZWmUWJ0yIb49RaIzQUh4LrBlq.jpg</thumbnail>
	<fanart>https://image.tmdb.org/t/p/w1280/1Ec2AdlvpLKkfgnjlTcG9lV52IT.jpg</fanart>
</item>
<item>
	<title>[B][COLOR=blue]Gwen[/COLOR][/B]</title>
	<meta>
	<imdb>tt5149490</imdb>
	<content>movie</content>
	<title>Gwen</title>
	<year>2019</year>
	</meta>
	<link>
	<sublink>https://www.youtube.com/watch?v=er1j3xjINfk&feature=youtu.be</sublink>
	<sublink>search</sublink>
	<sublink>searchsd</sublink>
	</link>
	<thumbnail>https://image.tmdb.org/t/p/w1280/nUiyoWRMRaDOmnYAElr7XWIyvsi.jpg</thumbnail>
	<fanart>https://image.tmdb.org/t/p/w1280/qKsDatMakuGYilGBxT1oZ8iseVu.jpg</fanart>
</item>
<item>
	<title>[B][COLOR=blue]The Wedding Guest[/COLOR][/B]</title>
	<meta>
	<imdb>tt7645780</imdb>
	<content>movie</content>
	<title>The Wedding Guest</title>
	<year>2019</year>
	</meta>
	<link>
	<sublink>https://www.youtube.com/watch?v=1NlJ_Q7EfDc&feature=youtu.be</sublink>
	<sublink>search</sublink>
	<sublink>searchsd</sublink>
	</link>
	<thumbnail>https://image.tmdb.org/t/p/w1280/sm3PCprf2qrF90OD5vN4iPablMM.jpg</thumbnail>
	<fanart>https://image.tmdb.org/t/p/w1280/8dTucjKVOShSrCJljZOQFMQVMsR.jpg</fanart>
</item>
<item>
	<title>[B][COLOR=blue]Spider Man Far from Home[/COLOR][/B]</title>
	<meta>
	<imdb>tt6320628</imdb>
	<content>movie</content>
	<title>Spider Man Far from Home</title>
	<year>2019</year>
	</meta>
	<link>
	<sublink>https://www.youtube.com/watch?v=DYYtuKyMtY8&feature=youtu.be</sublink>
	<sublink>search</sublink>
	<sublink>searchsd</sublink>
	</link>
	<thumbnail>https://image.tmdb.org/t/p/w1280/lcq8dVxeeOqHvvgcte707K0KVx5.jpg</thumbnail>
	<fanart>https://image.tmdb.org/t/p/w1280/5myQbDzw3l8K9yofUXRJ4UTVgam.jpg</fanart>
</item>



<item>
	<title>[B][COLOR=blue]Maiden[/COLOR][/B]</title>
	<meta>
	<imdb>tt8879946</imdb>
	<content>movie</content>
	<title>Maiden</title>
	<year>2019</year>
	</meta>
	<link>
	<sublink>https://www.youtube.com/watch?v=OMBM10cBhIs&feature=youtu.be</sublink>
	<sublink>search</sublink>
	<sublink>searchsd</sublink>
	</link>
	<thumbnail>https://image.tmdb.org/t/p/w1280/sz0Ln6T31O31NOXtbgHTiBrMoBJ.jpg</thumbnail>
	<fanart>https://image.tmdb.org/t/p/w1280/do3NlQC0fP7fNDeWnKcKrFKqhIP.jpg</fanart>
</item>
<item>
	<title>[B][COLOR=blue]Anna And The Apocalypse[/COLOR][/B]</title>
	<meta>
	<imdb>tt6433880</imdb>
	<content>movie</content>
	<title>Anna And The Apocalypse</title>
	<year>2018</year>
	</meta>
	<link>
	<sublink>https://www.youtube.com/watch?v=dfWIfwKJ7vA&feature=youtu.be</sublink>
	<sublink>search</sublink>
	<sublink>searchsd</sublink>
	</link>
	<thumbnail>https://image.tmdb.org/t/p/w1280/36HmDXMzeLpTPEhjEbpzI3Kv4Vk.jpg</thumbnail>
	<fanart>https://image.tmdb.org/t/p/w1280/7GR03LqwB7ePPPhaK5BAYNzt3Vm.jpg</fanart>
</item>

<item>
	<title>[B][COLOR=blue]Framing John DeLorean[/COLOR][/B]</title>
	<meta>
	<imdb>tt6256978</imdb>
	<content>movie</content>
	<title>Framing John DeLorean</title>
	<year>2019</year>
	</meta>
	<link>
	<sublink>https://www.youtube.com/watch?v=FhyaYaK9lC4&feature=youtu.be</sublink>
	<sublink>search</sublink>
	<sublink>searchsd</sublink>
	</link>
	<thumbnail>https://image.tmdb.org/t/p/w1280/cYZFj5DeKduURJEGVBpVmS92cAS.jpg</thumbnail>
	<fanart>https://image.tmdb.org/t/p/w1280/i3ErSy9O8NGNvb0S3Xv6Om8dk5z.jpg</fanart>
</item>
<item>
	<title>[B][COLOR=blue]Doom Annihilation[/COLOR][/B]</title>
	<meta>
	<imdb>tt8328716</imdb>
	<content>movie</content>
	<title>Doom Annihilation</title>
	<year>2019</year>
	</meta>
	<link>
	<sublink>https://www.youtube.com/watch?v=bkhXSLmRbiE&feature=youtu.be</sublink>
	<sublink>search</sublink>
	<sublink>searchsd</sublink>
	</link>
	<thumbnail>https://image.tmdb.org/t/p/w1280/7EGElXVSNnqcPjuhXPd6UVUX1rD.jpg</thumbnail>
	<fanart>https://image.tmdb.org/t/p/w1280/kNGW6f47HUk0hISjj1AvXoLNL3L.jpg</fanart>
</item>
<item>
	<title>[B][COLOR=blue]Spider in the Web[/COLOR][/B]</title>
	<meta>
	<imdb>tt7942736</imdb>
	<content>movie</content>
	<title>Spider in the Web</title>
	<year>2019</year>
	</meta>
	<link>
	<sublink>https://www.youtube.com/watch?v=1w6iuVbmUTw&feature=youtu.be</sublink>
	<sublink>search</sublink>
	<sublink>searchsd</sublink>
	</link>
	<thumbnail>https://image.tmdb.org/t/p/w1280/cEM6H3QV7lUXgl4zDnCih8dgShb.jpg</thumbnail>
	<fanart>https://image.tmdb.org/t/p/w1280/gA6uTvEN6qjuc4cMb3Ig2k7QFQD.jpg</fanart>
</item>

<item>
	<title>[B][COLOR=blue]Driven[/COLOR][/B]</title>
	<meta>
	<imdb>tt5592796</imdb>
	<content>movie</content>
	<title>Driven</title>
	<year>2019</year>
	</meta>
	<link>
	<sublink>https://www.youtube.com/watch?v=WK82Y6TKHg8&feature=youtu.be</sublink>
	<sublink>search</sublink>
	<sublink>searchsd</sublink>
	</link>
	<thumbnail>https://image.tmdb.org/t/p/w1280/5szS3NXiycrTL67AunS7TLG0EE0.jpg</thumbnail>
	<fanart>https://image.tmdb.org/t/p/w1280/8aa4dhlDSjpIlb7Stn9BLXpf37c.jpg</fanart>
</item>
<item>
	<title>[B][COLOR=blue]Encounter[/COLOR][/B]</title>
	<meta>
	<imdb>tt6613952</imdb>
	<content>movie</content>
	<title>Encounter</title>
	<year>2018</year>
	</meta>
	<link>
	<sublink>https://www.youtube.com/watch?v=3xDfmiBwHeo&feature=youtu.be</sublink>
	<sublink>search</sublink>
	<sublink>searchsd</sublink>
	</link>
	<thumbnail>https://image.tmdb.org/t/p/w1280/jXHbWM1Og9AYqJojIIXHxmEqJf5.jpg</thumbnail>
	<fanart>https://image.tmdb.org/t/p/w1280/aZqm4LRVRQMeCJpWmb6RkGSptmR.jpg</fanart>
</item>
<item>
	<title>[B][COLOR=blue]Scooby Doo Return to Zombie Island[/COLOR][/B]</title>
	<meta>
	<imdb>tt10622136</imdb>
	<content>movie</content>
	<title>Scooby Doo Return to Zombie Island</title>
	<year>2019</year>
	</meta>
	<link>
	<sublink>https://www.youtube.com/watch?v=3xDfmiBwHeo&feature=youtu.be</sublink>
	<sublink>search</sublink>
	<sublink>searchsd</sublink>
	</link>
	<thumbnail>https://image.tmdb.org/t/p/w1280</thumbnail>
	<fanart>https://image.tmdb.org/t/p/w1280</fanart>
</item>
<item>
	<title>[B][COLOR=blue]Itsy Bitsy[/COLOR][/B]</title>
	<meta>
	<imdb>tt6895284</imdb>
	<content>movie</content>
	<title>Itsy Bitsy</title>
	<year>2019</year>
	</meta>
	<link>
	<sublink>https://www.youtube.com/watch?v=OZP8SQ4IMBg&feature=youtu.be</sublink>
	<sublink>search</sublink>
	<sublink>searchsd</sublink>
	</link>
	<thumbnail>https://image.tmdb.org/t/p/w1280/8PS6uPVN2lFwVeNrEnC3j7sv8ed.jpg</thumbnail>
	<fanart>https://image.tmdb.org/t/p/w1280/8IVIHOgFgCuhVnuU4yZludTsls8.jpg</fanart>
</item>
<item>
	<title>[B][COLOR=blue]Jarhead Law of Return[/COLOR][/B]</title>
	<meta>
	<imdb>tt10767720</imdb>
	<content>movie</content>
	<title>Jarhead Law of Return</title>
	<year>2019</year>
	</meta>
	<link>
	<sublink>https://www.youtube.com/watch?v=r0N997WtPgA&feature=youtu.be</sublink>
	<sublink>search</sublink>
	<sublink>searchsd</sublink>
	</link>
	<thumbnail>https://image.tmdb.org/t/p/w1280/6LlqyjAik3Kh68QQ9AchSJEF0Z5.jpg</thumbnail>
	<fanart>https://image.tmdb.org/t/p/w1280/5bo8PEYnYibOLwEOv5u2Grd0u4R.jpg</fanart>
</item>
