item>
	<title>[B][COLOR=blue]Scarey Stories[/COLOR][/B]</title>
	<meta>
	<imdb>tt3387520</imdb>
	<content>movie</content>
	<title>Autumn in the Vineyard</title>
	<year>2016</year>
	</meta>
	<link>
	<sublink>https://www.youtube.com/watch?v=Jh9urqeVq-I&feature=youtu.be</sublink>
	<sublink>search</sublink>
	<sublink>searchsd</sublink>
	</link>
	<thumbnail>https://image.tmdb.org/t/p/w1280/pmePiCjg5DBBlltu4ZUZrF7N5BV.jpg</thumbnail>
	<fanart>https://image.tmdb.org/t/p/w1280/6yGCJhHvu7l1tFFaZVJ9Vauotzb.jpg</fanart>
</item>