<item>
	<title>[COLOR=white]Major League II[/COLOR]</title>
	<meta>
	<imdb>tt0110442</imdb>
	<content>movie</content>
	<title>Major League II</title>
	<year>1994</year>
	</meta>
	<link>
	<sublink>search</sublink>
	<sublink>searchsd</sublink>
	</link>
	<thumbnail>https://image.tmdb.org/t/p/w1280/vP1UnkIG5oBAWdTZho3yeDmPH00.jpg</thumbnail>
	<fanart>https://image.tmdb.org/t/p/w1280/8EMXUJ9gGW43mVoc7jNqRVelIi4.jpg</fanart>
</item>
<item>
	<title>[COLOR=white]Major League: Back to the Minors[/COLOR]</title>
	<meta>
	<imdb>tt0120742</imdb>
	<content>movie</content>
	<title>Major League: Back to the Minors</title>
	<year>1998</year>
	</meta>
	<link>
	<sublink>search</sublink>
	<sublink>searchsd</sublink>
	</link>
	<thumbnail>https://image.tmdb.org/t/p/w1280/8gkKkEFVqDpPRDqZR7p3k51jVtB.jpg</thumbnail>
	<fanart>https://image.tmdb.org/t/p/w1280/81r8C0hd2KeGwaGrTrLdZWn2swC.jpg</fanart>
</item>
<item>
	<title>[COLOR=white]Major League[/COLOR]</title>
	<meta>
	<imdb>tt0097815</imdb>
	<content>movie</content>
	<title>Major League</title>
	<year>1989</year>
	</meta>
	<link>
	<sublink>search</sublink>
	<sublink>searchsd</sublink>
	</link>
	<thumbnail>https://image.tmdb.org/t/p/w1280/nD8hYPxh4Ph12dAsWiH3nQbqYDW.jpg</thumbnail>
	<fanart>https://image.tmdb.org/t/p/w1280/xeccG7i111rvtY1n3VvQtBAVh7t.jpg</fanart>
</item>

<item>
	<title>[COLOR=white]Million Dollar Baby[/COLOR]</title>
	<meta>
	<imdb>tt0405159</imdb>
	<content>movie</content>
	<title>Million Dollar Baby</title>
	<year>2004</year>
	</meta>
	<link>
	<sublink>search</sublink>
	<sublink>searchsd</sublink>
	</link>
	<thumbnail>https://image.tmdb.org/t/p/w1280/h4VZKi2Jt4VoBYJmtC4c3bO8KqM.jpg</thumbnail>
	<fanart>https://image.tmdb.org/t/p/w1280/7nGW4MhYQ7sJfp482XkrgqPYQ2S.jpg</fanart>
</item>
<item>
	<title>[COLOR=white]Miracle[/COLOR]</title>
	<meta>
	<imdb>tt0349825</imdb>
	<content>movie</content>
	<title>Miracle</title>
	<year>2004</year>
	</meta>
	<link>
	<sublink>search</sublink>
	<sublink>searchsd</sublink>
	</link>
	<thumbnail>https://image.tmdb.org/t/p/w1280/u2OCExn2VMgEQnVeoGaHl9bSrtQ.jpg</thumbnail>
	<fanart>https://image.tmdb.org/t/p/w1280/vvOT6lEBmhbs3uohk9BO2bPpdEj.jpg</fanart>
</item>
<item>
	<title>[COLOR=white]Moneyball[/COLOR]</title>
	<meta>
	<imdb>tt1210166</imdb>
	<content>movie</content>
	<title>Moneyball</title>
	<year>2011</year>
	</meta>
	<link>
	<sublink>search</sublink>
	<sublink>searchsd</sublink>
	</link>
	<thumbnail>https://image.tmdb.org/t/p/w1280/3oAa8mJJ97CH9AeGEY6vjAxqcvZ.jpg</thumbnail>
	<fanart>https://image.tmdb.org/t/p/w1280/T9a9Q6Pin6Pra7dNMwWzAibxkk.jpg</fanart>
</item>
<item>
	<title>[COLOR=white]Mr. Baseball[/COLOR]</title>
	<meta>
	<imdb>tt0104926</imdb>
	<content>movie</content>
	<title>Mr. Baseball</title>
	<year>1992</year>
	</meta>
	<link>
	<sublink>search</sublink>
	<sublink>searchsd</sublink>
	</link>
	<thumbnail>https://image.tmdb.org/t/p/w1280/15WAVwCZfzwLKrYwU37VhtxWFXv.jpg</thumbnail>
	<fanart>https://image.tmdb.org/t/p/w1280/aWtrv5JGLdi0e4i3QLpENDqRBl6.jpg</fanart>
</item>
<item>
	<title>[COLOR=white]More than a Game[/COLOR]</title>
	<meta>
	<imdb>tt1286821</imdb>
	<content>movie</content>
	<title>More than a Game</title>
	<year>2008</year>
	</meta>
	<link>
	<sublink>search</sublink>
	<sublink>searchsd</sublink>
	</link>
	<thumbnail>https://image.tmdb.org/t/p/w1280/kUZgKUhUnXZDJYB2X7HRdo4YRX0.jpg</thumbnail>
	<fanart>https://image.tmdb.org/t/p/w1280/ky9yZSwjFLvCBh9TLkF94Zy9qeU.jpg</fanart>
</item>
<item>
	<title>[COLOR=white]Mystery, Alaska[/COLOR]</title>
	<meta>
	<imdb>tt0134618</imdb>
	<content>movie</content>
	<title>Mystery, Alaska</title>
	<year>1999</year>
	</meta>
	<link>
	<sublink>search</sublink>
	<sublink>searchsd</sublink>
	</link>
	<thumbnail>https://image.tmdb.org/t/p/w1280/y7yReQXgyOX8GEMicQvA3w9JxYh.jpg</thumbnail>
	<fanart>https://image.tmdb.org/t/p/w1280/cTLSk4IVEQqhlhm8oo62fYuelZg.jpg</fanart>
</item>
<item>
	<title>[COLOR=white]Necessary Roughness[/COLOR]</title>
	<meta>
	<imdb>tt0102517</imdb>
	<content>movie</content>
	<title>Necessary Roughness</title>
	<year>1991</year>
	</meta>
	<link>
	<sublink>search</sublink>
	<sublink>searchsd</sublink>
	</link>
	<thumbnail>https://image.tmdb.org/t/p/w1280/1zadAB6RFb1z9kL9bTsWjRedOSK.jpg</thumbnail>
	<fanart>https://image.tmdb.org/t/p/w1280/wZiXTrmgN4CYUHsOeWNHwJZUF2C.jpg</fanart>
</item>
<item>
	<title>[COLOR=white]One Hit From Home[/COLOR]</title>
	<meta>
	<imdb>tt1422916</imdb>
	<content>movie</content>
	<title>One Hit From Home</title>
	<year>2012</year>
	</meta>
	<link>
	<sublink>search</sublink>
	<sublink>searchsd</sublink>
	</link>
	<thumbnail>https://image.tmdb.org/t/p/w1280/rShkuDxLWWTYDJxMczn8qM3kbeO.jpg</thumbnail>
	<fanart>https://image.tmdb.org/t/p/w1280/7RNWs5AneU8Z5yaVpabuif3YPZD.jpg</fanart>
</item>
<item>
	<title>[COLOR=white]Point Break[/COLOR]</title>
	<meta>
	<imdb>tt0102685</imdb>
	<content>movie</content>
	<title>Point Break</title>
	<year>1991</year>
	</meta>
	<link>
	<sublink>search</sublink>
	<sublink>searchsd</sublink>
	</link>
	<thumbnail>https://image.tmdb.org/t/p/w1280/eGSfqknufcsXmM2Rb59H9SiNd4T.jpg</thumbnail>
	<fanart>https://image.tmdb.org/t/p/w1280/b6lTtyq6o4k10CEMnblFBPiaH6t.jpg</fanart>
</item>
<item>
	<title>[COLOR=white]Radio[/COLOR]</title>
	<meta>
	<imdb>tt0316465</imdb>
	<content>movie</content>
	<title>Radio</title>
	<year>2003</year>
	</meta>
	<link>
	<sublink>search</sublink>
	<sublink>searchsd</sublink>
	</link>
	<thumbnail>https://image.tmdb.org/t/p/w1280/t4b6Ff8N0cvMBeYFtDNDm6xvyC9.jpg</thumbnail>
	<fanart>https://image.tmdb.org/t/p/w1280/vmYS8Mthgcnuz30BYXjwc6vhgva.jpg</fanart>
</item>
<item>
	<title>[COLOR=white]Raging Bull[/COLOR]</title>
	<meta>
	<imdb>tt0081398</imdb>
	<content>movie</content>
	<title>Raging Bull</title>
	<year>1980</year>
	</meta>
	<link>
	<sublink>search</sublink>
	<sublink>searchsd</sublink>
	</link>
	<thumbnail>https://image.tmdb.org/t/p/w1280/3cgzzWsUOBlNjmA5m4qs9BGkezC.jpg</thumbnail>
	<fanart>https://image.tmdb.org/t/p/w1280/yt88nEyDJLN8gOg1FTvCcXCM672.jpg</fanart>
</item>
<item>
	<title>[COLOR=white]Real Steel[/COLOR]</title>
	<meta>
	<imdb>tt0433035</imdb>
	<content>movie</content>
	<title>Real Steel</title>
	<year>2011</year>
	</meta>
	<link>
	<sublink>search</sublink>
	<sublink>searchsd</sublink>
	</link>
	<thumbnail>https://image.tmdb.org/t/p/w1280/drtXi58nN6P3zcoLh6wUlsZAYqh.jpg</thumbnail>
	<fanart>https://image.tmdb.org/t/p/w1280/bwaMcX2zjfc3C7YLBWRnBnHEDHW.jpg</fanart>
</item>
<item>
	<title>[COLOR=white]Remember the Titans[/COLOR]</title>
	<meta>
	<imdb>tt0210945</imdb>
	<content>movie</content>
	<title>Remember the Titans</title>
	<year>2000</year>
	</meta>
	<link>
	<sublink>search</sublink>
	<sublink>searchsd</sublink>
	</link>
	<thumbnail>https://image.tmdb.org/t/p/w1280/iI12IRzif2VjTkQJRDQw3WyWKdS.jpg</thumbnail>
	<fanart>https://image.tmdb.org/t/p/w1280/2c5rkSPvdLfB0uzuHUtJiZ1sIC8.jpg</fanart>
</item>
<item>
	<title>[COLOR=white]Rocky Balboa[/COLOR]</title>
	<meta>
	<imdb>tt0479143</imdb>
	<content>movie</content>
	<title>Rocky Balboa</title>
	<year>2006</year>
	</meta>
	<link>
	<sublink>search</sublink>
	<sublink>searchsd</sublink>
	</link>
	<thumbnail>https://image.tmdb.org/t/p/w1280/n82AAPWnAafDAZjxkYK2rAPwk4A.jpg</thumbnail>
	<fanart>https://image.tmdb.org/t/p/w1280/gcFhaI5IrKxvMs4TtvlHbYE4b0.jpg</fanart>
</item>
<item>
	<title>[COLOR=white]Rocky III[/COLOR]</title>
	<meta>
	<imdb>tt0084602</imdb>
	<content>movie</content>
	<title>Rocky III</title>
	<year>1982</year>
	</meta>
	<link>
	<sublink>search</sublink>
	<sublink>searchsd</sublink>
	</link>
	<thumbnail>https://image.tmdb.org/t/p/w1280/ns55NGqTDEEjcI9z2a9htA2cFtG.jpg</thumbnail>
	<fanart>https://image.tmdb.org/t/p/w1280/6qYptQG2ynJANbyjjYOt4fpHfxF.jpg</fanart>
</item>
<item>
	<title>[COLOR=white]Rocky II[/COLOR]</title>
	<meta>
	<imdb>tt0079817</imdb>
	<content>movie</content>
	<title>Rocky II</title>
	<year>1979</year>
	</meta>
	<link>
	<sublink>search</sublink>
	<sublink>searchsd</sublink>
	</link>
	<thumbnail>https://image.tmdb.org/t/p/w1280/fqJH7mI4dFANRay8qdJoGa7fK1k.jpg</thumbnail>
	<fanart>https://image.tmdb.org/t/p/w1280/xx9DyVNmehDJPrYGsy9AJgYzAtd.jpg</fanart>
</item>
<item>
	<title>[COLOR=white]Rocky IV[/COLOR]</title>
	<meta>
	<imdb>tt0089927</imdb>
	<content>movie</content>
	<title>Rocky IV</title>
	<year>1985</year>
	</meta>
	<link>
	<sublink>search</sublink>
	<sublink>searchsd</sublink>
	</link>
	<thumbnail>https://image.tmdb.org/t/p/w1280/jmvpwgW5M2kduR9zB0q8qGFC4zM.jpg</thumbnail>
	<fanart>https://image.tmdb.org/t/p/w1280/uvbjTLZSxGehXWDo1ENyVuBrYie.jpg</fanart>
</item>
<item>
	<title>[COLOR=white]Rocky V[/COLOR]</title>
	<meta>
	<imdb>tt0100507</imdb>
	<content>movie</content>
	<title>Rocky V</title>
	<year>1990</year>
	</meta>
	<link>
	<sublink>search</sublink>
	<sublink>searchsd</sublink>
	</link>
	<thumbnail>https://image.tmdb.org/t/p/w1280/5P2RiuLt31mWyb6duww8qlAhs6G.jpg</thumbnail>
	<fanart>https://image.tmdb.org/t/p/w1280/dr5pdEDOdCvelCQqP32UZubiSgE.jpg</fanart>
</item>
<item>
	<title>[COLOR=white]Rocky[/COLOR]</title>
	<meta>
	<imdb>tt0075148</imdb>
	<content>movie</content>
	<title>Rocky</title>
	<year>1976</year>
	</meta>
	<link>
	<sublink>search</sublink>
	<sublink>searchsd</sublink>
	</link>
	<thumbnail>https://image.tmdb.org/t/p/w1280/9TUR3s1PMJHwDRbpm7PWQ0S7IRy.jpg</thumbnail>
	<fanart>https://image.tmdb.org/t/p/w1280/2kkyt0FLROrXt41IgSdE7goCFNQ.jpg</fanart>
</item>
<item>
	<title>[COLOR=white]Rookie of the Year[/COLOR]</title>
	<meta>
	<imdb>tt0107985</imdb>
	<content>movie</content>
	<title>Rookie of the Year</title>
	<year>1993</year>
	</meta>
	<link>
	<sublink>search</sublink>
	<sublink>searchsd</sublink>
	</link>
	<thumbnail>https://image.tmdb.org/t/p/w1280/vyfinDLt7gc0wwTRFVBKc81bo6k.jpg</thumbnail>
	<fanart>https://image.tmdb.org/t/p/w1280/xl6Tj9HoUezt8fBMyROxs2Mz2Ij.jpg</fanart>
	</item>

<item>
	<title>[COLOR=white]Rudy[/COLOR]</title>
	<meta>
	<imdb>tt0108002</imdb>
	<content>movie</content>
	<title>Rudy</title>
	<year>1993</year>
	</meta>
	<link>
	<sublink>search</sublink>
	<sublink>searchsd</sublink>
	</link>
	<thumbnail>https://image.tmdb.org/t/p/w1280/lkimdKMignuOmaZ3SmEtpvBTbdQ.jpg</thumbnail>
	<fanart>https://image.tmdb.org/t/p/w1280/zQdYrlENSC2VOs9GVv3XjfHJfT0.jpg</fanart>
</item>
<item>
	<title>[COLOR=white]Seabiscuit[/COLOR]</title>
	<meta>
	<imdb>tt0329575</imdb>
	<content>movie</content>
	<title>Seabiscuit</title>
	<year>2003</year>
	</meta>
	<link>
	<sublink>search</sublink>
	<sublink>searchsd</sublink>
	</link>
	<thumbnail>https://image.tmdb.org/t/p/w1280/xzYOaFGZBNAciQXRasQQ8sYxBSi.jpg</thumbnail>
	<fanart>https://image.tmdb.org/t/p/w1280/z7qXjCwD2q0nF5TWTkUuuEDsuXJ.jpg</fanart>
</item>
<item>
	<title>[COLOR=white]Space Jam[/COLOR]</title>
	<meta>
	<imdb>tt0117705</imdb>
	<content>movie</content>
	<title>Space Jam</title>
	<year>1996</year>
	</meta>
	<link>
	<sublink>search</sublink>
	<sublink>searchsd</sublink>
	</link>
	<thumbnail>https://image.tmdb.org/t/p/w1280/xI9AwhOWtsbFlS8tYD2PXa80p7u.jpg</thumbnail>
	<fanart>https://image.tmdb.org/t/p/w1280/kBTdPNTAzagAY6UiwY957KCDGuu.jpg</fanart>
</item>
<item>
	<title>[COLOR=white]Summer Catch[/COLOR]</title>
	<meta>
	<imdb>tt0234829</imdb>
	<content>movie</content>
	<title>Summer Catch</title>
	<year>2001</year>
	</meta>
	<link>
	<sublink>search</sublink>
	<sublink>searchsd</sublink>
	</link>
	<thumbnail>https://image.tmdb.org/t/p/w1280/ik6vcNPcVb93uuMZHYXLnmOHVB5.jpg</thumbnail>
	<fanart>https://image.tmdb.org/t/p/w1280/tb4FhC5N6DjTOWlRyPtmvv3XigN.jpg</fanart>
</item>
<item>
	<title>[COLOR=white]Talladega Nights: The Ballad of Ricky Bobby[/COLOR]</title>
	<meta>
	<imdb>tt0415306</imdb>
	<content>movie</content>
	<title>Talladega Nights: The Ballad of Ricky Bobby</title>
	<year>2006</year>
	</meta>
	<link>
	<sublink>search</sublink>
	<sublink>searchsd</sublink>
	</link>
	<thumbnail>https://image.tmdb.org/t/p/w1280/hi8whfL7t6cL2LITLJjzJ7UWuZA.jpg</thumbnail>
	<fanart>https://image.tmdb.org/t/p/w1280/glBFNYHKkOZpKBe7Io5mjUcGekV.jpg</fanart>
</item>
<item>
	<title>[COLOR=white]Teen Wolf[/COLOR]</title>
	<meta>
	<imdb>tt0090142</imdb>
	<content>movie</content>
	<title>Teen Wolf</title>
	<year>1985</year>
	</meta>
	<link>
	<sublink>search</sublink>
	<sublink>searchsd</sublink>
	</link>
	<thumbnail>https://image.tmdb.org/t/p/w1280/3TKJbKNpHvRP8YVnwbgfok41AAC.jpg</thumbnail>
	<fanart>https://image.tmdb.org/t/p/w1280/kKzJg9y0DtUTn3CGktEj4Y55ZGm.jpg</fanart>
</item>
<item>
	<title>[COLOR=white]The Air Up There[/COLOR]</title>
	<meta>
	<imdb>tt0109067</imdb>
	<content>movie</content>
	<title>The Air Up There</title>
	<year>1994</year>
	</meta>
	<link>
	<sublink>search</sublink>
	<sublink>searchsd</sublink>
	</link>
	<thumbnail>https://image.tmdb.org/t/p/w1280/xw4qzyyse50T3P81HNlG7AXsAQx.jpg</thumbnail>
	<fanart>https://image.tmdb.org/t/p/w1280/o51SiTVKTEFOdbXFxYpKVsxD7uM.jpg</fanart>
</item>
<item>
	<title>[COLOR=white]The Babe[/COLOR]</title>
	<meta>
	<imdb>tt0103747</imdb>
	<content>movie</content>
	<title>The Babe</title>
	<year>1992</year>
	</meta>
	<link>
	<sublink>search</sublink>
	<sublink>searchsd</sublink>
	</link>
	<thumbnail>https://image.tmdb.org/t/p/w1280/lso2f5jbglHtGke2A8NwRkcfxF6.jpg</thumbnail>
	<fanart>https://image.tmdb.org/t/p/w1280/3H9jQr5jY3YsKI248Ym4TfJ7AT2.jpg</fanart>
</item>
<item>
	<title>[COLOR=white]The Basketball Diaries[/COLOR]</title>
	<meta>
	<imdb>tt0112461</imdb>
	<content>movie</content>
	<title>The Basketball Diaries</title>
	<year>1995</year>
	</meta>
	<link>
	<sublink>search</sublink>
	<sublink>searchsd</sublink>
	</link>
	<thumbnail>https://image.tmdb.org/t/p/w1280/8BkedYL5LdpkyHc7JtuohMr8a9N.jpg</thumbnail>
	<fanart>https://image.tmdb.org/t/p/w1280/k66qUqJM7H2AXr7Iz94J3mQXigy.jpg</fanart>
</item>
<item>
	<title>[COLOR=white]The Blind Side[/COLOR]</title>
	<meta>
	<imdb>tt0878804</imdb>
	<content>movie</content>
	<title>The Blind Side</title>
	<year>2009</year>
	</meta>
	<link>
	<sublink>search</sublink>
	<sublink>searchsd</sublink>
	</link>
	<thumbnail>https://image.tmdb.org/t/p/w1280/wEGFSgPebLk6g1ngKsJ6a46PYLV.jpg</thumbnail>
	<fanart>https://image.tmdb.org/t/p/w1280/qVjKZMB0IdOc2JlwiiGsuKTvTJs.jpg</fanart>
</item>
<item>
	<title>[COLOR=white]The Fighter[/COLOR]</title>
	<meta>
	<imdb>tt0964517</imdb>
	<content>movie</content>
	<title>The Fighter</title>
	<year>2010</year>
	</meta>
	<link>
	<sublink>search</sublink>
	<sublink>searchsd</sublink>
	</link>
	<thumbnail>https://image.tmdb.org/t/p/w1280/ytGIpdxYyvXwch5QILfquSTMA9f.jpg</thumbnail>
	<fanart>https://image.tmdb.org/t/p/w1280/43fnzmOMO5zOUFH3EzyuwSh87IS.jpg</fanart>
</item>
<item>
	<title>[COLOR=white]The 5th Quarter[/COLOR]</title>
	<meta>
	<imdb>tt1130964</imdb>
	<content>movie</content>
	<title>The 5th Quarter</title>
	<year>2011</year>
	</meta>
	<link>
	<sublink>search</sublink>
	<sublink>searchsd</sublink>
	</link>
	<thumbnail>https://image.tmdb.org/t/p/w1280/dcIFgCkNn2bMA0GAouSCrLLVVxt.jpg</thumbnail>
	<fanart>https://image.tmdb.org/t/p/w1280/zUkilc7WFAifTPXJcRQqcSG8b69.jpg</fanart>
</item>
<item>
	<title>[COLOR=white]The Express[/COLOR]</title>
	<meta>
	<imdb>tt0469903</imdb>
	<content>movie</content>
	<title>The Express</title>
	<year>2008</year>
	</meta>
	<link>
	<sublink>search</sublink>
	<sublink>searchsd</sublink>
	</link>
	<thumbnail>https://image.tmdb.org/t/p/w1280/l4bOPaxwx1WebQXTeqXzXwf9n3M.jpg</thumbnail>
	<fanart>https://image.tmdb.org/t/p/w1280/tkG3YqzpO7A3dTeyN4WzlNf6Jxv.jpg</fanart>
</item>
<item>
	<title>[COLOR=white]The Final Season[/COLOR]</title>
	<meta>
	<imdb>tt0449018</imdb>
	<content>movie</content>
	<title>The Final Season</title>
	<year>2007</year>
	</meta>
	<link>
	<sublink>search</sublink>
	<sublink>searchsd</sublink>
	</link>
	<thumbnail>https://image.tmdb.org/t/p/w1280/ybJXbRlepM7D7bkHvwv8N4U51YZ.jpg</thumbnail>
	<fanart>https://image.tmdb.org/t/p/w1280/vUa11Qz4fmOJRAQyBBeWsRCLAWF.jpg</fanart>
</item>
<item>
	<title>[COLOR=white]The Greatest Game Ever Played[/COLOR]</title>
	<meta>
	<imdb>tt0388980</imdb>
	<content>movie</content>
	<title>The Greatest Game Ever Played</title>
	<year>2005</year>
	</meta>
	<link>
	<sublink>search</sublink>
	<sublink>searchsd</sublink>
	</link>
	<thumbnail>https://image.tmdb.org/t/p/w1280/qn0AtESY7e5EgzYxmOZU5UeirEH.jpg</thumbnail>
	<fanart>https://image.tmdb.org/t/p/w1280/AtKczjXnHUrYODJlFgod3ley6u9.jpg</fanart>
</item>
<item>
	<title>[COLOR=white]The Hurricane[/COLOR]</title>
	<meta>
	<imdb>tt0174856</imdb>
	<content>movie</content>
	<title>The Hurricane</title>
	<year>1999</year>
	</meta>
	<link>
	<sublink>search</sublink>
	<sublink>searchsd</sublink>
	</link>
	<thumbnail>https://image.tmdb.org/t/p/w1280/6SoTMHbcZ6XItPiEfIe1WzeET3c.jpg</thumbnail>
	<fanart>https://image.tmdb.org/t/p/w1280/i8AGAKxZL5aXnDcXVOZK5JkkDhn.jpg</fanart>
</item>
<item>
	<title>[COLOR=white]The Longest Yard[/COLOR]</title>
	<meta>
	<imdb>tt0398165</imdb>
	<content>movie</content>
	<title>The Longest Yard</title>
	<year>2005</year>
	</meta>
	<link>
	<sublink>search</sublink>
	<sublink>searchsd</sublink>
	</link>
	<thumbnail>https://image.tmdb.org/t/p/w1280/ag6q9euZABqbHtbDhoRT9xEYltP.jpg</thumbnail>
	<fanart>https://image.tmdb.org/t/p/w1280/9lrM0o89ASyHmDgMLfCbU5qdsAm.jpg</fanart>
</item>
<item>
	<title>[COLOR=white]The Mighty Ducks[/COLOR]</title>
	<meta>
	<imdb>tt0104868</imdb>
	<content>movie</content>
	<title>The Mighty Ducks</title>
	<year>1992</year>
	</meta>
	<link>
	<sublink>search</sublink>
	<sublink>searchsd</sublink>
	</link>
	<thumbnail>https://image.tmdb.org/t/p/w1280/4qXfjDlDEGuN3xRNawh4WZo5o96.jpg</thumbnail>
	<fanart>https://image.tmdb.org/t/p/w1280/jbREFnhxvVFCfgdMLkcI7Fb3Hz7.jpg</fanart>
</item>
<item>
	<title>[COLOR=white]The Natural[/COLOR]</title>
	<meta>
	<imdb>tt0087781</imdb>
	<content>movie</content>
	<title>The Natural</title>
	<year>1984</year>
	</meta>
	<link>
	<sublink>search</sublink>
	<sublink>searchsd</sublink>
	</link>
	<thumbnail>https://image.tmdb.org/t/p/w1280/f1iPiQoYbQ40XsJHPyMIiBmSrDB.jpg</thumbnail>
	<fanart>https://image.tmdb.org/t/p/w1280/sqZGYcHJWWNHsECBl57FOCfjpFX.jpg</fanart>
</item>
<item>
	<title>[COLOR=white]The Program[/COLOR]</title>
	<meta>
	<imdb>tt0107889</imdb>
	<content>movie</content>
	<title>The Program</title>
	<year>1993</year>
	</meta>
	<link>
	<sublink>search</sublink>
	<sublink>searchsd</sublink>
	</link>
	<thumbnail>https://image.tmdb.org/t/p/w1280/htlXORTSRrJggKYsMMwIagGMXUG.jpg</thumbnail>
	<fanart>https://image.tmdb.org/t/p/w1280/xuUDm3AGTaCxN9I8x6GxKtBlYfO.jpg</fanart>
</item>
<item>
	<title>[COLOR=white]The Perfect Game[/COLOR]</title>
	<meta>
	<imdb>tt0473102</imdb>
	<content>movie</content>
	<title>The Perfect Game</title>
	<year>2010</year>
	</meta>
	<link>
	<sublink>search</sublink>
	<sublink>searchsd</sublink>
	</link>
	<thumbnail>https://image.tmdb.org/t/p/w1280/g7QrMumv3q9vYXQ9YTvnYBsQXIz.jpg</thumbnail>
	<fanart>https://image.tmdb.org/t/p/w1280/pW3zQEbL0UwVreN2mDD3khsmCes.jpg</fanart>
</item>
<item>
	<title>[COLOR=white]The Program[/COLOR]</title>
	<meta>
	<imdb>tt0107889</imdb>
	<content>movie</content>
	<title>The Program</title>
	<year>1993</year>
	</meta>
	<link>
	<sublink>search</sublink>
	<sublink>searchsd</sublink>
	</link>
	<thumbnail>https://image.tmdb.org/t/p/w1280/htlXORTSRrJggKYsMMwIagGMXUG.jpg</thumbnail>
	<fanart>https://image.tmdb.org/t/p/w1280/xuUDm3AGTaCxN9I8x6GxKtBlYfO.jpg</fanart>
</item>
<item>
	<title>[COLOR=white]The Replacements[/COLOR]</title>
	<meta>
	<imdb>tt0191397</imdb>
	<content>movie</content>
	<title>The Replacements</title>
	<year>2000</year>
	</meta>
	<link>
	<sublink>search</sublink>
	<sublink>searchsd</sublink>
	</link>
	<thumbnail>https://image.tmdb.org/t/p/w1280/cHI4RgNND66gAcV63V5SoS76tVQ.jpg</thumbnail>
	<fanart>https://image.tmdb.org/t/p/w1280/yA4OiCFItCMCmFOXVFT4Xy1HsqI.jpg</fanart>
</item>
<item>
	<title>[COLOR=white]The Rookie[/COLOR]</title>
	<meta>
	<imdb>tt0265662</imdb>
	<content>movie</content>
	<title>The Rookie</title>
	<year>2002</year>
	</meta>
	<link>
	<sublink>search</sublink>
	<sublink>searchsd</sublink>
	</link>
	<thumbnail>https://image.tmdb.org/t/p/w1280/aO0L75MI629IhgKE6zVds82X5Ei.jpg</thumbnail>
	<fanart>https://image.tmdb.org/t/p/w1280/bPsr8XCzW517hETEcVnDYu0VQeb.jpg</fanart>
</item>
<item>
	<title>[COLOR=white]The Sandlot[/COLOR]</title>
	<meta>
	<imdb>tt0108037</imdb>
	<content>movie</content>
	<title>The Sandlot</title>
	<year>1993</year>
	</meta>
	<link>
	<sublink>search</sublink>
	<sublink>searchsd</sublink>
	</link>
	<thumbnail>https://image.tmdb.org/t/p/w1280/fKJUQrAm5QbVR5DqgH9U5IflHGQ.jpg</thumbnail>
	<fanart>https://image.tmdb.org/t/p/w1280/m6kXoIPsU2zkvpA08pbJ3klRSW6.jpg</fanart>
</item>
<item>
	<title>[COLOR=white]The Waterboy[/COLOR]</title>
	<meta>
	<imdb>tt0120484</imdb>
	<content>movie</content>
	<title>The Waterboy</title>
	<year>1998</year>
	</meta>
	<link>
	<sublink>search</sublink>
	<sublink>searchsd</sublink>
	</link>
	<thumbnail>https://image.tmdb.org/t/p/w1280/wZKa2NZgEKJ85NoO2cQ7xzj8eBn.jpg</thumbnail>
	<fanart>https://image.tmdb.org/t/p/w1280/dztyK9ANihFQjgMshT6czMyQio2.jpg</fanart>
</item>
<item>
	<title>[COLOR=white]Tin Cup[/COLOR]</title>
	<meta>
	<imdb>tt0117918</imdb>
	<content>movie</content>
	<title>Tin Cup</title>
	<year>1996</year>
	</meta>
	<link>
	<sublink>search</sublink>
	<sublink>searchsd</sublink>
	</link>
	<thumbnail>https://image.tmdb.org/t/p/w1280/dS5OwlFbIy5nQMaY9B4gWLe5a05.jpg</thumbnail>
	<fanart>https://image.tmdb.org/t/p/w1280/cRrbdr6eE8KJaoAohBR9a8CJCYI.jpg</fanart>
</item>
<item>
	<title>[COLOR=white]Trouble with the Curve[/COLOR]</title>
	<meta>
	<imdb>tt2083383</imdb>
	<content>movie</content>
	<title>Trouble with the Curve</title>
	<year>2012</year>
	</meta>
	<link>
	<sublink>search</sublink>
	<sublink>searchsd</sublink>
	</link>
	<thumbnail>https://image.tmdb.org/t/p/w1280/vNWFhlTseaTupYmpnXxJLoShJe3.jpg</thumbnail>
	<fanart>https://image.tmdb.org/t/p/w1280/9fN6z7JcO5o3jDmJ0fHSq4PXwUT.jpg</fanart>
</item>
<item>
	<title>[COLOR=white]Touchback[/COLOR]</title>
	<meta>
	<imdb>tt1628055</imdb>
	<content>movie</content>
	<title>Touchback</title>
	<year>2011</year>
	</meta>
	<link>
	<sublink>search</sublink>
	<sublink>searchsd</sublink>
	</link>
	<thumbnail>https://image.tmdb.org/t/p/w1280/M1jJCflrJXFYHaFko8vDaGIY7W.jpg</thumbnail>
	<fanart>https://image.tmdb.org/t/p/w1280/AvDZtlYuSu9LduBAEZZsmYRuf7.jpg</fanart>
</item>
<item>
	<title>[COLOR=white]Varsity Blues[/COLOR]</title>
	<meta>
	<imdb>tt0139699</imdb>
	<content>movie</content>
	<title>Varsity Blues</title>
	<year>1999</year>
	</meta>
	<link>
	<sublink>search</sublink>
	<sublink>searchsd</sublink>
	</link>
	<thumbnail>https://image.tmdb.org/t/p/w1280/nnVA3Nmry9furen0NDmJa0QTn2F.jpg</thumbnail>
	<fanart>https://image.tmdb.org/t/p/w1280/vQ6m3a4rdZyKJ7To2oCV3WSyVPE.jpg</fanart>
</item>
<item>
	<title>[COLOR=white]We Are Marshall[/COLOR]</title>
	<meta>
	<imdb>tt0758794</imdb>
	<content>movie</content>
	<title>We Are Marshall</title>
	<year>2006</year>
	</meta>
	<link>
	<sublink>search</sublink>
	<sublink>searchsd</sublink>
	</link>
	<thumbnail>https://image.tmdb.org/t/p/w1280/5QElczp80krYemPJwamBi9IZMd3.jpg</thumbnail>
	<fanart>https://image.tmdb.org/t/p/w1280/qZvPzSUI3qGlQtK1mVXt9Z6UCZA.jpg</fanart>
</item>
<item>
	<title>[COLOR=white]Whip It[/COLOR]</title>
	<meta>
	<imdb>tt1172233</imdb>
	<content>movie</content>
	<title>Whip It</title>
	<year>2009</year>
	</meta>
	<link>
	<sublink>search</sublink>
	<sublink>searchsd</sublink>
	</link>
	<thumbnail>https://image.tmdb.org/t/p/w1280/At7kxW4HK54kALuD9qDhFgsxkKM.jpg</thumbnail>
	<fanart>https://image.tmdb.org/t/p/w1280/iIU2NlC0EpL5NTPtGWmupyoMPhN.jpg</fanart>
</item>
<item>
	<title>[COLOR=white]White Men Can't Jump[/COLOR]</title>
	<meta>
	<imdb>tt0105812</imdb>
	<content>movie</content>
	<title>White Men Can't Jump</title>
	<year>1992</year>
	</meta>
	<link>
	<sublink>search</sublink>
	<sublink>searchsd</sublink>
	</link>
	<thumbnail>https://image.tmdb.org/t/p/w1280/1wEHR5yxIya9HUCFHVcntTx6q91.jpg</thumbnail>
	<fanart>https://image.tmdb.org/t/p/w1280/qXeK9s0YvYdCUQsHPIUPDtJHXHR.jpg</fanart>
</item>
<item>
	<title>[COLOR=white]Wildcats[/COLOR]</title>
	<meta>
	<imdb>tt0092214</imdb>
	<content>movie</content>
	<title>Wildcats</title>
	<year>1986</year>
	</meta>
	<link>
	<sublink>search</sublink>
	<sublink>searchsd</sublink>
	</link>
	<thumbnail>https://image.tmdb.org/t/p/w1280/eVWBcFDQXwrjc5gDxsmQ7WB67CT.jpg</thumbnail>
	<fanart>https://image.tmdb.org/t/p/w1280/ttLDYplYEnT19YqJKiEo41fQ0po.jpg</fanart>
</item>
<item>
	<title>[COLOR=white]Wimbledon[/COLOR]</title>
	<meta>
	<imdb>tt0360201</imdb>
	<content>movie</content>
	<title>Wimbledon</title>
	<year>2004</year>
	</meta>
	<link>
	<sublink>search</sublink>
	<sublink>searchsd</sublink>
	</link>
	<thumbnail>https://image.tmdb.org/t/p/w1280/nwFbj6gXVhbf0vCvCyVUUlD5AdB.jpg</thumbnail>
	<fanart>https://image.tmdb.org/t/p/w1280/jO9m4X4ztVJAfdm36MUnHFFWVLL.jpg</fanart>
</item>
<item>
	<title>[COLOR=white]Without Limits[/COLOR]</title>
	<meta>
	<imdb>tt0119934</imdb>
	<content>movie</content>
	<title>Without Limits</title>
	<year>1998</year>
	</meta>
	<link>
	<sublink>search</sublink>
	<sublink>searchsd</sublink>
	</link>
	<thumbnail>https://image.tmdb.org/t/p/w1280/3l6XZ9N9hOzVgXTsI2uYVFK0UPX.jpg</thumbnail>
	<fanart>https://image.tmdb.org/t/p/w1280/afhvTGkI9C4o13ACVAVPirQbhKg.jpg</fanart>
</item>
<item>
	<title>[COLOR=white]unReal[/COLOR]</title>
	<meta>
	<imdb>tt5180998</imdb>
	<content>movie</content>
	<title>unReal</title>
	<year>2015</year>
	</meta>
	<link>
	<sublink>search</sublink>
	<sublink>searchsd</sublink>
	</link>
	<thumbnail>https://image.tmdb.org/t/p/w1280/kkQYPQ3LtcWkmF0iH3juxKrx3vr.jpg</thumbnail>
	<fanart>https://image.tmdb.org/t/p/w1280/1SC7T66Ys0xFIdO5hBJ9cN23xii.jpg</fanart>
</item>
