<item>
	<title>[COLOR=white]42[/COLOR]</title>
	<meta>
	<imdb>tt0453562</imdb>
	<content>movie</content>
	<title>42</title>
	<year>2013</year>
	</meta>
	<link>
	<sublink>search</sublink>
	<sublink>searchsd</sublink>
	</link>
	<thumbnail>https://image.tmdb.org/t/p/w1280/vlP18ooLmvYVNnqidbot0FupY05.jpg</thumbnail>
	<fanart>https://image.tmdb.org/t/p/w1280/jkKHBwKAM2vOPrm9bwaPlXXdTPy.jpg</fanart>
</item>

<item>
	<title>[COLOR=white]61*[/COLOR]</title>
	<meta>
	<imdb>tt0250934</imdb>
	<content>movie</content>
	<title>61*</title>
	<year>2001</year>
	</meta>
	<link>
	<sublink>search</sublink>
	<sublink>searchsd</sublink>
	</link>
	<thumbnail>https://image.tmdb.org/t/p/w1280/3cewc9Rw1KwWiJsteWGHESVEQD5.jpg</thumbnail>
	<fanart>https://image.tmdb.org/t/p/w1280/sppsVNrv69QXloyYUWG7Dohmn4H.jpg</fanart>
</item>
<item>
	<title>[COLOR=white]A League of Their Own[/COLOR]</title>
	<meta>
	<imdb>tt0104694</imdb>
	<content>movie</content>
	<title>A League of Their Own</title>
	<year>1992</year>
	</meta>
	<link>
	<sublink>search</sublink>
	<sublink>searchsd</sublink>
	</link>
	<thumbnail>https://image.tmdb.org/t/p/w1280/mHr58FxWSPZtxSqVxDpO12nKmMi.jpg</thumbnail>
	<fanart>https://image.tmdb.org/t/p/w1280/cTzJXKXqy8pqisykmDueETv6ikb.jpg</fanart>
</item>
<item>
	<title>[COLOR=white]Above the Rim[/COLOR]</title>
	<meta>
	<imdb>tt0109035</imdb>
	<content>movie</content>
	<title>Above the Rim</title>
	<year>1994</year>
	</meta>
	<link>
	<sublink>search</sublink>
	<sublink>searchsd</sublink>
	</link>
	<thumbnail>https://image.tmdb.org/t/p/w1280/1ng4sowDKOPMJk9xO2G1g1c2DRs.jpg</thumbnail>
	<fanart>https://image.tmdb.org/t/p/w1280/omc3XGvgUYwh8Ktsw6EcGfnw1dI.jpg</fanart>
</item>
<item>
	<title>[COLOR=white]Airborne[/COLOR]</title>
	<meta>
	<imdb>tt0106233</imdb>
	<content>movie</content>
	<title>Airborne</title>
	<year>1993</year>
	</meta>
	<link>
	<sublink>search</sublink>
	<sublink>searchsd</sublink>
	</link>
	<thumbnail>https://image.tmdb.org/t/p/w1280/7QurLRJBO39eqwkLsGomuQqHL3b.jpg</thumbnail>
	<fanart>https://image.tmdb.org/t/p/w1280/A47POlVOMMr6n6Ms3iGW0Rsubw4.jpg</fanart>
</item>

<item>
	<title>[COLOR=white]All the Right Moves[/COLOR]</title>
	<meta>
	<imdb>tt0085154</imdb>
	<content>movie</content>
	<title>All the Right Moves</title>
	<year>1983</year>
	</meta>
	<link>
	<sublink>search</sublink>
	<sublink>searchsd</sublink>
	</link>
	<thumbnail>https://image.tmdb.org/t/p/w1280/kSrtxWweaqce1zuzF2rw7uYFwRB.jpg</thumbnail>
	<fanart>https://image.tmdb.org/t/p/w1280/gqkwTIfUIIJKi8LRoZt4uJbuAYO.jpg</fanart>
</item>

<item>
	<title>[COLOR=white]Angels in the Outfield[/COLOR]</title>
	<meta>
	<imdb>tt0109127</imdb>
	<content>movie</content>
	<title>Angels in the Outfield</title>
	<year>1994</year>
	</meta>
	<link>
	<sublink>search</sublink>
	<sublink>searchsd</sublink>
	</link>
	<thumbnail>https://image.tmdb.org/t/p/w1280/zdbzzEoWMYztvfGjm4kyKntwhEq.jpg</thumbnail>
	<fanart>https://image.tmdb.org/t/p/w1280/8p7EMtGZStplGISGVFG5pU8Ftv.jpg</fanart>
</item>
<item>
	<title>[COLOR=white]Any Given Sunday[/COLOR]</title>
	<meta>
	<imdb>tt0146838</imdb>
	<content>movie</content>
	<title>Any Given Sunday</title>
	<year>1999</year>
	</meta>
	<link>
	<sublink>search</sublink>
	<sublink>searchsd</sublink>
	</link>
	<thumbnail>https://image.tmdb.org/t/p/w1280/ofxxBtOoNRQD9yuiVIEo8sbsqkK.jpg</thumbnail>
	<fanart>https://image.tmdb.org/t/p/w1280/2xQVXJrANGTaaoOn9g2IDQmBhJB.jpg</fanart>
</item>
<item>
	<title>[COLOR=white]Believe in Me[/COLOR]</title>
	<meta>
	<imdb>tt0419491</imdb>
	<content>movie</content>
	<title>Believe in Me</title>
	<year>2006</year>
	</meta>
	<link>
	<sublink>search</sublink>
	<sublink>searchsd</sublink>
	</link>
	<thumbnail>https://image.tmdb.org/t/p/w1280/pHRT1EIqhVQNTodD5p2hwaraHJL.jpg</thumbnail>
	<fanart>https://image.tmdb.org/t/p/w1280/4yjc9PQVVbOsA6dictq4ecwl9K7.jpg</fanart>
</item>
<item>
	<title>[COLOR=white]Blades of Glory[/COLOR]</title>
	<meta>
	<imdb>tt0445934</imdb>
	<content>movie</content>
	<title>Blades of Glory</title>
	<year>2007</year>
	</meta>
	<link>
	<sublink>search</sublink>
	<sublink>searchsd</sublink>
	</link>
	<thumbnail>https://image.tmdb.org/t/p/w1280/7vbtLFfN00BaczHjOaPWui4aqg1.jpg</thumbnail>
	<fanart>https://image.tmdb.org/t/p/w1280/kWt9mP8CcUWr18DvQiXxdX5Yd7W.jpg</fanart>
</item>
<item>
	<title>[COLOR=white]Blue Chips[/COLOR]</title>
	<meta>
	<imdb>tt0109305</imdb>
	<content>movie</content>
	<title>Blue Chips</title>
	<year>1994</year>
	</meta>
	<link>
	<sublink>search</sublink>
	<sublink>searchsd</sublink>
	</link>
	<thumbnail>https://image.tmdb.org/t/p/w1280/cvx18ZmiM4MT6IwaIn864scnoMU.jpg</thumbnail>
	<fanart>https://image.tmdb.org/t/p/w1280/wAWLrrdGLCJBXE7Bdi9j5hQA91q.jpg</fanart>
</item>
<item>
	<title>[COLOR=white]Blue Crush[/COLOR]</title>
	<meta>
	<imdb>tt0300532</imdb>
	<content>movie</content>
	<title>Blue Crush</title>
	<year>2002</year>
	</meta>
	<link>
	<sublink>search</sublink>
	<sublink>searchsd</sublink>
	</link>
	<thumbnail>https://image.tmdb.org/t/p/w1280/zHCuiNnQu0o84vPK9vuecJ8SLZe.jpg</thumbnail>
	<fanart>https://image.tmdb.org/t/p/w1280/pZmUs1f3t3P0sAySnw8vdFclO4p.jpg</fanart>
</item>
<item>
	<title>[COLOR=white]Brian's Song[/COLOR]</title>
	<meta>
	<imdb>tt0068315</imdb>
	<content>movie</content>
	<title>Brian's Song</title>
	<year>1971</year>
	</meta>
	<link>
	<sublink>search</sublink>
	<sublink>searchsd</sublink>
	</link>
	<thumbnail>https://image.tmdb.org/t/p/w1280/9gIFX04l07UalFhSX98kp8xpm7b.jpg</thumbnail>
	<fanart>https://image.tmdb.org/t/p/w1280/yrlYPR2z7hH2Jf1RcV1URKNDbg.jpg</fanart>
</item>
<item>
	<title>[COLOR=white]Caddyshack[/COLOR]</title>
	<meta>
	<imdb>tt0080487</imdb>
	<content>movie</content>
	<title>Caddyshack</title>
	<year>1980</year>
	</meta>
	<link>
	<sublink>search</sublink>
	<sublink>searchsd</sublink>
	</link>
	<thumbnail>https://image.tmdb.org/t/p/w1280/21nhVVqGsOrKvkncsB5GbRxpSZh.jpg</thumbnail>
	<fanart>https://image.tmdb.org/t/p/w1280/kdL7CWq5msNd2CzE11fNkY0k4m7.jpg</fanart>
</item>
<item>
	<title>[COLOR=white]Cars 2[/COLOR]</title>
	<meta>
	<imdb>tt1216475</imdb>
	<content>movie</content>
	<title>Cars 2</title>
	<year>2011</year>
	</meta>
	<link>
	<sublink>search</sublink>
	<sublink>searchsd</sublink>
	</link>
	<thumbnail>https://image.tmdb.org/t/p/w1280/AblhtULOVtrkSnFxRPQ8gBemxw9.jpg</thumbnail>
	<fanart>https://image.tmdb.org/t/p/w1280/jEcmZhtJkZQc6ta2vzBd9CU7GIx.jpg</fanart>
</item>
<item>
	<title>[COLOR=white]Cars[/COLOR]</title>
	<meta>
	<imdb>tt0317219</imdb>
	<content>movie</content>
	<title>Cars</title>
	<year>2006</year>
	</meta>
	<link>
	<sublink>search</sublink>
	<sublink>searchsd</sublink>
	</link>
	<thumbnail>https://image.tmdb.org/t/p/w1280/jpfkzbIXgKZqCZAkEkFH2VYF63s.jpg</thumbnail>
	<fanart>https://image.tmdb.org/t/p/w1280/a1MlbLBk5Sy6YvMbSuKfwGlDVlb.jpg</fanart>
</item>
<item>
	<title>[COLOR=white]Chariots of Fire[/COLOR]</title>
	<meta>
	<imdb>tt0082158</imdb>
	<content>movie</content>
	<title>Chariots of Fire</title>
	<year>1981</year>
	</meta>
	<link>
	<sublink>search</sublink>
	<sublink>searchsd</sublink>
	</link>
	<thumbnail>https://image.tmdb.org/t/p/w1280/Ae5ABhyD30jY9rkciOVCG8nJDwO.jpg</thumbnail>
	<fanart>https://image.tmdb.org/t/p/w1280/dAAP1FCksIfAdqarHL5cToLZlAi.jpg</fanart>
</item>
<item>
	<title>[COLOR=white]Cinderella Man[/COLOR]</title>
	<meta>
	<imdb>tt0352248</imdb>
	<content>movie</content>
	<title>Cinderella Man</title>
	<year>2005</year>
	</meta>
	<link>
	<sublink>search</sublink>
	<sublink>searchsd</sublink>
	</link>
	<thumbnail>https://image.tmdb.org/t/p/w1280/xZhumK43Z6jmwCWglh7uHcpkqdb.jpg</thumbnail>
	<fanart>https://image.tmdb.org/t/p/w1280/ozvvHdadtBYpExCwAjsNPSjV6hT.jpg</fanart>
</item>
<item>
	<title>[COLOR=white]Coach Carter[/COLOR]</title>
	<meta>
	<imdb>tt0393162</imdb>
	<content>movie</content>
	<title>Coach Carter</title>
	<year>2005</year>
	</meta>
	<link>
	<sublink>search</sublink>
	<sublink>searchsd</sublink>
	</link>
	<thumbnail>https://image.tmdb.org/t/p/w1280/8c6BeOIrDStz2aiPceYdI5sd9pL.jpg</thumbnail>
	<fanart>https://image.tmdb.org/t/p/w1280/qgmcpz4ZyDxtAOTvqN6oIpBez7d.jpg</fanart>
</item>
<item>
	<title>[COLOR=white]Cool Runnings[/COLOR]</title>
	<meta>
	<imdb>tt0106611</imdb>
	<content>movie</content>
	<title>Cool Runnings</title>
	<year>1993</year>
	</meta>
	<link>
	<sublink>search</sublink>
	<sublink>searchsd</sublink>
	</link>
	<thumbnail>https://image.tmdb.org/t/p/w1280/neDmp7VSnopcjUcN8rgz9jusJyC.jpg</thumbnail>
	<fanart>https://image.tmdb.org/t/p/w1280/tEXDuHmSdCtk3C6zH4UwCoFoe0U.jpg</fanart>
</item>
<item>
	<title>[COLOR=white]D2: The Mighty Ducks[/COLOR]</title>
	<meta>
	<imdb>tt0109520</imdb>
	<content>movie</content>
	<title>D2: The Mighty Ducks</title>
	<year>1994</year>
	</meta>
	<link>
	<sublink>search</sublink>
	<sublink>searchsd</sublink>
	</link>
	<thumbnail>https://image.tmdb.org/t/p/w1280/ZITicpWKxy2d3JnpWMypbUn91e.jpg</thumbnail>
	<fanart>https://image.tmdb.org/t/p/w1280/s7RrWXNfQDU6nO9XriBnL3kZD4g.jpg</fanart>
</item>
<item>
	<title>[COLOR=white]D3: The Mighty Ducks[/COLOR]</title>
	<meta>
	<imdb>tt0116000</imdb>
	<content>movie</content>
	<title>D3: The Mighty Ducks</title>
	<year>1996</year>
	</meta>
	<link>
	<sublink>search</sublink>
	<sublink>searchsd</sublink>
	</link>
	<thumbnail>https://image.tmdb.org/t/p/w1280/umoEeNQqhvUg7jnpdGZnvNHCRFS.jpg</thumbnail>
	<fanart>https://image.tmdb.org/t/p/w1280/fh3FYAYSM0cZr648ooN033UlxvN.jpg</fanart>
</item>
<item>
	<title>[COLOR=white]Days of Thunder[/COLOR]</title>
	<meta>
	<imdb>tt0099371</imdb>
	<content>movie</content>
	<title>Days of Thunder</title>
	<year>1990</year>
	</meta>
	<link>
	<sublink>search</sublink>
	<sublink>searchsd</sublink>
	</link>
	<thumbnail>https://image.tmdb.org/t/p/w1280/2xfP227oLToQjBCUg3FI18pWh3G.jpg</thumbnail>
	<fanart>https://image.tmdb.org/t/p/w1280/hdfNe41FUS5VSgwgHDVZkrHDngp.jpg</fanart>
</item>
<item>
	<title>[COLOR=white]DodgeBall: A True Underdog Story[/COLOR]</title>
	<meta>
	<imdb>tt0364725</imdb>
	<content>movie</content>
	<title>DodgeBall: A True Underdog Story</title>
	<year>2004</year>
	</meta>
	<link>
	<sublink>search</sublink>
	<sublink>searchsd</sublink>
	</link>
	<thumbnail>https://image.tmdb.org/t/p/w1280/c7biFO9cEl5hOSvZRMuuJohH5f3.jpg</thumbnail>
	<fanart>https://image.tmdb.org/t/p/w1280/yM4k71Y6bEuVl7EX46OJ2fvyFHV.jpg</fanart>
</item>
<item>
	<title>[COLOR=white]Facing the Giants[/COLOR]</title>
	<meta>
	<imdb>tt0805526</imdb>
	<content>movie</content>
	<title>Facing the Giants</title>
	<year>2006</year>
	</meta>
	<link>
	<sublink>search</sublink>
	<sublink>searchsd</sublink>
	</link>
	<thumbnail>https://image.tmdb.org/t/p/w1280/dHh6Bw9LsUYAPv5CsSCp5JF8tHx.jpg</thumbnail>
	<fanart>https://image.tmdb.org/t/p/w1280/sVWbYcAqK6hTg5708llYg7i2XV5.jpg</fanart>
</item>
<item>
	<title>[COLOR=white]Fever Pitch[/COLOR]</title>
	<meta>
	<imdb>tt0332047</imdb>
	<content>movie</content>
	<title>Fever Pitch</title>
	<year>2005</year>
	</meta>
	<link>
	<sublink>search</sublink>
	<sublink>searchsd</sublink>
	</link>
	<thumbnail>https://image.tmdb.org/t/p/w1280/kuugk93pYPqOsEW2R5C7n8gy2QK.jpg</thumbnail>
	<fanart>https://image.tmdb.org/t/p/w1280/6lv1fJSWUlPGcku6JzXysSdEsrj.jpg</fanart>
</item>
<item>
	<title>[COLOR=white]Field of Dreams[/COLOR]</title>
	<meta>
	<imdb>tt0097351</imdb>
	<content>movie</content>
	<title>Field of Dreams</title>
	<year>1989</year>
	</meta>
	<link>
	<sublink>search</sublink>
	<sublink>searchsd</sublink>
	</link>
	<thumbnail>https://image.tmdb.org/t/p/w1280/ps5B8ZNSFvqLczD5e4Yh3whV66B.jpg</thumbnail>
	<fanart>https://image.tmdb.org/t/p/w1280/g5gwbwR98yN1TvycqHCJZhCPa7O.jpg</fanart>
</item>
<item>
	<title>[COLOR=white]Field of Vision[/COLOR]</title>
	<meta>
	<imdb>tt1877694</imdb>
	<content>movie</content>
	<title>Field of Vision</title>
	<year>2011</year>
	</meta>
	<link>
	<sublink>search</sublink>
	<sublink>searchsd</sublink>
	</link>
	<thumbnail>https://image.tmdb.org/t/p/w1280/otq5CxcibSbqtKlVq66YJrO4jn.jpg</thumbnail>
	<fanart>https://image.tmdb.org/t/p/w1280/lqsAhMell4pn9waVIH3IVSHsh3W.jpg</fanart>
</item>
<item>
	<title>[COLOR=white]Fittest on Earth: A Decade of Fitness[/COLOR]</title>
	<meta>
	<imdb>tt6491170</imdb>
	<content>movie</content>
	<title>Fittest on Earth: A Decade of Fitness</title>
	<year>2017</year>
	</meta>
	<link>
	<sublink>search</sublink>
	<sublink>searchsd</sublink>
	</link>
	<thumbnail>https://image.tmdb.org/t/p/w1280/fH5U8Rgql5UkDkkkRDNmuymzDhV.jpg</thumbnail>
	<fanart>https://image.tmdb.org/t/p/w1280/oogoEzZXdzhf1uzUR5ytElv72dy.jpg</fanart>
</item>
<item>
	<title>[COLOR=white]For Love of the Game[/COLOR]</title>
	<meta>
	<imdb>tt0126916</imdb>
	<content>movie</content>
	<title>For Love of the Game</title>
	<year>1999</year>
	</meta>
	<link>
	<sublink>search</sublink>
	<sublink>searchsd</sublink>
	</link>
	<thumbnail>https://image.tmdb.org/t/p/w1280/nvsXIOYg8CHFS7WYh0anh7WFYtN.jpg</thumbnail>
	<fanart>https://image.tmdb.org/t/p/w1280/l4Amqpp3PGh61rENfxVZ3p2n3n9.jpg</fanart>
</item>
<item>
	<title>[COLOR=white]Forever Strong[/COLOR]</title>
	<meta>
	<imdb>tt0840322</imdb>
	<content>movie</content>
	<title>Forever Strong</title>
	<year>2008</year>
	</meta>
	<link>
	<sublink>search</sublink>
	<sublink>searchsd</sublink>
	</link>
	<thumbnail>https://image.tmdb.org/t/p/w1280/6UMwStGL0qHXe3xurnZkzc1k76i.jpg</thumbnail>
	<fanart>https://image.tmdb.org/t/p/w1280/tcl2Vobs4ZZSliO6fkMfOyrxgXO.jpg</fanart>
</item>
<item>
	<title>[COLOR=white]Friday Night Lights[/COLOR]</title>
	<meta>
	<imdb>tt0390022</imdb>
	<content>movie</content>
	<title>Friday Night Lights</title>
	<year>2004</year>
	</meta>
	<link>
	<sublink>search</sublink>
	<sublink>searchsd</sublink>
	</link>
	<thumbnail>https://image.tmdb.org/t/p/w1280/8HIqpOgqShRc3TAleabnYispDl1.jpg</thumbnail>
	<fanart>https://image.tmdb.org/t/p/w1280/3nErSCj393Yh5h5MdvYgw9PvTQH.jpg</fanart>
</item>
<item>
	<title>[COLOR=white]Glory Road[/COLOR]</title>
	<meta>
	<imdb>tt0385726</imdb>
	<content>movie</content>
	<title>Glory Road</title>
	<year>2006</year>
	</meta>
	<link>
	<sublink>search</sublink>
	<sublink>searchsd</sublink>
	</link>
	<thumbnail>https://image.tmdb.org/t/p/w1280/bGRSV5tStxDNPRLCewnOeeiZzrY.jpg</thumbnail>
	<fanart>https://image.tmdb.org/t/p/w1280/cQof2H4FtEuzHOInFZd7ivYoByd.jpg</fanart>
</item>
<item>
	<title>[COLOR=white]Goon[/COLOR]</title>
	<meta>
	<imdb>tt1456635</imdb>
	<content>movie</content>
	<title>Goon</title>
	<year>2012</year>
	</meta>
	<link>
	<sublink>search</sublink>
	<sublink>searchsd</sublink>
	</link>
	<thumbnail>https://image.tmdb.org/t/p/w1280/84mA0tnArvMdr5alUFVgfOypk7i.jpg</thumbnail>
	<fanart>https://image.tmdb.org/t/p/w1280/z6K8ClNAH9V7P9a005KTeoBEvg2.jpg</fanart>
</item>
<item>
	<title>[COLOR=white]Green Street Hooligans[/COLOR]</title>
	<meta>
	<imdb>tt0385002</imdb>
	<content>movie</content>
	<title>Green Street Hooligans</title>
	<year>2005</year>
	</meta>
	<link>
	<sublink>search</sublink>
	<sublink>searchsd</sublink>
	</link>
	<thumbnail>https://image.tmdb.org/t/p/w1280/z3LC4kI8azbeuHRGgDdWo6VBCdX.jpg</thumbnail>
	<fanart>https://image.tmdb.org/t/p/w1280/oasVTD3UpTEjhTAVx9ZCy1k19Qv.jpg</fanart>
</item>
<item>
	<title>[COLOR=white]Gridiron Gang[/COLOR]</title>
	<meta>
	<imdb>tt0421206</imdb>
	<content>movie</content>
	<title>Gridiron Gang</title>
	<year>2006</year>
	</meta>
	<link>
	<sublink>search</sublink>
	<sublink>searchsd</sublink>
	</link>
	<thumbnail>https://image.tmdb.org/t/p/w1280/8UlDsCPjAfg15L5Sgkcmy8rv1rg.jpg</thumbnail>
	<fanart>https://image.tmdb.org/t/p/w1280/zu3zLkJeRtGJq4I6D7ONMWmFOLh.jpg</fanart>
</item>
<item>
	<title>[COLOR=white]Happy Gilmore[/COLOR]</title>
	<meta>
	<imdb>tt0116483</imdb>
	<content>movie</content>
	<title>Happy Gilmore</title>
	<year>1996</year>
	</meta>
	<link>
	<sublink>search</sublink>
	<sublink>searchsd</sublink>
	</link>
	<thumbnail>https://image.tmdb.org/t/p/w1280/4RnCeRzvI1xk5tuNWjpDKzSnJDk.jpg</thumbnail>
	<fanart>https://image.tmdb.org/t/p/w1280/z5qwh317CANMZO7KMPAEepwxlyq.jpg</fanart>
</item>
<item>
	<title>[COLOR=white]Hardball[/COLOR]</title>
	<meta>
	<imdb>tt0180734</imdb>
	<content>movie</content>
	<title>Hardball</title>
	<year>2001</year>
	</meta>
	<link>
	<sublink>search</sublink>
	<sublink>searchsd</sublink>
	</link>
	<thumbnail>https://image.tmdb.org/t/p/w1280/uyPlrTdkN06sZv1I5nMC65qReGk.jpg</thumbnail>
	<fanart>https://image.tmdb.org/t/p/w1280/rhlGAeaigjmM57BjQ6BTdbD80TR.jpg</fanart>
</item>
<item>
	<title>[COLOR=white]He Got Game[/COLOR]</title>
	<meta>
	<imdb>tt0124718</imdb>
	<content>movie</content>
	<title>He Got Game</title>
	<year>1998</year>
	</meta>
	<link>
	<sublink>search</sublink>
	<sublink>searchsd</sublink>
	</link>
	<thumbnail>https://image.tmdb.org/t/p/w1280/kd8hRaysUQOz7AvSorZDJHuihcJ.jpg</thumbnail>
	<fanart>https://image.tmdb.org/t/p/w1280/1bm55fptJb2MusLsMoAr3hmQSyO.jpg</fanart>
</item>
<item>
	<title>[COLOR=white]Home Run[/COLOR]</title>
	<meta>
	<imdb>tt2051894</imdb>
	<content>movie</content>
	<title>Home Run</title>
	<year>2013</year>
	</meta>
	<link>
	<sublink>search</sublink>
	<sublink>searchsd</sublink>
	</link>
	<thumbnail>https://image.tmdb.org/t/p/w1280/x6j0NsUrstM8mDk4lUmaRI5SXQh.jpg</thumbnail>
	<fanart>https://image.tmdb.org/t/p/w1280/awfFoaZCYVcGOTaWIR8hY1Kakvo.jpg</fanart>
</item>
<item>
	<title>[COLOR=white]Hometown Legend[/COLOR]</title>
	<meta>
	<imdb>tt0260695</imdb>
	<content>movie</content>
	<title>Hometown Legend</title>
	<year>2002</year>
	</meta>
	<link>
	<sublink>search</sublink>
	<sublink>searchsd</sublink>
	</link>
	<thumbnail>https://image.tmdb.org/t/p/w1280/pBuypkJzqgcQpQGOiKaqjoKMwlB.jpg</thumbnail>
	<fanart>https://image.tmdb.org/t/p/w1280/9ibmr7tQ2sARbMHeQKajfr83UAe.jpg</fanart>
</item>
<item>
	<title>[COLOR=white]Hoosiers[/COLOR]</title>
	<meta>
	<imdb>tt0091217</imdb>
	<content>movie</content>
	<title>Hoosiers</title>
	<year>1986</year>
	</meta>
	<link>
	<sublink>search</sublink>
	<sublink>searchsd</sublink>
	</link>
	<thumbnail>https://image.tmdb.org/t/p/w1280/bwOXCbCyYKnw7zmbtPkSJa7jS6G.jpg</thumbnail>
	<fanart>https://image.tmdb.org/t/p/w1280/hdEmvJqqt6SEWhDWcVtAc13EQ9h.jpg</fanart>
</item>
<item>
	<title>[COLOR=white]Hurricane Season[/COLOR]</title>
	<meta>
	<imdb>tt1172998</imdb>
	<content>movie</content>
	<title>Hurricane Season</title>
	<year>2009</year>
	</meta>
	<link>
	<sublink>search</sublink>
	<sublink>searchsd</sublink>
	</link>
	<thumbnail>https://image.tmdb.org/t/p/w1280/tfOQjBkFkkYKbzZtmvIgOX4PJyz.jpg</thumbnail>
	<fanart>https://image.tmdb.org/t/p/w1280/ySdpEXCGAoKwHD5m3NjGeKyfVSI.jpg</fanart>
</item>
<item>
	<title>[COLOR=white]Invincible[/COLOR]</title>
	<meta>
	<imdb>tt0445990</imdb>
	<content>movie</content>
	<title>Invincible</title>
	<year>2006</year>
	</meta>
	<link>
	<sublink>search</sublink>
	<sublink>searchsd</sublink>
	</link>
	<thumbnail>https://image.tmdb.org/t/p/w1280/yB6K696MEnZ79MBHdr2RvgPRpVL.jpg</thumbnail>
	<fanart>https://image.tmdb.org/t/p/w1280/fiyQ2uN60AEiOgjncHE9p8juD65.jpg</fanart>
</item>
<item>
	<title>[COLOR=white]Jerry Maguire[/COLOR]</title>
	<meta>
	<imdb>tt0116695</imdb>
	<content>movie</content>
	<title>Jerry Maguire</title>
	<year>1996</year>
	</meta>
	<link>
	<sublink>search</sublink>
	<sublink>searchsd</sublink>
	</link>
	<thumbnail>https://image.tmdb.org/t/p/w1280/99YTEdKOKDRClsscOpJfdkbaTrQ.jpg</thumbnail>
	<fanart>https://image.tmdb.org/t/p/w1280/n1Gh3MJAVvXmkgSDf3SOLlPCjag.jpg</fanart>
</item>
<item>
	<title>[COLOR=white]Kingpin[/COLOR]</title>
	<meta>
	<imdb>tt0116778</imdb>
	<content>movie</content>
	<title>Kingpin</title>
	<year>1996</year>
	</meta>
	<link>
	<sublink>search</sublink>
	<sublink>searchsd</sublink>
	</link>
	<thumbnail>https://image.tmdb.org/t/p/w1280/l2LObt7s0hakFi9ga6tOKMqKkuo.jpg</thumbnail>
	<fanart>https://image.tmdb.org/t/p/w1280/rLW1reSSMCMlKF9A6IViIV1Zbt7.jpg</fanart>
</item>
<item>
	<title>[COLOR=white]Leatherheads[/COLOR]</title>
	<meta>
	<imdb>tt0379865</imdb>
	<content>movie</content>
	<title>Leatherheads</title>
	<year>2008</year>
	</meta>
	<link>
	<sublink>search</sublink>
	<sublink>searchsd</sublink>
	</link>
	<thumbnail>https://image.tmdb.org/t/p/w1280/dwXbC931oXylH9G42OoXalmPGwj.jpg</thumbnail>
	<fanart>https://image.tmdb.org/t/p/w1280/mcYJ7ldW2jUohC4XdnybynlLOzf.jpg</fanart>
</item>
<item>
	<title>[COLOR=white]Little Big League[/COLOR]</title>
	<meta>
	<imdb>tt0110363</imdb>
	<content>movie</content>
	<title>Little Big League</title>
	<year>1994</year>
	</meta>
	<link>
	<sublink>search</sublink>
	<sublink>searchsd</sublink>
	</link>
	<thumbnail>https://image.tmdb.org/t/p/w1280/bch2eAwnwcs8k7ClaOg7uNoowqZ.jpg</thumbnail>
	<fanart>https://image.tmdb.org/t/p/w1280/ktRAfthRu7ePZ864PWRZyOujGJE.jpg</fanart>
</item>

