

<dir>
  <title>[COLOR blue]WWE Collection [/COLOR]</title>
  <link>plugin://plugin.video.youtube/playlist/PLqIVmFaHA8BpEmOaQowFcRrLq6J1RFrV5/</link>
  <thumbnail>https://i.imgur.com/IJFJ5Ew.png</thumbnail>
  <fanart>https://i.imgur.com/YlZ3oJ8.jpg</fanart>
  <summary>WWE Collection</summary>
</dir>

<dir>
  <title>[COLOR blue]WWE Matches , Moments and Divas [/COLOR]</title>
  <link>plugin://plugin.video.youtube/playlist/PLMeYCvv1jZ5RKwJo0ZduLAzUHBnP72GiR/</link>
  <thumbnail>https://i.imgur.com/IJFJ5Ew.png</thumbnail>
  <fanart>https://i.imgur.com/YlZ3oJ8.jpg</fanart>
  <summary>WWE Matches , Moments and Divas</summary>
</dir>

<dir>
  <title>[COLOR blue]Hardcore Wrestling [/COLOR]</title>
  <link>plugin://plugin.video.youtube/playlist/WWE Matches , Moments and Divas/</link>
  <thumbnail>https://i.imgur.com/PGTZEM7.png</thumbnail>
  <fanart>https://i.imgur.com/YlZ3oJ8.jpg</fanart>
  <summary>Hardcore Wrestling</summary>
</dir>


<dir>
  <title>[COLOR blue]UFC / MMA [/COLOR]</title>
  <link>plugin://plugin.video.youtube/playlist/PLFq2YEzLx0LnH1TatnoLJnQCGx20UMRMr/</link>
  <thumbnail>https://i.imgur.com/63xVI0R.png</thumbnail>
  <fanart>https://i.imgur.com/YlZ3oJ8.jpg</fanart>
  <summary>UFC / MMA</summary>
</dir>

<dir>
  <title>[COLOR blue]Cage Amateurs UK[/COLOR]</title>
  <link>plugin://plugin.video.youtube/channel/heywhatism/</link>
  <thumbnail>https://i.imgur.com/PGTZEM7.png</thumbnail>
  <fanart>https://i.imgur.com/YlZ3oJ8.jpg</fanart>
  <summary>Cage Amateurs UK</summary>
</dir>`

<dir>
  <title>[COLOR blue]Drag Racing[/COLOR]</title>
  <link>plugin://plugin.video.youtube/playlist/PLkekz7OLX4Q499UaQ2nwBEGLbBpKaP8AX/</link>
  <thumbnail>https://i.imgur.com/3UwJIld.png</thumbnail>
  <fanart>https://i.imgur.com/YlZ3oJ8.jpg</fanart>
  <summary>Drag Racing</summary>
</dir>

<dir>
  <title>[COLOR blue]Off Road and Hill Climbs Extreme[/COLOR]</title>
  <link>plugin://plugin.video.youtube/playlist/PLFq2YEzLx0LkQVWAlFVYMe9tRxqbvC1WV/</link>
  <thumbnail>https://i.imgur.com/vKnlqD9.png</thumbnail>
  <fanart>https://i.imgur.com/YlZ3oJ8.jpg</fanart>
  <summary>Off Road and Hill Climbs Extreme</summary>
</dir>

<dir>
  <title>[COLOR blue]U S Soccor [/COLOR]</title>
  <link>plugin://plugin.video.youtube/user/ussoccerdotcom/</link>
  <thumbnail>https://i.imgur.com/twshqKi.png</thumbnail>
  <fanart>https://i.imgur.com/YlZ3oJ8.jpg</fanart>
  <summary>Englands Womens Football</summary>
</dir>

<dir>
  <title>[COLOR orange]World Of Womens Boxing Channel[/COLOR]</title>
  <link>plugin://plugin.video.youtube/channel/UCwz70D42aHvZJwYnnN2neDg/</link>
  <thumbnail>https://i.imgur.com/X8iAQyg.png</thumbnail>
  <fanart>https://i.imgur.com/YlZ3oJ8.jpg</fanart>
  <summary>Womens Boxing</summary>
</dir>

<dir>
  <title>[COLOR orange]Scottish Womens Football[/COLOR]</title>
  <link>plugin://plugin.video.youtube/channel/UCHec55JASbesAuUEtqRvY2A/</link>
  <thumbnail>https://i.imgur.com/twshqKi.png</thumbnail>
  <fanart>https://i.imgur.com/YlZ3oJ8.jpg</fanart>
  <summary>Scottish Womens Football</summary>
</dir>

<dir>
  <title>[COLOR orange]Englands Womens Football[/COLOR]</title>
  <link>plugin://plugin.video.youtube/list/PLH4hJ2GPUXQVTBG6G-abFltxiVr8ljcbX/</link>
  <thumbnail>https://i.imgur.com/twshqKi.png</thumbnail>
  <fanart>https://i.imgur.com/YlZ3oJ8.jpg</fanart>
  <summary>Englands Womens Football</summary>
</dir>

<dir>
  <title>[COLOR orange]Womens Wrestling Channel[/COLOR]</title>
  <link>plugin://plugin.video.youtube/channel/UCTz1galXrnjN40Y5kwQRO9A/</link>
  <thumbnail>https://i.imgur.com/twshqKi.png</thumbnail>
  <fanart>https://i.imgur.com/YlZ3oJ8.jpg</fanart>
  <summary>Womens Wrestling Channel</summary>
</dir>

<dir>
  <title>[COLOR orange]England Netball[/COLOR]</title>
  <link>plugin://plugin.video.youtube/user/EnglandNetball/</link>
  <thumbnail>https://i.imgur.com/twshqKi.png</thumbnail>
  <fanart>https://i.imgur.com/YlZ3oJ8.jpg</fanart>
  <summary>England Netball</summary>
</dir>

