<item>
	<title>[COLOR=white]1408[/COLOR]</title>
	<meta>
	<imdb>tt0450385</imdb>
	<content>movie</content>
	<title>1408</title>
	<year>2007</year>
	</meta>
	<link>
	<sublink>search</sublink>
	<sublink>searchsd</sublink>
	</link>
	<thumbnail>https://image.tmdb.org/t/p/w1280/4onX7UF2MPUgIpkUerLC3dpVfNZ.jpg</thumbnail>
	<fanart>https://image.tmdb.org/t/p/w1280/uaDyzxiCCSEr5Re3d4rGavJV5M4.jpg</fanart>
</item>
<item>
	<title>[COLOR=white]1922[/COLOR]</title>
	<meta>
	<imdb>tt6214928</imdb>
	<content>movie</content>
	<title>1922</title>
	<year>2017</year>
	</meta>
	<link>
	<sublink>search</sublink>
	<sublink>searchsd</sublink>
	</link>
	<thumbnail>https://image.tmdb.org/t/p/w1280/q4FQOiSRhTLWulHl5Vpg37FMArH.jpg</thumbnail>
	<fanart>https://image.tmdb.org/t/p/w1280/3uwyXMZN93PRkShUxvLrufwVAc2.jpg</fanart>
</item>
<item>
	<title>[COLOR=white]A Good Marriage[/COLOR]</title>
	<meta>
	<imdb>tt2180994</imdb>
	<content>movie</content>
	<title>A Good Marriage</title>
	<year>2014</year>
	</meta>
	<link>
	<sublink>search</sublink>
	<sublink>searchsd</sublink>
	</link>
	<thumbnail>https://image.tmdb.org/t/p/w1280/8TqGEBVdC7uS6vBmKidOjcXaisx.jpg</thumbnail>
	<fanart>https://image.tmdb.org/t/p/w1280/i9KGUdPzaJBbbrZNYtyn26YLfCz.jpg</fanart>
</item>
<item>
	<title>[COLOR=white]Apt Pupil[/COLOR]</title>
	<meta>
	<imdb>tt0118636</imdb>
	<content>movie</content>
	<title>Apt Pupil</title>
	<year>1998</year>
	</meta>
	<link>
	<sublink>search</sublink>
	<sublink>searchsd</sublink>
	</link>
	<thumbnail>https://image.tmdb.org/t/p/w1280/6AAdkNH1JQtpiWQxeHb1GTCKHVS.jpg</thumbnail>
	<fanart>https://image.tmdb.org/t/p/w1280/g2udxcpeUFX3tpFsQRornS2ery7.jpg</fanart>
</item>
<item>
	<title>[COLOR=white]Big Driver[/COLOR]</title>
	<meta>
	<imdb>tt3831810</imdb>
	<content>movie</content>
	<title>Big Driver</title>
	<year>2014</year>
	</meta>
	<link>
	<sublink>search</sublink>
	<sublink>searchsd</sublink>
	</link>
	<thumbnail>https://image.tmdb.org/t/p/w1280/yC5E0UgyjUKU2uyW2fGVnrTmAY8.jpg</thumbnail>
	<fanart>https://image.tmdb.org/t/p/w1280/jc24mKmNRuY8GbXiYMZtL219u3M.jpg</fanart>
</item>
<item>
	<title>[COLOR=white]Cat's Eye[/COLOR]</title>
	<meta>
	<imdb>tt0088889</imdb>
	<content>movie</content>
	<title>Cat's Eye</title>
	<year>1985</year>
	</meta>
	<link>
	<sublink>search</sublink>
	<sublink>searchsd</sublink>
	</link>
	<thumbnail>https://image.tmdb.org/t/p/w1280/A65sQJbEAAV4wC9QQc0Mn4ZaMZV.jpg</thumbnail>
	<fanart>https://image.tmdb.org/t/p/w1280/mVWufY70kchQ0LSsE2uLg93aEXj.jpg</fanart>
</item>
<item>
	<title>[COLOR=white]Cell[/COLOR]</title>
	<meta>
	<imdb>tt0775440</imdb>
	<content>movie</content>
	<title>Cell</title>
	<year>2016</year>
	</meta>
	<link>
	<sublink>search</sublink>
	<sublink>searchsd</sublink>
	</link>
	<thumbnail>https://image.tmdb.org/t/p/w1280/c5N6Pw3P6TqQnGcqiVkhO9u85KB.jpg</thumbnail>
	<fanart>https://image.tmdb.org/t/p/w1280/17zwYLAnOuKbxspWeb6k2Jab6z5.jpg</fanart>
</item>
<item>
	<title>[COLOR=white]Children of the Corn II: The Final Sacrifice[/COLOR]</title>
	<meta>
	<imdb>tt0106557</imdb>
	<content>movie</content>
	<title>Children of the Corn II: The Final Sacrifice</title>
	<year>1993</year>
	</meta>
	<link>
	<sublink>search</sublink>
	<sublink>searchsd</sublink>
	</link>
	<thumbnail>https://image.tmdb.org/t/p/w1280/jOrEK9owz9mzym4043essIFmfzY.jpg</thumbnail>
	<fanart>https://image.tmdb.org/t/p/w1280/o2lvPXjltJBDqYxnYE52fYIEoUX.jpg</fanart>
</item>
<item>
	<title>[COLOR=white]Children of the Corn: Runaway[/COLOR]</title>
	<meta>
	<imdb>tt5565634</imdb>
	<content>movie</content>
	<title>Children of the Corn: Runaway</title>
	<year>2018</year>
	</meta>
	<link>
	<sublink>search</sublink>
	<sublink>searchsd</sublink>
	</link>
	<thumbnail>https://image.tmdb.org/t/p/w1280/mibVNUTPTrF8pZeOgdUkkU21KXG.jpg</thumbnail>
	<fanart>https://image.tmdb.org/t/p/w1280/iOfJGauq9qvfRwWQbwXGoo1OCXT.jpg</fanart>
</item>
<item>
	<title>[COLOR=white]Children of the Corn[/COLOR]</title>
	<meta>
	<imdb>tt0087050</imdb>
	<content>movie</content>
	<title>Children of the Corn</title>
	<year>1984</year>
	</meta>
	<link>
	<sublink>search</sublink>
	<sublink>searchsd</sublink>
	</link>
	<thumbnail>https://image.tmdb.org/t/p/w1280/votpiVmvic2ULYe74GES8CxYgp1.jpg</thumbnail>
	<fanart>https://image.tmdb.org/t/p/w1280/hmTSp1aF9xG7uwM4f4YMUcLfVAa.jpg</fanart>
</item>
<item>
	<title>[COLOR=white]Creepshow 2[/COLOR]</title>
	<meta>
	<imdb>tt0092796</imdb>
	<content>movie</content>
	<title>Creepshow 2</title>
	<year>1987</year>
	</meta>
	<link>
	<sublink>search</sublink>
	<sublink>searchsd</sublink>
	</link>
	<thumbnail>https://image.tmdb.org/t/p/w1280/qxJWtBb89RaSRgLuz1d6ZuFTfVG.jpg</thumbnail>
	<fanart>https://image.tmdb.org/t/p/w1280/cEOva5ciTQxJCQgcXb6vpAx1BcP.jpg</fanart>
</item>
<item>
	<title>[COLOR=white]Creepshow[/COLOR]</title>
	<meta>
	<imdb>tt0083767</imdb>
	<content>movie</content>
	<title>Creepshow</title>
	<year>1982</year>
	</meta>
	<link>
	<sublink>search</sublink>
	<sublink>searchsd</sublink>
	</link>
	<thumbnail>https://image.tmdb.org/t/p/w1280/hgKeTL416BPzLZntcsD1k7mNFRN.jpg</thumbnail>
	<fanart>https://image.tmdb.org/t/p/w1280/eHaGbnX2kukzcYGOpNF3YLPmOG5.jpg</fanart>
</item>
<item>
	<title>[COLOR=white]Doctor Sleep[/COLOR]</title>
	<meta>
	<imdb>tt5606664</imdb>
	<content>movie</content>
	<title>Doctor Sleep</title>
	<year>2019</year>
	</meta>
	<link>
	<sublink>search</sublink>
	<sublink>searchsd</sublink>
	</link>
	<thumbnail>https://image.tmdb.org/t/p/w1280/fVtNd8W2UbfTBuda4YVRBFcCf2Y.jpg</thumbnail>
	<fanart>https://image.tmdb.org/t/p/w1280/41q3ekBBumXG2AsKUebxGcpfb5.jpg</fanart>
</item>
<item>
	<title>[COLOR=white]Dolan's Cadillac[/COLOR]</title>
	<meta>
	<imdb>tt0963965</imdb>
	<content>movie</content>
	<title>Dolan's Cadillac</title>
	<year>2009</year>
	</meta>
	<link>
	<sublink>search</sublink>
	<sublink>searchsd</sublink>
	</link>
	<thumbnail>https://image.tmdb.org/t/p/w1280/4V6rjCsa7K0YMUnNHhfAqznYuk6.jpg</thumbnail>
	<fanart>https://image.tmdb.org/t/p/w1280/3c4zQ1BRBlJEPRYZwnUUeQQLPnv.jpg</fanart>
</item>
<item>
	<title>[COLOR=white]Dolores Claiborne[/COLOR]</title>
	<meta>
	<imdb>tt0109642</imdb>
	<content>movie</content>
	<title>Dolores Claiborne</title>
	<year>1995</year>
	</meta>
	<link>
	<sublink>search</sublink>
	<sublink>searchsd</sublink>
	</link>
	<thumbnail>https://image.tmdb.org/t/p/w1280/ewmVWV0TP8LTlYZ4OzCcguwC9d1.jpg</thumbnail>
	<fanart>https://image.tmdb.org/t/p/w1280/ArT1HUDedndeJeT16pOrNiesorQ.jpg</fanart>
</item>
<item>
	<title>[COLOR=white]Dreamcatcher[/COLOR]</title>
	<meta>
	<imdb>tt0285531</imdb>
	<content>movie</content>
	<title>Dreamcatcher</title>
	<year>2003</year>
	</meta>
	<link>
	<sublink>search</sublink>
	<sublink>searchsd</sublink>
	</link>
	<thumbnail>https://image.tmdb.org/t/p/w1280/A85mIkXdJvOwHxIQIEaN147GSLD.jpg</thumbnail>
	<fanart>https://image.tmdb.org/t/p/w1280/jY6i3hCY4k6zHlBJMr7a45H6MdZ.jpg</fanart>
</item>
<item>
	<title>[COLOR=white]Firestarter[/COLOR]</title>
	<meta>
	<imdb>tt0087262</imdb>
	<content>movie</content>
	<title>Firestarter</title>
	<year>1984</year>
	</meta>
	<link>
	<sublink>search</sublink>
	<sublink>searchsd</sublink>
	</link>
	<thumbnail>https://image.tmdb.org/t/p/w1280/2ux5lqNuibd8eOkwwUhzfzAJBqD.jpg</thumbnail>
	<fanart>https://image.tmdb.org/t/p/w1280/xnhtgpptVPY2KeNJkG1sDSjoZEF.jpg</fanart>
</item>
<item>
	<title>[COLOR=white]Gerald's Game[/COLOR]</title>
	<meta>
	<imdb>tt3748172</imdb>
	<content>movie</content>
	<title>Gerald's Game</title>
	<year>2017</year>
	</meta>
	<link>
	<sublink>search</sublink>
	<sublink>searchsd</sublink>
	</link>
	<thumbnail>https://image.tmdb.org/t/p/w1280/32dippiypDdaKv7XFEfUlQ7kPup.jpg</thumbnail>
	<fanart>https://image.tmdb.org/t/p/w1280/t9HChjSJi8B1PXSVh5Ec3pcDsAM.jpg</fanart>
</item>
<item>
	<title>[COLOR=white]Graveyard Shift[/COLOR]</title>
	<meta>
	<imdb>tt0099697</imdb>
	<content>movie</content>
	<title>Graveyard Shift</title>
	<year>1990</year>
	</meta>
	<link>
	<sublink>search</sublink>
	<sublink>searchsd</sublink>
	</link>
	<thumbnail>https://image.tmdb.org/t/p/w1280/iGeeKNiYQNFSZOXic3Y1euhGY4S.jpg</thumbnail>
	<fanart>https://image.tmdb.org/t/p/w1280/exXsrSUJaCzeShVrFR8FxrJQCb0.jpg</fanart>
</item>
<item>
	<title>[COLOR=white]Hearts in Atlantis[/COLOR]</title>
	<meta>
	<imdb>tt0252501</imdb>
	<content>movie</content>
	<title>Hearts in Atlantis</title>
	<year>2001</year>
	</meta>
	<link>
	<sublink>search</sublink>
	<sublink>searchsd</sublink>
	</link>
	<thumbnail>https://image.tmdb.org/t/p/w1280/fnPm3qVyf37YPJZtBWwzsGCFGyC.jpg</thumbnail>
	<fanart>https://image.tmdb.org/t/p/w1280/vPSHMIxXoTxIAT3rm9XDzbOifvv.jpg</fanart>
</item>
<item>
	<title>[COLOR=white]It: Chapter Two[/COLOR]</title>
	<meta>
	<imdb>tt7349950</imdb>
	<content>movie</content>
	<title>It: Chapter Two</title>
	<year>2019</year>
	</meta>
	<link>
	<sublink>search</sublink>
	<sublink>searchsd</sublink>
	</link>
	<thumbnail>https://image.tmdb.org/t/p/w1280/lQQHjzcmCNe0kgvEAKGA6oJ1EdV.jpg</thumbnail>
	<fanart>https://image.tmdb.org/t/p/w1280/p15fLYp0X04mS8cbHVj7mZ6PBBE.jpg</fanart>
</item>
<item>
	<title>[COLOR=white]It[/COLOR]</title>
	<meta>
	<imdb>none</imdb>
	<content>movie</content>
	<title>It</title>
	<year>1990</year>
	</meta>
	<link>
	<sublink>search</sublink>
	<sublink>searchsd</sublink>
	</link>
	<thumbnail>https://image.tmdb.org/t/p/w1280none</thumbnail>
	<fanart>https://image.tmdb.org/t/p/w1280none</fanart>
</item>
<item>
	<title>[COLOR=white]It[/COLOR]</title>
	<meta>
	<imdb>tt1396484</imdb>
	<content>movie</content>
	<title>It</title>
	<year>2017</year>
	</meta>
	<link>
	<sublink>search</sublink>
	<sublink>searchsd</sublink>
	</link>
	<thumbnail>https://image.tmdb.org/t/p/w1280/9E2y5Q7WlCVNEhP5GiVTjhEhx1o.jpg</thumbnail>
	<fanart>https://image.tmdb.org/t/p/w1280/tcheoA2nPATCm2vvXw2hVQoaEFD.jpg</fanart>
</item>
<item>
	<title>[COLOR=white]Lawnmower Man 2: Beyond Cyberspace[/COLOR]</title>
	<meta>
	<imdb>tt0116839</imdb>
	<content>movie</content>
	<title>Lawnmower Man 2: Beyond Cyberspace</title>
	<year>1996</year>
	</meta>
	<link>
	<sublink>search</sublink>
	<sublink>searchsd</sublink>
	</link>
	<thumbnail>https://image.tmdb.org/t/p/w1280/nsKDpcdC62krEPlCKKjLSHuMwwu.jpg</thumbnail>
	<fanart>https://image.tmdb.org/t/p/w1280/lm18OwMdkW34dbuU2x6CFEub3ar.jpg</fanart>
</item>
<item>
	<title>[COLOR=white]Misery[/COLOR]</title>
	<meta>
	<imdb>tt0100157</imdb>
	<content>movie</content>
	<title>Misery</title>
	<year>1990</year>
	</meta>
	<link>
	<sublink>search</sublink>
	<sublink>searchsd</sublink>
	</link>
	<thumbnail>https://image.tmdb.org/t/p/w1280/s0Ot5zUmVF1jSN9WpBHRafvUPld.jpg</thumbnail>
	<fanart>https://image.tmdb.org/t/p/w1280/2PCMZhNMT1mNdhmg3O767ykczOe.jpg</fanart>
</item>
<item>
	<title>[COLOR=white]Needful Things[/COLOR]</title>
	<meta>
	<imdb>tt0107665</imdb>
	<content>movie</content>
	<title>Needful Things</title>
	<year>1993</year>
	</meta>
	<link>
	<sublink>search</sublink>
	<sublink>searchsd</sublink>
	</link>
	<thumbnail>https://image.tmdb.org/t/p/w1280/hrWPjBPBA4d1O4raq6TE7ugTTIn.jpg</thumbnail>
	<fanart>https://image.tmdb.org/t/p/w1280/oK0KyFrf41IUJTxnhFq8WXHKQt.jpg</fanart>
</item>
<item>
	<title>[COLOR=white]Pet Sematary II[/COLOR]</title>
	<meta>
	<imdb>tt0105128</imdb>
	<content>movie</content>
	<title>Pet Sematary II</title>
	<year>1992</year>
	</meta>
	<link>
	<sublink>search</sublink>
	<sublink>searchsd</sublink>
	</link>
	<thumbnail>https://image.tmdb.org/t/p/w1280/iaWnUo0RNDMg3uGSVrFtvlxH7EB.jpg</thumbnail>
	<fanart>https://image.tmdb.org/t/p/w1280/9rBui4Ipju1b0uFe43fDkTjtDro.jpg</fanart>
</item>
<item>
	<title>[COLOR=white]Pet Sematary[/COLOR]</title>
	<meta>
	<imdb>tt0837563</imdb>
	<content>movie</content>
	<title>Pet Sematary</title>
	<year>2019</year>
	</meta>
	<link>
	<sublink>search</sublink>
	<sublink>searchsd</sublink>
	</link>
	<thumbnail>https://image.tmdb.org/t/p/w1280/7SPhr7Qj39vbnfF9O2qHRYaKHAL.jpg</thumbnail>
	<fanart>https://image.tmdb.org/t/p/w1280/n2aX63BmW7zIKgKJ58e6rKlSsdi.jpg</fanart>
</item>
<item>
	<title>[COLOR=white]Pet Sematary[/COLOR]</title>
	<meta>
	<imdb>tt0098084</imdb>
	<content>movie</content>
	<title>Pet Sematary</title>
	<year>1989</year>
	</meta>
	<link>
	<sublink>search</sublink>
	<sublink>searchsd</sublink>
	</link>
	<thumbnail>https://image.tmdb.org/t/p/w1280/9zUax4pjRgoPIJla9CQejqNJofB.jpg</thumbnail>
	<fanart>https://image.tmdb.org/t/p/w1280/sbm4pRbGNaqaHjx6fPXh1aQGTJO.jpg</fanart>
</item>
<item>
	<title>[COLOR=white]Quicksilver Highway[/COLOR]</title>
	<meta>
	<imdb>tt0119975</imdb>
	<content>movie</content>
	<title>Quicksilver Highway</title>
	<year>1997</year>
	</meta>
	<link>
	<sublink>search</sublink>
	<sublink>searchsd</sublink>
	</link>
	<thumbnail>https://image.tmdb.org/t/p/w1280/aNO6A5PeKtJ2a4xjMVwvcSjnS9J.jpg</thumbnail>
	<fanart>https://image.tmdb.org/t/p/w1280/r4vKWpKSWbIiULrYmaE27lufTSV.jpg</fanart>
</item>
<item>
	<title>[COLOR=white]Riding the Bullet[/COLOR]</title>
	<meta>
	<imdb>tt0355954</imdb>
	<content>movie</content>
	<title>Riding the Bullet</title>
	<year>2004</year>
	</meta>
	<link>
	<sublink>search</sublink>
	<sublink>searchsd</sublink>
	</link>
	<thumbnail>https://image.tmdb.org/t/p/w1280/vxhChgkTijDhDbUi0yR1BF7kyWz.jpg</thumbnail>
	<fanart>https://image.tmdb.org/t/p/w1280/4LQcthUFunuet9VP7jJRRstGjrz.jpg</fanart>
</item>
<item>
	<title>[COLOR=white]Secret Window[/COLOR]</title>
	<meta>
	<imdb>tt0363988</imdb>
	<content>movie</content>
	<title>Secret Window</title>
	<year>2004</year>
	</meta>
	<link>
	<sublink>search</sublink>
	<sublink>searchsd</sublink>
	</link>
	<thumbnail>https://image.tmdb.org/t/p/w1280/f5t7Df50xjniLlE80ty2dYsZBqI.jpg</thumbnail>
	<fanart>https://image.tmdb.org/t/p/w1280/ojsY0XyCSsJvm0n7YTwumQcvBqT.jpg</fanart>
</item>
<item>
	<title>[COLOR=white]Sleepwalkers[/COLOR]</title>
	<meta>
	<imdb>tt0105428</imdb>
	<content>movie</content>
	<title>Sleepwalkers</title>
	<year>1992</year>
	</meta>
	<link>
	<sublink>search</sublink>
	<sublink>searchsd</sublink>
	</link>
	<thumbnail>https://image.tmdb.org/t/p/w1280/shrSYke0ABLGx0vA6iZnUOCB1tw.jpg</thumbnail>
	<fanart>https://image.tmdb.org/t/p/w1280/pCKWyeBDfiR3R4ggpKQbrBW9MkS.jpg</fanart>
</item>
<item>
	<title>[COLOR=white]Sometimes They Come Back[/COLOR]</title>
	<meta>
	<imdb>tt0102960</imdb>
	<content>movie</content>
	<title>Sometimes They Come Back</title>
	<year>1991</year>
	</meta>
	<link>
	<sublink>search</sublink>
	<sublink>searchsd</sublink>
	</link>
	<thumbnail>https://image.tmdb.org/t/p/w1280/jkgxHwWV1aTyYXuoJ3rHE51lbo1.jpg</thumbnail>
	<fanart>https://image.tmdb.org/t/p/w1280/64qlqxCjSnVbiVPd8uRRNxllFbP.jpg</fanart>
</item>
<item>
	<title>[COLOR=white]Stand by Me[/COLOR]</title>
	<meta>
	<imdb>tt0092005</imdb>
	<content>movie</content>
	<title>Stand by Me</title>
	<year>1986</year>
	</meta>
	<link>
	<sublink>search</sublink>
	<sublink>searchsd</sublink>
	</link>
	<thumbnail>https://image.tmdb.org/t/p/w1280/7QbJa6syM4ZYxtey0d7qB7bmhzb.jpg</thumbnail>
	<fanart>https://image.tmdb.org/t/p/w1280/pOeL0gtSLNqwenJeojlTgy1D5Qk.jpg</fanart>
</item>
<item>
	<title>[COLOR=white]Stuck in Love[/COLOR]</title>
	<meta>
	<imdb>tt2205697</imdb>
	<content>movie</content>
	<title>Stuck in Love</title>
	<year>2012</year>
	</meta>
	<link>
	<sublink>search</sublink>
	<sublink>searchsd</sublink>
	</link>
	<thumbnail>https://image.tmdb.org/t/p/w1280/wxrH3NZ4wTtHVzbquknLRRQMFWW.jpg</thumbnail>
	<fanart>https://image.tmdb.org/t/p/w1280/sypQlfdD6dij70dzpQMRE4QjGVA.jpg</fanart>
</item>
<item>
	<title>[COLOR=white]Tales from the Darkside: The Movie[/COLOR]</title>
	<meta>
	<imdb>tt0100740</imdb>
	<content>movie</content>
	<title>Tales from the Darkside: The Movie</title>
	<year>1990</year>
	</meta>
	<link>
	<sublink>search</sublink>
	<sublink>searchsd</sublink>
	</link>
	<thumbnail>https://image.tmdb.org/t/p/w1280/7IDTVLpSYGNYqLE2QnixboLOU32.jpg</thumbnail>
	<fanart>https://image.tmdb.org/t/p/w1280/op6AFGbt8a6bpesJKtV0XP8Yywn.jpg</fanart>
</item>
<item>
	<title>[COLOR=white]The Dark Half[/COLOR]</title>
	<meta>
	<imdb>tt0106664</imdb>
	<content>movie</content>
	<title>The Dark Half</title>
	<year>1993</year>
	</meta>
	<link>
	<sublink>search</sublink>
	<sublink>searchsd</sublink>
	</link>
	<thumbnail>https://image.tmdb.org/t/p/w1280/x9ROx7QrJkMK7vet6uhsgrM4Y8Z.jpg</thumbnail>
	<fanart>https://image.tmdb.org/t/p/w1280/xW6U2KXOo7hB1tRAmV01960SIYF.jpg</fanart>
</item>
<item>
	<title>[COLOR=white]The Dark Tower[/COLOR]</title>
	<meta>
	<imdb>tt1648190</imdb>
	<content>movie</content>
	<title>The Dark Tower</title>
	<year>2017</year>
	</meta>
	<link>
	<sublink>search</sublink>
	<sublink>searchsd</sublink>
	</link>
	<thumbnail>https://image.tmdb.org/t/p/w1280/i9GUSgddIqrroubiLsvvMRYyRy0.jpg</thumbnail>
	<fanart>https://image.tmdb.org/t/p/w1280/pVVobDO8cezhVPvwD6EBUN0g3mt.jpg</fanart>
</item>
<item>
	<title>[COLOR=white]The Dead Zone[/COLOR]</title>
	<meta>
	<imdb>tt0085407</imdb>
	<content>movie</content>
	<title>The Dead Zone</title>
	<year>1983</year>
	</meta>
	<link>
	<sublink>search</sublink>
	<sublink>searchsd</sublink>
	</link>
	<thumbnail>https://image.tmdb.org/t/p/w1280/bKpc5xO3o3DHDqaUJWMoVxgpJRM.jpg</thumbnail>
	<fanart>https://image.tmdb.org/t/p/w1280/7LRuImFC4NKxutT3yvdqxinEXjo.jpg</fanart>
</item>
<item>
	<title>[COLOR=white]The Green Mile[/COLOR]</title>
	<meta>
	<imdb>tt0120689</imdb>
	<content>movie</content>
	<title>The Green Mile</title>
	<year>1999</year>
	</meta>
	<link>
	<sublink>search</sublink>
	<sublink>searchsd</sublink>
	</link>
	<thumbnail>https://image.tmdb.org/t/p/w1280/sOHqdY1RnSn6kcfAHKu28jvTebE.jpg</thumbnail>
	<fanart>https://image.tmdb.org/t/p/w1280/Rlt20sEbOQKPVjia7lUilFm49W.jpg</fanart>
</item>
<item>
	<title>[COLOR=white]The Langoliers[/COLOR]</title>
	<meta>
	<imdb>tt0112040</imdb>
	<content>movie</content>
	<title>The Langoliers</title>
	<year>1995</year>
	</meta>
	<link>
	<sublink>search</sublink>
	<sublink>searchsd</sublink>
	</link>
	<thumbnail>https://image.tmdb.org/t/p/w1280/e0iK65Liz3ab6qTaqHbnMB3r8mC.jpg</thumbnail>
	<fanart>https://image.tmdb.org/t/p/w600_and_h900_bestv2/bU3bLO3aR3kTWWvq2vSeZBHpM7X.jpg</fanart>
</item>
<item>
	<title>[COLOR=white]The Lawnmower Man[/COLOR]</title>
	<meta>
	<imdb>tt0104692</imdb>
	<content>movie</content>
	<title>The Lawnmower Man</title>
	<year>1992</year>
	</meta>
	<link>
	<sublink>search</sublink>
	<sublink>searchsd</sublink>
	</link>
	<thumbnail>https://image.tmdb.org/t/p/w1280/3tWLM3zMyh3KZOactn8mfjHml05.jpg</thumbnail>
	<fanart>https://image.tmdb.org/t/p/w1280/fXCoMFPV7PSwNBZb02SPRFRp7T4.jpg</fanart>
</item>
<item>
	<title>[COLOR=white]The Mangler[/COLOR]</title>
	<meta>
	<imdb>tt0113762</imdb>
	<content>movie</content>
	<title>The Mangler</title>
	<year>1995</year>
	</meta>
	<link>
	<sublink>search</sublink>
	<sublink>searchsd</sublink>
	</link>
	<thumbnail>https://image.tmdb.org/t/p/w1280/a7cd6a5nQy3dsSQI38gM2x44O4n.jpg</thumbnail>
	<fanart>https://image.tmdb.org/t/p/w1280/ApJQpxeiQHKsSCrORbQrRIt8crK.jpg</fanart>
</item>
<item>
	<title>[COLOR=white]The Mist[/COLOR]</title>
	<meta>
	<imdb>tt0884328</imdb>
	<content>movie</content>
	<title>The Mist</title>
	<year>2007</year>
	</meta>
	<link>
	<sublink>search</sublink>
	<sublink>searchsd</sublink>
	</link>
	<thumbnail>https://image.tmdb.org/t/p/w1280/uYVheUBf8ITaocUP4Og9GXxOMIH.jpg</thumbnail>
	<fanart>https://image.tmdb.org/t/p/w1280/slQnhKRIPkA2Cm5x6VvrOPXt4Qu.jpg</fanart>
</item>
<item>
	<title>[COLOR=white]The Night Flier[/COLOR]</title>
	<meta>
	<imdb>tt0119784</imdb>
	<content>movie</content>
	<title>The Night Flier</title>
	<year>1997</year>
	</meta>
	<link>
	<sublink>search</sublink>
	<sublink>searchsd</sublink>
	</link>
	<thumbnail>https://image.tmdb.org/t/p/w1280/s50uysCw1US4JpeWwAJ8PhXbAEW.jpg</thumbnail>
	<fanart>https://image.tmdb.org/t/p/w1280/bSMCOd2ySz3cfPy6KZvL7UovdBO.jpg</fanart>
</item>
<item>
	<title>[COLOR=white]The Rage: Carrie 2[/COLOR]</title>
	<meta>
	<imdb>tt0144814</imdb>
	<content>movie</content>
	<title>The Rage: Carrie 2</title>
	<year>1999</year>
	</meta>
	<link>
	<sublink>search</sublink>
	<sublink>searchsd</sublink>
	</link>
	<thumbnail>https://image.tmdb.org/t/p/w1280/fiGEbHu1CzpTpo4fiAZqXlMJPle.jpg</thumbnail>
	<fanart>https://image.tmdb.org/t/p/w1280/y5FJGeHuwWH5PTW7ZN0dHfcr7UJ.jpg</fanart>
</item>
<item>
	<title>[COLOR=white]The Shawshank Redemption[/COLOR]</title>
	<meta>
	<imdb>tt0111161</imdb>
	<content>movie</content>
	<title>The Shawshank Redemption</title>
	<year>1994</year>
	</meta>
	<link>
	<sublink>search</sublink>
	<sublink>searchsd</sublink>
	</link>
	<thumbnail>https://image.tmdb.org/t/p/w1280/9O7gLzmreU0nGkIB6K3BsJbzvNv.jpg</thumbnail>
	<fanart>https://image.tmdb.org/t/p/w1280/j9XKiZrVeViAixVRzCta7h1VU9W.jpg</fanart>
</item>
<item>
	<title>[COLOR=white]The Shining[/COLOR]</title>
	<meta>
	<imdb>tt0081505</imdb>
	<content>movie</content>
	<title>The Shining</title>
	<year>1980</year>
	</meta>
	<link>
	<sublink>search</sublink>
	<sublink>searchsd</sublink>
	</link>
	<thumbnail>https://image.tmdb.org/t/p/w1280/9fgh3Ns1iRzlQNYuJyK0ARQZU7w.jpg</thumbnail>
	<fanart>https://image.tmdb.org/t/p/w1280/h4DcDCOkQBENWBJZjNlPv3adQfM.jpg</fanart>
</item>
<item>
	<title>[COLOR=white]The Tommyknockers[/COLOR]</title>
	<meta>
	<imdb>tt0106156</imdb>
	<content>movie</content>
	<title>The Tommyknockers</title>
	<year>1993</year>
	</meta>
	<link>
	<sublink>search</sublink>
	<sublink>searchsd</sublink>
	</link>
	<thumbnail>https://image.tmdb.org/t/p/w1280/l33jUQTPELrcgQHlrYB2qcqpQCQ.jpg</thumbnail>
	<fanart>https://image.tmdb.org/t/p/w1280/hitmie3yf4sJ36aAhO5iHJVWZIs.jpg</fanart>
</item>
<item>
	<title>[COLOR=white]Thinner[/COLOR]</title>
	<meta>
	<imdb>tt0117894</imdb>
	<content>movie</content>
	<title>Thinner</title>
	<year>1996</year>
	</meta>
	<link>
	<sublink>search</sublink>
	<sublink>searchsd</sublink>
	</link>
	<thumbnail>https://image.tmdb.org/t/p/w1280/wmnTIiRf3Nl5jhMlqLRXQY5msN6.jpg</thumbnail>
	<fanart>https://image.tmdb.org/t/p/w1280/fPAP1oYdXIm2ajG9f8xdhgbKJTO.jpg</fanart>
</item>
