<plugin>
	<title>Special Forces TV Show</title>
	<link>plugin://plugin.video.youtube/playlist/PLvHMoDpr4CZJwV_x5dAdQ0-c0y5gvYlHb/</link>
	<thumbnail>https://i.imgur.com/Zgwe0Z5.png</thumbnail>
</plugin>

<plugin>
	<title>BEAR GRYLLS: (BORN SURVIVOR)</title>
	<link>plugin://plugin.video.youtube/playlist/PL1JkYHSB01YB2quzerCdW6TtpFukSZwnm/</link>
	<thumbnail>https://i.imgur.com/Y2zh7BH.png</thumbnail>
</plugin>

<plugin>
	<title></title>
	<link>plugin://plugin.video.youtube/playlist//</link>
	<thumbnail></thumbnail>
</plugin>

<plugin>
	<title></title>
	<link>plugin://plugin.video.youtube/playlist//</link>
	<thumbnail></thumbnail>
</plugin>