<item>
	<title>[B][COLOR=blue]Love Actually[/COLOR][/B]</title>
	<meta>
	<imdb>tt0314331</imdb>
	<content>movie</content>
	<title>Love Actually</title>
	<year>2003</year>
	</meta>
	<link>
	<sublink>https://www.youtube.com/watch?v=H9Z3_ifFheQ&feature=youtu.be</sublink>
	<sublink>search</sublink>
	<sublink>searchsd</sublink>
	</link>
	<thumbnail>https://image.tmdb.org/t/p/w1280/kfX8Ctin3fSZbdnjh6CXSNZUOVP.jpg</thumbnail>
	<fanart>https://image.tmdb.org/t/p/w1280/nnfORNm5LclB9zxN3TqDKFTGOvT.jpg</fanart>
</item>
<item>
	<title>[B][COLOR=blue]Santa Claus The Movie[/COLOR][/B]</title>
	<meta>
	<imdb>tt0089961</imdb>
	<content>movie</content>
	<title>Santa Claus The Movie</title>
	<year>1985</year>
	</meta>
	<link>
	<sublink>https://www.youtube.com/watch?v=1tSOE9PNTIQ&feature=youtu.be</sublink>
	<sublink>search</sublink>
	<sublink>searchsd</sublink>
	</link>
	<thumbnail>https://image.tmdb.org/t/p/w1280/tZvGQF2623FD0MZgvOy18J5d7x5.jpg</thumbnail>
	<fanart>https://image.tmdb.org/t/p/w1280/1VyqqcG4pUZjkBS7ndNGP6G3lBE.jpg</fanart>
</item>
<item>
	<title>[B][COLOR=blue]The Muppet Christmas Carol[/COLOR][/B]</title>
	<meta>
	<imdb>tt0104940</imdb>
	<content>movie</content>
	<title>The Muppet Christmas Carol</title>
	<year>1992</year>
	</meta>
	<link>
	<sublink>https://www.youtube.com/watch?v=KAk5KQABLuE&feature=youtu.be</sublink>
	<sublink>search</sublink>
	<sublink>searchsd</sublink>
	</link>
	<thumbnail>https://image.tmdb.org/t/p/w1280/fe4nLJkDNXhyuMnrZ60MfoSpPes.jpg</thumbnail>
	<fanart>https://image.tmdb.org/t/p/w1280/h6NQoXBxD0uaIrpuk9FFV89vITT.jpg</fanart>
</item>
<item>
	<title>[B][COLOR=blue]Scrooged[/COLOR][/B]</title>
	<meta>
	<imdb>tt0096061</imdb>
	<content>movie</content>
	<title>Scrooged</title>
	<year>1988</year>
	</meta>
	<link>
	<sublink>https://www.youtube.com/watch?v=J11NIQJdO5Q&feature=youtu.be</sublink>
	<sublink>search</sublink>
	<sublink>searchsd</sublink>
	</link>
	<thumbnail>https://image.tmdb.org/t/p/w1280/9gUQPVt0QZYKUBrGGtknfrsRQ1c.jpg</thumbnail>
	<fanart>https://image.tmdb.org/t/p/w1280/6xezVJoUp0cZUBQeIDpW6lFuhcd.jpg</fanart>
</item>
<item>
	<title>[B][COLOR=blue]The Polar Express[/COLOR][/B]</title>
	<meta>
	<imdb>tt0338348</imdb>
	<content>movie</content>
	<title>The Polar Express</title>
	<year>2004</year>
	</meta>
	<link>
	<sublink>https://www.youtube.com/watch?v=F8_GUrqe5tc&feature=youtu.be</sublink>
	<sublink>search</sublink>
	<sublink>searchsd</sublink>
	</link>
	<thumbnail>https://image.tmdb.org/t/p/w1280/2NETsNUxcfBdKtq3W5YbT9O03Ak.jpg</thumbnail>
	<fanart>https://image.tmdb.org/t/p/w1280/AcXCaPRB037DZoZZ2cJzRSxrNBP.jpg</fanart>
</item>
<item>
	<title>[B][COLOR=blue]The Nightmare Before Christmas[/COLOR][/B]</title>
	<meta>
	<imdb>tt0107688</imdb>
	<content>movie</content>
	<title>The Nightmare Before Christmas</title>
	<year>1993</year>
	</meta>
	<link>
	<sublink>https://www.youtube.com/watch?v=8qrB9I3DM80&feature=youtu.be</sublink>
	<sublink>search</sublink>
	<sublink>searchsd</sublink>
	</link>
	<thumbnail>https://image.tmdb.org/t/p/w1280/6oxkO1VgKCq74fNILKAg6t2dVEt.jpg</thumbnail>
	<fanart>https://image.tmdb.org/t/p/w1280/16lk65YfrDFIr6evkWRjSeOOSws.jpg</fanart>
</item>
<item>
	<title>[B][COLOR=blue]National Lampoon s Winter Holiday[/COLOR][/B]</title>
	<meta>
	<imdb>tt0097958</imdb>
	<content>movie</content>
	<title>National Lampoon s Winter Holiday</title>
	<year>1989</year>
	</meta>
	<link>
	<sublink>https://www.youtube.com/watch?v=Orp0MoLkpSU&feature=youtu.be</sublink>
	<sublink>search</sublink>
	<sublink>searchsd</sublink>
	</link>
	<thumbnail>https://image.tmdb.org/t/p/w1280/uh2sQFjRXCwexWcBtV7OEnL1c5G.jpg</thumbnail>
	<fanart>https://image.tmdb.org/t/p/w1280/o5yflApN9GuOkmnv6O9l4z83U5F.jpg</fanart>
</item>
<item>
	<title>[B][COLOR=blue]Miracle on 34th Street[/COLOR][/B]</title>
	<meta>
	<imdb>tt0110527</imdb>
	<content>movie</content>
	<title>Miracle on 34th Street</title>
	<year>1994</year>
	</meta>
	<link>
	<sublink>https://www.youtube.com/watch?v=yiypbCFV7Ao&feature=youtu.be</sublink>
	<sublink>search</sublink>
	<sublink>searchsd</sublink>
	</link>
	<thumbnail>https://image.tmdb.org/t/p/w1280/iuI31j8DM4TOxJTZeumG0S4npPU.jpg</thumbnail>
	<fanart>https://image.tmdb.org/t/p/w1280/m7M8nvdSt13ZmvVUuYc3lN7nLVI.jpg</fanart>
</item>
<item>
	<title>[B][COLOR=blue]A Christmas Carol[/COLOR][/B]</title>
	<meta>
	<imdb>tt1067106</imdb>
	<content>movie</content>
	<title>A Christmas Carol</title>
	<year>2009</year>
	</meta>
	<link>
	<sublink>https://www.youtube.com/watch?v=VZ3lr3urgDU&feature=youtu.be</sublink>
	<sublink>search</sublink>
	<sublink>searchsd</sublink>
	</link>
	<thumbnail>https://image.tmdb.org/t/p/w1280/jeOCcjUAcSYleVwhsaKEPT4CYwF.jpg</thumbnail>
	<fanart>https://image.tmdb.org/t/p/w1280/GtwSStViUdhKGf0d7tCkR7alKV.jpg</fanart>
</item>
<item>
	<title>[B][COLOR=blue]Holiday Inn[/COLOR][/B]</title>
	<meta>
	<imdb>tt0034862</imdb>
	<content>movie</content>
	<title>Holiday Inn</title>
	<year>1942</year>
	</meta>
	<link>
	<sublink>https://www.youtube.com/watch?v=iMtSqdRoagw&feature=youtu.be</sublink>
	<sublink>search</sublink>
	<sublink>searchsd</sublink>
	</link>
	<thumbnail>https://image.tmdb.org/t/p/w1280/9Hxrm3wtxcjQ6QvOpXFH74ekpRs.jpg</thumbnail>
	<fanart>https://image.tmdb.org/t/p/w1280/sTz240WAjNFkuS8qNCf492BjoAJ.jpg</fanart>
</item>
<item>
	<title>[B][COLOR=blue]Home Alone[/COLOR][/B]</title>
	<meta>
	<imdb>tt0099785</imdb>
	<content>movie</content>
	<title>Home Alone</title>
	<year>1990</year>
	</meta>
	<link>
	<sublink>https://www.youtube.com/watch?v=0iNmVVlmmv8&feature=youtu.be</sublink>
	<sublink>search</sublink>
	<sublink>searchsd</sublink>
	</link>
	<thumbnail>https://image.tmdb.org/t/p/w1280/5Lo3sWuvbO4AnrAHYBgB5U1Opqd.jpg</thumbnail>
	<fanart>https://image.tmdb.org/t/p/w1280/bD5bJcjr14hnkWS11soQepslUmz.jpg</fanart>
</item>
<item>
	<title>[B][COLOR=blue]White Christmas[/COLOR][/B]</title>
	<meta>
	<imdb>tt0047673</imdb>
	<content>movie</content>
	<title>White Christmas</title>
	<year>1954</year>
	</meta>
	<link>
	<sublink>https://www.youtube.com/watch?v=3n3-UtakD3I&feature=youtu.be</sublink>
	<sublink>search</sublink>
	<sublink>searchsd</sublink>
	</link>
	<thumbnail>https://image.tmdb.org/t/p/w1280/A5kBQsHKbIptxJyELEpHQJROCRj.jpg</thumbnail>
	<fanart>https://image.tmdb.org/t/p/w1280/ppDnBvf0f7vCZHRLtDjazpYHdTF.jpg</fanart>
</item>
<item>
	<title>[B][COLOR=blue]The Santa Clause[/COLOR][/B]</title>
	<meta>
	<imdb>tt0111070</imdb>
	<content>movie</content>
	<title>The Santa Clause</title>
	<year>1994</year>
	</meta>
	<link>
	<sublink>https://www.youtube.com/watch?v=Bx8FX7etF_8&feature=youtu.be</sublink>
	<sublink>search</sublink>
	<sublink>searchsd</sublink>
	</link>
	<thumbnail>https://image.tmdb.org/t/p/w1280/hrZjAYAF1o37k4Qb442c4yxwVLw.jpg</thumbnail>
	<fanart>https://image.tmdb.org/t/p/w1280/rcQZmnhcb6P4mkgJAHnCYp3c1gp.jpg</fanart>
</item>
<item>
	<title>[B][COLOR=blue]It s a Wonderful Life[/COLOR][/B]</title>
	<meta>
	<imdb>tt0038650</imdb>
	<content>movie</content>
	<title>It s a Wonderful Life</title>
	<year>1946</year>
	</meta>
	<link>
	<sublink>https://www.youtube.com/watch?v=uhq9Ke8M25M&feature=youtu.be</sublink>
	<sublink>search</sublink>
	<sublink>searchsd</sublink>
	</link>
	<thumbnail>https://image.tmdb.org/t/p/w1280/rgj6QjdyCeDrO9KGt1kusGyhvb2.jpg</thumbnail>
	<fanart>https://image.tmdb.org/t/p/w1280/nMomMy1sD3SN2QsKop3zBXCJfDJ.jpg</fanart>
</item>
<item>
	<title>[B][COLOR=blue]A Christmas Story[/COLOR][/B]</title>
	<meta>
	<imdb>tt0085334</imdb>
	<content>movie</content>
	<title>A Christmas Story</title>
	<year>1983</year>
	</meta>
	<link>
	<sublink>https://www.youtube.com/watch?v=uvMLfSQrHKE&feature=youtu.be</sublink>
	<sublink>search</sublink>
	<sublink>searchsd</sublink>
	</link>
	<thumbnail>https://image.tmdb.org/t/p/w1280/u348XMdz7g2Eu54yntt1qshUixk.jpg</thumbnail>
	<fanart>https://image.tmdb.org/t/p/w1280/wok0YepwQfBAPsrttFq0W6HXT2g.jpg</fanart>
</item>
<item>
	<title>[B][COLOR=blue]Die Hard[/COLOR][/B]</title>
	<meta>
	<imdb>tt0095016</imdb>
	<content>movie</content>
	<title>Die Hard</title>
	<year>1988</year>
	</meta>
	<link>
	<sublink>https://www.youtube.com/watch?v=2TQ-pOvI6Xo&feature=youtu.be</sublink>
	<sublink>search</sublink>
	<sublink>searchsd</sublink>
	</link>
	<thumbnail>https://image.tmdb.org/t/p/w1280/mc7MubOLcIw3MDvnuQFrO9psfCa.jpg</thumbnail>
	<fanart>https://image.tmdb.org/t/p/w1280/eg049B1TJdWuKuyKowNmhZxNToc.jpg</fanart>
</item>
<item>
	<title>[B][COLOR=blue]Gremlins[/COLOR][/B]</title>
	<meta>
	<imdb>tt0087363</imdb>
	<content>movie</content>
	<title>Gremlins</title>
	<year>1984</year>
	</meta>
	<link>
	<sublink>https://www.youtube.com/watch?v=XBEVwaJEgaA&feature=youtu.be</sublink>
	<sublink>search</sublink>
	<sublink>searchsd</sublink>
	</link>
	<thumbnail>https://image.tmdb.org/t/p/w1280/5t16qsvUmksew50X0o6D5y0lrJM.jpg</thumbnail>
	<fanart>https://image.tmdb.org/t/p/w1280/xZ5SUO6YtIcSwRuKZhNLBfCJzpv.jpg</fanart>
</item>
<item>
	<title>[B][COLOR=blue]Planes, Trains & Automobiles[/COLOR][/B]</title>
	<meta>
	<imdb>tt0093748</imdb>
	<content>movie</content>
	<title>Planes, Trains & Automobiles</title>
	<year>1987</year>
	</meta>
	<link>
	<sublink>https://www.youtube.com/watch?v=VWGqGHMO294&feature=youtu.be</sublink>
	<sublink>search</sublink>
	<sublink>searchsd</sublink>
	</link>
	<thumbnail>https://image.tmdb.org/t/p/w1280/3RSucVsX96Ste8WDJfZP1hbNGqQ.jpg</thumbnail>
	<fanart>https://image.tmdb.org/t/p/w1280/w8wOF8n52L3npxj3cBYejoc2Zkj.jpg</fanart>
</item>
<item>
	<title>[B][COLOR=blue]Elf[/COLOR][/B]</title>
	<meta>
	<imdb>tt0319343</imdb>
	<content>movie</content>
	<title>Elf</title>
	<year>2003</year>
	</meta>
	<link>
	<sublink>https://www.youtube.com/watch?v=LMPyILBePfI&feature=youtu.be</sublink>
	<sublink>search</sublink>
	<sublink>searchsd</sublink>
	</link>
	<thumbnail>https://image.tmdb.org/t/p/w1280/9jChHqqcpe0zHNTqkNqWZkwkgil.jpg</thumbnail>
	<fanart>https://image.tmdb.org/t/p/w1280/jRzrQ7Thcjpetr0n8B6w980eZet.jpg</fanart>
</item>
<item>
	<title>[B][COLOR=blue]Bad Santa[/COLOR][/B]</title>
	<meta>
	<imdb>tt0307987</imdb>
	<content>movie</content>
	<title>Bad Santa</title>
	<year>2003</year>
	</meta>
	<link>
	<sublink>https://www.youtube.com/watch?v=xQvaoRScND4&feature=youtu.be</sublink>
	<sublink>search</sublink>
	<sublink>searchsd</sublink>
	</link>
	<thumbnail>https://image.tmdb.org/t/p/w1280/103KNOz11U4iojwW6F1rOKKZIDp.jpg</thumbnail>
	<fanart>https://image.tmdb.org/t/p/w1280/xZKE444VlbDzyJhLOybfunAmvFz.jpg</fanart>
</item>
<item>
	<title>[B][COLOR=blue]The Holiday[/COLOR][/B]</title>
	<meta>
	<imdb>tt0457939</imdb>
	<content>movie</content>
	<title>The Holiday</title>
	<year>2006</year>
	</meta>
	<link>
	<sublink>https://www.youtube.com/watch?v=G0p8Su3bdHc&feature=youtu.be</sublink>
	<sublink>search</sublink>
	<sublink>searchsd</sublink>
	</link>
	<thumbnail>https://image.tmdb.org/t/p/w1280/ixNtpuq8OVp4IckgzkSJIflFDkw.jpg</thumbnail>
	<fanart>https://image.tmdb.org/t/p/w1280/9TP7FGdo9ppnuXX3DbB9RtzYKkh.jpg</fanart>
</item>
<item>
	<title>[B][COLOR=blue]Trading Places[/COLOR][/B]</title>
	<meta>
	<imdb>tt0086465</imdb>
	<content>movie</content>
	<title>Trading Places</title>
	<year>1983</year>
	</meta>
	<link>
	<sublink>https://www.youtube.com/watch?v=vEaXAsbvHV4&feature=youtu.be</sublink>
	<sublink>search</sublink>
	<sublink>searchsd</sublink>
	</link>
	<thumbnail>https://image.tmdb.org/t/p/w1280/8mBuLCOcpWnmYtZc4aqtvDXslv6.jpg</thumbnail>
	<fanart>https://image.tmdb.org/t/p/w1280/yV7ty8IThfkQ5hzNwZH1krj86PR.jpg</fanart>
</item>
<item>
	<title>[B][COLOR=blue]The Railway Children[/COLOR][/B]</title>
	<meta>
	<imdb>tt0066279</imdb>
	<content>movie</content>
	<title>The Railway Children</title>
	<year>1970</year>
	</meta>
	<link>
	<sublink>https://www.youtube.com/watch?v=vEaXAsbvHV4&feature=youtu.be</sublink>
	<sublink>search</sublink>
	<sublink>searchsd</sublink>
	</link>
	<thumbnail>https://image.tmdb.org/t/p/w1280</thumbnail>
	<fanart>https://image.tmdb.org/t/p/w1280</fanart>
</item>
<item>
	<title>[B][COLOR=blue]Groundhog Day[/COLOR][/B]</title>
	<meta>
	<imdb>tt0107048</imdb>
	<content>movie</content>
	<title>Groundhog Day</title>
	<year>1993</year>
	</meta>
	<link>
	<sublink>https://www.youtube.com/watch?v=lTnl4J5y5rw&feature=youtu.be</sublink>
	<sublink>search</sublink>
	<sublink>searchsd</sublink>
	</link>
	<thumbnail>https://image.tmdb.org/t/p/w1280/vXjVd0Vu0MXRZnga7wEnHIIhO5B.jpg</thumbnail>
	<fanart>https://image.tmdb.org/t/p/w1280/8mX6FV59T2dSeln4Vc3KLM133aZ.jpg</fanart>
</item>
<item>
	<title>[B][COLOR=blue]White Christmas[/COLOR][/B]</title>
	<meta>
	<imdb>tt0047673</imdb>
	<content>movie</content>
	<title>White Christmas</title>
	<year>1954</year>
	</meta>
	<link>
	<sublink>https://www.youtube.com/watch?v=3n3-UtakD3I&feature=youtu.be</sublink>
	<sublink>search</sublink>
	<sublink>searchsd</sublink>
	</link>
	<thumbnail>https://image.tmdb.org/t/p/w1280/A5kBQsHKbIptxJyELEpHQJROCRj.jpg</thumbnail>
	<fanart>https://image.tmdb.org/t/p/w1280/ppDnBvf0f7vCZHRLtDjazpYHdTF.jpg</fanart>
</item>
