<xml>

<item>
    <title>[COLOR lightslategrey][B]------------------------------------------------------[/COLOR][/B]</title>
    <heading></heading>
</item>

<plugin>
	<title>[COLORorange][B]CHILL NATION SUMMER SIZZLER[/B][/COLOR]</title>
	<link>plugin://plugin.video.youtube/playlist/PL3WxO0HXyeYuw2yfJ0gPWBNA2jGcAFJqE/</link>
	<thumbnail>https://i.imgur.com/r3iihbO.png</thumbnail>
</plugin>

<plugin>
	<title>[COLORorange][B]SUMMER MIX 2019  COMPILATIONS[/B][/COLOR]</title>
	<link>plugin://plugin.video.youtube/playlist/PLFq2YEzLx0LnfXRkPH_YBJJtEHSU2V83j/</link>
	<thumbnail>https://i.imgur.com/ulVgfRn.jpg</thumbnail>
</plugin>

<plugin>
	<title>[COLORorange][B]REGGAE NATION[/B][/COLOR]</title>
	<link>plugin://plugin.video.youtube/playlist/PLFq2YEzLx0LlKd037NtwXqTyrQn644yYj/</link>
	<thumbnail>https://i.imgur.com/Z24FwUq.png</thumbnail>
</plugin>

<item>
    <title>[COLOR lightslategrey][B]------------------------------------------------------[/COLOR][/B]</title>
    <heading></heading>
</item>


<plugin>
	<title>[COLORindigo][B]WHATS HOT-VEVO TOP 50[/B][/COLOR]</title>
	<link>plugin://plugin.video.youtube/playlist/PL9tY0BWXOZFu8MzzbNVtUvHs0cQ_gZ03m/</link>
	<thumbnail>https://i.imgur.com/Z24FwUq.png</thumbnail>
</plugin>

<item>
    <title>[COLOR lightslategrey][B]------------------------------------------------------[/COLOR][/B]</title>
    <heading></heading>
</item>

<plugin>
	<title>[COLORspringgreen][B]New Urban Latin and Reggaeton[/B][/COLOR]</title>
	<link>plugin://plugin.video.youtube/playlist/PL9tY0BWXOZFvRr9wRh1o8oeIpkPUdAjV6/</link>
	<thumbnail>https://i.imgur.com/Jgo7UmS.png</thumbnail>
</plugin>

<item>
    <title>[COLOR lightslategrey][B]------------------------------------------------------[/COLOR][/B]</title>
    <heading></heading>
</item>

<plugin>
	<title>[COLORyellow][B]New R and B Vibes[/B][/COLOR]</title>
	<link>plugin://plugin.video.youtube/playlist/PL9tY0BWXOZFupYyrDriLYu3ba9oYMUJ65/</link>
	<thumbnail>https://i.imgur.com/kAJHwl8.png</thumbnail>
</plugin>

<item>
    <title>[COLOR lightslategrey][B]------------------------------------------------------[/COLOR][/B]</title>
    <heading></heading>
</item>

<plugin>
	<title>[COLORdeepskyblue][B]Dancehall Delights[/B][/COLOR]</title>
	<link>plugin://plugin.video.youtube/playlist/PL9tY0BWXOZFu9k1UqFdWffUtMyeNbwAYw/</link>
	<thumbnail>https://i.imgur.com/v4Tp2RB.png</thumbnail>
</plugin>

<item>
    <title>[COLOR lightslategrey][B]------------------------------------------------------[/COLOR][/B]</title>
    <heading></heading>
</item>

<plugin>
	<title>[COLORorange][B]Hottest new HIP-HOP[/B][/COLOR]</title>
	<link>plugin://plugin.video.youtube/playlist/PL9tY0BWXOZFv-V7FvZP-PWuE-1x2Deqqe/</link>
	<thumbnail>https://i.imgur.com/zjurV7P.png</thumbnail>
</plugin>

<item>
    <title>[COLOR lightslategrey][B]------------------------------------------------------[/COLOR][/B]</title>
    <heading></heading>
</item>

<plugin>
	<title>[COLORwhite][B]Indie Replays[/B][/COLOR]</title>
	<link>plugin://plugin.video.youtube/playlist/PL9tY0BWXOZFs5S8Hy6amKBeKuGq2CMxCv/</link>
	<thumbnail></thumbnail>
</plugin>

<item>
    <title>[COLOR lightslategrey][B]------------------------------------------------------[/COLOR][/B]</title>
    <heading></heading>
</item>

<plugin>
	<title>[COLORred][B]UK Top Tracks Playlist 2019[/B][/COLOR]</title>
	<link>plugin://plugin.video.youtube/playlist/PLkqz3S84Tw-Qqb_BtR4t130wWMt-vG_MT/</link>
	<thumbnail>https://i.imgur.com/PvFfp0j.png</thumbnail>
</plugin>

<item>
    <title>[COLOR lightslategrey][B]------------------------------------------------------[/COLOR][/B]</title>
    <heading></heading>
</item>

<plugin>
	<title>[COLORdeeppink][B]US Top Tracks Playlist 2019[/B][/COLOR]</title>
	<link>plugin://plugin.video.youtube/playlist/PLkqz3S84Tw-Sd0zaBgHuusuSVJZF0d2Ik/</link>
	<thumbnail>https://i.imgur.com/O8YTmmL.png</thumbnail>
</plugin>

<item>
    <title>[COLOR lightslategrey][B]------------------------------------------------------[/COLOR][/B]</title>
    <heading></heading>
</item>

<plugin>
	<title>[COLORmediumslateblue][B] Old School Hip-Hop Outta the 80s and 90s[/B][/COLOR]</title>
	<link>plugin://plugin.video.youtube/playlist/PLkqz3S84Tw-QikEysvE3mPoB6qqXCHGwu/</link>
	<thumbnail>https://i.imgur.com/qbF0Qnr.png</thumbnail>
</plugin>

<item>
    <title>[COLOR lightslategrey][B]------------------------------------------------------[/COLOR][/B]</title>
    <heading></heading>
</item>

<plugin>
	<title>[COLORburlywood][B]Top ROCK Hits[/B][/COLOR]</title>
	<link>plugin://plugin.video.youtube/playlist/PLkqz3S84Tw-TLUOQbX4pSg21x6pEGeMAz/</link>
	<thumbnail>https://i.imgur.com/DWaLw9D.png</thumbnail>
</plugin>

<item>
    <title>[COLOR lightslategrey][B]------------------------------------------------------[/COLOR][/B]</title>
    <heading></heading>
</item>

<plugin>
	<title>[COLORyellow][B]00s Rap Hits[/B][/COLOR]</title>
	<link>plugin://plugin.video.youtube/playlist/PLkqz3S84Tw-R_DiaZHsYkB_k3-tWcM7CZ/</link>
	<thumbnail>https://i.imgur.com/9KL9zcy.png</thumbnail>
</plugin>

<item>
    <title>[COLOR lightslategrey][B]------------------------------------------------------[/COLOR][/B]</title>
    <heading></heading>
</item>

<plugin>
	<title>[COLORmediumslateblue][B]Top Dance Playlist 2019[/B][/COLOR]</title>
	<link>plugin://plugin.video.youtube/playlist/PLkqz3S84Tw-SesEEVw6x9UgeROTG0dFqJ/</link>
	<thumbnail>https://i.imgur.com/ZBNUhRA.png</thumbnail>
</plugin>

</xml>