<item>
	<title>[B][COLOR=blue]A Charlie Brown Christmas[/COLOR][/B]</title>
	<meta>
	<imdb>tt0059026</imdb>
	<content>movie</content>
	<title>A Charlie Brown Christmas</title>
	<year>1965</year>
	</meta>
	<link>
	<sublink>https://www.youtube.com/watch?v=N8yy57gqR7s&feature=youtu.be</sublink>
	<sublink>search</sublink>
	<sublink>searchsd</sublink>
	</link>
	<thumbnail>https://image.tmdb.org/t/p/w1280/3Bn0tc1BsheZwUQtvl10wTgQ16J.jpg</thumbnail>
	<fanart>https://image.tmdb.org/t/p/w1280/rtPtwVTo4RqumivX2zspSk8GyCy.jpg</fanart>
</item>
<item>
	<title>[B][COLOR=blue]A Christmas Carol[/COLOR][/B]</title>
	<meta>
	<imdb>tt1067106</imdb>
	<content>movie</content>
	<title>A Christmas Carol</title>
	<year>2009</year>
	</meta>
	<link>
	<sublink>https://www.youtube.com/watch?v=VZ3lr3urgDU&feature=youtu.be</sublink>
	<sublink>search</sublink>
	<sublink>searchsd</sublink>
	</link>
	<thumbnail>https://image.tmdb.org/t/p/w1280/jeOCcjUAcSYleVwhsaKEPT4CYwF.jpg</thumbnail>
	<fanart>https://image.tmdb.org/t/p/w1280/GtwSStViUdhKGf0d7tCkR7alKV.jpg</fanart>
</item>
<item>
	<title>[B][COLOR=blue]A Christmas Story[/COLOR][/B]</title>
	<meta>
	<imdb>tt0085334</imdb>
	<content>movie</content>
	<title>A Christmas Story</title>
	<year>1983</year>
	</meta>
	<link>
	<sublink>https://www.youtube.com/watch?v=uvMLfSQrHKE&feature=youtu.be</sublink>
	<sublink>search</sublink>
	<sublink>searchsd</sublink>
	</link>
	<thumbnail>https://image.tmdb.org/t/p/w1280/u348XMdz7g2Eu54yntt1qshUixk.jpg</thumbnail>
	<fanart>https://image.tmdb.org/t/p/w1280/wok0YepwQfBAPsrttFq0W6HXT2g.jpg</fanart>
</item>
<item>
	<title>[B][COLOR=blue]Arthur Christmas[/COLOR][/B]</title>
	<meta>
	<imdb>tt1430607</imdb>
	<content>movie</content>
	<title>Arthur Christmas</title>
	<year>2011</year>
	</meta>
	<link>
	<sublink>https://www.youtube.com/watch?v=7tk-WZSqIGQ&feature=youtu.be</sublink>
	<sublink>search</sublink>
	<sublink>searchsd</sublink>
	</link>
	<thumbnail>https://image.tmdb.org/t/p/w1280/crjzhg2T1sPL9yE7bFHkYp0OfXG.jpg</thumbnail>
	<fanart>https://image.tmdb.org/t/p/w1280/kJwJfSQht3QwpWka8JBnQ18IyDT.jpg</fanart>
</item>
<item>
	<title>[B][COLOR=blue]Babes in Toyland[/COLOR][/B]</title>
	<meta>
	<imdb>tt0090683</imdb>
	<content>movie</content>
	<title>Babes in Toyland</title>
	<year>1987</year>
	</meta>
	<link>
	<sublink>https://www.youtube.com/watch?v=q6QxuPf1G1c&feature=youtu.be</sublink>
	<sublink>search</sublink>
	<sublink>searchsd</sublink>
	</link>
	<thumbnail>https://image.tmdb.org/t/p/w1280/mTg72oYoK18oV1uuuZGW2JI752x.jpg</thumbnail>
	<fanart>https://image.tmdb.org/t/p/w1280/ofzWSu3IVpv3woZxWBkDwfnByfQ.jpg</fanart>
</item>
<item>
	<title>[B][COLOR=blue]Bad Santa[/COLOR][/B]</title>
	<meta>
	<imdb>tt0307987</imdb>
	<content>movie</content>
	<title>Bad Santa</title>
	<year>2003</year>
	</meta>
	<link>
	<sublink>https://www.youtube.com/watch?v=xQvaoRScND4&feature=youtu.be</sublink>
	<sublink>search</sublink>
	<sublink>searchsd</sublink>
	</link>
	<thumbnail>https://image.tmdb.org/t/p/w1280/103KNOz11U4iojwW6F1rOKKZIDp.jpg</thumbnail>
	<fanart>https://image.tmdb.org/t/p/w1280/xZKE444VlbDzyJhLOybfunAmvFz.jpg</fanart>
</item>
<item>
	<title>[B][COLOR=blue]Black Christmas The Night Billy Came Home[/COLOR][/B]</title>
	<meta>
	<imdb>tt4942404</imdb>
	<content>movie</content>
	<title>Black Christmas The Night Billy Came Home</title>
	<year>1974</year>
	</meta>
	<link>
	<sublink>https://www.youtube.com/watch?v=ufCj6iUM_zY&feature=youtu.be</sublink>
	<sublink>search</sublink>
	<sublink>searchsd</sublink>
	</link>
	<thumbnail>https://image.tmdb.org/t/p/w1280/qqO98sdPgptFgCua3Z4uZDuPcmP.jpg</thumbnail>
	<fanart>https://image.tmdb.org/t/p/w1280/zfs9QuKkZL6ZCluGvjo5Pk49aMv.jpg</fanart>
</item>
<item>
	<title>[B][COLOR=blue]Black Christmas[/COLOR][/B]</title>
	<meta>
	<imdb>tt0071222</imdb>
	<content>movie</content>
	<title>Black Christmas</title>
	<year>1974</year>
	</meta>
	<link>
	<sublink>https://www.youtube.com/watch?v=ufCj6iUM_zY&feature=youtu.be</sublink>
	<sublink>search</sublink>
	<sublink>searchsd</sublink>
	</link>
	<thumbnail>https://image.tmdb.org/t/p/w1280/qqO98sdPgptFgCua3Z4uZDuPcmP.jpg</thumbnail>
	<fanart>https://image.tmdb.org/t/p/w1280/zfs9QuKkZL6ZCluGvjo5Pk49aMv.jpg</fanart>
</item>
<item>
	<title>[B][COLOR=blue]Christmas with the Coopers[/COLOR][/B]</title>
	<meta>
	<imdb>tt2279339</imdb>
	<content>movie</content>
	<title>Christmas with the Coopers</title>
	<year>2015</year>
	</meta>
	<link>
	<sublink>https://www.youtube.com/watch?v=9hilkIksdGA&feature=youtu.be</sublink>
	<sublink>search</sublink>
	<sublink>searchsd</sublink>
	</link>
	<thumbnail>https://image.tmdb.org/t/p/w1280/nL0rGAxqIT6rBBudFjN8wJDkrVM.jpg</thumbnail>
	<fanart>https://image.tmdb.org/t/p/w1280/E1dQIYaRhZJCnxQ2R2mGLPScsv.jpg</fanart>
</item>
<item>
	<title>[B][COLOR=blue]Christmas with the Kranks[/COLOR][/B]</title>
	<meta>
	<imdb>tt0388419</imdb>
	<content>movie</content>
	<title>Christmas with the Kranks</title>
	<year>2004</year>
	</meta>
	<link>
	<sublink>https://www.youtube.com/watch?v=jiPMySZo0Sc&feature=youtu.be</sublink>
	<sublink>search</sublink>
	<sublink>searchsd</sublink>
	</link>
	<thumbnail>https://image.tmdb.org/t/p/w1280/6sH8XfDDfTVT8AKZ0UNhnFTsyzJ.jpg</thumbnail>
	<fanart>https://image.tmdb.org/t/p/w1280/cuH95R2FJ2gxZBj8lEUElxShy15.jpg</fanart>
</item>
<item>
	<title>[B][COLOR=blue]Die Hard[/COLOR][/B]</title>
	<meta>
	<imdb>tt0095016</imdb>
	<content>movie</content>
	<title>Die Hard</title>
	<year>1988</year>
	</meta>
	<link>
	<sublink>https://www.youtube.com/watch?v=2TQ-pOvI6Xo&feature=youtu.be</sublink>
	<sublink>search</sublink>
	<sublink>searchsd</sublink>
	</link>
	<thumbnail>https://image.tmdb.org/t/p/w1280/mc7MubOLcIw3MDvnuQFrO9psfCa.jpg</thumbnail>
	<fanart>https://image.tmdb.org/t/p/w1280/eg049B1TJdWuKuyKowNmhZxNToc.jpg</fanart>
</item>
<item>
	<title>[B][COLOR=blue]Die Hard[/COLOR][/B]</title>
	<meta>
	<imdb>tt0095016</imdb>
	<content>movie</content>
	<title>Die Hard</title>
	<year>1988</year>
	</meta>
	<link>
	<sublink>https://www.youtube.com/watch?v=2TQ-pOvI6Xo&feature=youtu.be</sublink>
	<sublink>search</sublink>
	<sublink>searchsd</sublink>
	</link>
	<thumbnail>https://image.tmdb.org/t/p/w1280/mc7MubOLcIw3MDvnuQFrO9psfCa.jpg</thumbnail>
	<fanart>https://image.tmdb.org/t/p/w1280/eg049B1TJdWuKuyKowNmhZxNToc.jpg</fanart>
</item>
<item>
	<title>[B][COLOR=blue]Elf[/COLOR][/B]</title>
	<meta>
	<imdb>tt0319343</imdb>
	<content>movie</content>
	<title>Elf</title>
	<year>2003</year>
	</meta>
	<link>
	<sublink>https://www.youtube.com/watch?v=LMPyILBePfI&feature=youtu.be</sublink>
	<sublink>search</sublink>
	<sublink>searchsd</sublink>
	</link>
	<thumbnail>https://image.tmdb.org/t/p/w1280/9jChHqqcpe0zHNTqkNqWZkwkgil.jpg</thumbnail>
	<fanart>https://image.tmdb.org/t/p/w1280/jRzrQ7Thcjpetr0n8B6w980eZet.jpg</fanart>
</item>
<item>
	<title>[B][COLOR=blue]Four Christmases[/COLOR][/B]</title>
	<meta>
	<imdb>tt0369436</imdb>
	<content>movie</content>
	<title>Four Christmases</title>
	<year>2008</year>
	</meta>
	<link>
	<sublink>https://www.youtube.com/watch?v=P8nzbUR9dgI&feature=youtu.be</sublink>
	<sublink>search</sublink>
	<sublink>searchsd</sublink>
	</link>
	<thumbnail>https://image.tmdb.org/t/p/w1280/ybEq3gB5lxPwLRwpbZhAwRyziQx.jpg</thumbnail>
	<fanart>https://image.tmdb.org/t/p/w1280/cmJxsKrIwTr3b3sQaQFby2eVIAz.jpg</fanart>
</item>
<item>
	<title>[B][COLOR=blue]Fred Claus[/COLOR][/B]</title>
	<meta>
	<imdb>tt0486583</imdb>
	<content>movie</content>
	<title>Fred Claus</title>
	<year>2007</year>
	</meta>
	<link>
	<sublink>https://www.youtube.com/watch?v=dv9ce8cJVfg&feature=youtu.be</sublink>
	<sublink>search</sublink>
	<sublink>searchsd</sublink>
	</link>
	<thumbnail>https://image.tmdb.org/t/p/w1280/vFniWmciRi4tAjAYGp2wrK0P8dJ.jpg</thumbnail>
	<fanart>https://image.tmdb.org/t/p/w1280/vRqKw0PFHnYfV0pc5dC1ulNfe1e.jpg</fanart>
</item>
<item>
	<title>[B][COLOR=blue]Frosty the Snowman[/COLOR][/B]</title>
	<meta>
	<imdb>tt0064349</imdb>
	<content>movie</content>
	<title>Frosty the Snowman</title>
	<year>1969</year>
	</meta>
	<link>
	<sublink>https://www.youtube.com/watch?v=P8nzbUR9dgI&feature=youtu.be</sublink>
	<sublink>search</sublink>
	<sublink>searchsd</sublink>
	</link>
	<thumbnail>https://image.tmdb.org/t/p/w1280</thumbnail>
	<fanart>https://image.tmdb.org/t/p/w1280</fanart>
</item>
<item>
	<title>[B][COLOR=blue]Good Luck Charlie, It s Christmas![/COLOR][/B]</title>
	<meta>
	<imdb>tt1828976</imdb>
	<content>movie</content>
	<title>Good Luck Charlie, It s Christmas!</title>
	<year>2011</year>
	</meta>
	<link>
	<sublink>https://www.youtube.com/watch?v=XcIEsTubRJw&feature=youtu.be</sublink>
	<sublink>search</sublink>
	<sublink>searchsd</sublink>
	</link>
	<thumbnail>https://image.tmdb.org/t/p/w1280/p3Lo5mBJgKIXdaX91sfXeCI9BqY.jpg</thumbnail>
	<fanart>https://image.tmdb.org/t/p/w1280/1n9Bf7XpBP6FIRVQaNcSOMPExDw.jpg</fanart>
</item>
<item>
	<title>[B][COLOR=blue]Gremlins[/COLOR][/B]</title>
	<meta>
	<imdb>tt0087363</imdb>
	<content>movie</content>
	<title>Gremlins</title>
	<year>1984</year>
	</meta>
	<link>
	<sublink>https://www.youtube.com/watch?v=XBEVwaJEgaA&feature=youtu.be</sublink>
	<sublink>search</sublink>
	<sublink>searchsd</sublink>
	</link>
	<thumbnail>https://image.tmdb.org/t/p/w1280/5t16qsvUmksew50X0o6D5y0lrJM.jpg</thumbnail>
	<fanart>https://image.tmdb.org/t/p/w1280/xZ5SUO6YtIcSwRuKZhNLBfCJzpv.jpg</fanart>
</item>
<item>
	<title>[B][COLOR=blue]Happy Christmas[/COLOR][/B]</title>
	<meta>
	<imdb>tt2955096</imdb>
	<content>movie</content>
	<title>Happy Christmas</title>
	<year>2014</year>
	</meta>
	<link>
	<sublink>https://www.youtube.com/watch?v=lUXJj47eEVo&feature=youtu.be</sublink>
	<sublink>search</sublink>
	<sublink>searchsd</sublink>
	</link>
	<thumbnail>https://image.tmdb.org/t/p/w1280/20IpUbl1ZrxjW32KGqT00WtFiiQ.jpg</thumbnail>
	<fanart>https://image.tmdb.org/t/p/w1280/vuTZKZw8CGWTju4bwJN5Sh5GXc8.jpg</fanart>
</item>
<item>
	<title>[B][COLOR=blue]Holiday Affair[/COLOR][/B]</title>
	<meta>
	<imdb>tt0041473</imdb>
	<content>movie</content>
	<title>Holiday Affair</title>
	<year>1949</year>
	</meta>
	<link>
	<sublink>https://www.youtube.com/watch?v=KZDQWM8Hsx8&feature=youtu.be</sublink>
	<sublink>search</sublink>
	<sublink>searchsd</sublink>
	</link>
	<thumbnail>https://image.tmdb.org/t/p/w1280/yEGApfG1uC87HK1egCrY5fYZX7Q.jpg</thumbnail>
	<fanart>https://image.tmdb.org/t/p/w1280/fclI3aAXt5NAwLgXxszoXS4DbrF.jpg</fanart>
</item>
<item>
	<title>[B][COLOR=blue]Home Alone 2 Lost in New York[/COLOR][/B]</title>
	<meta>
	<imdb>tt0104431</imdb>
	<content>movie</content>
	<title>Home Alone 2 Lost in New York</title>
	<year>1992</year>
	</meta>
	<link>
	<sublink>https://www.youtube.com/watch?v=k0kJieJ1k6k&feature=youtu.be</sublink>
	<sublink>search</sublink>
	<sublink>searchsd</sublink>
	</link>
	<thumbnail>https://image.tmdb.org/t/p/w1280/ezGcLFTvwR64I3Z7RqHnXRFet4r.jpg</thumbnail>
	<fanart>https://image.tmdb.org/t/p/w1280/dS1EMlZK8Axj5wrgRpWGLOb85KN.jpg</fanart>
</item>
<item>
	<title>[B][COLOR=blue]Home Alone[/COLOR][/B]</title>
	<meta>
	<imdb>tt0099785</imdb>
	<content>movie</content>
	<title>Home Alone</title>
	<year>1990</year>
	</meta>
	<link>
	<sublink>https://www.youtube.com/watch?v=0iNmVVlmmv8&feature=youtu.be</sublink>
	<sublink>search</sublink>
	<sublink>searchsd</sublink>
	</link>
	<thumbnail>https://image.tmdb.org/t/p/w1280/5Lo3sWuvbO4AnrAHYBgB5U1Opqd.jpg</thumbnail>
	<fanart>https://image.tmdb.org/t/p/w1280/bD5bJcjr14hnkWS11soQepslUmz.jpg</fanart>
</item>
<item>
	<title>[B][COLOR=blue]How the Grinch Stole Christmas![/COLOR][/B]</title>
	<meta>
	<imdb>tt0060345</imdb>
	<content>movie</content>
	<title>How the Grinch Stole Christmas!</title>
	<year>1966</year>
	</meta>
	<link>
	<sublink>https://www.youtube.com/watch?v=XYRnwWmteac&feature=youtu.be</sublink>
	<sublink>search</sublink>
	<sublink>searchsd</sublink>
	</link>
	<thumbnail>https://image.tmdb.org/t/p/w1280/7ir0iRuPK9OEuH569cp0nF5CJce.jpg</thumbnail>
	<fanart>https://image.tmdb.org/t/p/w1280/cDRhoYxoR4QYDO0XW9qV6kmH85J.jpg</fanart>
</item>
<item>
	<title>[B][COLOR=blue]How the Grinch Stole Christmas[/COLOR][/B]</title>
	<meta>
	<imdb>tt0170016</imdb>
	<content>movie</content>
	<title>How the Grinch Stole Christmas</title>
	<year>2000</year>
	</meta>
	<link>
	<sublink>https://www.youtube.com/watch?v=myTaigPrbsg&feature=youtu.be</sublink>
	<sublink>search</sublink>
	<sublink>searchsd</sublink>
	</link>
	<thumbnail>https://image.tmdb.org/t/p/w1280/vQfgNHbcIWS2j3AAAzLOtPUGVmB.jpg</thumbnail>
	<fanart>https://image.tmdb.org/t/p/w1280/wWPJpoCGNq3cDYbFqPTWtvJSzqs.jpg</fanart>
</item>
<item>
	<title>[B][COLOR=blue]It Happened One Christmas[/COLOR][/B]</title>
	<meta>
	<imdb>tt0076213</imdb>
	<content>movie</content>
	<title>It Happened One Christmas</title>
	<year>1977</year>
	</meta>
	<link>
	<sublink>https://www.youtube.com/watch?v=yuFSCEPxv7Y&feature=youtu.be</sublink>
	<sublink>search</sublink>
	<sublink>searchsd</sublink>
	</link>
	<thumbnail>https://image.tmdb.org/t/p/w600_and_h900_bestv2/y9Z6OJjM6A4smsdOH0kHGV14Zle.jpg</thumbnail>
	<fanart>https://image.tmdb.org/t/p/w600_and_h900_bestv2/y9Z6OJjM6A4smsdOH0kHGV14Zle.jpg</fanart>
</item>
<item>
	<title>[B][COLOR=blue]It s a Wonderful Life[/COLOR][/B]</title>
	<meta>
	<imdb>tt0038650</imdb>
	<content>movie</content>
	<title>It s a Wonderful Life</title>
	<year>1946</year>
	</meta>
	<link>
	<sublink>https://www.youtube.com/watch?v=uhq9Ke8M25M&feature=youtu.be</sublink>
	<sublink>search</sublink>
	<sublink>searchsd</sublink>
	</link>
	<thumbnail>https://image.tmdb.org/t/p/w1280/rgj6QjdyCeDrO9KGt1kusGyhvb2.jpg</thumbnail>
	<fanart>https://image.tmdb.org/t/p/w1280/nMomMy1sD3SN2QsKop3zBXCJfDJ.jpg</fanart>
</item>
<item>
	<title>[B][COLOR=blue]Jingle All The Way[/COLOR][/B]</title>
	<meta>
	<imdb>tt0116705</imdb>
	<content>movie</content>
	<title>Jingle All The Way</title>
	<year>1996</year>
	</meta>
	<link>
	<sublink>https://www.youtube.com/watch?v=JuPc9QJcGJs&feature=youtu.be</sublink>
	<sublink>search</sublink>
	<sublink>searchsd</sublink>
	</link>
	<thumbnail>https://image.tmdb.org/t/p/w1280/aaVkNhUONnkSv5ijPjq7pEmmWyE.jpg</thumbnail>
	<fanart>https://image.tmdb.org/t/p/w1280/9SNO9BglZJgGTMOB5K4NVgecgX1.jpg</fanart>
</item>
<item>
	<title>[B][COLOR=blue]Krampus[/COLOR][/B]</title>
	<meta>
	<imdb>tt3850590</imdb>
	<content>movie</content>
	<title>Krampus</title>
	<year>2015</year>
	</meta>
	<link>
	<sublink>https://www.youtube.com/watch?v=9k-uig5obaA&feature=youtu.be</sublink>
	<sublink>search</sublink>
	<sublink>searchsd</sublink>
	</link>
	<thumbnail>https://image.tmdb.org/t/p/w1280/27SiV4EBHcTBMz4IKANjhX5iIoX.jpg</thumbnail>
	<fanart>https://image.tmdb.org/t/p/w1280/5GsJuYZuG1bkuSI8FeWol5nvR9S.jpg</fanart>
</item>
<item>
	<title>[B][COLOR=blue]Last Holiday[/COLOR][/B]</title>
	<meta>
	<imdb>tt0408985</imdb>
	<content>movie</content>
	<title>Last Holiday</title>
	<year>2006</year>
	</meta>
	<link>
	<sublink>https://www.youtube.com/watch?v=YJMQBqsiN3k&feature=youtu.be</sublink>
	<sublink>search</sublink>
	<sublink>searchsd</sublink>
	</link>
	<thumbnail>https://image.tmdb.org/t/p/w1280/lIRRbX2otcpSxlvt7N4Wvt3DbaQ.jpg</thumbnail>
	<fanart>https://image.tmdb.org/t/p/w1280/5JKxGBdqNnFUEbx9LNGBbaqYxMB.jpg</fanart>
</item>
<item>
	<title>[B][COLOR=blue]Love Actually[/COLOR][/B]</title>
	<meta>
	<imdb>tt0314331</imdb>
	<content>movie</content>
	<title>Love Actually</title>
	<year>2003</year>
	</meta>
	<link>
	<sublink>https://www.youtube.com/watch?v=H9Z3_ifFheQ&feature=youtu.be</sublink>
	<sublink>search</sublink>
	<sublink>searchsd</sublink>
	</link>
	<thumbnail>https://image.tmdb.org/t/p/w1280/kfX8Ctin3fSZbdnjh6CXSNZUOVP.jpg</thumbnail>
	<fanart>https://image.tmdb.org/t/p/w1280/nnfORNm5LclB9zxN3TqDKFTGOvT.jpg</fanart>
</item>
<item>
	<title>[B][COLOR=blue]Miracle on 34th Street[/COLOR][/B]</title>
	<meta>
	<imdb>tt0110527</imdb>
	<content>movie</content>
	<title>Miracle on 34th Street</title>
	<year>1994</year>
	</meta>
	<link>
	<sublink>https://www.youtube.com/watch?v=yiypbCFV7Ao&feature=youtu.be</sublink>
	<sublink>search</sublink>
	<sublink>searchsd</sublink>
	</link>
	<thumbnail>https://image.tmdb.org/t/p/w1280/iuI31j8DM4TOxJTZeumG0S4npPU.jpg</thumbnail>
	<fanart>https://image.tmdb.org/t/p/w1280/m7M8nvdSt13ZmvVUuYc3lN7nLVI.jpg</fanart>
</item>
<item>
	<title>[B][COLOR=blue]Miracle on 34th Street[/COLOR][/B]</title>
	<meta>
	<imdb>tt0039628</imdb>
	<content>movie</content>
	<title>Miracle on 34th Street</title>
	<year>1947</year>
	</meta>
	<link>
	<sublink>https://www.youtube.com/watch?v=kUwyGo6PQzY&feature=youtu.be</sublink>
	<sublink>search</sublink>
	<sublink>searchsd</sublink>
	</link>
	<thumbnail>https://image.tmdb.org/t/p/w1280/h8kkqroLwxvAHxWGIStEZaNd4wr.jpg</thumbnail>
	<fanart>https://image.tmdb.org/t/p/w1280/i90947b0zLbH1P4qjAxqiQdRfiZ.jpg</fanart>
</item>
<item>
	<title>[B][COLOR=blue]National Lampoon s Winter Holiday[/COLOR][/B]</title>
	<meta>
	<imdb>tt0097958</imdb>
	<content>movie</content>
	<title>National Lampoon s Winter Holiday</title>
	<year>1989</year>
	</meta>
	<link>
	<sublink>https://www.youtube.com/watch?v=Orp0MoLkpSU&feature=youtu.be</sublink>
	<sublink>search</sublink>
	<sublink>searchsd</sublink>
	</link>
	<thumbnail>https://image.tmdb.org/t/p/w1280/uh2sQFjRXCwexWcBtV7OEnL1c5G.jpg</thumbnail>
	<fanart>https://image.tmdb.org/t/p/w1280/o5yflApN9GuOkmnv6O9l4z83U5F.jpg</fanart>
</item>
<item>
	<title>[B][COLOR=blue]Noel[/COLOR][/B]</title>
	<meta>
	<imdb>tt0383534</imdb>
	<content>movie</content>
	<title>Noel</title>
	<year>2004</year>
	</meta>
	<link>
	<sublink>https://www.youtube.com/watch?v=bLjj5EwviQY&feature=youtu.be</sublink>
	<sublink>search</sublink>
	<sublink>searchsd</sublink>
	</link>
	<thumbnail>https://image.tmdb.org/t/p/w1280/5VF9qTyvfsKqvATm3sNSmZvj9ho.jpg</thumbnail>
	<fanart>https://image.tmdb.org/t/p/w1280/hQchuTIA3qmSCrsjhdH6jbjXCLj.jpg</fanart>
</item>
<item>
	<title>[B][COLOR=blue]November Christmas[/COLOR][/B]</title>
	<meta>
	<imdb>tt1708658</imdb>
	<content>movie</content>
	<title>November Christmas</title>
	<year>2010</year>
	</meta>
	<link>
	<sublink>https://www.youtube.com/watch?v=UuQ1ccdNKQw&feature=youtu.be</sublink>
	<sublink>search</sublink>
	<sublink>searchsd</sublink>
	</link>
	<thumbnail>https://image.tmdb.org/t/p/w600_and_h900_bestv2/5pyVraJsoQpSVFHSDYI3ners0qI.jpg</thumbnail>
	<fanart>https://image.tmdb.org/t/p/w600_and_h900_bestv2/5pyVraJsoQpSVFHSDYI3ners0qI.jpg</fanart>
</item>
<item>
	<title>[B][COLOR=blue]One Magic Christmas[/COLOR][/B]</title>
	<meta>
	<imdb>tt0089731</imdb>
	<content>movie</content>
	<title>One Magic Christmas</title>
	<year>1985</year>
	</meta>
	<link>
	<sublink>https://www.youtube.com/watch?v=CljuEI4U1W0&feature=youtu.be</sublink>
	<sublink>search</sublink>
	<sublink>searchsd</sublink>
	</link>
	<thumbnail>https://image.tmdb.org/t/p/w1280/icq0kvyDWNSnrGtU3dAminCGCpP.jpg</thumbnail>
	<fanart>https://image.tmdb.org/t/p/w1280/S325Ss99Y69FYR7vRyqvoPVD2B.jpg</fanart>
</item>
<item>
	<title>[B][COLOR=blue]Prancer[/COLOR][/B]</title>
	<meta>
	<imdb>tt0098115</imdb>
	<content>movie</content>
	<title>Prancer</title>
	<year>1989</year>
	</meta>
	<link>
	<sublink>https://www.youtube.com/watch?v=LsSM-cxp_ZQ&feature=youtu.be</sublink>
	<sublink>search</sublink>
	<sublink>searchsd</sublink>
	</link>
	<thumbnail>https://image.tmdb.org/t/p/w1280/6O6dER0X2lGIXREpdVkHGyuRWzI.jpg</thumbnail>
	<fanart>https://image.tmdb.org/t/p/w1280/44NCtACvtuUwuysdxuFWwvklWRN.jpg</fanart>
</item>
<item>
	<title>[B][COLOR=blue]Reindeer Games[/COLOR][/B]</title>
	<meta>
	<imdb>tt0184858</imdb>
	<content>movie</content>
	<title>Reindeer Games</title>
	<year>2000</year>
	</meta>
	<link>
	<sublink>https://www.youtube.com/watch?v=0856Uv4QmtI&feature=youtu.be</sublink>
	<sublink>search</sublink>
	<sublink>searchsd</sublink>
	</link>
	<thumbnail>https://image.tmdb.org/t/p/w1280/rK1P7za5gHvCqjrOVcsUTSlaSNq.jpg</thumbnail>
	<fanart>https://image.tmdb.org/t/p/w1280/eNibS7NTK5S8CgL8KRYNOjVawcs.jpg</fanart>
</item>
<item>
	<title>[B][COLOR=blue]Rudolph the Red Nosed Reindeer[/COLOR][/B]</title>
	<meta>
	<imdb>tt0058536</imdb>
	<content>movie</content>
	<title>Rudolph the Red Nosed Reindeer</title>
	<year>1964</year>
	</meta>
	<link>
	<sublink>https://www.youtube.com/watch?v=W6IAY9bSP7s&feature=youtu.be</sublink>
	<sublink>search</sublink>
	<sublink>searchsd</sublink>
	</link>
	<thumbnail>https://image.tmdb.org/t/p/w1280/r0vtyGOwTLZg4pgtbjlMGke7Qo1.jpg</thumbnail>
	<fanart>https://image.tmdb.org/t/p/w1280/zd3p7GKopxH4rIjGoDQ1ugalUtx.jpg</fanart>
</item>
<item>
	<title>[B][COLOR=blue]Scrooge[/COLOR][/B]</title>
	<meta>
	<imdb>tt0066344</imdb>
	<content>movie</content>
	<title>Scrooge</title>
	<year>1970</year>
	</meta>
	<link>
	<sublink>https://www.youtube.com/watch?v=PtEMqmiXsJI&feature=youtu.be</sublink>
	<sublink>search</sublink>
	<sublink>searchsd</sublink>
	</link>
	<thumbnail>https://image.tmdb.org/t/p/w1280/qRwmSxKgxMNxmT97VblSg5jcCnP.jpg</thumbnail>
	<fanart>https://image.tmdb.org/t/p/w1280/82zbp2rcHeUGl6oGvevIjAAvpfe.jpg</fanart>
</item>
<item>
	<title>[B][COLOR=blue]Scrooged[/COLOR][/B]</title>
	<meta>
	<imdb>tt0096061</imdb>
	<content>movie</content>
	<title>Scrooged</title>
	<year>1988</year>
	</meta>
	<link>
	<sublink>https://www.youtube.com/watch?v=J11NIQJdO5Q&feature=youtu.be</sublink>
	<sublink>search</sublink>
	<sublink>searchsd</sublink>
	</link>
	<thumbnail>https://image.tmdb.org/t/p/w1280/9gUQPVt0QZYKUBrGGtknfrsRQ1c.jpg</thumbnail>
	<fanart>https://image.tmdb.org/t/p/w1280/6xezVJoUp0cZUBQeIDpW6lFuhcd.jpg</fanart>
</item>
<item>
	<title>[B][COLOR=blue]Silver Bells[/COLOR][/B]</title>
	<meta>
	<imdb>tt2761966</imdb>
	<content>movie</content>
	<title>Silver Bells</title>
	<year>2013</year>
	</meta>
	<link>
	<sublink>https://www.youtube.com/watch?v=gxVeEHlr7oA&feature=youtu.be</sublink>
	<sublink>search</sublink>
	<sublink>searchsd</sublink>
	</link>
	<thumbnail>https://image.tmdb.org/t/p/w1280</thumbnail>
	<fanart>https://image.tmdb.org/t/p/w1280</fanart>
</item>
<item>
	<title>[B][COLOR=blue]Surviving Christmas[/COLOR][/B]</title>
	<meta>
	<imdb>tt0252028</imdb>
	<content>movie</content>
	<title>Surviving Christmas</title>
	<year>2004</year>
	</meta>
	<link>
	<sublink>https://www.youtube.com/watch?v=JUu_iG2IboI&feature=youtu.be</sublink>
	<sublink>search</sublink>
	<sublink>searchsd</sublink>
	</link>
	<thumbnail>https://image.tmdb.org/t/p/w1280/dR7bbxzIqW2lfIz5eZCsYQxF5Jc.jpg</thumbnail>
	<fanart>https://image.tmdb.org/t/p/w1280/tCj7ELtobUMyWqgnr4KrgfWVbha.jpg</fanart>
</item>
<item>
	<title>[B][COLOR=blue]The Family Man[/COLOR][/B]</title>
	<meta>
	<imdb>tt0218967</imdb>
	<content>movie</content>
	<title>The Family Man</title>
	<year>2000</year>
	</meta>
	<link>
	<sublink>https://www.youtube.com/watch?v=vy5pt3FT5Tk&feature=youtu.be</sublink>
	<sublink>search</sublink>
	<sublink>searchsd</sublink>
	</link>
	<thumbnail>https://image.tmdb.org/t/p/w1280/9iyQxVjLgFW0ztYKRxnEFtpVTSw.jpg</thumbnail>
	<fanart>https://image.tmdb.org/t/p/w1280/ysUwLsrJfRkkWGttH1fhpy8uuRf.jpg</fanart>
</item>
<item>
	<title>[B][COLOR=blue]The Family Stone[/COLOR][/B]</title>
	<meta>
	<imdb>tt0356680</imdb>
	<content>movie</content>
	<title>The Family Stone</title>
	<year>2005</year>
	</meta>
	<link>
	<sublink>https://www.youtube.com/watch?v=_wM0Zn3493o&feature=youtu.be</sublink>
	<sublink>search</sublink>
	<sublink>searchsd</sublink>
	</link>
	<thumbnail>https://image.tmdb.org/t/p/w1280/m9JjA1pPVMZKmJkShq6iTrItkUW.jpg</thumbnail>
	<fanart>https://image.tmdb.org/t/p/w1280/w1WeTpAeXBOPtcJZZjYVOz9mGbE.jpg</fanart>
</item>
<item>
	<title>[B][COLOR=blue]The Fitzgerald Family Christmas[/COLOR][/B]</title>
	<meta>
	<imdb>tt2331880</imdb>
	<content>movie</content>
	<title>The Fitzgerald Family Christmas</title>
	<year>2012</year>
	</meta>
	<link>
	<sublink>https://www.youtube.com/watch?v=gxVeEHlr7oA&feature=youtu.be</sublink>
	<sublink>search</sublink>
	<sublink>searchsd</sublink>
	</link>
	<thumbnail>https://image.tmdb.org/t/p/w1280/6YpOJNBkI2U8p0gigEgOXucHvaJ.jpg</thumbnail>
	<fanart>https://image.tmdb.org/t/p/w1280/beI4Qf2VeHphkFvizKGl1LR5tZw.jpg</fanart>
</item>
<item>
	<title>[B][COLOR=blue]The Holiday[/COLOR][/B]</title>
	<meta>
	<imdb>tt0457939</imdb>
	<content>movie</content>
	<title>The Holiday</title>
	<year>2006</year>
	</meta>
	<link>
	<sublink>https://www.youtube.com/watch?v=G0p8Su3bdHc&feature=youtu.be</sublink>
	<sublink>search</sublink>
	<sublink>searchsd</sublink>
	</link>
	<thumbnail>https://image.tmdb.org/t/p/w1280/ixNtpuq8OVp4IckgzkSJIflFDkw.jpg</thumbnail>
	<fanart>https://image.tmdb.org/t/p/w1280/9TP7FGdo9ppnuXX3DbB9RtzYKkh.jpg</fanart>
</item>
<item>
	<title>[B][COLOR=blue]The Mistle Tones[/COLOR][/B]</title>
	<meta>
	<imdb>tt2490352</imdb>
	<content>movie</content>
	<title>The Mistle Tones</title>
	<year>2012</year>
	</meta>
	<link>
	<sublink>https://www.youtube.com/watch?v=YJMQBqsiN3k&feature=youtu.be</sublink>
	<sublink>search</sublink>
	<sublink>searchsd</sublink>
	</link>
	<thumbnail>https://image.tmdb.org/t/p/w1280</thumbnail>
	<fanart>https://image.tmdb.org/t/p/w1280</fanart>
</item>
<item>
	<title>[B][COLOR=blue]The Nightmare Before Christmas[/COLOR][/B]</title>
	<meta>
	<imdb>tt0107688</imdb>
	<content>movie</content>
	<title>The Nightmare Before Christmas</title>
	<year>1993</year>
	</meta>
	<link>
	<sublink>https://www.youtube.com/watch?v=8qrB9I3DM80&feature=youtu.be</sublink>
	<sublink>search</sublink>
	<sublink>searchsd</sublink>
	</link>
	<thumbnail>https://image.tmdb.org/t/p/w1280/6oxkO1VgKCq74fNILKAg6t2dVEt.jpg</thumbnail>
	<fanart>https://image.tmdb.org/t/p/w1280/16lk65YfrDFIr6evkWRjSeOOSws.jpg</fanart>
</item>
<item>
	<title>[B][COLOR=blue]The Polar Express[/COLOR][/B]</title>
	<meta>
	<imdb>tt0338348</imdb>
	<content>movie</content>
	<title>The Polar Express</title>
	<year>2004</year>
	</meta>
	<link>
	<sublink>https://www.youtube.com/watch?v=F8_GUrqe5tc&feature=youtu.be</sublink>
	<sublink>search</sublink>
	<sublink>searchsd</sublink>
	</link>
	<thumbnail>https://image.tmdb.org/t/p/w1280/2NETsNUxcfBdKtq3W5YbT9O03Ak.jpg</thumbnail>
	<fanart>https://image.tmdb.org/t/p/w1280/AcXCaPRB037DZoZZ2cJzRSxrNBP.jpg</fanart>
</item>
<item>
	<title>[B][COLOR=blue]The Ref[/COLOR][/B]</title>
	<meta>
	<imdb>tt0110955</imdb>
	<content>movie</content>
	<title>The Ref</title>
	<year>1994</year>
	</meta>
	<link>
	<sublink>https://www.youtube.com/watch?v=_26ROmuSyTQ&feature=youtu.be</sublink>
	<sublink>search</sublink>
	<sublink>searchsd</sublink>
	</link>
	<thumbnail>https://image.tmdb.org/t/p/w1280/njp8Vyx77uCJsGIwnIfu4zfBwFR.jpg</thumbnail>
	<fanart>https://image.tmdb.org/t/p/w1280/jRFC2W21pWAwKUqbEmvG5mVbcle.jpg</fanart>
</item>
<item>
	<title>[B][COLOR=blue]The Santa Clause 2[/COLOR][/B]</title>
	<meta>
	<imdb>tt0304669</imdb>
	<content>movie</content>
	<title>The Santa Clause 2</title>
	<year>2002</year>
	</meta>
	<link>
	<sublink>https://www.youtube.com/watch?v=pWKY8M4yWjo&feature=youtu.be</sublink>
	<sublink>search</sublink>
	<sublink>searchsd</sublink>
	</link>
	<thumbnail>https://image.tmdb.org/t/p/w1280/i7tbiDPIaa4VsQh1wWmbkY4zTRX.jpg</thumbnail>
	<fanart>https://image.tmdb.org/t/p/w1280/tftsh2e2IDGW3601QYixa9fnHFm.jpg</fanart>
</item>
<item>
	<title>[B][COLOR=blue]The Santa Clause 3 The Escape Clause[/COLOR][/B]</title>
	<meta>
	<imdb>tt0452681</imdb>
	<content>movie</content>
	<title>The Santa Clause 3 The Escape Clause</title>
	<year>2006</year>
	</meta>
	<link>
	<sublink>https://www.youtube.com/watch?v=jpyBrTSUO5k&feature=youtu.be</sublink>
	<sublink>search</sublink>
	<sublink>searchsd</sublink>
	</link>
	<thumbnail>https://image.tmdb.org/t/p/w1280/kvKXyrc3cUGqXin2u76Ef8lApMI.jpg</thumbnail>
	<fanart>https://image.tmdb.org/t/p/w1280/6gf8mPXSBWHN4owzSSy5ivJsZGb.jpg</fanart>
</item>
<item>
	<title>[B][COLOR=blue]The Santa Clause[/COLOR][/B]</title>
	<meta>
	<imdb>tt0111070</imdb>
	<content>movie</content>
	<title>The Santa Clause</title>
	<year>1994</year>
	</meta>
	<link>
	<sublink>https://www.youtube.com/watch?v=Bx8FX7etF_8&feature=youtu.be</sublink>
	<sublink>search</sublink>
	<sublink>searchsd</sublink>
	</link>
	<thumbnail>https://image.tmdb.org/t/p/w1280/hrZjAYAF1o37k4Qb442c4yxwVLw.jpg</thumbnail>
	<fanart>https://image.tmdb.org/t/p/w1280/rcQZmnhcb6P4mkgJAHnCYp3c1gp.jpg</fanart>
</item>
<item>
	<title>[B][COLOR=blue]The Wizard of Oz[/COLOR][/B]</title>
	<meta>
	<imdb>tt0032138</imdb>
	<content>movie</content>
	<title>The Wizard of Oz</title>
	<year>1939</year>
	</meta>
	<link>
	<sublink>https://www.youtube.com/watch?v=Uqfj0Rq1QuI&feature=youtu.be</sublink>
	<sublink>search</sublink>
	<sublink>searchsd</sublink>
	</link>
	<thumbnail>https://image.tmdb.org/t/p/w1280/tKEHoKPZv3af0Pn3poaOLHOJ6NM.jpg</thumbnail>
	<fanart>https://image.tmdb.org/t/p/w1280/pU2hNUkFAiq6HC8vUhnpRVcvH4G.jpg</fanart>
</item>
<item>
	<title>[B][COLOR=blue]This Christmas[/COLOR][/B]</title>
	<meta>
	<imdb>tt0937375</imdb>
	<content>movie</content>
	<title>This Christmas</title>
	<year>2007</year>
	</meta>
	<link>
	<sublink>https://www.youtube.com/watch?v=0V0q_lhEa8Q&feature=youtu.be</sublink>
	<sublink>search</sublink>
	<sublink>searchsd</sublink>
	</link>
	<thumbnail>https://image.tmdb.org/t/p/w1280/aTxiyHD1A5vwfaKka1zNG1JD8EB.jpg</thumbnail>
	<fanart>https://image.tmdb.org/t/p/w1280/5yAQulOiU4KM0GkRzJy3MHuNXNa.jpg</fanart>
</item>
<item>
	<title>[B][COLOR=blue]Trapped in Paradise[/COLOR][/B]</title>
	<meta>
	<imdb>tt0111477</imdb>
	<content>movie</content>
	<title>Trapped in Paradise</title>
	<year>1994</year>
	</meta>
	<link>
	<sublink>https://www.youtube.com/watch?v=PGHRkervPL4&feature=youtu.be</sublink>
	<sublink>search</sublink>
	<sublink>searchsd</sublink>
	</link>
	<thumbnail>https://image.tmdb.org/t/p/w1280/pThrPg55GfBfUt3AxNjkhhayIko.jpg</thumbnail>
	<fanart>https://image.tmdb.org/t/p/w1280/rZtlHlRZtb4CFLeEaTeel1JZfUt.jpg</fanart>
</item>
<item>
	<title>[B][COLOR=blue]White Christmas[/COLOR][/B]</title>
	<meta>
	<imdb>tt0047673</imdb>
	<content>movie</content>
	<title>White Christmas</title>
	<year>1954</year>
	</meta>
	<link>
	<sublink>https://www.youtube.com/watch?v=3n3-UtakD3I&feature=youtu.be</sublink>
	<sublink>search</sublink>
	<sublink>searchsd</sublink>
	</link>
	<thumbnail>https://image.tmdb.org/t/p/w1280/A5kBQsHKbIptxJyELEpHQJROCRj.jpg</thumbnail>
	<fanart>https://image.tmdb.org/t/p/w1280/ppDnBvf0f7vCZHRLtDjazpYHdTF.jpg</fanart>
</item>
