<plugin>
	<title>[COLORred][B]FULL HD[/B][/COLOR][COLORwhite][B] XMAS[/B][/COLOR] [COLORred][B]FIRES[/B][/COLOR][COLORwhite][B] TO RELAX BY[/B][/COLOR]</title>
	<link>plugin://plugin.video.youtube/playlist/PL1KkyZtwADowXE_AclcCyZdyCsUJooKW8/</link>
	<thumbnail>https://i.imgur.com/u29YfeD.png</thumbnail>
	</plugin>
	
	<plugin>
	<title>[COLORred][B]FULL HD[/B][/COLOR][COLORwhite][B] XMAS[/B][/COLOR] [COLORred][B]FIRES[/B][/COLOR][COLORwhite][B] WITH MUSIC[/B][/COLOR]</title>
	<link>plugin://plugin.video.youtube/playlist/PLFq2YEzLx0Lm0rXQbvnMh4-vLybf0LFt1/</link>
	<thumbnail>https://i.imgur.com/u29YfeD.png</thumbnail>
	</plugin>