<item>
	<title>[B][COLOR=blue]A Charlie Brown Christmas[/COLOR][/B]</title>
	<meta>
	<imdb>tt0059026</imdb>
	<content>movie</content>
	<title>A Charlie Brown Christmas</title>
	<year>1965</year>
	</meta>
	<link>
	<sublink>https://www.youtube.com/watch?v=N8yy57gqR7s&feature=youtu.be</sublink>
	<sublink>search</sublink>
	<sublink>searchsd</sublink>
	</link>
	<thumbnail>https://image.tmdb.org/t/p/w1280/3Bn0tc1BsheZwUQtvl10wTgQ16J.jpg</thumbnail>
	<fanart>https://image.tmdb.org/t/p/w1280/rtPtwVTo4RqumivX2zspSk8GyCy.jpg</fanart>
</item>
<item>
	<title>[B][COLOR=blue]A Garfield Christmas Special[/COLOR][/B]</title>
	<meta>
	<imdb>tt0302596</imdb>
	<content>movie</content>
	<title>A Garfield Christmas Special</title>
	<year>1987</year>
	</meta>
	<link>
	<sublink>https://www.youtube.com/watch?v=N8yy57gqR7s&feature=youtu.be</sublink>
	<sublink>search</sublink>
	<sublink>searchsd</sublink>
	</link>
	<thumbnail>https://image.tmdb.org/t/p/w1280</thumbnail>
	<fanart>https://image.tmdb.org/t/p/w1280</fanart>
</item>
<item>
	<title>[B][COLOR=blue]A Snow White Christmas[/COLOR][/B]</title>
	<meta>
	<imdb>tt0241966</imdb>
	<content>movie</content>
	<title>A Snow White Christmas</title>
	<year>1980</year>
	</meta>
	<link>
	<sublink>https://www.youtube.com/watch?v=k2OiS7A8sWg&feature=youtu.be</sublink>
	<sublink>search</sublink>
	<sublink>searchsd</sublink>
	</link>
	<thumbnail>https://image.tmdb.org/t/p/w1280</thumbnail>
	<fanart>https://image.tmdb.org/t/p/w1280</fanart>
</item>
<item>
	<title>[B][COLOR=blue]Arthur s Perfect Christmas[/COLOR][/B]</title>
	<meta>
	<imdb>tt0268948</imdb>
	<content>movie</content>
	<title>Arthur s Perfect Christmas</title>
	<year>2000</year>
	</meta>
	<link>
	<sublink>https://www.youtube.com/watch?v=ZE9KpobX9J8&feature=youtu.be</sublink>
	<sublink>search</sublink>
	<sublink>searchsd</sublink>
	</link>
	<thumbnail>https://m.media-amazon.com/images/M/MV5BMTczMDg1MDcwOF5BMl5BanBnXkFtZTcwMDU4MzIyMQ@@._V1_.jpg</thumbnail>
	<fanart>https://m.media-amazon.com/images/M/MV5BMTczMDg1MDcwOF5BMl5BanBnXkFtZTcwMDU4MzIyMQ@@._V1_.jpg</fanart>
</item>
<item>
	<title>[B][COLOR=blue]Babar and Father Christmas[/COLOR][/B]</title>
	<meta>
	<imdb>tt0291029</imdb>
	<content>movie</content>
	<title>Babar and Father Christmas</title>
	<year>1986</year>
	</meta>
	<link>
	<sublink>https://www.youtube.com/watch?v=ZE9KpobX9J8&feature=youtu.be</sublink>
	<sublink>search</sublink>
	<sublink>searchsd</sublink>
	</link>
	<thumbnail>https://image.tmdb.org/t/p/w1280</thumbnail>
	<fanart>https://image.tmdb.org/t/p/w1280</fanart>
</item>
<item>
	<title>[B][COLOR=blue]Beauty and the Beast The Enchanted Christmas[/COLOR][/B]</title>
	<meta>
	<imdb>tt0118692</imdb>
	<content>movie</content>
	<title>Beauty and the Beast The Enchanted Christmas</title>
	<year>1997</year>
	</meta>
	<link>
	<sublink>https://www.youtube.com/watch?v=A2xh1BwSpL4&feature=youtu.be</sublink>
	<sublink>search</sublink>
	<sublink>searchsd</sublink>
	</link>
	<thumbnail>https://image.tmdb.org/t/p/w1280/aqt7gysA2A9dErYxsejYHRo8xPh.jpg</thumbnail>
	<fanart>https://image.tmdb.org/t/p/w1280/568YxRBjT8xkaomnuQaNLg5Bndn.jpg</fanart>
</item>
<item>
	<title>[B][COLOR=blue]Blinky Bill s White Christmas[/COLOR][/B]</title>
	<meta>
	<imdb>tt0956328</imdb>
	<content>movie</content>
	<title>Blinky Bill s White Christmas</title>
	<year>2005</year>
	</meta>
	<link>
	<sublink>https://www.youtube.com/watch?v=k2OiS7A8sWg&feature=youtu.be</sublink>
	<sublink>search</sublink>
	<sublink>searchsd</sublink>
	</link>
	<thumbnail>https://image.tmdb.org/t/p/w1280</thumbnail>
	<fanart>https://image.tmdb.org/t/p/w1280</fanart>
</item>
<item>
	<title>[B][COLOR=blue]Bugs Bunny s Looney Christmas Tales[/COLOR][/B]</title>
	<meta>
	<imdb>tt0154263</imdb>
	<content>movie</content>
	<title>Bugs Bunny s Looney Christmas Tales</title>
	<year>1979</year>
	</meta>
	<link>
	<sublink>https://www.youtube.com/watch?v=k2OiS7A8sWg&feature=youtu.be</sublink>
	<sublink>search</sublink>
	<sublink>searchsd</sublink>
	</link>
	<thumbnail>https://image.tmdb.org/t/p/w1280</thumbnail>
	<fanart>https://image.tmdb.org/t/p/w1280</fanart>
</item>
<item>
	<title>[B][COLOR=blue]Casper s First Christmas[/COLOR][/B]</title>
	<meta>
	<imdb>tt0390954</imdb>
	<content>movie</content>
	<title>Casper s First Christmas</title>
	<year>1979</year>
	</meta>
	<link>
	<sublink>https://www.youtube.com/watch?v=ZE9KpobX9J8&feature=youtu.be</sublink>
	<sublink>search</sublink>
	<sublink>searchsd</sublink>
	</link>
	<thumbnail>https://image.tmdb.org/t/p/w1280</thumbnail>
	<fanart>https://image.tmdb.org/t/p/w1280</fanart>
</item>
<item>
	<title>[B][COLOR=blue]Casper s Haunted Christmas[/COLOR][/B]</title>
	<meta>
	<imdb>tt0284946</imdb>
	<content>movie</content>
	<title>Casper s Haunted Christmas</title>
	<year>2000</year>
	</meta>
	<link>
	<sublink>https://www.youtube.com/watch?v=xHU8LOzoovI&feature=youtu.be</sublink>
	<sublink>search</sublink>
	<sublink>searchsd</sublink>
	</link>
	<thumbnail>https://image.tmdb.org/t/p/w1280/3BFR30kh0O3NKR1Sfea3HXCG6hw.jpg</thumbnail>
	<fanart>https://image.tmdb.org/t/p/w1280/l9PIBKLQGxBhnDPD191LLrhbQMz.jpg</fanart>
</item>
<item>
	<title>[B][COLOR=blue]Christmas Cracker[/COLOR][/B]</title>
	<meta>
	<imdb>tt0055849</imdb>
	<content>movie</content>
	<title>Christmas Cracker</title>
	<year>1963</year>
	</meta>
	<link>
	<sublink>https://www.youtube.com/watch?v=ZE9KpobX9J8&feature=youtu.be</sublink>
	<sublink>search</sublink>
	<sublink>searchsd</sublink>
	</link>
	<thumbnail>https://image.tmdb.org/t/p/w1280</thumbnail>
	<fanart>https://image.tmdb.org/t/p/w1280</fanart>
</item>
<item>
	<title>[B][COLOR=blue]Christmas in South Park[/COLOR][/B]</title>
	<meta>
	<imdb>tt0263206</imdb>
	<content>movie</content>
	<title>Christmas in South Park</title>
	<year>2000</year>
	</meta>
	<link>
	<sublink>https://www.youtube.com/watch?v=NgHVMW68AR8&feature=youtu.be</sublink>
	<sublink>search</sublink>
	<sublink>searchsd</sublink>
	</link>
	<thumbnail>https://image.tmdb.org/t/p/w1280</thumbnail>
	<fanart>https://image.tmdb.org/t/p/w1280</fanart>
</item>
<item>
	<title>[B][COLOR=blue]Dude, Where s My Ranch[/COLOR][/B]</title>
	<meta>
	<imdb>tt0701090</imdb>
	<content>movie</content>
	<title>Dude, Where s My Ranch</title>
	<year>2000</year>
	</meta>
	<link>
	<sublink>https://www.youtube.com/watch?v=xHU8LOzoovI&feature=youtu.be</sublink>
	<sublink>search</sublink>
	<sublink>searchsd</sublink>
	</link>
	<thumbnail>https://image.tmdb.org/t/p/w1280/3BFR30kh0O3NKR1Sfea3HXCG6hw.jpg</thumbnail>
	<fanart>https://image.tmdb.org/t/p/w1280/l9PIBKLQGxBhnDPD191LLrhbQMz.jpg</fanart>
</item>
<item>
	<title>[B][COLOR=blue]Emmet Otter s Jug Band Christmas[/COLOR][/B]</title>
	<meta>
	<imdb>tt0075988</imdb>
	<content>movie</content>
	<title>Emmet Otter s Jug Band Christmas</title>
	<year>1977</year>
	</meta>
	<link>
	<sublink>https://www.youtube.com/watch?v=ZE9KpobX9J8&feature=youtu.be</sublink>
	<sublink>search</sublink>
	<sublink>searchsd</sublink>
	</link>
	<thumbnail>https://image.tmdb.org/t/p/w1280</thumbnail>
	<fanart>https://image.tmdb.org/t/p/w1280</fanart>
</item>
<item>
	<title>[B][COLOR=blue]Eternal Moonshine of the Simpson Mind[/COLOR][/B]</title>
	<meta>
	<imdb>tt1147352</imdb>
	<content>movie</content>
	<title>Eternal Moonshine of the Simpson Mind</title>
	<year>2000</year>
	</meta>
	<link>
	<sublink>https://www.youtube.com/watch?v=xHU8LOzoovI&feature=youtu.be</sublink>
	<sublink>search</sublink>
	<sublink>searchsd</sublink>
	</link>
	<thumbnail>https://image.tmdb.org/t/p/w1280/3BFR30kh0O3NKR1Sfea3HXCG6hw.jpg</thumbnail>
	<fanart>https://image.tmdb.org/t/p/w1280/l9PIBKLQGxBhnDPD191LLrhbQMz.jpg</fanart>
</item>
<item>
	<title>[B][COLOR=blue]Fat Man and Little Boy[/COLOR][/B]</title>
	<meta>
	<imdb>tt0701096</imdb>
	<content>movie</content>
	<title>Fat Man and Little Boy</title>
	<year>2000</year>
	</meta>
	<link>
	<sublink>https://www.youtube.com/watch?v=xHU8LOzoovI&feature=youtu.be</sublink>
	<sublink>search</sublink>
	<sublink>searchsd</sublink>
	</link>
	<thumbnail>https://image.tmdb.org/t/p/w1280/3BFR30kh0O3NKR1Sfea3HXCG6hw.jpg</thumbnail>
	<fanart>https://image.tmdb.org/t/p/w1280/l9PIBKLQGxBhnDPD191LLrhbQMz.jpg</fanart>
</item>
<item>
	<title>[B][COLOR=blue]Father Christmas[/COLOR][/B]</title>
	<meta>
	<imdb>tt0180691</imdb>
	<content>movie</content>
	<title>Father Christmas</title>
	<year>1991</year>
	</meta>
	<link>
	<sublink>https://www.youtube.com/watch?v=NgHVMW68AR8&feature=youtu.be</sublink>
	<sublink>search</sublink>
	<sublink>searchsd</sublink>
	</link>
	<thumbnail>https://image.tmdb.org/t/p/w1280/iUQSwWRVcWqENEH0rlpBjPCUfO5.jpg</thumbnail>
	<fanart>https://image.tmdb.org/t/p/w1280/c6mBHw9f2kpFAinUbCNLqJLvprN.jpg</fanart>
</item>
<item>
	<title>[B][COLOR=blue]Felix the Cat Saves Christmas[/COLOR][/B]</title>
	<meta>
	<imdb>tt0439567</imdb>
	<content>movie</content>
	<title>Felix the Cat Saves Christmas</title>
	<year>2004</year>
	</meta>
	<link>
	<sublink>https://www.youtube.com/watch?v=yKOeF8v67OI&feature=youtu.be</sublink>
	<sublink>search</sublink>
	<sublink>searchsd</sublink>
	</link>
	<thumbnail>https://image.tmdb.org/t/p/w1280</thumbnail>
	<fanart>https://image.tmdb.org/t/p/w1280</fanart>
</item>
<item>
	<title>[B][COLOR=blue]Frosty s Winter Wonderland[/COLOR][/B]</title>
	<meta>
	<imdb>tt0134661</imdb>
	<content>movie</content>
	<title>Frosty s Winter Wonderland</title>
	<year>1976</year>
	</meta>
	<link>
	<sublink>https://www.youtube.com/watch?v=W6IAY9bSP7s&feature=youtu.be</sublink>
	<sublink>search</sublink>
	<sublink>searchsd</sublink>
	</link>
	<thumbnail>https://image.tmdb.org/t/p/w1280</thumbnail>
	<fanart>https://image.tmdb.org/t/p/w1280</fanart>
</item>
<item>
	<title>[B][COLOR=blue]Frosty the Snowman[/COLOR][/B]</title>
	<meta>
	<imdb>tt0064349</imdb>
	<content>movie</content>
	<title>Frosty the Snowman</title>
	<year>1969</year>
	</meta>
	<link>
	<sublink>https://www.youtube.com/watch?v=W6IAY9bSP7s&feature=youtu.be</sublink>
	<sublink>search</sublink>
	<sublink>searchsd</sublink>
	</link>
	<thumbnail>https://image.tmdb.org/t/p/w1280</thumbnail>
	<fanart>https://image.tmdb.org/t/p/w1280</fanart>
</item>
<item>
	<title>[B][COLOR=blue]Grift of the Magi[/COLOR][/B]</title>
	<meta>
	<imdb>tt0701101</imdb>
	<content>movie</content>
	<title>Grift of the Magi</title>
	<year>2000</year>
	</meta>
	<link>
	<sublink>https://www.youtube.com/watch?v=xHU8LOzoovI&feature=youtu.be</sublink>
	<sublink>search</sublink>
	<sublink>searchsd</sublink>
	</link>
	<thumbnail>https://image.tmdb.org/t/p/w1280/3BFR30kh0O3NKR1Sfea3HXCG6hw.jpg</thumbnail>
	<fanart>https://image.tmdb.org/t/p/w1280/l9PIBKLQGxBhnDPD191LLrhbQMz.jpg</fanart>
</item>
<item>
	<title>[B][COLOR=blue]Holidays of Future Passed[/COLOR][/B]</title>
	<meta>
	<imdb>tt2107521</imdb>
	<content>movie</content>
	<title>Holidays of Future Passed</title>
	<year>2000</year>
	</meta>
	<link>
	<sublink>https://www.youtube.com/watch?v=xHU8LOzoovI&feature=youtu.be</sublink>
	<sublink>search</sublink>
	<sublink>searchsd</sublink>
	</link>
	<thumbnail>https://image.tmdb.org/t/p/w1280/3BFR30kh0O3NKR1Sfea3HXCG6hw.jpg</thumbnail>
	<fanart>https://image.tmdb.org/t/p/w1280/l9PIBKLQGxBhnDPD191LLrhbQMz.jpg</fanart>
</item>
<item>
	<title>[B][COLOR=blue]Holidaze The Christmas That Almost Didn t Happen[/COLOR][/B]</title>
	<meta>
	<imdb>tt0849447</imdb>
	<content>movie</content>
	<title>Holidaze The Christmas That Almost Didn t Happen</title>
	<year>2006</year>
	</meta>
	<link>
	<sublink>https://www.youtube.com/watch?v=A2xh1BwSpL4&feature=youtu.be</sublink>
	<sublink>search</sublink>
	<sublink>searchsd</sublink>
	</link>
	<thumbnail>https://image.tmdb.org/t/p/w1280</thumbnail>
	<fanart>https://image.tmdb.org/t/p/w1280</fanart>
</item>
<item>
	<title>[B][COLOR=blue]Homer vs Dignity[/COLOR][/B]</title>
	<meta>
	<imdb>tt0763031</imdb>
	<content>movie</content>
	<title>Homer vs Dignity</title>
	<year>2000</year>
	</meta>
	<link>
	<sublink>https://www.youtube.com/watch?v=xHU8LOzoovI&feature=youtu.be</sublink>
	<sublink>search</sublink>
	<sublink>searchsd</sublink>
	</link>
	<thumbnail>https://image.tmdb.org/t/p/w1280/3BFR30kh0O3NKR1Sfea3HXCG6hw.jpg</thumbnail>
	<fanart>https://image.tmdb.org/t/p/w1280/l9PIBKLQGxBhnDPD191LLrhbQMz.jpg</fanart>
</item>
<item>
	<title>[B][COLOR=blue]How the Grinch Stole Christmas![/COLOR][/B]</title>
	<meta>
	<imdb>tt0060345</imdb>
	<content>movie</content>
	<title>How the Grinch Stole Christmas!</title>
	<year>1966</year>
	</meta>
	<link>
	<sublink>https://www.youtube.com/watch?v=XYRnwWmteac&feature=youtu.be</sublink>
	<sublink>search</sublink>
	<sublink>searchsd</sublink>
	</link>
	<thumbnail>https://image.tmdb.org/t/p/w1280/7ir0iRuPK9OEuH569cp0nF5CJce.jpg</thumbnail>
	<fanart>https://image.tmdb.org/t/p/w1280/cDRhoYxoR4QYDO0XW9qV6kmH85J.jpg</fanart>
</item>
<item>
	<title>[B][COLOR=blue]I Won t Be Home for Christmas[/COLOR][/B]</title>
	<meta>
	<imdb>tt4130168</imdb>
	<content>movie</content>
	<title>I Won t Be Home for Christmas</title>
	<year>2000</year>
	</meta>
	<link>
	<sublink>https://www.youtube.com/watch?v=xHU8LOzoovI&feature=youtu.be</sublink>
	<sublink>search</sublink>
	<sublink>searchsd</sublink>
	</link>
	<thumbnail>https://image.tmdb.org/t/p/w1280/3BFR30kh0O3NKR1Sfea3HXCG6hw.jpg</thumbnail>
	<fanart>https://image.tmdb.org/t/p/w1280/l9PIBKLQGxBhnDPD191LLrhbQMz.jpg</fanart>
</item>
<item>
	<title>[B][COLOR=blue]Jack Frost[/COLOR][/B]</title>
	<meta>
	<imdb>tt0079357</imdb>
	<content>movie</content>
	<title>Jack Frost</title>
	<year>1979</year>
	</meta>
	<link>
	<sublink>https://www.youtube.com/watch?v=UxQGoqjONnk&feature=youtu.be</sublink>
	<sublink>search</sublink>
	<sublink>searchsd</sublink>
	</link>
	<thumbnail>https://image.tmdb.org/t/p/w1280/22NGrOqvf7NdxGWzjoLhReOcMB1.jpg</thumbnail>
	<fanart>https://image.tmdb.org/t/p/w1280/5vOuSIqVRzczTUmyLzt9nJUm8cX.jpg</fanart>
</item>
<item>
	<title>[B][COLOR=blue]Kill Gil, Vol 1 & 2[/COLOR][/B]</title>
	<meta>
	<imdb>tt0893217</imdb>
	<content>movie</content>
	<title>Kill Gil, Vol 1 & 2</title>
	<year>2000</year>
	</meta>
	<link>
	<sublink>https://www.youtube.com/watch?v=xHU8LOzoovI&feature=youtu.be</sublink>
	<sublink>search</sublink>
	<sublink>searchsd</sublink>
	</link>
	<thumbnail>https://image.tmdb.org/t/p/w1280/3BFR30kh0O3NKR1Sfea3HXCG6hw.jpg</thumbnail>
	<fanart>https://image.tmdb.org/t/p/w1280/l9PIBKLQGxBhnDPD191LLrhbQMz.jpg</fanart>
</item>
<item>
	<title>[B][COLOR=blue]Life with Louie A Christmas Surprise for Mrs Stillman[/COLOR][/B]</title>
	<meta>
	<imdb>tt0304333</imdb>
	<content>movie</content>
	<title>Life with Louie A Christmas Surprise for Mrs Stillman</title>
	<year>1994</year>
	</meta>
	<link>
	<sublink>https://www.youtube.com/watch?v=_jSJF0lqv4I&feature=youtu.be</sublink>
	<sublink>search</sublink>
	<sublink>searchsd</sublink>
	</link>
	<thumbnail>https://m.media-amazon.com/images/M/MV5BNjFjNGMzMGQtN2QzYS00ZWEwLWJiMGYtNDNiMTRlYTdhMTU0XkEyXkFqcGdeQXVyNTc0NjY1ODk@._V1_.jpg</thumbnail>
	<fanart>https://m.media-amazon.com/images/M/MV5BNjFjNGMzMGQtN2QzYS00ZWEwLWJiMGYtNDNiMTRlYTdhMTU0XkEyXkFqcGdeQXVyNTc0NjY1ODk@._V1_.jpg</fanart>
</item>
<item>
	<title>[B][COLOR=blue]Little Big Mom[/COLOR][/B]</title>
	<meta>
	<imdb>tt0701166</imdb>
	<content>movie</content>
	<title>Little Big Mom</title>
	<year>2000</year>
	</meta>
	<link>
	<sublink>https://www.youtube.com/watch?v=xHU8LOzoovI&feature=youtu.be</sublink>
	<sublink>search</sublink>
	<sublink>searchsd</sublink>
	</link>
	<thumbnail>https://image.tmdb.org/t/p/w1280/3BFR30kh0O3NKR1Sfea3HXCG6hw.jpg</thumbnail>
	<fanart>https://image.tmdb.org/t/p/w1280/l9PIBKLQGxBhnDPD191LLrhbQMz.jpg</fanart>
</item>
<item>
	<title>[B][COLOR=blue]Marge Be Not Proud[/COLOR][/B]</title>
	<meta>
	<imdb>tt0701168</imdb>
	<content>movie</content>
	<title>Marge Be Not Proud</title>
	<year>2000</year>
	</meta>
	<link>
	<sublink>https://www.youtube.com/watch?v=xHU8LOzoovI&feature=youtu.be</sublink>
	<sublink>search</sublink>
	<sublink>searchsd</sublink>
	</link>
	<thumbnail>https://image.tmdb.org/t/p/w1280/3BFR30kh0O3NKR1Sfea3HXCG6hw.jpg</thumbnail>
	<fanart>https://image.tmdb.org/t/p/w1280/l9PIBKLQGxBhnDPD191LLrhbQMz.jpg</fanart>
</item>
<item>
	<title>[B][COLOR=blue]Marge in Chains[/COLOR][/B]</title>
	<meta>
	<imdb>tt0701171</imdb>
	<content>movie</content>
	<title>Marge in Chains</title>
	<year>2000</year>
	</meta>
	<link>
	<sublink>https://www.youtube.com/watch?v=xHU8LOzoovI&feature=youtu.be</sublink>
	<sublink>search</sublink>
	<sublink>searchsd</sublink>
	</link>
	<thumbnail>https://image.tmdb.org/t/p/w1280/3BFR30kh0O3NKR1Sfea3HXCG6hw.jpg</thumbnail>
	<fanart>https://image.tmdb.org/t/p/w1280/l9PIBKLQGxBhnDPD191LLrhbQMz.jpg</fanart>
</item>
<item>
	<title>[B][COLOR=blue]Mickey s Christmas Carol[/COLOR][/B]</title>
	<meta>
	<imdb>tt0085936</imdb>
	<content>movie</content>
	<title>Mickey s Christmas Carol</title>
	<year>1983</year>
	</meta>
	<link>
	<sublink>https://www.youtube.com/watch?v=eCO4D7KTRtE&feature=youtu.be</sublink>
	<sublink>search</sublink>
	<sublink>searchsd</sublink>
	</link>
	<thumbnail>https://image.tmdb.org/t/p/w1280/29iF1IiC3ZyJQ1kmTf4LD8p8oro.jpg</thumbnail>
	<fanart>https://image.tmdb.org/t/p/w1280/fDK3xeAcQfQ40ZUULgZshElkspa.jpg</fanart>
</item>
<item>
	<title>[B][COLOR=blue]Mickey s Good Deed[/COLOR][/B]</title>
	<meta>
	<imdb>tt0023215</imdb>
	<content>movie</content>
	<title>Mickey s Good Deed</title>
	<year>1932</year>
	</meta>
	<link>
	<sublink>https://www.youtube.com/watch?v=ANlOFyhZJSI&feature=youtu.be</sublink>
	<sublink>search</sublink>
	<sublink>searchsd</sublink>
	</link>
	<thumbnail>https://image.tmdb.org/t/p/w1280/kBbzuHIFZ6B2PBgnp2qjDuf1Sa0.jpg</thumbnail>
	<fanart>https://image.tmdb.org/t/p/w1280/qhRlQBrfrxfrdCeAVdXvAyRQJgS.jpg</fanart>
</item>
<item>
	<title>[B][COLOR=blue]Mickey s Magical Christmas Snowed in at the House of Mouse[/COLOR][/B]</title>
	<meta>
	<imdb>tt0300195</imdb>
	<content>movie</content>
	<title>Mickey s Magical Christmas Snowed in at the House of Mouse</title>
	<year>2001</year>
	</meta>
	<link>
	<sublink>https://www.youtube.com/watch?v=PAQF9iiCTHU&feature=youtu.be</sublink>
	<sublink>search</sublink>
	<sublink>searchsd</sublink>
	</link>
	<thumbnail>https://image.tmdb.org/t/p/w1280/3yIvYvNvarfvwc9YnC0ZbAHhfRK.jpg</thumbnail>
	<fanart>https://image.tmdb.org/t/p/w1280/zK2Z40YMpJXrdjtB87hLC4r07QS.jpg</fanart>
</item>
<item>
	<title>[B][COLOR=blue]Mickey s Once Upon a Christmas[/COLOR][/B]</title>
	<meta>
	<imdb>tt0238414</imdb>
	<content>movie</content>
	<title>Mickey s Once Upon a Christmas</title>
	<year>1999</year>
	</meta>
	<link>
	<sublink>https://www.youtube.com/watch?v=yKOeF8v67OI&feature=youtu.be</sublink>
	<sublink>search</sublink>
	<sublink>searchsd</sublink>
	</link>
	<thumbnail>https://image.tmdb.org/t/p/w1280/hPXSWiuYdJXHtcDS5wluYWgZldE.jpg</thumbnail>
	<fanart>https://image.tmdb.org/t/p/w1280/txLoYcQtKKyGmqik1HRyW2Uv6CY.jpg</fanart>
</item>
<item>
	<title>[B][COLOR=blue]Mole s Christmas[/COLOR][/B]</title>
	<meta>
	<imdb>tt0276338</imdb>
	<content>movie</content>
	<title>Mole s Christmas</title>
	<year>1994</year>
	</meta>
	<link>
	<sublink>https://www.youtube.com/watch?v=ZE9KpobX9J8&feature=youtu.be</sublink>
	<sublink>search</sublink>
	<sublink>searchsd</sublink>
	</link>
	<thumbnail>https://m.media-amazon.com/images/M/MV5BMTc2MzkxMjUyNl5BMl5BanBnXkFtZTcwNzU3MDQyMQ@@._V1_.jpg</thumbnail>
	<fanart>https://m.media-amazon.com/images/M/MV5BMTc2MzkxMjUyNl5BMl5BanBnXkFtZTcwNzU3MDQyMQ@@._V1_.jpg</fanart>
</item>
<item>
	<title>[B][COLOR=blue]Mr Plow[/COLOR][/B]</title>
	<meta>
	<imdb>tt0701184</imdb>
	<content>movie</content>
	<title>Mr Plow</title>
	<year>2000</year>
	</meta>
	<link>
	<sublink>https://www.youtube.com/watch?v=xHU8LOzoovI&feature=youtu.be</sublink>
	<sublink>search</sublink>
	<sublink>searchsd</sublink>
	</link>
	<thumbnail>https://image.tmdb.org/t/p/w1280/3BFR30kh0O3NKR1Sfea3HXCG6hw.jpg</thumbnail>
	<fanart>https://image.tmdb.org/t/p/w1280/l9PIBKLQGxBhnDPD191LLrhbQMz.jpg</fanart>
</item>
<item>
	<title>[B][COLOR=blue]Mr Willowby s Christmas Tree[/COLOR][/B]</title>
	<meta>
	<imdb>tt0124013</imdb>
	<content>movie</content>
	<title>Mr Willowby s Christmas Tree</title>
	<year>1995</year>
	</meta>
	<link>
	<sublink>https://www.youtube.com/watch?v=A2xh1BwSpL4&feature=youtu.be</sublink>
	<sublink>search</sublink>
	<sublink>searchsd</sublink>
	</link>
	<thumbnail>https://image.tmdb.org/t/p/w1280</thumbnail>
	<fanart>https://image.tmdb.org/t/p/w1280</fanart>
</item>
<item>
	<title>[B][COLOR=blue]Nestor, the Long Eared Christmas Donkey[/COLOR][/B]</title>
	<meta>
	<imdb>tt0076448</imdb>
	<content>movie</content>
	<title>Nestor, the Long Eared Christmas Donkey</title>
	<year>1977</year>
	</meta>
	<link>
	<sublink>https://www.youtube.com/watch?v=N8yy57gqR7s&feature=youtu.be</sublink>
	<sublink>search</sublink>
	<sublink>searchsd</sublink>
	</link>
	<thumbnail>https://image.tmdb.org/t/p/w1280</thumbnail>
	<fanart>https://image.tmdb.org/t/p/w1280</fanart>
</item>
<item>
	<title>[B][COLOR=blue]Niko lent xc3 xa4j xc3 xa4n poika[/COLOR][/B]</title>
	<meta>
	<imdb>tt0885415</imdb>
	<content>movie</content>
	<title>Niko lent xc3 xa4j xc3 xa4n poika</title>
	<year>2008</year>
	</meta>
	<link>
	<sublink>https://www.youtube.com/watch?v=NtZX7SOPDi4&feature=youtu.be</sublink>
	<sublink>search</sublink>
	<sublink>searchsd</sublink>
	</link>
	<thumbnail>https://image.tmdb.org/t/p/w1280/7r4Z2bDmjvTY4hHbhCQqqALS3hl.jpg</thumbnail>
	<fanart>https://image.tmdb.org/t/p/w1280/kEgr8FGXavizdpsZ4LwWpmkDy3L.jpg</fanart>
</item>
<item>
	<title>[B][COLOR=blue]Nine Dog Christmas[/COLOR][/B]</title>
	<meta>
	<imdb>tt0439734</imdb>
	<content>movie</content>
	<title>Nine Dog Christmas</title>
	<year>2004</year>
	</meta>
	<link>
	<sublink>https://www.youtube.com/watch?v=ZE9KpobX9J8&feature=youtu.be</sublink>
	<sublink>search</sublink>
	<sublink>searchsd</sublink>
	</link>
	<thumbnail>https://image.tmdb.org/t/p/w1280</thumbnail>
	<fanart>https://image.tmdb.org/t/p/w1280</fanart>
</item>
<item>
	<title>[B][COLOR=blue]Olive, the Other Reindeer[/COLOR][/B]</title>
	<meta>
	<imdb>tt0227173</imdb>
	<content>movie</content>
	<title>Olive, the Other Reindeer</title>
	<year>1999</year>
	</meta>
	<link>
	<sublink>https://www.youtube.com/watch?v=tLWp1NkuFTg&feature=youtu.be</sublink>
	<sublink>search</sublink>
	<sublink>searchsd</sublink>
	</link>
	<thumbnail>https://image.tmdb.org/t/p/w1280</thumbnail>
	<fanart>https://image.tmdb.org/t/p/w1280</fanart>
</item>
<item>
	<title>[B][COLOR=blue]Padal proshlogodniy sneg[/COLOR][/B]</title>
	<meta>
	<imdb>tt0219233</imdb>
	<content>movie</content>
	<title>Padal proshlogodniy sneg</title>
	<year>1983</year>
	</meta>
	<link>
	<sublink>https://www.youtube.com/watch?v=_jSJF0lqv4I&feature=youtu.be</sublink>
	<sublink>search</sublink>
	<sublink>searchsd</sublink>
	</link>
	<thumbnail>https://image.tmdb.org/t/p/w1280/hLpWsbZsk5EMmV5Pm2R3jlVpjQX.jpg</thumbnail>
	<fanart>https://image.tmdb.org/t/p/w1280/eM92YYV6MPHtGl2h4mcWnytZOvF.jpg</fanart>
</item>
<item>
	<title>[B][COLOR=blue]Pinocchio s Christmas[/COLOR][/B]</title>
	<meta>
	<imdb>tt0081340</imdb>
	<content>movie</content>
	<title>Pinocchio s Christmas</title>
	<year>1980</year>
	</meta>
	<link>
	<sublink>https://www.youtube.com/watch?v=k2OiS7A8sWg&feature=youtu.be</sublink>
	<sublink>search</sublink>
	<sublink>searchsd</sublink>
	</link>
	<thumbnail>https://image.tmdb.org/t/p/w1280</thumbnail>
	<fanart>https://image.tmdb.org/t/p/w1280</fanart>
</item>
<item>
	<title>[B][COLOR=blue]Rudolph the Red Nosed Reindeer & the Island of Misfit Toys[/COLOR][/B]</title>
	<meta>
	<imdb>tt0293913</imdb>
	<content>movie</content>
	<title>Rudolph the Red Nosed Reindeer & the Island of Misfit Toys</title>
	<year>2001</year>
	</meta>
	<link>
	<sublink>https://www.youtube.com/watch?v=yKOeF8v67OI&feature=youtu.be</sublink>
	<sublink>search</sublink>
	<sublink>searchsd</sublink>
	</link>
	<thumbnail>https://image.tmdb.org/t/p/w1280</thumbnail>
	<fanart>https://image.tmdb.org/t/p/w1280</fanart>
</item>
<item>
	<title>[B][COLOR=blue]Rudolph the Red Nosed Reindeer[/COLOR][/B]</title>
	<meta>
	<imdb>tt0058536</imdb>
	<content>movie</content>
	<title>Rudolph the Red Nosed Reindeer</title>
	<year>1964</year>
	</meta>
	<link>
	<sublink>https://www.youtube.com/watch?v=W6IAY9bSP7s&feature=youtu.be</sublink>
	<sublink>search</sublink>
	<sublink>searchsd</sublink>
	</link>
	<thumbnail>https://image.tmdb.org/t/p/w1280/r0vtyGOwTLZg4pgtbjlMGke7Qo1.jpg</thumbnail>
	<fanart>https://image.tmdb.org/t/p/w1280/zd3p7GKopxH4rIjGoDQ1ugalUtx.jpg</fanart>
</item>
<item>
	<title>[B][COLOR=blue]Santa s Workshop[/COLOR][/B]</title>
	<meta>
	<imdb>tt0023422</imdb>
	<content>movie</content>
	<title>Santa s Workshop</title>
	<year>1932</year>
	</meta>
	<link>
	<sublink>https://www.youtube.com/watch?v=xHU8LOzoovI&feature=youtu.be</sublink>
	<sublink>search</sublink>
	<sublink>searchsd</sublink>
	</link>
	<thumbnail>https://image.tmdb.org/t/p/w1280</thumbnail>
	<fanart>https://image.tmdb.org/t/p/w1280</fanart>
</item>
<item>
	<title>[B][COLOR=blue]Santabear s First Christmas[/COLOR][/B]</title>
	<meta>
	<imdb>tt0396200</imdb>
	<content>movie</content>
	<title>Santabear s First Christmas</title>
	<year>1986</year>
	</meta>
	<link>
	<sublink>https://www.youtube.com/watch?v=ZE9KpobX9J8&feature=youtu.be</sublink>
	<sublink>search</sublink>
	<sublink>searchsd</sublink>
	</link>
	<thumbnail>https://m.media-amazon.com/images/M/MV5BMTk4MjkyMTU1Nl5BMl5BanBnXkFtZTcwNTk0OTIyMQ@@._V1_.jpg</thumbnail>
	<fanart>https://m.media-amazon.com/images/M/MV5BMTk4MjkyMTU1Nl5BMl5BanBnXkFtZTcwNTk0OTIyMQ@@._V1_.jpg</fanart>
</item>
<item>
	<title>[B][COLOR=blue]She of Little Faith[/COLOR][/B]</title>
	<meta>
	<imdb>tt0701206</imdb>
	<content>movie</content>
	<title>She of Little Faith</title>
	<year>2000</year>
	</meta>
	<link>
	<sublink>https://www.youtube.com/watch?v=xHU8LOzoovI&feature=youtu.be</sublink>
	<sublink>search</sublink>
	<sublink>searchsd</sublink>
	</link>
	<thumbnail>https://image.tmdb.org/t/p/w1280/3BFR30kh0O3NKR1Sfea3HXCG6hw.jpg</thumbnail>
	<fanart>https://image.tmdb.org/t/p/w1280/l9PIBKLQGxBhnDPD191LLrhbQMz.jpg</fanart>
</item>
<item>
	<title>[B][COLOR=blue]Shrek the Halls[/COLOR][/B]</title>
	<meta>
	<imdb>tt0897387</imdb>
	<content>movie</content>
	<title>Shrek the Halls</title>
	<year>2007</year>
	</meta>
	<link>
	<sublink>https://www.youtube.com/watch?v=AJKvTHemJCA&feature=youtu.be</sublink>
	<sublink>search</sublink>
	<sublink>searchsd</sublink>
	</link>
	<thumbnail>https://image.tmdb.org/t/p/w1280/zq8UaoqVgpwOVOW1xfIYUekgyNl.jpg</thumbnail>
	<fanart>https://image.tmdb.org/t/p/w1280/deIB7BNbJT37GuFcDyUzPh8uqyO.jpg</fanart>
</item>
<item>
	<title>[B][COLOR=blue]Simpsons Christmas Stories[/COLOR][/B]</title>
	<meta>
	<imdb>tt0782576</imdb>
	<content>movie</content>
	<title>Simpsons Christmas Stories</title>
	<year>2000</year>
	</meta>
	<link>
	<sublink>https://www.youtube.com/watch?v=xHU8LOzoovI&feature=youtu.be</sublink>
	<sublink>search</sublink>
	<sublink>searchsd</sublink>
	</link>
	<thumbnail>https://image.tmdb.org/t/p/w1280/3BFR30kh0O3NKR1Sfea3HXCG6hw.jpg</thumbnail>
	<fanart>https://image.tmdb.org/t/p/w1280/l9PIBKLQGxBhnDPD191LLrhbQMz.jpg</fanart>
</item>
<item>
	<title>[B][COLOR=blue]Simpsons Roasting on an Open Fire[/COLOR][/B]</title>
	<meta>
	<imdb>tt0348034</imdb>
	<content>movie</content>
	<title>Simpsons Roasting on an Open Fire</title>
	<year>2000</year>
	</meta>
	<link>
	<sublink>https://www.youtube.com/watch?v=xHU8LOzoovI&feature=youtu.be</sublink>
	<sublink>search</sublink>
	<sublink>searchsd</sublink>
	</link>
	<thumbnail>https://image.tmdb.org/t/p/w1280/3BFR30kh0O3NKR1Sfea3HXCG6hw.jpg</thumbnail>
	<fanart>https://image.tmdb.org/t/p/w1280/l9PIBKLQGxBhnDPD191LLrhbQMz.jpg</fanart>
</item>
<item>
	<title>[B][COLOR=blue]Skinner s Sense of Snow[/COLOR][/B]</title>
	<meta>
	<imdb>tt0762498</imdb>
	<content>movie</content>
	<title>Skinner s Sense of Snow</title>
	<year>2000</year>
	</meta>
	<link>
	<sublink>https://www.youtube.com/watch?v=xHU8LOzoovI&feature=youtu.be</sublink>
	<sublink>search</sublink>
	<sublink>searchsd</sublink>
	</link>
	<thumbnail>https://image.tmdb.org/t/p/w1280/3BFR30kh0O3NKR1Sfea3HXCG6hw.jpg</thumbnail>
	<fanart>https://image.tmdb.org/t/p/w1280/l9PIBKLQGxBhnDPD191LLrhbQMz.jpg</fanart>
</item>
<item>
	<title>[B][COLOR=blue]Teletubbies Christmas in the Snow[/COLOR][/B]</title>
	<meta>
	<imdb>tt0262815</imdb>
	<content>movie</content>
	<title>Teletubbies Christmas in the Snow</title>
	<year>2000</year>
	</meta>
	<link>
	<sublink>https://www.youtube.com/watch?v=ZE9KpobX9J8&feature=youtu.be</sublink>
	<sublink>search</sublink>
	<sublink>searchsd</sublink>
	</link>
	<thumbnail>https://image.tmdb.org/t/p/w1280</thumbnail>
	<fanart>https://image.tmdb.org/t/p/w1280</fanart>
</item>
<item>
	<title>[B][COLOR=blue]The Burns and the Bees[/COLOR][/B]</title>
	<meta>
	<imdb>tt1291172</imdb>
	<content>movie</content>
	<title>The Burns and the Bees</title>
	<year>2000</year>
	</meta>
	<link>
	<sublink>https://www.youtube.com/watch?v=xHU8LOzoovI&feature=youtu.be</sublink>
	<sublink>search</sublink>
	<sublink>searchsd</sublink>
	</link>
	<thumbnail>https://image.tmdb.org/t/p/w1280/3BFR30kh0O3NKR1Sfea3HXCG6hw.jpg</thumbnail>
	<fanart>https://image.tmdb.org/t/p/w1280/l9PIBKLQGxBhnDPD191LLrhbQMz.jpg</fanart>
</item>
<item>
	<title>[B][COLOR=blue]The Christmas Elves[/COLOR][/B]</title>
	<meta>
	<imdb>tt1125861</imdb>
	<content>movie</content>
	<title>The Christmas Elves</title>
	<year>1995</year>
	</meta>
	<link>
	<sublink>https://www.youtube.com/watch?v=ZE9KpobX9J8&feature=youtu.be</sublink>
	<sublink>search</sublink>
	<sublink>searchsd</sublink>
	</link>
	<thumbnail>The Christmas Elves</thumbnail>
	<fanart>The Christmas Elves</fanart>
</item>
<item>
	<title>[B][COLOR=blue]The Fight Before Christmas[/COLOR][/B]</title>
	<meta>
	<imdb>tt1628667</imdb>
	<content>movie</content>
	<title>The Fight Before Christmas</title>
	<year>2000</year>
	</meta>
	<link>
	<sublink>https://www.youtube.com/watch?v=xHU8LOzoovI&feature=youtu.be</sublink>
	<sublink>search</sublink>
	<sublink>searchsd</sublink>
	</link>
	<thumbnail>https://image.tmdb.org/t/p/w1280/3BFR30kh0O3NKR1Sfea3HXCG6hw.jpg</thumbnail>
	<fanart>https://image.tmdb.org/t/p/w1280/l9PIBKLQGxBhnDPD191LLrhbQMz.jpg</fanart>
</item>
<item>
	<title>[B][COLOR=blue]The Leprechauns Christmas Gold[/COLOR][/B]</title>
	<meta>
	<imdb>tt0223634</imdb>
	<content>movie</content>
	<title>The Leprechauns Christmas Gold</title>
	<year>1981</year>
	</meta>
	<link>
	<sublink>https://www.youtube.com/watch?v=ZE9KpobX9J8&feature=youtu.be</sublink>
	<sublink>search</sublink>
	<sublink>searchsd</sublink>
	</link>
	<thumbnail>https://image.tmdb.org/t/p/w1280</thumbnail>
	<fanart>https://image.tmdb.org/t/p/w1280</fanart>
</item>
<item>
	<title>[B][COLOR=blue]The Muppet Christmas Carol[/COLOR][/B]</title>
	<meta>
	<imdb>tt0104940</imdb>
	<content>movie</content>
	<title>The Muppet Christmas Carol</title>
	<year>1992</year>
	</meta>
	<link>
	<sublink>https://www.youtube.com/watch?v=KAk5KQABLuE&feature=youtu.be</sublink>
	<sublink>search</sublink>
	<sublink>searchsd</sublink>
	</link>
	<thumbnail>https://image.tmdb.org/t/p/w1280/fe4nLJkDNXhyuMnrZ60MfoSpPes.jpg</thumbnail>
	<fanart>https://image.tmdb.org/t/p/w1280/h6NQoXBxD0uaIrpuk9FFV89vITT.jpg</fanart>
</item>
<item>
	<title>[B][COLOR=blue]The Nightmare Before Christmas[/COLOR][/B]</title>
	<meta>
	<imdb>tt0107688</imdb>
	<content>movie</content>
	<title>The Nightmare Before Christmas</title>
	<year>1993</year>
	</meta>
	<link>
	<sublink>https://www.youtube.com/watch?v=8qrB9I3DM80&feature=youtu.be</sublink>
	<sublink>search</sublink>
	<sublink>searchsd</sublink>
	</link>
	<thumbnail>https://image.tmdb.org/t/p/w1280/6oxkO1VgKCq74fNILKAg6t2dVEt.jpg</thumbnail>
	<fanart>https://image.tmdb.org/t/p/w1280/16lk65YfrDFIr6evkWRjSeOOSws.jpg</fanart>
</item>
<item>
	<title>[B][COLOR=blue]The Polar Express[/COLOR][/B]</title>
	<meta>
	<imdb>tt0338348</imdb>
	<content>movie</content>
	<title>The Polar Express</title>
	<year>2004</year>
	</meta>
	<link>
	<sublink>https://www.youtube.com/watch?v=F8_GUrqe5tc&feature=youtu.be</sublink>
	<sublink>search</sublink>
	<sublink>searchsd</sublink>
	</link>
	<thumbnail>https://image.tmdb.org/t/p/w1280/2NETsNUxcfBdKtq3W5YbT9O03Ak.jpg</thumbnail>
	<fanart>https://image.tmdb.org/t/p/w1280/AcXCaPRB037DZoZZ2cJzRSxrNBP.jpg</fanart>
</item>
<item>
	<title>[B][COLOR=blue]The Snowman and the Snowdog[/COLOR][/B]</title>
	<meta>
	<imdb>tt2560206</imdb>
	<content>movie</content>
	<title>The Snowman and the Snowdog</title>
	<year>2012</year>
	</meta>
	<link>
	<sublink>https://www.youtube.com/watch?v=23ZCF3Rx5AY&feature=youtu.be</sublink>
	<sublink>search</sublink>
	<sublink>searchsd</sublink>
	</link>
	<thumbnail>https://image.tmdb.org/t/p/w1280/o2CXFXWs4PhQFk3370oAXLA7Sg6.jpg</thumbnail>
	<fanart>https://image.tmdb.org/t/p/w1280/gl6WMQZIxC6N52lBDFAHJY4OOBE.jpg</fanart>
</item>
<item>
	<title>[B][COLOR=blue]The Snowman[/COLOR][/B]</title>
	<meta>
	<imdb>tt0084701</imdb>
	<content>movie</content>
	<title>The Snowman</title>
	<year>1982</year>
	</meta>
	<link>
	<sublink>https://www.youtube.com/watch?v=ZE9KpobX9J8&feature=youtu.be</sublink>
	<sublink>search</sublink>
	<sublink>searchsd</sublink>
	</link>
	<thumbnail>https://image.tmdb.org/t/p/w1280/b3CMolkeXrPaVvd5vTsssMKfZZo.jpg</thumbnail>
	<fanart>https://image.tmdb.org/t/p/w1280/jmPVdrcBof0EczFVLHTeYLdMTNp.jpg</fanart>
</item>
<item>
	<title>[B][COLOR=blue]The Teddy Bears Christmas[/COLOR][/B]</title>
	<meta>
	<imdb>tt0140605</imdb>
	<content>movie</content>
	<title>The Teddy Bears Christmas</title>
	<year>1992</year>
	</meta>
	<link>
	<sublink>https://www.youtube.com/watch?v=ZE9KpobX9J8&feature=youtu.be</sublink>
	<sublink>search</sublink>
	<sublink>searchsd</sublink>
	</link>
	<thumbnail>https://image.tmdb.org/t/p/w1280</thumbnail>
	<fanart>https://image.tmdb.org/t/p/w1280</fanart>
</item>
<item>
	<title>[B][COLOR=blue]Tis the Fifteenth Season[/COLOR][/B]</title>
	<meta>
	<imdb>tt0789632</imdb>
	<content>movie</content>
	<title>Tis the Fifteenth Season</title>
	<year>2000</year>
	</meta>
	<link>
	<sublink>https://www.youtube.com/watch?v=xHU8LOzoovI&feature=youtu.be</sublink>
	<sublink>search</sublink>
	<sublink>searchsd</sublink>
	</link>
	<thumbnail>https://image.tmdb.org/t/p/w1280/3BFR30kh0O3NKR1Sfea3HXCG6hw.jpg</thumbnail>
	<fanart>https://image.tmdb.org/t/p/w1280/l9PIBKLQGxBhnDPD191LLrhbQMz.jpg</fanart>
</item>
<item>
	<title>[B][COLOR=blue]Toot & Puddle I ll Be Home for Christmas[/COLOR][/B]</title>
	<meta>
	<imdb>tt1147654</imdb>
	<content>movie</content>
	<title>Toot & Puddle I ll Be Home for Christmas</title>
	<year>2006</year>
	</meta>
	<link>
	<sublink>https://www.youtube.com/watch?v=NtZX7SOPDi4&feature=youtu.be</sublink>
	<sublink>search</sublink>
	<sublink>searchsd</sublink>
	</link>
	<thumbnail>https://m.media-amazon.com/images/M/MV5BZDdmNmQwYWEtNjA0ZC00NmJjLWFmMTAtODBhNzVlZjg2YmY1XkEyXkFqcGdeQXVyMTkxODE4MTA@._V1_.jpg</thumbnail>
	<fanart>https://m.media-amazon.com/images/M/MV5BZDdmNmQwYWEtNjA0ZC00NmJjLWFmMTAtODBhNzVlZjg2YmY1XkEyXkFqcGdeQXVyMTkxODE4MTA@._V1_.jpg</fanart>
</item>
<item>
	<title>[B][COLOR=blue]Tukiki and His Search for a Merry Christmas[/COLOR][/B]</title>
	<meta>
	<imdb>tt0269988</imdb>
	<content>movie</content>
	<title>Tukiki and His Search for a Merry Christmas</title>
	<year>1979</year>
	</meta>
	<link>
	<sublink>https://www.youtube.com/watch?v=ZE9KpobX9J8&feature=youtu.be</sublink>
	<sublink>search</sublink>
	<sublink>searchsd</sublink>
	</link>
	<thumbnail>https://m.media-amazon.com/images/M/MV5BMDI5ZmQ3MTUtOTc5MS00YzUzLTljNmMtNjM4ZTRkMjg0MjIwL2ltYWdlL2ltYWdlXkEyXkFqcGdeQXVyNjg5MzE4NTA@._V1_.jpg</thumbnail>
	<fanart>https://m.media-amazon.com/images/M/MV5BMDI5ZmQ3MTUtOTc5MS00YzUzLTljNmMtNjM4ZTRkMjg0MjIwL2ltYWdlL2ltYWdlXkEyXkFqcGdeQXVyNjg5MzE4NTA@._V1_.jpg</fanart>
</item>
<item>
	<title>[B][COLOR=blue]Twas the Night Before Christmas[/COLOR][/B]</title>
	<meta>
	<imdb>tt0208654</imdb>
	<content>movie</content>
	<title>Twas the Night Before Christmas</title>
	<year>1974</year>
	</meta>
	<link>
	<sublink>https://www.youtube.com/watch?v=ZE9KpobX9J8&feature=youtu.be</sublink>
	<sublink>search</sublink>
	<sublink>searchsd</sublink>
	</link>
	<thumbnail>https://image.tmdb.org/t/p/w1280</thumbnail>
	<fanart>https://image.tmdb.org/t/p/w1280</fanart>
</item>
<item>
	<title>[B][COLOR=blue]Umka[/COLOR][/B]</title>
	<meta>
	<imdb>tt3336054</imdb>
	<content>movie</content>
	<title>Umka</title>
	<year>1969</year>
	</meta>
	<link>
	<sublink>https://www.youtube.com/watch?v=AJKvTHemJCA&feature=youtu.be</sublink>
	<sublink>search</sublink>
	<sublink>searchsd</sublink>
	</link>
	<thumbnail>https://m.media-amazon.com/images/M/MV5BNDM0NmEwNTAtZGQxZi00MGMxLTllNzktY2YzMjYxNGZlOTczXkEyXkFqcGdeQXVyNjMxODMyODU@._V1_.jpg</thumbnail>
	<fanart>https://m.media-amazon.com/images/M/MV5BNDM0NmEwNTAtZGQxZi00MGMxLTllNzktY2YzMjYxNGZlOTczXkEyXkFqcGdeQXVyNjMxODMyODU@._V1_.jpg</fanart>
</item>
<item>
	<title>[B][COLOR=blue]White Christmas Blues[/COLOR][/B]</title>
	<meta>
	<imdb>tt2930952</imdb>
	<content>movie</content>
	<title>White Christmas Blues</title>
	<year>2000</year>
	</meta>
	<link>
	<sublink>https://www.youtube.com/watch?v=xHU8LOzoovI&feature=youtu.be</sublink>
	<sublink>search</sublink>
	<sublink>searchsd</sublink>
	</link>
	<thumbnail>https://image.tmdb.org/t/p/w1280/3BFR30kh0O3NKR1Sfea3HXCG6hw.jpg</thumbnail>
	<fanart>https://image.tmdb.org/t/p/w1280/l9PIBKLQGxBhnDPD191LLrhbQMz.jpg</fanart>
</item>
<item>
	<title>[B][COLOR=blue]Winnie the Pooh & Christmas Too[/COLOR][/B]</title>
	<meta>
	<imdb>tt0220159</imdb>
	<content>movie</content>
	<title>Winnie the Pooh & Christmas Too</title>
	<year>1991</year>
	</meta>
	<link>
	<sublink>https://www.youtube.com/watch?v=tLWp1NkuFTg&feature=youtu.be</sublink>
	<sublink>search</sublink>
	<sublink>searchsd</sublink>
	</link>
	<thumbnail>https://image.tmdb.org/t/p/w1280</thumbnail>
	<fanart>https://image.tmdb.org/t/p/w1280</fanart>
</item>
<item>
	<title>[B][COLOR=blue]Winnie the Pooh A Very Merry Pooh Year[/COLOR][/B]</title>
	<meta>
	<imdb>tt0324572</imdb>
	<content>movie</content>
	<title>Winnie the Pooh A Very Merry Pooh Year</title>
	<year>2002</year>
	</meta>
	<link>
	<sublink>https://www.youtube.com/watch?v=k2OiS7A8sWg&feature=youtu.be</sublink>
	<sublink>search</sublink>
	<sublink>searchsd</sublink>
	</link>
	<thumbnail>https://image.tmdb.org/t/p/w1280/1Xfh2PPZsjEwFyLqp6bisrbdxZs.jpg</thumbnail>
	<fanart>https://image.tmdb.org/t/p/w1280/bow7Bvllz9xBLk8iCgGwK96tH9m.jpg</fanart>
</item>
<item>
	<title>[B][COLOR=blue]Winnie the Pooh Discovers the Seasons[/COLOR][/B]</title>
	<meta>
	<imdb>tt1234259</imdb>
	<content>movie</content>
	<title>Winnie the Pooh Discovers the Seasons</title>
	<year>1981</year>
	</meta>
	<link>
	<sublink>https://www.youtube.com/watch?v=tLWp1NkuFTg&feature=youtu.be</sublink>
	<sublink>search</sublink>
	<sublink>searchsd</sublink>
	</link>
	<thumbnail>https://image.tmdb.org/t/p/w1280</thumbnail>
	<fanart>https://image.tmdb.org/t/p/w1280</fanart>
</item>
<item>
	<title>[B][COLOR=blue]Winnie the Pooh Seasons of Giving[/COLOR][/B]</title>
	<meta>
	<imdb>tt0240219</imdb>
	<content>movie</content>
	<title>Winnie the Pooh Seasons of Giving</title>
	<year>1999</year>
	</meta>
	<link>
	<sublink>https://www.youtube.com/watch?v=tLWp1NkuFTg&feature=youtu.be</sublink>
	<sublink>search</sublink>
	<sublink>searchsd</sublink>
	</link>
	<thumbnail>https://image.tmdb.org/t/p/w1280</thumbnail>
	<fanart>https://image.tmdb.org/t/p/w1280</fanart>
</item>
<item>
	<title>[B][COLOR=blue]Zima v Prostokvashino[/COLOR][/B]</title>
	<meta>
	<imdb>tt1318414</imdb>
	<content>movie</content>
	<title>Zima v Prostokvashino</title>
	<year>1984</year>
	</meta>
	<link>
	<sublink>https://www.youtube.com/watch?v=XYRnwWmteac&feature=youtu.be</sublink>
	<sublink>search</sublink>
	<sublink>searchsd</sublink>
	</link>
	<thumbnail>https://image.tmdb.org/t/p/w1280</thumbnail>
	<fanart>https://image.tmdb.org/t/p/w1280</fanart>
</item>
