 <plugin>
	<title>[COLORred][B]FULL HD[/B][/COLOR][COLORwhite][B] XMAS[/B][/COLOR] [COLORred][B]FIRES[/B][/COLOR][COLORwhite][B] WITH MUSIC[/B][/COLOR]</title>
	<link>plugin://plugin.video.youtube/playlist/PL1KkyZtwADowXE_AclcCyZdyCsUJooKW8/</link>
	<thumbnail>https://i.imgur.com/u29YfeD.png</thumbnail>
	</plugin>

<item>
    <title>[COLOR pink][B]**--**[/COLOR][/B]</title>
    <heading></heading>
</item>


<plugin>
	<title>[COLORred][B]Christmas[/B][/COLOR][COLORwhite][B] Songs [/B][/COLOR] [COLORred][B]80s  [/B][/COLOR][COLORwhite][B]and 70s [/B][/COLOR]   </title>
	<link>plugin://plugin.video.youtube/playlist/PLbtGr9cJVhZIcn8ZphEZlho_IY91MdAqd/</link>
	<thumbnail>https://i.imgur.com/jEw8aLf.png</thumbnail>
</plugin>

<item>
    <title>[COLOR pink][B]**--**[/COLOR][/B]</title>
    <heading></heading>
</item>

<plugin>
	<title>[COLORred][B]Christmas[/B][/COLOR][COLORwhite][B] Best [/B][/COLOR] [COLORred][B]Christmas  [/B][/COLOR][COLORwhite][B]Songs [/B][/COLOR][COLORred][B]Of [/B][/COLOR][COLORwhite][B] The  [/B][/COLOR] [COLORred][B] Nineties [/B][/COLOR]
  </title>
	<link>plugin://plugin.video.youtube/playlist/PLs_BtJUr-PzSBTBUzD7MPZ26Wnh9gApW_/</link>
	<thumbnail>https://i.imgur.com/jEw8aLf.png</thumbnail>
</plugin>

<item>
    <title>[COLOR pink][B]**--**[/COLOR][/B]</title>
    <heading></heading>
</item>

<plugin>
	<title>[COLORred][B]R&B [/B][/COLOR][COLORwhite][B]CHRISTMAS [/B][/COLOR] [COLORred][B] SONGS[/B][/COLOR]</title>
	<link>plugin://plugin.video.youtube/playlist/PLF2r39Dp03yg92530eg0CoTBVr_nzX3yF/</link>
	<thumbnail>https://i.imgur.com/jEw8aLf.png</thumbnail>
</plugin>

<item>
    <title>[COLOR pink][B]**--**[/COLOR][/B]</title>
    <heading></heading>
</item>

<plugin>
	<title>[COLORred][B]Rock n [/B][/COLOR][COLORwhite][B]Roll [/B][/COLOR] [COLORred][B]Christmas [/B][/COLOR]  </title>
	<link>plugin://plugin.video.youtube/playlist/PLDT66i3UWBGcCgBjPStDU2qKOmOqXI-2M/</link>
	<thumbnail>https://i.imgur.com/jEw8aLf.png</thumbnail>
</plugin>

<item>
    <title>[COLOR pink][B]**--**[/COLOR][/B]</title>
    <heading></heading>
</item>

<plugin>
	<title>[COLORred][B]Ultimate[/B][/COLOR][COLORwhite][B]Christmas  [/B][/COLOR] [COLORred][B]Playlist  [/B][/COLOR][COLORwhite][B]- 100 Songs [/B][/COLOR]    </title>
	<link>plugin://plugin.video.youtube/playlist/PLWN1djuBEKCnEDqRgvMKKs8qnmiIOck2L/</link>
	<thumbnail>https://i.imgur.com/jEw8aLf.png</thumbnail>
</plugin>



