

 <plugin>
	<title>Learn Spanish</title>
	<link>plugin://plugin.video.youtube/playlist/PLFq2YEzLx0LnOZfhLuBb7fLQDAP9KsfHx/</link>
	<thumbnail>http://i65.tinypic.com/2r7wp08.jpg</thumbnail>
	</plugin>

<item>
    <title>[COLOR thistle][B]**---------------------**[/COLOR][/B]</title>
    <heading></heading>
</item>


<plugin>
	<title>Learn Italian</title>
	<link>plugin://plugin.video.youtube/playlist/PLFq2YEzLx0Lm_Y35AaKrvkz_Ss7yDxZwX/</link>
	<thumbnail>http://i65.tinypic.com/29xyfb9.jpg</thumbnail>
</plugin>

<item>
    <title>[COLOR thistle][B]**---------------------**[/COLOR][/B]</title>
    <heading></heading>
</item>

<plugin>
	<title>Learn French</title>
	<link>plugin://plugin.video.youtube/playlist/PLFq2YEzLx0LnrdBjlhDVEg4_07em27RX_/</link>
	<thumbnail>http://i68.tinypic.com/rwrw9e.jpg</thumbnail>
</plugin>

<item>
    <title>[COLOR thistle][B]**---------------------**[/COLOR][/B]</title>
    <heading></heading>
</item>

<plugin>
	<title>Learn Turkish</title>
	<link>plugin://plugin.video.youtube/playlist/PLFq2YEzLx0LlH2Ml75v23WT84oGHwNZEY/</link>
	<thumbnail>https://i.imgur.com/ideezft.jpg</thumbnail>
</plugin>

<item>
    <title>[COLOR thistle][B]**---------------------**[/COLOR][/B]</title>
    <heading></heading>
</item>

<plugin>
	<title>Learn Polish</title>
	<link>plugin://plugin.video.youtube/playlist/PLFq2YEzLx0LmLJ2mEJWi7D2rluTj22_wG/</link>
	<thumbnail>https://i.imgur.com/oUEoSTu.png</thumbnail>
</plugin>

<plugin>
	<title></title>
	<link>plugin://plugin.video.youtube/playlist//</link>
</plugin>






