<item>
    <title>[COLOR lime][B]You Are In Kingdom Kids  MUSIC[/COLOR][/B]</title>
    <heading></heading>
</item>

<plugin>
	<title>[B][COLOR ffffef00]• [COLORorange][B]Kids Dance Party[/B][/COLOR]</title>
	<link>plugin://plugin.video.youtube/playlist/PL_UCDs2ps_70UZpM2BTpCqIj3dYO3wqZw/</link>
	<thumbnail></thumbnail>
</plugin>
<plugin>
	<title>[B][COLOR ffffef00]• [COLORorange][B]Soundtracks[/B][/COLOR]</title>
	<link>plugin://plugin.video.youtube/playlist/PLuVZl03cIZ-i5JhcMZFRVXBBNkfS8U2Zo/</link>
	<thumbnail></thumbnail>
</plugin>
<plugin>
	<title>[B][COLOR ffffef00]• [COLORorange][B]The Kids Party Continuous Megamix[/B][/COLOR]</title>
	<link>plugin://plugin.video.youtube/playlist/PLFq2YEzLx0LnZpYUiM6cQ48kxj1c1MS4x/</link>
	<thumbnail>https://m.media-amazon.com/images/I/81IXzTmfLqL._SS500_PIPJStripe-Robin-Large-V2,TopLeft,0,0_.jpg</thumbnail>
</plugin>
<plugin>
	<title>[B][COLOR ffffef00]• [COLORorange][B]Cartoon Music[/B][/COLOR]</title>
	<link>plugin://plugin.video.youtube/playlist/PLC5ZgnSBVcSLI3rYKWv6BRkJt0Zr9FGqV/</link>
	<thumbnail></thumbnail>
</plugin>
<plugin>
	<title>[B][COLOR ffffef00]• [COLORorange][B]Playtime Music[/B][/COLOR]</title>
	<link>plugin://plugin.video.youtube/playlist/PLzvnG5xqjB97RFNH31qtLgOJpBKdiAlpa/</link>
	<thumbnail></thumbnail>
</plugin>
<plugin>
	<title>[B][COLOR ffffef00]• [COLORorange][B]Ultimate Disney Music[/B][/COLOR]</title>
	<link>plugin://plugin.video.youtube/playlist/PLOba6OKTJnLbDvwBBEwO1EaVsiICn8Svw/</link>
	<thumbnail></thumbnail>
</plugin>
<plugin>
	<title>[B][COLOR ffffef00]• [COLORorange][B]Disney Songs 2020 - Best Music for Kids[/B][/COLOR]</title>
	<link>plugin://plugin.video.youtube/playlist/PLxhnpe8pN3TkenzFLTlz2hUd6_BZu-5Zv/</link>
	<thumbnail></thumbnail>
</plugin>
<plugin>
	<title>[B][COLOR ffffef00]• [COLORorange][B]KIDS PARTY SONGS 2019[/B][/COLOR]</title>
	<link>plugin://plugin.video.youtube/playlist/PLgROmqMrpzxV36QfekzOqxfajT6Zqcw3t/</link>
	<thumbnail></thumbnail>
</plugin>
<plugin>
	<title>[B][COLOR ffffef00]• [COLORorange][B]Silly Songs For Kids[/B][/COLOR]</title>
	<link>plugin://plugin.video.youtube/playlist/PLQpyrMU5mb02KU4-Us4BQbTQAXyoBGmX-/</link>
	<thumbnail></thumbnail>
</plugin>
<plugin>
	<title>[B][COLOR ffffef00]• [COLORorange][B]Kid friendly Halloween Songs[/B][/COLOR]</title>
	<link>plugin://plugin.video.youtube/playlist/PLHbaQDyOBt5TmUF7rXY83ouAnLrLYuT84/</link>
	<thumbnail></thumbnail>
</plugin>
<plugin>
	<title>[B][COLOR ffffef00]• [COLORorange][B]Kids dance/exercise[/B][/COLOR]</title>
	<link>plugin://plugin.video.youtube/playlist/PLx6NI1J7QxpM6VMvaJCXhPg-AWSMhFvv8/</link>
	<thumbnail></thumbnail>
</plugin>
<plugin>
	<title>[B][COLOR ffffef00]• [COLORorange][B]REGGAE KIDS[/B][/COLOR]</title>
	<link>plugin://plugin.video.youtube/playlist/PLbhEorDdrvqqFa5T_-kuBTISWSiAsIlQr/</link>
	<thumbnail></thumbnail>
</plugin>
<plugin>
	<title>[B][COLOR ffffef00]• [COLORorange][B]Funtime Music for Little Ones[/B][/COLOR]</title>
	<link>plugin://plugin.video.youtube/playlist/PLcpk5TCg3vzcCX_i6Xp-KEXJwjb04lqga/</link>
	<thumbnail></thumbnail>
</plugin>
<plugin>
	<title>[B][COLOR ffffef00]• [COLORorange][B]Jack Hartmann Kids Music Channel[/B][/COLOR]</title>
	<link>plugin://plugin.video.youtube/user/JackHartmann/</link>
	<thumbnail></thumbnail>
</plugin>
<plugin>
	<title>[B][COLOR ffffef00]• [COLORorange][B]Kids TV - Nursery Rhymes And Baby Songs[/B][/COLOR]</title>
	<link>plugin://plugin.video.youtube/user/UC7Pq3Ko42YpkCB_Q4E981jw/</link>
	<thumbnail></thumbnail>
</plugin>
<plugin>
	<title>[B][COLOR ffffef00]• [COLORorange][B]Super Simple Songs - Kids Songs[/B][/COLOR]</title>
	<link>plugin://plugin.video.youtube/user/SuperSimpleSongs/</link>
	<thumbnail></thumbnail>
</plugin>
<plugin>
	<title>[B][COLOR ffffef00]• [COLORorange][B]Little Angel: Nursery Rhymes & Kids Songs[/B][/COLOR]</title>
	<link>plugin://plugin.video.youtube/Channel/UCNzsYU0aWwjERj-9Y9HUEng/</link>
	<thumbnail></thumbnail>
</plugin>
<plugin>
	<title>[B][COLOR ffffef00]• [COLORorange][B]Mother Goose Club Playhouse[/B][/COLOR]</title>
	<link>plugin://plugin.video.youtube/user/SockeyeMedia/</link>
	<thumbnail></thumbnail>
</plugin>
<plugin>
	<title>[B][COLOR ffffef00]• [COLORorange][B]Kids Pop Songs 2020[/B][/COLOR]</title>
	<link>plugin://plugin.video.youtube/playlist/PL3oW2tjiIxvS-4ZDcK0mqxvhxyXaA-qgg/</link>
	<thumbnail></thumbnail>
</plugin>

