   <dir>
    <title>[B][COLOR ff304ffe]• [COLORorange][B]Danny Phantom Series 1[/B][/COLOR]</title>
    <link>file://spook/dannyphantomser1.xml</link>
	<thumbnail></thumbnail>
	<summary></summary>
  </dir>
   <dir>
    <title>[B][COLOR ff304ffe]• [COLORorange][B]Danny Phantom Series 2[/B][/COLOR]</title>
    <link>file://spook/dannyphantomser2.xml</link>
	<thumbnail></thumbnail>
	<summary></summary>
  </dir>
   <dir>
    <title>[B][COLOR ff304ffe]• [COLORorange][B]Danny Phantom Series 3[/B][/COLOR]</title>
    <link>file://spook/dannyphantomser3.xml</link>
	<thumbnail></thumbnail>
	<summary></summary>
  </dir>