<item>
	<title>[B][COLOR=green]Mystery Meat[/COLOR][/B]</title>
	<meta>
	<imdb>tt0366005</imdb>
	<content>episode</content>
	<tvshowtitle>Danny Phantom</tvshowtitle>
	<year>2004</year>
	<season>1</season>
	<episode>1</episode>
	</meta>
	<link>
	<sublink>search</sublink>
	<sublink>searchsd</sublink>
	</link>
	<thumbnail>https://image.tmdb.org/t/p/w1280/qmjRP4bnndEIwzRIrQfMkkzfLdb.jpg</thumbnail>
	<fanart>https://image.tmdb.org/t/p/w1280/nmgwBWGwDWELX0ReOi8W1kdIiAo.jpg</fanart>
</item>
<item>
	<title>[B][COLOR=green]Parental Bonding[/COLOR][/B]</title>
	<meta>
	<imdb>tt0366005</imdb>
	<content>episode</content>
	<tvshowtitle>Danny Phantom</tvshowtitle>
	<year>2004</year>
	<season>1</season>
	<episode>2</episode>
	</meta>
	<link>
	<sublink>search</sublink>
	<sublink>searchsd</sublink>
	</link>
	<thumbnail>https://image.tmdb.org/t/p/w1280/kBNTbs7iyOwqPuyrGjPNlVlgcrg.jpg</thumbnail>
	<fanart>https://image.tmdb.org/t/p/w1280/nmgwBWGwDWELX0ReOi8W1kdIiAo.jpg</fanart>
</item>
<item>
	<title>[B][COLOR=green]One of a Kind[/COLOR][/B]</title>
	<meta>
	<imdb>tt0366005</imdb>
	<content>episode</content>
	<tvshowtitle>Danny Phantom</tvshowtitle>
	<year>2004</year>
	<season>1</season>
	<episode>3</episode>
	</meta>
	<link>
	<sublink>search</sublink>
	<sublink>searchsd</sublink>
	</link>
	<thumbnail>https://image.tmdb.org/t/p/w1280/snKUeYZoZBIzJT8kn0hyj5u4Qpr.jpg</thumbnail>
	<fanart>https://image.tmdb.org/t/p/w1280/nmgwBWGwDWELX0ReOi8W1kdIiAo.jpg</fanart>
</item>
<item>
	<title>[B][COLOR=green]Attack of the Killer Garage Sale[/COLOR][/B]</title>
	<meta>
	<imdb>tt0366005</imdb>
	<content>episode</content>
	<tvshowtitle>Danny Phantom</tvshowtitle>
	<year>2004</year>
	<season>1</season>
	<episode>4</episode>
	</meta>
	<link>
	<sublink>search</sublink>
	<sublink>searchsd</sublink>
	</link>
	<thumbnail>https://image.tmdb.org/t/p/w1280/1gAWOAPVmDyX3fQEHlWfaSvts5X.jpg</thumbnail>
	<fanart>https://image.tmdb.org/t/p/w1280/nmgwBWGwDWELX0ReOi8W1kdIiAo.jpg</fanart>
</item>
<item>
	<title>[B][COLOR=green]Splitting Images[/COLOR][/B]</title>
	<meta>
	<imdb>tt0366005</imdb>
	<content>episode</content>
	<tvshowtitle>Danny Phantom</tvshowtitle>
	<year>2004</year>
	<season>1</season>
	<episode>5</episode>
	</meta>
	<link>
	<sublink>search</sublink>
	<sublink>searchsd</sublink>
	</link>
	<thumbnail>https://image.tmdb.org/t/p/w1280/pjjWvf63yuWLy4eVzpmx7MNQ3FC.jpg</thumbnail>
	<fanart>https://image.tmdb.org/t/p/w1280/nmgwBWGwDWELX0ReOi8W1kdIiAo.jpg</fanart>
</item>
<item>
	<title>[B][COLOR=green]What You Want[/COLOR][/B]</title>
	<meta>
	<imdb>tt0366005</imdb>
	<content>episode</content>
	<tvshowtitle>Danny Phantom</tvshowtitle>
	<year>2004</year>
	<season>1</season>
	<episode>6</episode>
	</meta>
	<link>
	<sublink>search</sublink>
	<sublink>searchsd</sublink>
	</link>
	<thumbnail>https://image.tmdb.org/t/p/w1280/he5uIG3WwCEBlwUQLRxbW1WHLEw.jpg</thumbnail>
	<fanart>https://image.tmdb.org/t/p/w1280/nmgwBWGwDWELX0ReOi8W1kdIiAo.jpg</fanart>
</item>
<item>
	<title>[B][COLOR=green]Bitter Reunions[/COLOR][/B]</title>
	<meta>
	<imdb>tt0366005</imdb>
	<content>episode</content>
	<tvshowtitle>Danny Phantom</tvshowtitle>
	<year>2004</year>
	<season>1</season>
	<episode>7</episode>
	</meta>
	<link>
	<sublink>search</sublink>
	<sublink>searchsd</sublink>
	</link>
	<thumbnail>https://image.tmdb.org/t/p/w1280/cbXm5dO0RL74bkiLC1F4mHzSM9u.jpg</thumbnail>
	<fanart>https://image.tmdb.org/t/p/w1280/nmgwBWGwDWELX0ReOi8W1kdIiAo.jpg</fanart>
</item>
<item>
	<title>[B][COLOR=green]Prisoners of Love[/COLOR][/B]</title>
	<meta>
	<imdb>tt0366005</imdb>
	<content>episode</content>
	<tvshowtitle>Danny Phantom</tvshowtitle>
	<year>2004</year>
	<season>1</season>
	<episode>8</episode>
	</meta>
	<link>
	<sublink>search</sublink>
	<sublink>searchsd</sublink>
	</link>
	<thumbnail>https://image.tmdb.org/t/p/w1280/zMuA38LKhxVllfdc3sKSk0VYMMQ.jpg</thumbnail>
	<fanart>https://image.tmdb.org/t/p/w1280/nmgwBWGwDWELX0ReOi8W1kdIiAo.jpg</fanart>
</item>
<item>
	<title>[B][COLOR=green]My Brother's Keeper[/COLOR][/B]</title>
	<meta>
	<imdb>tt0366005</imdb>
	<content>episode</content>
	<tvshowtitle>Danny Phantom</tvshowtitle>
	<year>2004</year>
	<season>1</season>
	<episode>9</episode>
	</meta>
	<link>
	<sublink>search</sublink>
	<sublink>searchsd</sublink>
	</link>
	<thumbnail>https://image.tmdb.org/t/p/w1280/cvavBXhAKuSAEoag7Kz2kucowkb.jpg</thumbnail>
	<fanart>https://image.tmdb.org/t/p/w1280/nmgwBWGwDWELX0ReOi8W1kdIiAo.jpg</fanart>
</item>
<item>
	<title>[B][COLOR=green]Shades of Gray[/COLOR][/B]</title>
	<meta>
	<imdb>tt0366005</imdb>
	<content>episode</content>
	<tvshowtitle>Danny Phantom</tvshowtitle>
	<year>2004</year>
	<season>1</season>
	<episode>10</episode>
	</meta>
	<link>
	<sublink>search</sublink>
	<sublink>searchsd</sublink>
	</link>
	<thumbnail>https://image.tmdb.org/t/p/w1280/1KxbjXseWYjTfPMgVN5Fc3ENX1f.jpg</thumbnail>
	<fanart>https://image.tmdb.org/t/p/w1280/nmgwBWGwDWELX0ReOi8W1kdIiAo.jpg</fanart>
</item>
<item>
	<title>[B][COLOR=green]Fanning the Flames[/COLOR][/B]</title>
	<meta>
	<imdb>tt0366005</imdb>
	<content>episode</content>
	<tvshowtitle>Danny Phantom</tvshowtitle>
	<year>2004</year>
	<season>1</season>
	<episode>11</episode>
	</meta>
	<link>
	<sublink>search</sublink>
	<sublink>searchsd</sublink>
	</link>
	<thumbnail>https://image.tmdb.org/t/p/w1280/fmiSJgUpxpxjbDnZFUlza0ckDgg.jpg</thumbnail>
	<fanart>https://image.tmdb.org/t/p/w1280/nmgwBWGwDWELX0ReOi8W1kdIiAo.jpg</fanart>
</item>
<item>
	<title>[B][COLOR=green]Teacher of the Year[/COLOR][/B]</title>
	<meta>
	<imdb>tt0366005</imdb>
	<content>episode</content>
	<tvshowtitle>Danny Phantom</tvshowtitle>
	<year>2004</year>
	<season>1</season>
	<episode>12</episode>
	</meta>
	<link>
	<sublink>search</sublink>
	<sublink>searchsd</sublink>
	</link>
	<thumbnail>https://image.tmdb.org/t/p/w1280/nYQh42taavMpoL2Qemi9xlopE7X.jpg</thumbnail>
	<fanart>https://image.tmdb.org/t/p/w1280/nmgwBWGwDWELX0ReOi8W1kdIiAo.jpg</fanart>
</item>
<item>
	<title>[B][COLOR=green]13[/COLOR][/B]</title>
	<meta>
	<imdb>tt0366005</imdb>
	<content>episode</content>
	<tvshowtitle>Danny Phantom</tvshowtitle>
	<year>2004</year>
	<season>1</season>
	<episode>13</episode>
	</meta>
	<link>
	<sublink>search</sublink>
	<sublink>searchsd</sublink>
	</link>
	<thumbnail>https://image.tmdb.org/t/p/w1280/vheWH3rHoGzoYt5MxzoUIAqOaJC.jpg</thumbnail>
	<fanart>https://image.tmdb.org/t/p/w1280/nmgwBWGwDWELX0ReOi8W1kdIiAo.jpg</fanart>
</item>
<item>
	<title>[B][COLOR=green]Public Enemies[/COLOR][/B]</title>
	<meta>
	<imdb>tt0366005</imdb>
	<content>episode</content>
	<tvshowtitle>Danny Phantom</tvshowtitle>
	<year>2005</year>
	<season>1</season>
	<episode>14</episode>
	</meta>
	<link>
	<sublink>search</sublink>
	<sublink>searchsd</sublink>
	</link>
	<thumbnail>https://image.tmdb.org/t/p/w1280/87aGmSrH9UukVIqXi9JAkzXqfhZ.jpg</thumbnail>
	<fanart>https://image.tmdb.org/t/p/w1280/nmgwBWGwDWELX0ReOi8W1kdIiAo.jpg</fanart>
</item>
<item>
	<title>[B][COLOR=green]Fright Night[/COLOR][/B]</title>
	<meta>
	<imdb>tt0366005</imdb>
	<content>episode</content>
	<tvshowtitle>Danny Phantom</tvshowtitle>
	<year>2004</year>
	<season>1</season>
	<episode>15</episode>
	</meta>
	<link>
	<sublink>search</sublink>
	<sublink>searchsd</sublink>
	</link>
	<thumbnail>https://image.tmdb.org/t/p/w1280/akjrsF5yI3g7wqxADBp66N2aXAg.jpg</thumbnail>
	<fanart>https://image.tmdb.org/t/p/w1280/nmgwBWGwDWELX0ReOi8W1kdIiAo.jpg</fanart>
</item>
<item>
	<title>[B][COLOR=green]Lucky in Love[/COLOR][/B]</title>
	<meta>
	<imdb>tt0366005</imdb>
	<content>episode</content>
	<tvshowtitle>Danny Phantom</tvshowtitle>
	<year>2005</year>
	<season>1</season>
	<episode>16</episode>
	</meta>
	<link>
	<sublink>search</sublink>
	<sublink>searchsd</sublink>
	</link>
	<thumbnail>https://image.tmdb.org/t/p/w1280/yiyDMItfimz6vHMXxk98wxsWlgt.jpg</thumbnail>
	<fanart>https://image.tmdb.org/t/p/w1280/nmgwBWGwDWELX0ReOi8W1kdIiAo.jpg</fanart>
</item>
<item>
	<title>[B][COLOR=green]Maternal Instinct[/COLOR][/B]</title>
	<meta>
	<imdb>tt0366005</imdb>
	<content>episode</content>
	<tvshowtitle>Danny Phantom</tvshowtitle>
	<year>2005</year>
	<season>1</season>
	<episode>17</episode>
	</meta>
	<link>
	<sublink>search</sublink>
	<sublink>searchsd</sublink>
	</link>
	<thumbnail>https://image.tmdb.org/t/p/w1280/zh7OjR7yRCPEz4jumXr7XMPksxh.jpg</thumbnail>
	<fanart>https://image.tmdb.org/t/p/w1280/nmgwBWGwDWELX0ReOi8W1kdIiAo.jpg</fanart>
</item>
<item>
	<title>[B][COLOR=green]Life Lessons[/COLOR][/B]</title>
	<meta>
	<imdb>tt0366005</imdb>
	<content>episode</content>
	<tvshowtitle>Danny Phantom</tvshowtitle>
	<year>2005</year>
	<season>1</season>
	<episode>18</episode>
	</meta>
	<link>
	<sublink>search</sublink>
	<sublink>searchsd</sublink>
	</link>
	<thumbnail>https://image.tmdb.org/t/p/w1280/vSwmpgvUbknVHcMIihe261xdpK6.jpg</thumbnail>
	<fanart>https://image.tmdb.org/t/p/w1280/nmgwBWGwDWELX0ReOi8W1kdIiAo.jpg</fanart>
</item>
<item>
	<title>[B][COLOR=green]The Million Dollar Ghost[/COLOR][/B]</title>
	<meta>
	<imdb>tt0366005</imdb>
	<content>episode</content>
	<tvshowtitle>Danny Phantom</tvshowtitle>
	<year>2005</year>
	<season>1</season>
	<episode>19</episode>
	</meta>
	<link>
	<sublink>search</sublink>
	<sublink>searchsd</sublink>
	</link>
	<thumbnail>https://image.tmdb.org/t/p/w1280/1R0esgvT4DUBK0eKxmT7v0O8T6P.jpg</thumbnail>
	<fanart>https://image.tmdb.org/t/p/w1280/nmgwBWGwDWELX0ReOi8W1kdIiAo.jpg</fanart>
</item>
<item>
	<title>[B][COLOR=green]Control Freaks[/COLOR][/B]</title>
	<meta>
	<imdb>tt0366005</imdb>
	<content>episode</content>
	<tvshowtitle>Danny Phantom</tvshowtitle>
	<year>2005</year>
	<season>1</season>
	<episode>20</episode>
	</meta>
	<link>
	<sublink>search</sublink>
	<sublink>searchsd</sublink>
	</link>
	<thumbnail>https://image.tmdb.org/t/p/w1280/bdFBo9sRKVWMejLRA9udaKgk2Ad.jpg</thumbnail>
	<fanart>https://image.tmdb.org/t/p/w1280/nmgwBWGwDWELX0ReOi8W1kdIiAo.jpg</fanart>
</item>
