<item>
	<title>[B][COLOR=green]Memory Blank[/COLOR][/B]</title>
	<meta>
	<imdb>tt0366005</imdb>
	<content>episode</content>
	<tvshowtitle>Danny Phantom</tvshowtitle>
	<year>2005</year>
	<season>2</season>
	<episode>1</episode>
	</meta>
	<link>
	<sublink>search</sublink>
	<sublink>searchsd</sublink>
	</link>
	<thumbnail>https://image.tmdb.org/t/p/w1280/uyypn7QZN13SRFwaW7VTmW2QmHT.jpg</thumbnail>
	<fanart>https://image.tmdb.org/t/p/w1280/nmgwBWGwDWELX0ReOi8W1kdIiAo.jpg</fanart>
</item>
<item>
	<title>[B][COLOR=green]Doctor's Disorders[/COLOR][/B]</title>
	<meta>
	<imdb>tt0366005</imdb>
	<content>episode</content>
	<tvshowtitle>Danny Phantom</tvshowtitle>
	<year>2005</year>
	<season>2</season>
	<episode>2</episode>
	</meta>
	<link>
	<sublink>search</sublink>
	<sublink>searchsd</sublink>
	</link>
	<thumbnail>https://image.tmdb.org/t/p/w1280/vIZy3E0sbj6Ffz61svlxUokmpkQ.jpg</thumbnail>
	<fanart>https://image.tmdb.org/t/p/w1280/nmgwBWGwDWELX0ReOi8W1kdIiAo.jpg</fanart>
</item>
<item>
	<title>[B][COLOR=green]Pirate Radio[/COLOR][/B]</title>
	<meta>
	<imdb>tt0366005</imdb>
	<content>episode</content>
	<tvshowtitle>Danny Phantom</tvshowtitle>
	<year>2005</year>
	<season>2</season>
	<episode>3</episode>
	</meta>
	<link>
	<sublink>search</sublink>
	<sublink>searchsd</sublink>
	</link>
	<thumbnail>https://image.tmdb.org/t/p/w1280/cIouBOe1lVCv4fYUgk73eVOXNA8.jpg</thumbnail>
	<fanart>https://image.tmdb.org/t/p/w1280/nmgwBWGwDWELX0ReOi8W1kdIiAo.jpg</fanart>
</item>
<item>
	<title>[B][COLOR=green]Reign Storm[/COLOR][/B]</title>
	<meta>
	<imdb>tt0366005</imdb>
	<content>episode</content>
	<tvshowtitle>Danny Phantom</tvshowtitle>
	<year>2005</year>
	<season>2</season>
	<episode>4</episode>
	</meta>
	<link>
	<sublink>search</sublink>
	<sublink>searchsd</sublink>
	</link>
	<thumbnail>https://image.tmdb.org/t/p/w1280/d7OA9JXr8MBCHBypO2vLlPY3vHP.jpg</thumbnail>
	<fanart>https://image.tmdb.org/t/p/w1280/nmgwBWGwDWELX0ReOi8W1kdIiAo.jpg</fanart>
</item>
<item>
	<title>[B][COLOR=green]Identity Crisis[/COLOR][/B]</title>
	<meta>
	<imdb>tt0366005</imdb>
	<content>episode</content>
	<tvshowtitle>Danny Phantom</tvshowtitle>
	<year>2005</year>
	<season>2</season>
	<episode>5</episode>
	</meta>
	<link>
	<sublink>search</sublink>
	<sublink>searchsd</sublink>
	</link>
	<thumbnail>https://image.tmdb.org/t/p/w1280/ovHP6MomvpLiBrUgFGR4mSkDOdl.jpg</thumbnail>
	<fanart>https://image.tmdb.org/t/p/w1280/nmgwBWGwDWELX0ReOi8W1kdIiAo.jpg</fanart>
</item>
<item>
	<title>[B][COLOR=green]The Fenton Menace[/COLOR][/B]</title>
	<meta>
	<imdb>tt0366005</imdb>
	<content>episode</content>
	<tvshowtitle>Danny Phantom</tvshowtitle>
	<year>2005</year>
	<season>2</season>
	<episode>6</episode>
	</meta>
	<link>
	<sublink>search</sublink>
	<sublink>searchsd</sublink>
	</link>
	<thumbnail>https://image.tmdb.org/t/p/w1280/oPMkvfGnk5Shk38BZoutdDeIoAm.jpg</thumbnail>
	<fanart>https://image.tmdb.org/t/p/w1280/nmgwBWGwDWELX0ReOi8W1kdIiAo.jpg</fanart>
</item>
<item>
	<title>[B][COLOR=green]The Ultimate Enemy (Part1)[/COLOR][/B]</title>
	<meta>
	<imdb>tt0366005</imdb>
	<content>episode</content>
	<tvshowtitle>Danny Phantom</tvshowtitle>
	<year>2005</year>
	<season>2</season>
	<episode>7</episode>
	</meta>
	<link>
	<sublink>search</sublink>
	<sublink>searchsd</sublink>
	</link>
	<thumbnail>https://image.tmdb.org/t/p/w1280/aH6FHHwD3e5uNreqFacMmstRfh7.jpg</thumbnail>
	<fanart>https://image.tmdb.org/t/p/w1280/nmgwBWGwDWELX0ReOi8W1kdIiAo.jpg</fanart>
</item>
<item>
	<title>[B][COLOR=green]The Ultimate Enemy (Part2)[/COLOR][/B]</title>
	<meta>
	<imdb>tt0366005</imdb>
	<content>episode</content>
	<tvshowtitle>Danny Phantom</tvshowtitle>
	<year>2005</year>
	<season>2</season>
	<episode>8</episode>
	</meta>
	<link>
	<sublink>search</sublink>
	<sublink>searchsd</sublink>
	</link>
	<thumbnail>https://image.tmdb.org/t/p/w1280</thumbnail>
	<fanart>https://image.tmdb.org/t/p/w1280/nmgwBWGwDWELX0ReOi8W1kdIiAo.jpg</fanart>
</item>
<item>
	<title>[B][COLOR=green]The Fright Before Christmas[/COLOR][/B]</title>
	<meta>
	<imdb>tt0366005</imdb>
	<content>episode</content>
	<tvshowtitle>Danny Phantom</tvshowtitle>
	<year>2005</year>
	<season>2</season>
	<episode>9</episode>
	</meta>
	<link>
	<sublink>search</sublink>
	<sublink>searchsd</sublink>
	</link>
	<thumbnail>https://image.tmdb.org/t/p/w1280/shATBGnabf30XYnnw3407uJNgc6.jpg</thumbnail>
	<fanart>https://image.tmdb.org/t/p/w1280/nmgwBWGwDWELX0ReOi8W1kdIiAo.jpg</fanart>
</item>
<item>
	<title>[B][COLOR=green]Secret Weapons[/COLOR][/B]</title>
	<meta>
	<imdb>tt0366005</imdb>
	<content>episode</content>
	<tvshowtitle>Danny Phantom</tvshowtitle>
	<year>2005</year>
	<season>2</season>
	<episode>10</episode>
	</meta>
	<link>
	<sublink>search</sublink>
	<sublink>searchsd</sublink>
	</link>
	<thumbnail>https://image.tmdb.org/t/p/w1280/ugTRh407E0kgvPnAbBTJgKdCVqn.jpg</thumbnail>
	<fanart>https://image.tmdb.org/t/p/w1280/nmgwBWGwDWELX0ReOi8W1kdIiAo.jpg</fanart>
</item>
<item>
	<title>[B][COLOR=green]Flirting With Disaster[/COLOR][/B]</title>
	<meta>
	<imdb>tt0366005</imdb>
	<content>episode</content>
	<tvshowtitle>Danny Phantom</tvshowtitle>
	<year>2006</year>
	<season>2</season>
	<episode>11</episode>
	</meta>
	<link>
	<sublink>search</sublink>
	<sublink>searchsd</sublink>
	</link>
	<thumbnail>https://image.tmdb.org/t/p/w1280/TrxVqQAzdChBvaoKAcd4AmPMYJ.jpg</thumbnail>
	<fanart>https://image.tmdb.org/t/p/w1280/nmgwBWGwDWELX0ReOi8W1kdIiAo.jpg</fanart>
</item>
<item>
	<title>[B][COLOR=green]Micro-Management[/COLOR][/B]</title>
	<meta>
	<imdb>tt0366005</imdb>
	<content>episode</content>
	<tvshowtitle>Danny Phantom</tvshowtitle>
	<year>2006</year>
	<season>2</season>
	<episode>12</episode>
	</meta>
	<link>
	<sublink>search</sublink>
	<sublink>searchsd</sublink>
	</link>
	<thumbnail>https://image.tmdb.org/t/p/w1280/xlZCuLu52fqRPc6cddg4aZTWi9n.jpg</thumbnail>
	<fanart>https://image.tmdb.org/t/p/w1280/nmgwBWGwDWELX0ReOi8W1kdIiAo.jpg</fanart>
</item>
<item>
	<title>[B][COLOR=green]Beauty Marked[/COLOR][/B]</title>
	<meta>
	<imdb>tt0366005</imdb>
	<content>episode</content>
	<tvshowtitle>Danny Phantom</tvshowtitle>
	<year>2006</year>
	<season>2</season>
	<episode>13</episode>
	</meta>
	<link>
	<sublink>search</sublink>
	<sublink>searchsd</sublink>
	</link>
	<thumbnail>https://image.tmdb.org/t/p/w1280/pgvoMQQMP7DepaOb0Zi3KlSf35R.jpg</thumbnail>
	<fanart>https://image.tmdb.org/t/p/w1280/nmgwBWGwDWELX0ReOi8W1kdIiAo.jpg</fanart>
</item>
<item>
	<title>[B][COLOR=green]King Tuck[/COLOR][/B]</title>
	<meta>
	<imdb>tt0366005</imdb>
	<content>episode</content>
	<tvshowtitle>Danny Phantom</tvshowtitle>
	<year>2006</year>
	<season>2</season>
	<episode>14</episode>
	</meta>
	<link>
	<sublink>search</sublink>
	<sublink>searchsd</sublink>
	</link>
	<thumbnail>https://image.tmdb.org/t/p/w1280/1nN42WAxG8m38bZr5Dw5nqVTd8e.jpg</thumbnail>
	<fanart>https://image.tmdb.org/t/p/w1280/nmgwBWGwDWELX0ReOi8W1kdIiAo.jpg</fanart>
</item>
<item>
	<title>[B][COLOR=green]Masters of All Time[/COLOR][/B]</title>
	<meta>
	<imdb>tt0366005</imdb>
	<content>episode</content>
	<tvshowtitle>Danny Phantom</tvshowtitle>
	<year>2006</year>
	<season>2</season>
	<episode>15</episode>
	</meta>
	<link>
	<sublink>search</sublink>
	<sublink>searchsd</sublink>
	</link>
	<thumbnail>https://image.tmdb.org/t/p/w1280/7a6dyIeB2dH9ZlZZy1aGddlLi0j.jpg</thumbnail>
	<fanart>https://image.tmdb.org/t/p/w1280/nmgwBWGwDWELX0ReOi8W1kdIiAo.jpg</fanart>
</item>
<item>
	<title>[B][COLOR=green]Reality Trip[/COLOR][/B]</title>
	<meta>
	<imdb>tt0366005</imdb>
	<content>episode</content>
	<tvshowtitle>Danny Phantom</tvshowtitle>
	<year>2006</year>
	<season>2</season>
	<episode>16</episode>
	</meta>
	<link>
	<sublink>search</sublink>
	<sublink>searchsd</sublink>
	</link>
	<thumbnail>https://image.tmdb.org/t/p/w1280/aOkXWvRRHoQJPI5KhKVY72Orza2.jpg</thumbnail>
	<fanart>https://image.tmdb.org/t/p/w1280/nmgwBWGwDWELX0ReOi8W1kdIiAo.jpg</fanart>
</item>
<item>
	<title>[B][COLOR=green]Double Cross My Heart[/COLOR][/B]</title>
	<meta>
	<imdb>tt0366005</imdb>
	<content>episode</content>
	<tvshowtitle>Danny Phantom</tvshowtitle>
	<year>2006</year>
	<season>2</season>
	<episode>17</episode>
	</meta>
	<link>
	<sublink>search</sublink>
	<sublink>searchsd</sublink>
	</link>
	<thumbnail>https://image.tmdb.org/t/p/w1280/vVEhF972L2BPizOxjGqHzgDgU9C.jpg</thumbnail>
	<fanart>https://image.tmdb.org/t/p/w1280/nmgwBWGwDWELX0ReOi8W1kdIiAo.jpg</fanart>
</item>
<item>
	<title>[B][COLOR=green]Kindred Spirits[/COLOR][/B]</title>
	<meta>
	<imdb>tt0366005</imdb>
	<content>episode</content>
	<tvshowtitle>Danny Phantom</tvshowtitle>
	<year>2006</year>
	<season>2</season>
	<episode>18</episode>
	</meta>
	<link>
	<sublink>search</sublink>
	<sublink>searchsd</sublink>
	</link>
	<thumbnail>https://image.tmdb.org/t/p/w1280/5dPbcbBJcgIuQOCXK1IkMWOP6oc.jpg</thumbnail>
	<fanart>https://image.tmdb.org/t/p/w1280/nmgwBWGwDWELX0ReOi8W1kdIiAo.jpg</fanart>
</item>
