<item>
	<title>[B][COLOR=green]Eye for an Eye[/COLOR][/B]</title>
	<meta>
	<imdb>tt0366005</imdb>
	<content>episode</content>
	<tvshowtitle>Danny Phantom</tvshowtitle>
	<year>2007</year>
	<season>3</season>
	<episode>1</episode>
	</meta>
	<link>
	<sublink>search</sublink>
	<sublink>searchsd</sublink>
	</link>
	<thumbnail>https://image.tmdb.org/t/p/w1280/nPeUly7m1urCqEKpFLX2SO5O8fb.jpg</thumbnail>
	<fanart>https://image.tmdb.org/t/p/w1280/nmgwBWGwDWELX0ReOi8W1kdIiAo.jpg</fanart>
</item>
<item>
	<title>[B][COLOR=green]Infinite Realms[/COLOR][/B]</title>
	<meta>
	<imdb>tt0366005</imdb>
	<content>episode</content>
	<tvshowtitle>Danny Phantom</tvshowtitle>
	<year>2007</year>
	<season>3</season>
	<episode>2</episode>
	</meta>
	<link>
	<sublink>search</sublink>
	<sublink>searchsd</sublink>
	</link>
	<thumbnail>https://image.tmdb.org/t/p/w1280/woykMVpvyhyURNUjjUXPj0fYwDv.jpg</thumbnail>
	<fanart>https://image.tmdb.org/t/p/w1280/nmgwBWGwDWELX0ReOi8W1kdIiAo.jpg</fanart>
</item>
<item>
	<title>[B][COLOR=green]Girl's Night Out[/COLOR][/B]</title>
	<meta>
	<imdb>tt0366005</imdb>
	<content>episode</content>
	<tvshowtitle>Danny Phantom</tvshowtitle>
	<year>2007</year>
	<season>3</season>
	<episode>3</episode>
	</meta>
	<link>
	<sublink>search</sublink>
	<sublink>searchsd</sublink>
	</link>
	<thumbnail>https://image.tmdb.org/t/p/w1280/uCj0zaPScAaZhqqpi6XAhte3RdT.jpg</thumbnail>
	<fanart>https://image.tmdb.org/t/p/w1280/nmgwBWGwDWELX0ReOi8W1kdIiAo.jpg</fanart>
</item>
<item>
	<title>[B][COLOR=green]Torrent of Terror[/COLOR][/B]</title>
	<meta>
	<imdb>tt0366005</imdb>
	<content>episode</content>
	<tvshowtitle>Danny Phantom</tvshowtitle>
	<year>2007</year>
	<season>3</season>
	<episode>4</episode>
	</meta>
	<link>
	<sublink>search</sublink>
	<sublink>searchsd</sublink>
	</link>
	<thumbnail>https://image.tmdb.org/t/p/w1280/llwJeWM0hte3TDjKQk1hMPWWRWq.jpg</thumbnail>
	<fanart>https://image.tmdb.org/t/p/w1280/nmgwBWGwDWELX0ReOi8W1kdIiAo.jpg</fanart>
</item>
<item>
	<title>[B][COLOR=green]Forever Phantom[/COLOR][/B]</title>
	<meta>
	<imdb>tt0366005</imdb>
	<content>episode</content>
	<tvshowtitle>Danny Phantom</tvshowtitle>
	<year>2007</year>
	<season>3</season>
	<episode>5</episode>
	</meta>
	<link>
	<sublink>search</sublink>
	<sublink>searchsd</sublink>
	</link>
	<thumbnail>https://image.tmdb.org/t/p/w1280/aNxiUZOyBiVsPWpWUIoeJzkKtg2.jpg</thumbnail>
	<fanart>https://image.tmdb.org/t/p/w1280/nmgwBWGwDWELX0ReOi8W1kdIiAo.jpg</fanart>
</item>
<item>
	<title>[B][COLOR=green]Urban Jungle[/COLOR][/B]</title>
	<meta>
	<imdb>tt0366005</imdb>
	<content>episode</content>
	<tvshowtitle>Danny Phantom</tvshowtitle>
	<year>2006</year>
	<season>3</season>
	<episode>6</episode>
	</meta>
	<link>
	<sublink>search</sublink>
	<sublink>searchsd</sublink>
	</link>
	<thumbnail>https://image.tmdb.org/t/p/w1280/zk3cBYQr8H1vzjvYkNCbcYt0VDJ.jpg</thumbnail>
	<fanart>https://image.tmdb.org/t/p/w1280/nmgwBWGwDWELX0ReOi8W1kdIiAo.jpg</fanart>
</item>
<item>
	<title>[B][COLOR=green]Livin' Large[/COLOR][/B]</title>
	<meta>
	<imdb>tt0366005</imdb>
	<content>episode</content>
	<tvshowtitle>Danny Phantom</tvshowtitle>
	<year>2007</year>
	<season>3</season>
	<episode>7</episode>
	</meta>
	<link>
	<sublink>search</sublink>
	<sublink>searchsd</sublink>
	</link>
	<thumbnail>https://image.tmdb.org/t/p/w1280/uVBppQFhkRUJ8xpcpWprzDfwmAx.jpg</thumbnail>
	<fanart>https://image.tmdb.org/t/p/w1280/nmgwBWGwDWELX0ReOi8W1kdIiAo.jpg</fanart>
</item>
<item>
	<title>[B][COLOR=green]Boxed Up Fury[/COLOR][/B]</title>
	<meta>
	<imdb>tt0366005</imdb>
	<content>episode</content>
	<tvshowtitle>Danny Phantom</tvshowtitle>
	<year>2007</year>
	<season>3</season>
	<episode>8</episode>
	</meta>
	<link>
	<sublink>search</sublink>
	<sublink>searchsd</sublink>
	</link>
	<thumbnail>https://image.tmdb.org/t/p/w1280/pLzUUynh4VHTZrwA0pIq8QChyoH.jpg</thumbnail>
	<fanart>https://image.tmdb.org/t/p/w1280/nmgwBWGwDWELX0ReOi8W1kdIiAo.jpg</fanart>
</item>
<item>
	<title>[B][COLOR=green]Frightmare[/COLOR][/B]</title>
	<meta>
	<imdb>tt0366005</imdb>
	<content>episode</content>
	<tvshowtitle>Danny Phantom</tvshowtitle>
	<year>2007</year>
	<season>3</season>
	<episode>9</episode>
	</meta>
	<link>
	<sublink>search</sublink>
	<sublink>searchsd</sublink>
	</link>
	<thumbnail>https://image.tmdb.org/t/p/w1280/hslttCOChtaDPvGZjYH9bZ9pnOC.jpg</thumbnail>
	<fanart>https://image.tmdb.org/t/p/w1280/nmgwBWGwDWELX0ReOi8W1kdIiAo.jpg</fanart>
</item>
<item>
	<title>[B][COLOR=green]Claw of the Wild[/COLOR][/B]</title>
	<meta>
	<imdb>tt0366005</imdb>
	<content>episode</content>
	<tvshowtitle>Danny Phantom</tvshowtitle>
	<year>2007</year>
	<season>3</season>
	<episode>10</episode>
	</meta>
	<link>
	<sublink>search</sublink>
	<sublink>searchsd</sublink>
	</link>
	<thumbnail>https://image.tmdb.org/t/p/w1280/6lDdVX01l2olCmesafyBCrJ76RK.jpg</thumbnail>
	<fanart>https://image.tmdb.org/t/p/w1280/nmgwBWGwDWELX0ReOi8W1kdIiAo.jpg</fanart>
</item>
<item>
	<title>[B][COLOR=green]D-Stabilized[/COLOR][/B]</title>
	<meta>
	<imdb>tt0366005</imdb>
	<content>episode</content>
	<tvshowtitle>Danny Phantom</tvshowtitle>
	<year>2007</year>
	<season>3</season>
	<episode>11</episode>
	</meta>
	<link>
	<sublink>search</sublink>
	<sublink>searchsd</sublink>
	</link>
	<thumbnail>https://image.tmdb.org/t/p/w1280/8nbn0LG55jgQak4Qs9plfBbSYlo.jpg</thumbnail>
	<fanart>https://image.tmdb.org/t/p/w1280/nmgwBWGwDWELX0ReOi8W1kdIiAo.jpg</fanart>
</item>
<item>
	<title>[B][COLOR=green]Phantom Planet[/COLOR][/B]</title>
	<meta>
	<imdb>tt0366005</imdb>
	<content>episode</content>
	<tvshowtitle>Danny Phantom</tvshowtitle>
	<year>2007</year>
	<season>3</season>
	<episode>12</episode>
	</meta>
	<link>
	<sublink>search</sublink>
	<sublink>searchsd</sublink>
	</link>
	<thumbnail>https://image.tmdb.org/t/p/w1280/w64eejMUAHMIsA5i2CCM9PpfKnS.jpg</thumbnail>
	<fanart>https://image.tmdb.org/t/p/w1280/nmgwBWGwDWELX0ReOi8W1kdIiAo.jpg</fanart>
</item>
