<item>
    <title>[COLORlimegreen][B]Goosebumps series 2[/B][/COLOR]</title>
    <link>nolink</link>
    <thumbnail>https://i.imgur.com/1wCODOX.jpg</thumbnail>
	
</item>	

<item>
	<title>[COLOR=white]Be Careful What You Wish For...[/COLOR]</title>
	<meta>
	<imdb>tt1141246</imdb>
	<content>episode</content>
	<tvshowtitle>Goosebumps</tvshowtitle>
	<year>1996</year>
	<season>2</season>
	<episode>1</episode>
	</meta>
	<link>
	<sublink>search</sublink>
	<sublink>searchsd</sublink>
	</link>
	<thumbnail>https://image.tmdb.org/t/p/w1280/cbchjPb7Nw7VcQ0Mjfqpa3d25g6.jpg</thumbnail>
	<fanart>https://image.tmdb.org/t/p/w1280/7jF3gNtDClryQAzsvS3LJgXbbDO.jpg</fanart>
</item>
<item>
	<title>[COLOR=white]Attack of The Mutant (1)[/COLOR]</title>
	<meta>
	<imdb>tt1141246</imdb>
	<content>episode</content>
	<tvshowtitle>Goosebumps</tvshowtitle>
	<year>1996</year>
	<season>2</season>
	<episode>2</episode>
	</meta>
	<link>
	<sublink>search</sublink>
	<sublink>searchsd</sublink>
	</link>
	<thumbnail>https://image.tmdb.org/t/p/w1280/4AaoLSSrbUmt9ehB0Dx4RgoYPyU.jpg</thumbnail>
	<fanart>https://image.tmdb.org/t/p/w1280/7jF3gNtDClryQAzsvS3LJgXbbDO.jpg</fanart>
</item>
<item>
	<title>[COLOR=white]Attack of The Mutant (2)[/COLOR]</title>
	<meta>
	<imdb>tt1141246</imdb>
	<content>episode</content>
	<tvshowtitle>Goosebumps</tvshowtitle>
	<year>1996</year>
	<season>2</season>
	<episode>3</episode>
	</meta>
	<link>
	<sublink>search</sublink>
	<sublink>searchsd</sublink>
	</link>
	<thumbnail>https://image.tmdb.org/t/p/w1280/gPRZwPwpxpnij66elJw30EyVmgO.jpg</thumbnail>
	<fanart>https://image.tmdb.org/t/p/w1280/7jF3gNtDClryQAzsvS3LJgXbbDO.jpg</fanart>
</item>
<item>
	<title>[COLOR=white]Bad Hare Day[/COLOR]</title>
	<meta>
	<imdb>tt1141246</imdb>
	<content>episode</content>
	<tvshowtitle>Goosebumps</tvshowtitle>
	<year>1996</year>
	<season>2</season>
	<episode>4</episode>
	</meta>
	<link>
	<sublink>search</sublink>
	<sublink>searchsd</sublink>
	</link>
	<thumbnail>https://image.tmdb.org/t/p/w1280/qL9Gixc7Whxy2qDQbB2NFgcAZOU.jpg</thumbnail>
	<fanart>https://image.tmdb.org/t/p/w1280/7jF3gNtDClryQAzsvS3LJgXbbDO.jpg</fanart>
</item>
<item>
	<title>[COLOR=white]The Headless Ghost[/COLOR]</title>
	<meta>
	<imdb>tt1141246</imdb>
	<content>episode</content>
	<tvshowtitle>Goosebumps</tvshowtitle>
	<year>1996</year>
	<season>2</season>
	<episode>5</episode>
	</meta>
	<link>
	<sublink>search</sublink>
	<sublink>searchsd</sublink>
	</link>
	<thumbnail>https://image.tmdb.org/t/p/w1280/cWIm9D98ov5R8shfHOvqx4Jvuc9.jpg</thumbnail>
	<fanart>https://image.tmdb.org/t/p/w1280/7jF3gNtDClryQAzsvS3LJgXbbDO.jpg</fanart>
</item>
<item>
	<title>[COLOR=white]Go Eat Worms![/COLOR]</title>
	<meta>
	<imdb>tt1141246</imdb>
	<content>episode</content>
	<tvshowtitle>Goosebumps</tvshowtitle>
	<year>1996</year>
	<season>2</season>
	<episode>6</episode>
	</meta>
	<link>
	<sublink>search</sublink>
	<sublink>searchsd</sublink>
	</link>
	<thumbnail>https://image.tmdb.org/t/p/w1280/20VJTLyWHkBz034XTBPca99aBxG.jpg</thumbnail>
	<fanart>https://image.tmdb.org/t/p/w1280/7jF3gNtDClryQAzsvS3LJgXbbDO.jpg</fanart>
</item>
<item>
	<title>[COLOR=white]You Can't Scare Me![/COLOR]</title>
	<meta>
	<imdb>tt1141246</imdb>
	<content>episode</content>
	<tvshowtitle>Goosebumps</tvshowtitle>
	<year>1996</year>
	<season>2</season>
	<episode>7</episode>
	</meta>
	<link>
	<sublink>search</sublink>
	<sublink>searchsd</sublink>
	</link>
	<thumbnail>https://image.tmdb.org/t/p/w1280/cFF0Q8Ase1Ht2hJitW9F697TkjC.jpg</thumbnail>
	<fanart>https://image.tmdb.org/t/p/w1280/7jF3gNtDClryQAzsvS3LJgXbbDO.jpg</fanart>
</item>
<item>
	<title>[COLOR=white]Revenge of The Lawn Gnomes[/COLOR]</title>
	<meta>
	<imdb>tt1141246</imdb>
	<content>episode</content>
	<tvshowtitle>Goosebumps</tvshowtitle>
	<year>1996</year>
	<season>2</season>
	<episode>8</episode>
	</meta>
	<link>
	<sublink>search</sublink>
	<sublink>searchsd</sublink>
	</link>
	<thumbnail>https://image.tmdb.org/t/p/w1280/uWT892MuR6m0SWiswGP1rxVbpqN.jpg</thumbnail>
	<fanart>https://image.tmdb.org/t/p/w1280/7jF3gNtDClryQAzsvS3LJgXbbDO.jpg</fanart>
</item>
<item>
	<title>[COLOR=white]Ghost Beach[/COLOR]</title>
	<meta>
	<imdb>tt1141246</imdb>
	<content>episode</content>
	<tvshowtitle>Goosebumps</tvshowtitle>
	<year>1996</year>
	<season>2</season>
	<episode>9</episode>
	</meta>
	<link>
	<sublink>search</sublink>
	<sublink>searchsd</sublink>
	</link>
	<thumbnail>https://image.tmdb.org/t/p/w1280/dSiAhaZwMOnmfFyX4aDJlqS7qWb.jpg</thumbnail>
	<fanart>https://image.tmdb.org/t/p/w1280/7jF3gNtDClryQAzsvS3LJgXbbDO.jpg</fanart>
</item>
<item>
	<title>[COLOR=white]Attack of The Jack-O'-Lanterns[/COLOR]</title>
	<meta>
	<imdb>tt1141246</imdb>
	<content>episode</content>
	<tvshowtitle>Goosebumps</tvshowtitle>
	<year>1996</year>
	<season>2</season>
	<episode>10</episode>
	</meta>
	<link>
	<sublink>search</sublink>
	<sublink>searchsd</sublink>
	</link>
	<thumbnail>https://image.tmdb.org/t/p/w1280/uYg9K8r3dtca1Kxofmqb1RqMgN8.jpg</thumbnail>
	<fanart>https://image.tmdb.org/t/p/w1280/7jF3gNtDClryQAzsvS3LJgXbbDO.jpg</fanart>
</item>
<item>
	<title>[COLOR=white]The Haunted Mask II (1)[/COLOR]</title>
	<meta>
	<imdb>tt1141246</imdb>
	<content>episode</content>
	<tvshowtitle>Goosebumps</tvshowtitle>
	<year>1996</year>
	<season>2</season>
	<episode>11</episode>
	</meta>
	<link>
	<sublink>search</sublink>
	<sublink>searchsd</sublink>
	</link>
	<thumbnail>https://image.tmdb.org/t/p/w1280/kVzZNTvnGZbXnWWwFGygNig6CtM.jpg</thumbnail>
	<fanart>https://image.tmdb.org/t/p/w1280/7jF3gNtDClryQAzsvS3LJgXbbDO.jpg</fanart>
</item>
<item>
	<title>[COLOR=white]The Haunted Mask II (2)[/COLOR]</title>
	<meta>
	<imdb>tt1141246</imdb>
	<content>episode</content>
	<tvshowtitle>Goosebumps</tvshowtitle>
	<year>1996</year>
	<season>2</season>
	<episode>12</episode>
	</meta>
	<link>
	<sublink>search</sublink>
	<sublink>searchsd</sublink>
	</link>
	<thumbnail>https://image.tmdb.org/t/p/w1280</thumbnail>
	<fanart>https://image.tmdb.org/t/p/w1280/7jF3gNtDClryQAzsvS3LJgXbbDO.jpg</fanart>
</item>
<item>
	<title>[COLOR=white]Let's Get Invisible![/COLOR]</title>
	<meta>
	<imdb>tt1141246</imdb>
	<content>episode</content>
	<tvshowtitle>Goosebumps</tvshowtitle>
	<year>1996</year>
	<season>2</season>
	<episode>13</episode>
	</meta>
	<link>
	<sublink>search</sublink>
	<sublink>searchsd</sublink>
	</link>
	<thumbnail>https://image.tmdb.org/t/p/w1280/5xF3kyDMEUoyJMOP7wI3oXb5fP.jpg</thumbnail>
	<fanart>https://image.tmdb.org/t/p/w1280/7jF3gNtDClryQAzsvS3LJgXbbDO.jpg</fanart>
</item>
<item>
	<title>[COLOR=white]The Scarecrow Walks at Midnight[/COLOR]</title>
	<meta>
	<imdb>tt1141246</imdb>
	<content>episode</content>
	<tvshowtitle>Goosebumps</tvshowtitle>
	<year>1996</year>
	<season>2</season>
	<episode>14</episode>
	</meta>
	<link>
	<sublink>search</sublink>
	<sublink>searchsd</sublink>
	</link>
	<thumbnail>https://image.tmdb.org/t/p/w1280/2H9TgnlWly3GoLnlL72p4H7NtgR.jpg</thumbnail>
	<fanart>https://image.tmdb.org/t/p/w1280/7jF3gNtDClryQAzsvS3LJgXbbDO.jpg</fanart>
</item>
<item>
	<title>[COLOR=white]Monster Blood (1)[/COLOR]</title>
	<meta>
	<imdb>tt1141246</imdb>
	<content>episode</content>
	<tvshowtitle>Goosebumps</tvshowtitle>
	<year>1996</year>
	<season>2</season>
	<episode>15</episode>
	</meta>
	<link>
	<sublink>search</sublink>
	<sublink>searchsd</sublink>
	</link>
	<thumbnail>https://image.tmdb.org/t/p/w1280/AfsIEOaGlYdGzMiVGQxkhKL6NPy.jpg</thumbnail>
	<fanart>https://image.tmdb.org/t/p/w1280/7jF3gNtDClryQAzsvS3LJgXbbDO.jpg</fanart>
</item>
<item>
	<title>[COLOR=white]More Monster Blood (2)[/COLOR]</title>
	<meta>
	<imdb>tt1141246</imdb>
	<content>episode</content>
	<tvshowtitle>Goosebumps</tvshowtitle>
	<year>1996</year>
	<season>2</season>
	<episode>16</episode>
	</meta>
	<link>
	<sublink>search</sublink>
	<sublink>searchsd</sublink>
	</link>
	<thumbnail>https://image.tmdb.org/t/p/w1280/9X2oip0dKHHHX4eoXRqldThMoMD.jpg</thumbnail>
	<fanart>https://image.tmdb.org/t/p/w1280/7jF3gNtDClryQAzsvS3LJgXbbDO.jpg</fanart>
</item>
<item>
	<title>[COLOR=white]Vampire Breath[/COLOR]</title>
	<meta>
	<imdb>tt1141246</imdb>
	<content>episode</content>
	<tvshowtitle>Goosebumps</tvshowtitle>
	<year>1996</year>
	<season>2</season>
	<episode>17</episode>
	</meta>
	<link>
	<sublink>search</sublink>
	<sublink>searchsd</sublink>
	</link>
	<thumbnail>https://image.tmdb.org/t/p/w1280/dgx9awO5pHMEOYh5pyGAI3CvWRd.jpg</thumbnail>
	<fanart>https://image.tmdb.org/t/p/w1280/7jF3gNtDClryQAzsvS3LJgXbbDO.jpg</fanart>
</item>
<item>
	<title>[COLOR=white]How to Kill a Monster[/COLOR]</title>
	<meta>
	<imdb>tt1141246</imdb>
	<content>episode</content>
	<tvshowtitle>Goosebumps</tvshowtitle>
	<year>1997</year>
	<season>2</season>
	<episode>18</episode>
	</meta>
	<link>
	<sublink>search</sublink>
	<sublink>searchsd</sublink>
	</link>
	<thumbnail>https://image.tmdb.org/t/p/w1280/1oe7a9vNAR8NsdPEAU2tXbe6lfo.jpg</thumbnail>
	<fanart>https://image.tmdb.org/t/p/w1280/7jF3gNtDClryQAzsvS3LJgXbbDO.jpg</fanart>
</item>
<item>
	<title>[COLOR=white]Calling All Creeps![/COLOR]</title>
	<meta>
	<imdb>tt1141246</imdb>
	<content>episode</content>
	<tvshowtitle>Goosebumps</tvshowtitle>
	<year>1997</year>
	<season>2</season>
	<episode>19</episode>
	</meta>
	<link>
	<sublink>search</sublink>
	<sublink>searchsd</sublink>
	</link>
	<thumbnail>https://image.tmdb.org/t/p/w1280/AvEy6VmG7Ldk8Y5b99hJFMlyl0G.jpg</thumbnail>
	<fanart>https://image.tmdb.org/t/p/w1280/7jF3gNtDClryQAzsvS3LJgXbbDO.jpg</fanart>
</item>
<item>
	<title>[COLOR=white]Welcome to Dead House (1)[/COLOR]</title>
	<meta>
	<imdb>tt1141246</imdb>
	<content>episode</content>
	<tvshowtitle>Goosebumps</tvshowtitle>
	<year>1997</year>
	<season>2</season>
	<episode>20</episode>
	</meta>
	<link>
	<sublink>search</sublink>
	<sublink>searchsd</sublink>
	</link>
	<thumbnail>https://image.tmdb.org/t/p/w1280/1of0PS9SqkfvzZ53PHbgohNi6Za.jpg</thumbnail>
	<fanart>https://image.tmdb.org/t/p/w1280/7jF3gNtDClryQAzsvS3LJgXbbDO.jpg</fanart>
</item>
<item>
	<title>[COLOR=white]Welcome to Dead House (2)[/COLOR]</title>
	<meta>
	<imdb>tt1141246</imdb>
	<content>episode</content>
	<tvshowtitle>Goosebumps</tvshowtitle>
	<year>1997</year>
	<season>2</season>
	<episode>21</episode>
	</meta>
	<link>
	<sublink>search</sublink>
	<sublink>searchsd</sublink>
	</link>
	<thumbnail>https://image.tmdb.org/t/p/w1280</thumbnail>
	<fanart>https://image.tmdb.org/t/p/w1280/7jF3gNtDClryQAzsvS3LJgXbbDO.jpg</fanart>
</item>
<item>
	<title>[COLOR=white]Don't Wake Mummy[/COLOR]</title>
	<meta>
	<imdb>tt1141246</imdb>
	<content>episode</content>
	<tvshowtitle>Goosebumps</tvshowtitle>
	<year>1997</year>
	<season>2</season>
	<episode>22</episode>
	</meta>
	<link>
	<sublink>search</sublink>
	<sublink>searchsd</sublink>
	</link>
	<thumbnail>https://image.tmdb.org/t/p/w1280/y1ExxbI17g3b2ErKaaLRKms0D2Z.jpg</thumbnail>
	<fanart>https://image.tmdb.org/t/p/w1280/7jF3gNtDClryQAzsvS3LJgXbbDO.jpg</fanart>
</item>
<item>
	<title>[COLOR=white]The Blob That Ate Everyone[/COLOR]</title>
	<meta>
	<imdb>tt1141246</imdb>
	<content>episode</content>
	<tvshowtitle>Goosebumps</tvshowtitle>
	<year>1997</year>
	<season>2</season>
	<episode>23</episode>
	</meta>
	<link>
	<sublink>search</sublink>
	<sublink>searchsd</sublink>
	</link>
	<thumbnail>https://image.tmdb.org/t/p/w1280/e7elYU9x2XKi6OND2E4a00kM6r3.jpg</thumbnail>
	<fanart>https://image.tmdb.org/t/p/w1280/7jF3gNtDClryQAzsvS3LJgXbbDO.jpg</fanart>
</item>
<item>
	<title>[COLOR=white]Night of The Living Dummy III (1)[/COLOR]</title>
	<meta>
	<imdb>tt1141246</imdb>
	<content>episode</content>
	<tvshowtitle>Goosebumps</tvshowtitle>
	<year>1997</year>
	<season>2</season>
	<episode>24</episode>
	</meta>
	<link>
	<sublink>search</sublink>
	<sublink>searchsd</sublink>
	</link>
	<thumbnail>https://image.tmdb.org/t/p/w1280/xmDMGMqgw5yNGqMguU4Ox7Btof4.jpg</thumbnail>
	<fanart>https://image.tmdb.org/t/p/w1280/7jF3gNtDClryQAzsvS3LJgXbbDO.jpg</fanart>
</item>
<item>
	<title>[COLOR=white]Night of The Living Dummy III (2)[/COLOR]</title>
	<meta>
	<imdb>tt1141246</imdb>
	<content>episode</content>
	<tvshowtitle>Goosebumps</tvshowtitle>
	<year>1997</year>
	<season>2</season>
	<episode>25</episode>
	</meta>
	<link>
	<sublink>search</sublink>
	<sublink>searchsd</sublink>
	</link>
	<thumbnail>https://image.tmdb.org/t/p/w1280</thumbnail>
	<fanart>https://image.tmdb.org/t/p/w1280/7jF3gNtDClryQAzsvS3LJgXbbDO.jpg</fanart>
</item>