<item>
    <title>[COLORlimegreen][B]Goosebumps series 4[/B][/COLOR]</title>
    <link>nolink</link>
    <thumbnail>https://i.imgur.com/1wCODOX.jpg</thumbnail>
	
</item>	

<item>
	<title>[COLOR=white]How I Got My Shrunken Head (1)[/COLOR]</title>
	<meta>
	<imdb>tt1141246</imdb>
	<content>episode</content>
	<tvshowtitle>Goosebumps</tvshowtitle>
	<year>1998</year>
	<season>4</season>
	<episode>1</episode>
	</meta>
	<link>
	<sublink>search</sublink>
	<sublink>searchsd</sublink>
	</link>
	<thumbnail>https://image.tmdb.org/t/p/w1280/pfbffDAAdxoG5vqJMFUN7mIAppK.jpg</thumbnail>
	<fanart>https://image.tmdb.org/t/p/w1280/7jF3gNtDClryQAzsvS3LJgXbbDO.jpg</fanart>
</item>
<item>
	<title>[COLOR=white]How I Got My Shrunken Head (2)[/COLOR]</title>
	<meta>
	<imdb>tt1141246</imdb>
	<content>episode</content>
	<tvshowtitle>Goosebumps</tvshowtitle>
	<year>1998</year>
	<season>4</season>
	<episode>2</episode>
	</meta>
	<link>
	<sublink>search</sublink>
	<sublink>searchsd</sublink>
	</link>
	<thumbnail>https://image.tmdb.org/t/p/w1280/oASyhR7vkQofX2T0S1vAvdaZHgr.jpg</thumbnail>
	<fanart>https://image.tmdb.org/t/p/w1280/7jF3gNtDClryQAzsvS3LJgXbbDO.jpg</fanart>
</item>
<item>
	<title>[COLOR=white]The Ghost Next Door (1)[/COLOR]</title>
	<meta>
	<imdb>tt1141246</imdb>
	<content>episode</content>
	<tvshowtitle>Goosebumps</tvshowtitle>
	<year>1998</year>
	<season>4</season>
	<episode>3</episode>
	</meta>
	<link>
	<sublink>search</sublink>
	<sublink>searchsd</sublink>
	</link>
	<thumbnail>https://image.tmdb.org/t/p/w1280/4aPGODG9znkMdCZD8aH7cXQHJDk.jpg</thumbnail>
	<fanart>https://image.tmdb.org/t/p/w1280/7jF3gNtDClryQAzsvS3LJgXbbDO.jpg</fanart>
</item>
<item>
	<title>[COLOR=white]The Ghost Next Door (2)[/COLOR]</title>
	<meta>
	<imdb>tt1141246</imdb>
	<content>episode</content>
	<tvshowtitle>Goosebumps</tvshowtitle>
	<year>1998</year>
	<season>4</season>
	<episode>4</episode>
	</meta>
	<link>
	<sublink>search</sublink>
	<sublink>searchsd</sublink>
	</link>
	<thumbnail>https://image.tmdb.org/t/p/w1280/mjpJXI4duh2Uzq9OxJ5Jt67LMaa.jpg</thumbnail>
	<fanart>https://image.tmdb.org/t/p/w1280/7jF3gNtDClryQAzsvS3LJgXbbDO.jpg</fanart>
</item>
<item>
	<title>[COLOR=white]Cry of The Cat[/COLOR]</title>
	<meta>
	<imdb>tt1141246</imdb>
	<content>episode</content>
	<tvshowtitle>Goosebumps</tvshowtitle>
	<year>1998</year>
	<season>4</season>
	<episode>5</episode>
	</meta>
	<link>
	<sublink>search</sublink>
	<sublink>searchsd</sublink>
	</link>
	<thumbnail>https://image.tmdb.org/t/p/w1280/ytKg0ZizysfN31Hv5dnsGuX3bZy.jpg</thumbnail>
	<fanart>https://image.tmdb.org/t/p/w1280/7jF3gNtDClryQAzsvS3LJgXbbDO.jpg</fanart>
</item>
<item>
	<title>[COLOR=white]Cry of The Cat (2)[/COLOR]</title>
	<meta>
	<imdb>tt1141246</imdb>
	<content>episode</content>
	<tvshowtitle>Goosebumps</tvshowtitle>
	<year>1998</year>
	<season>4</season>
	<episode>6</episode>
	</meta>
	<link>
	<sublink>search</sublink>
	<sublink>searchsd</sublink>
	</link>
	<thumbnail>https://image.tmdb.org/t/p/w1280/cJUPgUUd3yZqNEPGdjRNI88vBLF.jpg</thumbnail>
	<fanart>https://image.tmdb.org/t/p/w1280/7jF3gNtDClryQAzsvS3LJgXbbDO.jpg</fanart>
</item>
<item>
	<title>[COLOR=white]Deep Trouble (1)[/COLOR]</title>
	<meta>
	<imdb>tt1141246</imdb>
	<content>episode</content>
	<tvshowtitle>Goosebumps</tvshowtitle>
	<year>1998</year>
	<season>4</season>
	<episode>7</episode>
	</meta>
	<link>
	<sublink>search</sublink>
	<sublink>searchsd</sublink>
	</link>
	<thumbnail>https://image.tmdb.org/t/p/w1280/jTXoaujJ1Njvh6VYbeCb9T7sGr9.jpg</thumbnail>
	<fanart>https://image.tmdb.org/t/p/w1280/7jF3gNtDClryQAzsvS3LJgXbbDO.jpg</fanart>
</item>
<item>
	<title>[COLOR=white]Deep Trouble (2)[/COLOR]</title>
	<meta>
	<imdb>tt1141246</imdb>
	<content>episode</content>
	<tvshowtitle>Goosebumps</tvshowtitle>
	<year>1998</year>
	<season>4</season>
	<episode>8</episode>
	</meta>
	<link>
	<sublink>search</sublink>
	<sublink>searchsd</sublink>
	</link>
	<thumbnail>https://image.tmdb.org/t/p/w1280/aqLqzOWsIsIKLv4198eA4jPYidj.jpg</thumbnail>
	<fanart>https://image.tmdb.org/t/p/w1280/7jF3gNtDClryQAzsvS3LJgXbbDO.jpg</fanart>
</item>

