<item>
    <title>[COLORlimegreen][B]Goosebumps series 1[/B][/COLOR]</title>
    <link>nolink</link>
    <thumbnail>https://i.imgur.com/1wCODOX.jpg</thumbnail>
	
</item>	

<item>
	<title>[COLOR=white]The Haunted Mask (1)[/COLOR]</title>
	<meta>
	<imdb>tt1141246</imdb>
	<content>episode</content>
	<tvshowtitle>Goosebumps</tvshowtitle>
	<year>1995</year>
	<season>1</season>
	<episode>1</episode>
	</meta>
	<link>
	<sublink>search</sublink>
	<sublink>searchsd</sublink>
	</link>
	<thumbnail>https://image.tmdb.org/t/p/w1280/sZw115QkQWmKoUPLfmB10YXKRr4.jpg</thumbnail>
	<fanart>https://image.tmdb.org/t/p/w1280/7jF3gNtDClryQAzsvS3LJgXbbDO.jpg</fanart>
</item>
<item>
	<title>[COLOR=white]The Haunted Mask (2)[/COLOR]</title>
	<meta>
	<imdb>tt1141246</imdb>
	<content>episode</content>
	<tvshowtitle>Goosebumps</tvshowtitle>
	<year>1995</year>
	<season>1</season>
	<episode>2</episode>
	</meta>
	<link>
	<sublink>search</sublink>
	<sublink>searchsd</sublink>
	</link>
	<thumbnail>https://image.tmdb.org/t/p/w1280/tWN1g1OFrteq1f5psO6v8PYh4ow.jpg</thumbnail>
	<fanart>https://image.tmdb.org/t/p/w1280/7jF3gNtDClryQAzsvS3LJgXbbDO.jpg</fanart>
</item>
<item>
	<title>[COLOR=white]The Cuckoo Clock of Doom[/COLOR]</title>
	<meta>
	<imdb>tt1141246</imdb>
	<content>episode</content>
	<tvshowtitle>Goosebumps</tvshowtitle>
	<year>1995</year>
	<season>1</season>
	<episode>3</episode>
	</meta>
	<link>
	<sublink>search</sublink>
	<sublink>searchsd</sublink>
	</link>
	<thumbnail>https://image.tmdb.org/t/p/w1280/jOs90SdywVddTKu30Q9L0RWzCHF.jpg</thumbnail>
	<fanart>https://image.tmdb.org/t/p/w1280/7jF3gNtDClryQAzsvS3LJgXbbDO.jpg</fanart>
</item>
<item>
	<title>[COLOR=white]The Girl Who Cried Monster[/COLOR]</title>
	<meta>
	<imdb>tt1141246</imdb>
	<content>episode</content>
	<tvshowtitle>Goosebumps</tvshowtitle>
	<year>1995</year>
	<season>1</season>
	<episode>4</episode>
	</meta>
	<link>
	<sublink>search</sublink>
	<sublink>searchsd</sublink>
	</link>
	<thumbnail>https://image.tmdb.org/t/p/w1280/wsW9QnSdrgeCcj3G0ZK0kimGb9n.jpg</thumbnail>
	<fanart>https://image.tmdb.org/t/p/w1280/7jF3gNtDClryQAzsvS3LJgXbbDO.jpg</fanart>
</item>
<item>
	<title>[COLOR=white]Welcome To Camp Nightmare (1)[/COLOR]</title>
	<meta>
	<imdb>tt1141246</imdb>
	<content>episode</content>
	<tvshowtitle>Goosebumps</tvshowtitle>
	<year>1995</year>
	<season>1</season>
	<episode>5</episode>
	</meta>
	<link>
	<sublink>search</sublink>
	<sublink>searchsd</sublink>
	</link>
	<thumbnail>https://image.tmdb.org/t/p/w1280/6wA2FEtWow3cSOYwl1er4d95mKg.jpg</thumbnail>
	<fanart>https://image.tmdb.org/t/p/w1280/7jF3gNtDClryQAzsvS3LJgXbbDO.jpg</fanart>
</item>
<item>
	<title>[COLOR=white]Welcome To Camp Nightmare (2)[/COLOR]</title>
	<meta>
	<imdb>tt1141246</imdb>
	<content>episode</content>
	<tvshowtitle>Goosebumps</tvshowtitle>
	<year>1995</year>
	<season>1</season>
	<episode>6</episode>
	</meta>
	<link>
	<sublink>search</sublink>
	<sublink>searchsd</sublink>
	</link>
	<thumbnail>https://image.tmdb.org/t/p/w1280/sGFRMzNYgmmaerQodKQaqBD9sA0.jpg</thumbnail>
	<fanart>https://image.tmdb.org/t/p/w1280/7jF3gNtDClryQAzsvS3LJgXbbDO.jpg</fanart>
</item>
<item>
	<title>[COLOR=white]Phantom of the Auditorium[/COLOR]</title>
	<meta>
	<imdb>tt1141246</imdb>
	<content>episode</content>
	<tvshowtitle>Goosebumps</tvshowtitle>
	<year>1995</year>
	<season>1</season>
	<episode>7</episode>
	</meta>
	<link>
	<sublink>search</sublink>
	<sublink>searchsd</sublink>
	</link>
	<thumbnail>https://image.tmdb.org/t/p/w1280/rnMK3UKbpAUjWNqA6LHCYCzdshp.jpg</thumbnail>
	<fanart>https://image.tmdb.org/t/p/w1280/7jF3gNtDClryQAzsvS3LJgXbbDO.jpg</fanart>
</item>
<item>
	<title>[COLOR=white]Piano Lessons Can Be Murder[/COLOR]</title>
	<meta>
	<imdb>tt1141246</imdb>
	<content>episode</content>
	<tvshowtitle>Goosebumps</tvshowtitle>
	<year>1995</year>
	<season>1</season>
	<episode>8</episode>
	</meta>
	<link>
	<sublink>search</sublink>
	<sublink>searchsd</sublink>
	</link>
	<thumbnail>https://image.tmdb.org/t/p/w1280/qNhKsJ1fzZBImnsgxUv9jpRqavX.jpg</thumbnail>
	<fanart>https://image.tmdb.org/t/p/w1280/7jF3gNtDClryQAzsvS3LJgXbbDO.jpg</fanart>
</item>
<item>
	<title>[COLOR=white]Return of the Mummy[/COLOR]</title>
	<meta>
	<imdb>tt1141246</imdb>
	<content>episode</content>
	<tvshowtitle>Goosebumps</tvshowtitle>
	<year>1995</year>
	<season>1</season>
	<episode>9</episode>
	</meta>
	<link>
	<sublink>search</sublink>
	<sublink>searchsd</sublink>
	</link>
	<thumbnail>https://image.tmdb.org/t/p/w1280/fmF9vTADfdZJxwZchMg4amGg5Ry.jpg</thumbnail>
	<fanart>https://image.tmdb.org/t/p/w1280/7jF3gNtDClryQAzsvS3LJgXbbDO.jpg</fanart>
</item>
<item>
	<title>[COLOR=white]Night of the Living Dummy II[/COLOR]</title>
	<meta>
	<imdb>tt1141246</imdb>
	<content>episode</content>
	<tvshowtitle>Goosebumps</tvshowtitle>
	<year>1996</year>
	<season>1</season>
	<episode>10</episode>
	</meta>
	<link>
	<sublink>search</sublink>
	<sublink>searchsd</sublink>
	</link>
	<thumbnail>https://image.tmdb.org/t/p/w1280/9p918UyKdVsWuJSJFhECd5ZVL9e.jpg</thumbnail>
	<fanart>https://image.tmdb.org/t/p/w1280/7jF3gNtDClryQAzsvS3LJgXbbDO.jpg</fanart>
</item>
<item>
	<title>[COLOR=white]My Hairiest Adventure[/COLOR]</title>
	<meta>
	<imdb>tt1141246</imdb>
	<content>episode</content>
	<tvshowtitle>Goosebumps</tvshowtitle>
	<year>1996</year>
	<season>1</season>
	<episode>11</episode>
	</meta>
	<link>
	<sublink>search</sublink>
	<sublink>searchsd</sublink>
	</link>
	<thumbnail>https://image.tmdb.org/t/p/w1280/qsGm6QWEtJfPLnRveYlmWkgnrmd.jpg</thumbnail>
	<fanart>https://image.tmdb.org/t/p/w1280/7jF3gNtDClryQAzsvS3LJgXbbDO.jpg</fanart>
</item>
<item>
	<title>[COLOR=white]Stay Out of The Basement (1)[/COLOR]</title>
	<meta>
	<imdb>tt1141246</imdb>
	<content>episode</content>
	<tvshowtitle>Goosebumps</tvshowtitle>
	<year>1996</year>
	<season>1</season>
	<episode>12</episode>
	</meta>
	<link>
	<sublink>search</sublink>
	<sublink>searchsd</sublink>
	</link>
	<thumbnail>https://image.tmdb.org/t/p/w1280/mKsVxqFnVlL16kPB4EpcWts45Do.jpg</thumbnail>
	<fanart>https://image.tmdb.org/t/p/w1280/7jF3gNtDClryQAzsvS3LJgXbbDO.jpg</fanart>
</item>
<item>
	<title>[COLOR=white]Stay Out of The Basement (2)[/COLOR]</title>
	<meta>
	<imdb>tt1141246</imdb>
	<content>episode</content>
	<tvshowtitle>Goosebumps</tvshowtitle>
	<year>1996</year>
	<season>1</season>
	<episode>13</episode>
	</meta>
	<link>
	<sublink>search</sublink>
	<sublink>searchsd</sublink>
	</link>
	<thumbnail>https://image.tmdb.org/t/p/w1280/grFJIxtwOfZ8AvZZOHAzpPUqFbg.jpg</thumbnail>
	<fanart>https://image.tmdb.org/t/p/w1280/7jF3gNtDClryQAzsvS3LJgXbbDO.jpg</fanart>
</item>
<item>
	<title>[COLOR=white]It Came from Beneath the Sink[/COLOR]</title>
	<meta>
	<imdb>tt1141246</imdb>
	<content>episode</content>
	<tvshowtitle>Goosebumps</tvshowtitle>
	<year>1996</year>
	<season>1</season>
	<episode>14</episode>
	</meta>
	<link>
	<sublink>search</sublink>
	<sublink>searchsd</sublink>
	</link>
	<thumbnail>https://image.tmdb.org/t/p/w1280/yM53MkUysi7ZdASRDjYsxM07b7K.jpg</thumbnail>
	<fanart>https://image.tmdb.org/t/p/w1280/7jF3gNtDClryQAzsvS3LJgXbbDO.jpg</fanart>
</item>
<item>
	<title>[COLOR=white]Say Cheese and Die![/COLOR]</title>
	<meta>
	<imdb>tt1141246</imdb>
	<content>episode</content>
	<tvshowtitle>Goosebumps</tvshowtitle>
	<year>1996</year>
	<season>1</season>
	<episode>15</episode>
	</meta>
	<link>
	<sublink>search</sublink>
	<sublink>searchsd</sublink>
	</link>
	<thumbnail>https://image.tmdb.org/t/p/w1280/4SKwaMvPIFkyAVDrgeEPeQTeX0N.jpg</thumbnail>
	<fanart>https://image.tmdb.org/t/p/w1280/7jF3gNtDClryQAzsvS3LJgXbbDO.jpg</fanart>
</item>
<item>
	<title>[COLOR=white]A Night in Terror Tower (1)[/COLOR]</title>
	<meta>
	<imdb>tt1141246</imdb>
	<content>episode</content>
	<tvshowtitle>Goosebumps</tvshowtitle>
	<year>1996</year>
	<season>1</season>
	<episode>16</episode>
	</meta>
	<link>
	<sublink>search</sublink>
	<sublink>searchsd</sublink>
	</link>
	<thumbnail>https://image.tmdb.org/t/p/w1280/tR0nv7f07gCVQB97bovWkaKCD0E.jpg</thumbnail>
	<fanart>https://image.tmdb.org/t/p/w1280/7jF3gNtDClryQAzsvS3LJgXbbDO.jpg</fanart>
</item>
<item>
	<title>[COLOR=white]A Night in Terror Tower (2)[/COLOR]</title>
	<meta>
	<imdb>tt1141246</imdb>
	<content>episode</content>
	<tvshowtitle>Goosebumps</tvshowtitle>
	<year>1996</year>
	<season>1</season>
	<episode>17</episode>
	</meta>
	<link>
	<sublink>search</sublink>
	<sublink>searchsd</sublink>
	</link>
	<thumbnail>https://image.tmdb.org/t/p/w1280/tWN1g1OFrteq1f5psO6v8PYh4ow.jpg</thumbnail>
	<fanart>https://image.tmdb.org/t/p/w1280/7jF3gNtDClryQAzsvS3LJgXbbDO.jpg</fanart>
</item>
<item>
	<title>[COLOR=white]The Werewolf of Fever Swamp (1)[/COLOR]</title>
	<meta>
	<imdb>tt1141246</imdb>
	<content>episode</content>
	<tvshowtitle>Goosebumps</tvshowtitle>
	<year>1996</year>
	<season>1</season>
	<episode>18</episode>
	</meta>
	<link>
	<sublink>search</sublink>
	<sublink>searchsd</sublink>
	</link>
	<thumbnail>https://image.tmdb.org/t/p/w1280/3X699mptsU0TivCoPoBGs6zVLHR.jpg</thumbnail>
	<fanart>https://image.tmdb.org/t/p/w1280/7jF3gNtDClryQAzsvS3LJgXbbDO.jpg</fanart>
</item>
<item>
	<title>[COLOR=white]The Werewolf of Fever Swamp (2)[/COLOR]</title>
	<meta>
	<imdb>tt1141246</imdb>
	<content>episode</content>
	<tvshowtitle>Goosebumps</tvshowtitle>
	<year>1996</year>
	<season>1</season>
	<episode>19</episode>
	</meta>
	<link>
	<sublink>search</sublink>
	<sublink>searchsd</sublink>
	</link>
	<thumbnail>https://image.tmdb.org/t/p/w1280/tWN1g1OFrteq1f5psO6v8PYh4ow.jpg</thumbnail>
	<fanart>https://image.tmdb.org/t/p/w1280/7jF3gNtDClryQAzsvS3LJgXbbDO.jpg</fanart>
</item>

<item>
    <title>[COLORlimegreen][B]Goosebumps series 2[/B][/COLOR]</title>
    <link>nolink</link>
    <thumbnail>https://i.imgur.com/1wCODOX.jpg</thumbnail>
	
</item>	

<item>
	<title>[COLOR=white]Be Careful What You Wish For...[/COLOR]</title>
	<meta>
	<imdb>tt1141246</imdb>
	<content>episode</content>
	<tvshowtitle>Goosebumps</tvshowtitle>
	<year>1996</year>
	<season>2</season>
	<episode>1</episode>
	</meta>
	<link>
	<sublink>search</sublink>
	<sublink>searchsd</sublink>
	</link>
	<thumbnail>https://image.tmdb.org/t/p/w1280/cbchjPb7Nw7VcQ0Mjfqpa3d25g6.jpg</thumbnail>
	<fanart>https://image.tmdb.org/t/p/w1280/7jF3gNtDClryQAzsvS3LJgXbbDO.jpg</fanart>
</item>
<item>
	<title>[COLOR=white]Attack of The Mutant (1)[/COLOR]</title>
	<meta>
	<imdb>tt1141246</imdb>
	<content>episode</content>
	<tvshowtitle>Goosebumps</tvshowtitle>
	<year>1996</year>
	<season>2</season>
	<episode>2</episode>
	</meta>
	<link>
	<sublink>search</sublink>
	<sublink>searchsd</sublink>
	</link>
	<thumbnail>https://image.tmdb.org/t/p/w1280/4AaoLSSrbUmt9ehB0Dx4RgoYPyU.jpg</thumbnail>
	<fanart>https://image.tmdb.org/t/p/w1280/7jF3gNtDClryQAzsvS3LJgXbbDO.jpg</fanart>
</item>
<item>
	<title>[COLOR=white]Attack of The Mutant (2)[/COLOR]</title>
	<meta>
	<imdb>tt1141246</imdb>
	<content>episode</content>
	<tvshowtitle>Goosebumps</tvshowtitle>
	<year>1996</year>
	<season>2</season>
	<episode>3</episode>
	</meta>
	<link>
	<sublink>search</sublink>
	<sublink>searchsd</sublink>
	</link>
	<thumbnail>https://image.tmdb.org/t/p/w1280/gPRZwPwpxpnij66elJw30EyVmgO.jpg</thumbnail>
	<fanart>https://image.tmdb.org/t/p/w1280/7jF3gNtDClryQAzsvS3LJgXbbDO.jpg</fanart>
</item>
<item>
	<title>[COLOR=white]Bad Hare Day[/COLOR]</title>
	<meta>
	<imdb>tt1141246</imdb>
	<content>episode</content>
	<tvshowtitle>Goosebumps</tvshowtitle>
	<year>1996</year>
	<season>2</season>
	<episode>4</episode>
	</meta>
	<link>
	<sublink>search</sublink>
	<sublink>searchsd</sublink>
	</link>
	<thumbnail>https://image.tmdb.org/t/p/w1280/qL9Gixc7Whxy2qDQbB2NFgcAZOU.jpg</thumbnail>
	<fanart>https://image.tmdb.org/t/p/w1280/7jF3gNtDClryQAzsvS3LJgXbbDO.jpg</fanart>
</item>
<item>
	<title>[COLOR=white]The Headless Ghost[/COLOR]</title>
	<meta>
	<imdb>tt1141246</imdb>
	<content>episode</content>
	<tvshowtitle>Goosebumps</tvshowtitle>
	<year>1996</year>
	<season>2</season>
	<episode>5</episode>
	</meta>
	<link>
	<sublink>search</sublink>
	<sublink>searchsd</sublink>
	</link>
	<thumbnail>https://image.tmdb.org/t/p/w1280/cWIm9D98ov5R8shfHOvqx4Jvuc9.jpg</thumbnail>
	<fanart>https://image.tmdb.org/t/p/w1280/7jF3gNtDClryQAzsvS3LJgXbbDO.jpg</fanart>
</item>
<item>
	<title>[COLOR=white]Go Eat Worms![/COLOR]</title>
	<meta>
	<imdb>tt1141246</imdb>
	<content>episode</content>
	<tvshowtitle>Goosebumps</tvshowtitle>
	<year>1996</year>
	<season>2</season>
	<episode>6</episode>
	</meta>
	<link>
	<sublink>search</sublink>
	<sublink>searchsd</sublink>
	</link>
	<thumbnail>https://image.tmdb.org/t/p/w1280/20VJTLyWHkBz034XTBPca99aBxG.jpg</thumbnail>
	<fanart>https://image.tmdb.org/t/p/w1280/7jF3gNtDClryQAzsvS3LJgXbbDO.jpg</fanart>
</item>
<item>
	<title>[COLOR=white]You Can't Scare Me![/COLOR]</title>
	<meta>
	<imdb>tt1141246</imdb>
	<content>episode</content>
	<tvshowtitle>Goosebumps</tvshowtitle>
	<year>1996</year>
	<season>2</season>
	<episode>7</episode>
	</meta>
	<link>
	<sublink>search</sublink>
	<sublink>searchsd</sublink>
	</link>
	<thumbnail>https://image.tmdb.org/t/p/w1280/cFF0Q8Ase1Ht2hJitW9F697TkjC.jpg</thumbnail>
	<fanart>https://image.tmdb.org/t/p/w1280/7jF3gNtDClryQAzsvS3LJgXbbDO.jpg</fanart>
</item>
<item>
	<title>[COLOR=white]Revenge of The Lawn Gnomes[/COLOR]</title>
	<meta>
	<imdb>tt1141246</imdb>
	<content>episode</content>
	<tvshowtitle>Goosebumps</tvshowtitle>
	<year>1996</year>
	<season>2</season>
	<episode>8</episode>
	</meta>
	<link>
	<sublink>search</sublink>
	<sublink>searchsd</sublink>
	</link>
	<thumbnail>https://image.tmdb.org/t/p/w1280/uWT892MuR6m0SWiswGP1rxVbpqN.jpg</thumbnail>
	<fanart>https://image.tmdb.org/t/p/w1280/7jF3gNtDClryQAzsvS3LJgXbbDO.jpg</fanart>
</item>
<item>
	<title>[COLOR=white]Ghost Beach[/COLOR]</title>
	<meta>
	<imdb>tt1141246</imdb>
	<content>episode</content>
	<tvshowtitle>Goosebumps</tvshowtitle>
	<year>1996</year>
	<season>2</season>
	<episode>9</episode>
	</meta>
	<link>
	<sublink>search</sublink>
	<sublink>searchsd</sublink>
	</link>
	<thumbnail>https://image.tmdb.org/t/p/w1280/dSiAhaZwMOnmfFyX4aDJlqS7qWb.jpg</thumbnail>
	<fanart>https://image.tmdb.org/t/p/w1280/7jF3gNtDClryQAzsvS3LJgXbbDO.jpg</fanart>
</item>
<item>
	<title>[COLOR=white]Attack of The Jack-O'-Lanterns[/COLOR]</title>
	<meta>
	<imdb>tt1141246</imdb>
	<content>episode</content>
	<tvshowtitle>Goosebumps</tvshowtitle>
	<year>1996</year>
	<season>2</season>
	<episode>10</episode>
	</meta>
	<link>
	<sublink>search</sublink>
	<sublink>searchsd</sublink>
	</link>
	<thumbnail>https://image.tmdb.org/t/p/w1280/uYg9K8r3dtca1Kxofmqb1RqMgN8.jpg</thumbnail>
	<fanart>https://image.tmdb.org/t/p/w1280/7jF3gNtDClryQAzsvS3LJgXbbDO.jpg</fanart>
</item>
<item>
	<title>[COLOR=white]The Haunted Mask II (1)[/COLOR]</title>
	<meta>
	<imdb>tt1141246</imdb>
	<content>episode</content>
	<tvshowtitle>Goosebumps</tvshowtitle>
	<year>1996</year>
	<season>2</season>
	<episode>11</episode>
	</meta>
	<link>
	<sublink>search</sublink>
	<sublink>searchsd</sublink>
	</link>
	<thumbnail>https://image.tmdb.org/t/p/w1280/kVzZNTvnGZbXnWWwFGygNig6CtM.jpg</thumbnail>
	<fanart>https://image.tmdb.org/t/p/w1280/7jF3gNtDClryQAzsvS3LJgXbbDO.jpg</fanart>
</item>
<item>
	<title>[COLOR=white]The Haunted Mask II (2)[/COLOR]</title>
	<meta>
	<imdb>tt1141246</imdb>
	<content>episode</content>
	<tvshowtitle>Goosebumps</tvshowtitle>
	<year>1996</year>
	<season>2</season>
	<episode>12</episode>
	</meta>
	<link>
	<sublink>search</sublink>
	<sublink>searchsd</sublink>
	</link>
	<thumbnail>https://image.tmdb.org/t/p/w1280</thumbnail>
	<fanart>https://image.tmdb.org/t/p/w1280/7jF3gNtDClryQAzsvS3LJgXbbDO.jpg</fanart>
</item>
<item>
	<title>[COLOR=white]Let's Get Invisible![/COLOR]</title>
	<meta>
	<imdb>tt1141246</imdb>
	<content>episode</content>
	<tvshowtitle>Goosebumps</tvshowtitle>
	<year>1996</year>
	<season>2</season>
	<episode>13</episode>
	</meta>
	<link>
	<sublink>search</sublink>
	<sublink>searchsd</sublink>
	</link>
	<thumbnail>https://image.tmdb.org/t/p/w1280/5xF3kyDMEUoyJMOP7wI3oXb5fP.jpg</thumbnail>
	<fanart>https://image.tmdb.org/t/p/w1280/7jF3gNtDClryQAzsvS3LJgXbbDO.jpg</fanart>
</item>
<item>
	<title>[COLOR=white]The Scarecrow Walks at Midnight[/COLOR]</title>
	<meta>
	<imdb>tt1141246</imdb>
	<content>episode</content>
	<tvshowtitle>Goosebumps</tvshowtitle>
	<year>1996</year>
	<season>2</season>
	<episode>14</episode>
	</meta>
	<link>
	<sublink>search</sublink>
	<sublink>searchsd</sublink>
	</link>
	<thumbnail>https://image.tmdb.org/t/p/w1280/2H9TgnlWly3GoLnlL72p4H7NtgR.jpg</thumbnail>
	<fanart>https://image.tmdb.org/t/p/w1280/7jF3gNtDClryQAzsvS3LJgXbbDO.jpg</fanart>
</item>
<item>
	<title>[COLOR=white]Monster Blood (1)[/COLOR]</title>
	<meta>
	<imdb>tt1141246</imdb>
	<content>episode</content>
	<tvshowtitle>Goosebumps</tvshowtitle>
	<year>1996</year>
	<season>2</season>
	<episode>15</episode>
	</meta>
	<link>
	<sublink>search</sublink>
	<sublink>searchsd</sublink>
	</link>
	<thumbnail>https://image.tmdb.org/t/p/w1280/AfsIEOaGlYdGzMiVGQxkhKL6NPy.jpg</thumbnail>
	<fanart>https://image.tmdb.org/t/p/w1280/7jF3gNtDClryQAzsvS3LJgXbbDO.jpg</fanart>
</item>
<item>
	<title>[COLOR=white]More Monster Blood (2)[/COLOR]</title>
	<meta>
	<imdb>tt1141246</imdb>
	<content>episode</content>
	<tvshowtitle>Goosebumps</tvshowtitle>
	<year>1996</year>
	<season>2</season>
	<episode>16</episode>
	</meta>
	<link>
	<sublink>search</sublink>
	<sublink>searchsd</sublink>
	</link>
	<thumbnail>https://image.tmdb.org/t/p/w1280/9X2oip0dKHHHX4eoXRqldThMoMD.jpg</thumbnail>
	<fanart>https://image.tmdb.org/t/p/w1280/7jF3gNtDClryQAzsvS3LJgXbbDO.jpg</fanart>
</item>
<item>
	<title>[COLOR=white]Vampire Breath[/COLOR]</title>
	<meta>
	<imdb>tt1141246</imdb>
	<content>episode</content>
	<tvshowtitle>Goosebumps</tvshowtitle>
	<year>1996</year>
	<season>2</season>
	<episode>17</episode>
	</meta>
	<link>
	<sublink>search</sublink>
	<sublink>searchsd</sublink>
	</link>
	<thumbnail>https://image.tmdb.org/t/p/w1280/dgx9awO5pHMEOYh5pyGAI3CvWRd.jpg</thumbnail>
	<fanart>https://image.tmdb.org/t/p/w1280/7jF3gNtDClryQAzsvS3LJgXbbDO.jpg</fanart>
</item>
<item>
	<title>[COLOR=white]How to Kill a Monster[/COLOR]</title>
	<meta>
	<imdb>tt1141246</imdb>
	<content>episode</content>
	<tvshowtitle>Goosebumps</tvshowtitle>
	<year>1997</year>
	<season>2</season>
	<episode>18</episode>
	</meta>
	<link>
	<sublink>search</sublink>
	<sublink>searchsd</sublink>
	</link>
	<thumbnail>https://image.tmdb.org/t/p/w1280/1oe7a9vNAR8NsdPEAU2tXbe6lfo.jpg</thumbnail>
	<fanart>https://image.tmdb.org/t/p/w1280/7jF3gNtDClryQAzsvS3LJgXbbDO.jpg</fanart>
</item>
<item>
	<title>[COLOR=white]Calling All Creeps![/COLOR]</title>
	<meta>
	<imdb>tt1141246</imdb>
	<content>episode</content>
	<tvshowtitle>Goosebumps</tvshowtitle>
	<year>1997</year>
	<season>2</season>
	<episode>19</episode>
	</meta>
	<link>
	<sublink>search</sublink>
	<sublink>searchsd</sublink>
	</link>
	<thumbnail>https://image.tmdb.org/t/p/w1280/AvEy6VmG7Ldk8Y5b99hJFMlyl0G.jpg</thumbnail>
	<fanart>https://image.tmdb.org/t/p/w1280/7jF3gNtDClryQAzsvS3LJgXbbDO.jpg</fanart>
</item>
<item>
	<title>[COLOR=white]Welcome to Dead House (1)[/COLOR]</title>
	<meta>
	<imdb>tt1141246</imdb>
	<content>episode</content>
	<tvshowtitle>Goosebumps</tvshowtitle>
	<year>1997</year>
	<season>2</season>
	<episode>20</episode>
	</meta>
	<link>
	<sublink>search</sublink>
	<sublink>searchsd</sublink>
	</link>
	<thumbnail>https://image.tmdb.org/t/p/w1280/1of0PS9SqkfvzZ53PHbgohNi6Za.jpg</thumbnail>
	<fanart>https://image.tmdb.org/t/p/w1280/7jF3gNtDClryQAzsvS3LJgXbbDO.jpg</fanart>
</item>
<item>
	<title>[COLOR=white]Welcome to Dead House (2)[/COLOR]</title>
	<meta>
	<imdb>tt1141246</imdb>
	<content>episode</content>
	<tvshowtitle>Goosebumps</tvshowtitle>
	<year>1997</year>
	<season>2</season>
	<episode>21</episode>
	</meta>
	<link>
	<sublink>search</sublink>
	<sublink>searchsd</sublink>
	</link>
	<thumbnail>https://image.tmdb.org/t/p/w1280</thumbnail>
	<fanart>https://image.tmdb.org/t/p/w1280/7jF3gNtDClryQAzsvS3LJgXbbDO.jpg</fanart>
</item>
<item>
	<title>[COLOR=white]Don't Wake Mummy[/COLOR]</title>
	<meta>
	<imdb>tt1141246</imdb>
	<content>episode</content>
	<tvshowtitle>Goosebumps</tvshowtitle>
	<year>1997</year>
	<season>2</season>
	<episode>22</episode>
	</meta>
	<link>
	<sublink>search</sublink>
	<sublink>searchsd</sublink>
	</link>
	<thumbnail>https://image.tmdb.org/t/p/w1280/y1ExxbI17g3b2ErKaaLRKms0D2Z.jpg</thumbnail>
	<fanart>https://image.tmdb.org/t/p/w1280/7jF3gNtDClryQAzsvS3LJgXbbDO.jpg</fanart>
</item>
<item>
	<title>[COLOR=white]The Blob That Ate Everyone[/COLOR]</title>
	<meta>
	<imdb>tt1141246</imdb>
	<content>episode</content>
	<tvshowtitle>Goosebumps</tvshowtitle>
	<year>1997</year>
	<season>2</season>
	<episode>23</episode>
	</meta>
	<link>
	<sublink>search</sublink>
	<sublink>searchsd</sublink>
	</link>
	<thumbnail>https://image.tmdb.org/t/p/w1280/e7elYU9x2XKi6OND2E4a00kM6r3.jpg</thumbnail>
	<fanart>https://image.tmdb.org/t/p/w1280/7jF3gNtDClryQAzsvS3LJgXbbDO.jpg</fanart>
</item>
<item>
	<title>[COLOR=white]Night of The Living Dummy III (1)[/COLOR]</title>
	<meta>
	<imdb>tt1141246</imdb>
	<content>episode</content>
	<tvshowtitle>Goosebumps</tvshowtitle>
	<year>1997</year>
	<season>2</season>
	<episode>24</episode>
	</meta>
	<link>
	<sublink>search</sublink>
	<sublink>searchsd</sublink>
	</link>
	<thumbnail>https://image.tmdb.org/t/p/w1280/xmDMGMqgw5yNGqMguU4Ox7Btof4.jpg</thumbnail>
	<fanart>https://image.tmdb.org/t/p/w1280/7jF3gNtDClryQAzsvS3LJgXbbDO.jpg</fanart>
</item>
<item>
	<title>[COLOR=white]Night of The Living Dummy III (2)[/COLOR]</title>
	<meta>
	<imdb>tt1141246</imdb>
	<content>episode</content>
	<tvshowtitle>Goosebumps</tvshowtitle>
	<year>1997</year>
	<season>2</season>
	<episode>25</episode>
	</meta>
	<link>
	<sublink>search</sublink>
	<sublink>searchsd</sublink>
	</link>
	<thumbnail>https://image.tmdb.org/t/p/w1280</thumbnail>
	<fanart>https://image.tmdb.org/t/p/w1280/7jF3gNtDClryQAzsvS3LJgXbbDO.jpg</fanart>
</item>

<item>
    <title>[COLORlimegreen][B]Goosebumps series 3[/B][/COLOR]</title>
    <link>nolink</link>
    <thumbnail>https://i.imgur.com/1wCODOX.jpg.jpg</thumbnail>
	
</item>	

<item>
	<title>[COLOR=white]A Shocker on Shock Street[/COLOR]</title>
	<meta>
	<imdb>tt1141246</imdb>
	<content>episode</content>
	<tvshowtitle>Goosebumps</tvshowtitle>
	<year>1997</year>
	<season>3</season>
	<episode>1</episode>
	</meta>
	<link>
	<sublink>search</sublink>
	<sublink>searchsd</sublink>
	</link>
	<thumbnail>https://image.tmdb.org/t/p/w1280/afne06cMbClHgxiAg1yOSu44wnh.jpg</thumbnail>
	<fanart>https://image.tmdb.org/t/p/w1280/7jF3gNtDClryQAzsvS3LJgXbbDO.jpg</fanart>
</item>
<item>
	<title>[COLOR=white]My Best Friend is Invisible[/COLOR]</title>
	<meta>
	<imdb>tt1141246</imdb>
	<content>episode</content>
	<tvshowtitle>Goosebumps</tvshowtitle>
	<year>1997</year>
	<season>3</season>
	<episode>2</episode>
	</meta>
	<link>
	<sublink>search</sublink>
	<sublink>searchsd</sublink>
	</link>
	<thumbnail>https://image.tmdb.org/t/p/w1280/eeRA4bbCegNZW74JY1Dk7oSk6Si.jpg</thumbnail>
	<fanart>https://image.tmdb.org/t/p/w1280/7jF3gNtDClryQAzsvS3LJgXbbDO.jpg</fanart>
</item>
<item>
	<title>[COLOR=white]The House of No Return[/COLOR]</title>
	<meta>
	<imdb>tt1141246</imdb>
	<content>episode</content>
	<tvshowtitle>Goosebumps</tvshowtitle>
	<year>1997</year>
	<season>3</season>
	<episode>3</episode>
	</meta>
	<link>
	<sublink>search</sublink>
	<sublink>searchsd</sublink>
	</link>
	<thumbnail>https://image.tmdb.org/t/p/w1280/lwNDxcUudeQ3LuH7LfMwQO7R7I1.jpg</thumbnail>
	<fanart>https://image.tmdb.org/t/p/w1280/7jF3gNtDClryQAzsvS3LJgXbbDO.jpg</fanart>
</item>
<item>
	<title>[COLOR=white]Don't Go to Sleep[/COLOR]</title>
	<meta>
	<imdb>tt1141246</imdb>
	<content>episode</content>
	<tvshowtitle>Goosebumps</tvshowtitle>
	<year>1997</year>
	<season>3</season>
	<episode>4</episode>
	</meta>
	<link>
	<sublink>search</sublink>
	<sublink>searchsd</sublink>
	</link>
	<thumbnail>https://image.tmdb.org/t/p/w1280/fnyVDeAKDAXuI33DEWw7I8cvtt0.jpg</thumbnail>
	<fanart>https://image.tmdb.org/t/p/w1280/7jF3gNtDClryQAzsvS3LJgXbbDO.jpg</fanart>
</item>
<item>
	<title>[COLOR=white]Click[/COLOR]</title>
	<meta>
	<imdb>tt1141246</imdb>
	<content>episode</content>
	<tvshowtitle>Goosebumps</tvshowtitle>
	<year>1997</year>
	<season>3</season>
	<episode>5</episode>
	</meta>
	<link>
	<sublink>search</sublink>
	<sublink>searchsd</sublink>
	</link>
	<thumbnail>https://image.tmdb.org/t/p/w1280/4jX8WpRb5gw9XUro8iecQZZ9ohm.jpg</thumbnail>
	<fanart>https://image.tmdb.org/t/p/w1280/7jF3gNtDClryQAzsvS3LJgXbbDO.jpg</fanart>
</item>
<item>
	<title>[COLOR=white]An Old Story[/COLOR]</title>
	<meta>
	<imdb>tt1141246</imdb>
	<content>episode</content>
	<tvshowtitle>Goosebumps</tvshowtitle>
	<year>1997</year>
	<season>3</season>
	<episode>6</episode>
	</meta>
	<link>
	<sublink>search</sublink>
	<sublink>searchsd</sublink>
	</link>
	<thumbnail>https://image.tmdb.org/t/p/w1280/m98yJfCLmdy95rk8E1Xvncu5jmX.jpg</thumbnail>
	<fanart>https://image.tmdb.org/t/p/w1280/7jF3gNtDClryQAzsvS3LJgXbbDO.jpg</fanart>
</item>
<item>
	<title>[COLOR=white]The Barking Ghost[/COLOR]</title>
	<meta>
	<imdb>tt1141246</imdb>
	<content>episode</content>
	<tvshowtitle>Goosebumps</tvshowtitle>
	<year>1997</year>
	<season>3</season>
	<episode>7</episode>
	</meta>
	<link>
	<sublink>search</sublink>
	<sublink>searchsd</sublink>
	</link>
	<thumbnail>https://image.tmdb.org/t/p/w1280/kHIqmrgymGDZgS8CmHfak5V6MEO.jpg</thumbnail>
	<fanart>https://image.tmdb.org/t/p/w1280/7jF3gNtDClryQAzsvS3LJgXbbDO.jpg</fanart>
</item>
<item>
	<title>[COLOR=white]One Day at HorrorLand (1)[/COLOR]</title>
	<meta>
	<imdb>tt1141246</imdb>
	<content>episode</content>
	<tvshowtitle>Goosebumps</tvshowtitle>
	<year>1997</year>
	<season>3</season>
	<episode>8</episode>
	</meta>
	<link>
	<sublink>search</sublink>
	<sublink>searchsd</sublink>
	</link>
	<thumbnail>https://image.tmdb.org/t/p/w1280/nemxY9I7Ljn4mz6qt6X8J7kH7UP.jpg</thumbnail>
	<fanart>https://image.tmdb.org/t/p/w1280/7jF3gNtDClryQAzsvS3LJgXbbDO.jpg</fanart>
</item>
<item>
	<title>[COLOR=white]One Day at HorrorLand (2)[/COLOR]</title>
	<meta>
	<imdb>tt1141246</imdb>
	<content>episode</content>
	<tvshowtitle>Goosebumps</tvshowtitle>
	<year>1997</year>
	<season>3</season>
	<episode>9</episode>
	</meta>
	<link>
	<sublink>search</sublink>
	<sublink>searchsd</sublink>
	</link>
	<thumbnail>https://image.tmdb.org/t/p/w1280/mE9RPpRSsMF33XO6Iqt6Ygm6658.jpg</thumbnail>
	<fanart>https://image.tmdb.org/t/p/w1280/7jF3gNtDClryQAzsvS3LJgXbbDO.jpg</fanart>
</item>
<item>
	<title>[COLOR=white]The Haunted House Game[/COLOR]</title>
	<meta>
	<imdb>tt1141246</imdb>
	<content>episode</content>
	<tvshowtitle>Goosebumps</tvshowtitle>
	<year>1997</year>
	<season>3</season>
	<episode>10</episode>
	</meta>
	<link>
	<sublink>search</sublink>
	<sublink>searchsd</sublink>
	</link>
	<thumbnail>https://image.tmdb.org/t/p/w1280/oqoa0xoPncPqVqVG3ZzLFFb3seY.jpg</thumbnail>
	<fanart>https://image.tmdb.org/t/p/w1280/7jF3gNtDClryQAzsvS3LJgXbbDO.jpg</fanart>
</item>
<item>
	<title>[COLOR=white]The Perfect School (1)[/COLOR]</title>
	<meta>
	<imdb>tt1141246</imdb>
	<content>episode</content>
	<tvshowtitle>Goosebumps</tvshowtitle>
	<year>1997</year>
	<season>3</season>
	<episode>11</episode>
	</meta>
	<link>
	<sublink>search</sublink>
	<sublink>searchsd</sublink>
	</link>
	<thumbnail>https://image.tmdb.org/t/p/w1280/cjkHJdYpgsqnZLKAzKssKIlqVvW.jpg</thumbnail>
	<fanart>https://image.tmdb.org/t/p/w1280/7jF3gNtDClryQAzsvS3LJgXbbDO.jpg</fanart>
</item>
<item>
	<title>[COLOR=white]The Perfect School (2)[/COLOR]</title>
	<meta>
	<imdb>tt1141246</imdb>
	<content>episode</content>
	<tvshowtitle>Goosebumps</tvshowtitle>
	<year>1997</year>
	<season>3</season>
	<episode>12</episode>
	</meta>
	<link>
	<sublink>search</sublink>
	<sublink>searchsd</sublink>
	</link>
	<thumbnail>https://image.tmdb.org/t/p/w1280/dq8UsgGmZFDZwFcEQsk1h1Fhzqj.jpg</thumbnail>
	<fanart>https://image.tmdb.org/t/p/w1280/7jF3gNtDClryQAzsvS3LJgXbbDO.jpg</fanart>
</item>
<item>
	<title>[COLOR=white]Werewolf Skin (1)[/COLOR]</title>
	<meta>
	<imdb>tt1141246</imdb>
	<content>episode</content>
	<tvshowtitle>Goosebumps</tvshowtitle>
	<year>1997</year>
	<season>3</season>
	<episode>13</episode>
	</meta>
	<link>
	<sublink>search</sublink>
	<sublink>searchsd</sublink>
	</link>
	<thumbnail>https://image.tmdb.org/t/p/w1280/40fua5gDWelR8B1XgZGUitqLs7s.jpg</thumbnail>
	<fanart>https://image.tmdb.org/t/p/w1280/7jF3gNtDClryQAzsvS3LJgXbbDO.jpg</fanart>
</item>
<item>
	<title>[COLOR=white]Werewolf Skin (2)[/COLOR]</title>
	<meta>
	<imdb>tt1141246</imdb>
	<content>episode</content>
	<tvshowtitle>Goosebumps</tvshowtitle>
	<year>1997</year>
	<season>3</season>
	<episode>14</episode>
	</meta>
	<link>
	<sublink>search</sublink>
	<sublink>searchsd</sublink>
	</link>
	<thumbnail>https://image.tmdb.org/t/p/w1280/icHkzTy8y7noOJ7qG4GBAArc5ns.jpg</thumbnail>
	<fanart>https://image.tmdb.org/t/p/w1280/7jF3gNtDClryQAzsvS3LJgXbbDO.jpg</fanart>
</item>
<item>
	<title>[COLOR=white]Awesome Ants[/COLOR]</title>
	<meta>
	<imdb>tt1141246</imdb>
	<content>episode</content>
	<tvshowtitle>Goosebumps</tvshowtitle>
	<year>1998</year>
	<season>3</season>
	<episode>15</episode>
	</meta>
	<link>
	<sublink>search</sublink>
	<sublink>searchsd</sublink>
	</link>
	<thumbnail>https://image.tmdb.org/t/p/w1280/2hBeA1LlfrsMWC3hHqrKAHAhEPT.jpg</thumbnail>
	<fanart>https://image.tmdb.org/t/p/w1280/7jF3gNtDClryQAzsvS3LJgXbbDO.jpg</fanart>
</item>
<item>
	<title>[COLOR=white]Bride of The Living Dummy[/COLOR]</title>
	<meta>
	<imdb>tt1141246</imdb>
	<content>episode</content>
	<tvshowtitle>Goosebumps</tvshowtitle>
	<year>1998</year>
	<season>3</season>
	<episode>16</episode>
	</meta>
	<link>
	<sublink>search</sublink>
	<sublink>searchsd</sublink>
	</link>
	<thumbnail>https://image.tmdb.org/t/p/w1280/kUHV3sb3DrUz5FxVdYyxchvgkoy.jpg</thumbnail>
	<fanart>https://image.tmdb.org/t/p/w1280/7jF3gNtDClryQAzsvS3LJgXbbDO.jpg</fanart>
</item>
<item>
	<title>[COLOR=white]Strained Peas[/COLOR]</title>
	<meta>
	<imdb>tt1141246</imdb>
	<content>episode</content>
	<tvshowtitle>Goosebumps</tvshowtitle>
	<year>1998</year>
	<season>3</season>
	<episode>17</episode>
	</meta>
	<link>
	<sublink>search</sublink>
	<sublink>searchsd</sublink>
	</link>
	<thumbnail>https://image.tmdb.org/t/p/w1280/Cg4kf157eaXCwe4GAJWJIyDsa0.jpg</thumbnail>
	<fanart>https://image.tmdb.org/t/p/w1280/7jF3gNtDClryQAzsvS3LJgXbbDO.jpg</fanart>
</item>
<item>
	<title>[COLOR=white]Say Cheese and Die-Again![/COLOR]</title>
	<meta>
	<imdb>tt1141246</imdb>
	<content>episode</content>
	<tvshowtitle>Goosebumps</tvshowtitle>
	<year>1998</year>
	<season>3</season>
	<episode>18</episode>
	</meta>
	<link>
	<sublink>search</sublink>
	<sublink>searchsd</sublink>
	</link>
	<thumbnail>https://image.tmdb.org/t/p/w1280/watz12eeMWj4sdOcwy23A63n7Dr.jpg</thumbnail>
	<fanart>https://image.tmdb.org/t/p/w1280/7jF3gNtDClryQAzsvS3LJgXbbDO.jpg</fanart>
</item>
<item>
	<title>[COLOR=white]Chillogy (1): Squeal of Fortune[/COLOR]</title>
	<meta>
	<imdb>tt1141246</imdb>
	<content>episode</content>
	<tvshowtitle>Goosebumps</tvshowtitle>
	<year>1998</year>
	<season>3</season>
	<episode>19</episode>
	</meta>
	<link>
	<sublink>search</sublink>
	<sublink>searchsd</sublink>
	</link>
	<thumbnail>https://image.tmdb.org/t/p/w1280/kbHnGyAQ9IIRaO8PWzxWLSPpqdu.jpg</thumbnail>
	<fanart>https://image.tmdb.org/t/p/w1280/7jF3gNtDClryQAzsvS3LJgXbbDO.jpg</fanart>
</item>
<item>
	<title>[COLOR=white]Chillogy (2): Strike Three... You're Doomed[/COLOR]</title>
	<meta>
	<imdb>tt1141246</imdb>
	<content>episode</content>
	<tvshowtitle>Goosebumps</tvshowtitle>
	<year>1998</year>
	<season>3</season>
	<episode>20</episode>
	</meta>
	<link>
	<sublink>search</sublink>
	<sublink>searchsd</sublink>
	</link>
	<thumbnail>https://image.tmdb.org/t/p/w1280/h9nqt5ezo5dUdZ8jet0mz33JAlG.jpg</thumbnail>
	<fanart>https://image.tmdb.org/t/p/w1280/7jF3gNtDClryQAzsvS3LJgXbbDO.jpg</fanart>
</item>
<item>
	<title>[COLOR=white]Chillogy (3): Escape From Karlsville[/COLOR]</title>
	<meta>
	<imdb>tt1141246</imdb>
	<content>episode</content>
	<tvshowtitle>Goosebumps</tvshowtitle>
	<year>1998</year>
	<season>3</season>
	<episode>21</episode>
	</meta>
	<link>
	<sublink>search</sublink>
	<sublink>searchsd</sublink>
	</link>
	<thumbnail>https://image.tmdb.org/t/p/w1280/7CREW4y052AJz4iIddmNhCBNoO6.jpg</thumbnail>
	<fanart>https://image.tmdb.org/t/p/w1280/7jF3gNtDClryQAzsvS3LJgXbbDO.jpg</fanart>
</item>
<item>
	<title>[COLOR=white]Teacher's Pet[/COLOR]</title>
	<meta>
	<imdb>tt1141246</imdb>
	<content>episode</content>
	<tvshowtitle>Goosebumps</tvshowtitle>
	<year>1998</year>
	<season>3</season>
	<episode>22</episode>
	</meta>
	<link>
	<sublink>search</sublink>
	<sublink>searchsd</sublink>
	</link>
	<thumbnail>https://image.tmdb.org/t/p/w1280/TfEYK0dkLQ5X63UuCkr4cb4eWW.jpg</thumbnail>
	<fanart>https://image.tmdb.org/t/p/w1280/7jF3gNtDClryQAzsvS3LJgXbbDO.jpg</fanart>
</item>

<item>
    <title>[COLORlimegreen][B]Goosebumps series 4[/B][/COLOR]</title>
    <link>nolink</link>
    <thumbnail>https://i.imgur.com/1wCODOX.jpg</thumbnail>
	
</item>	

<item>
	<title>[COLOR=white]How I Got My Shrunken Head (1)[/COLOR]</title>
	<meta>
	<imdb>tt1141246</imdb>
	<content>episode</content>
	<tvshowtitle>Goosebumps</tvshowtitle>
	<year>1998</year>
	<season>4</season>
	<episode>1</episode>
	</meta>
	<link>
	<sublink>search</sublink>
	<sublink>searchsd</sublink>
	</link>
	<thumbnail>https://image.tmdb.org/t/p/w1280/pfbffDAAdxoG5vqJMFUN7mIAppK.jpg</thumbnail>
	<fanart>https://image.tmdb.org/t/p/w1280/7jF3gNtDClryQAzsvS3LJgXbbDO.jpg</fanart>
</item>
<item>
	<title>[COLOR=white]How I Got My Shrunken Head (2)[/COLOR]</title>
	<meta>
	<imdb>tt1141246</imdb>
	<content>episode</content>
	<tvshowtitle>Goosebumps</tvshowtitle>
	<year>1998</year>
	<season>4</season>
	<episode>2</episode>
	</meta>
	<link>
	<sublink>search</sublink>
	<sublink>searchsd</sublink>
	</link>
	<thumbnail>https://image.tmdb.org/t/p/w1280/oASyhR7vkQofX2T0S1vAvdaZHgr.jpg</thumbnail>
	<fanart>https://image.tmdb.org/t/p/w1280/7jF3gNtDClryQAzsvS3LJgXbbDO.jpg</fanart>
</item>
<item>
	<title>[COLOR=white]The Ghost Next Door (1)[/COLOR]</title>
	<meta>
	<imdb>tt1141246</imdb>
	<content>episode</content>
	<tvshowtitle>Goosebumps</tvshowtitle>
	<year>1998</year>
	<season>4</season>
	<episode>3</episode>
	</meta>
	<link>
	<sublink>search</sublink>
	<sublink>searchsd</sublink>
	</link>
	<thumbnail>https://image.tmdb.org/t/p/w1280/4aPGODG9znkMdCZD8aH7cXQHJDk.jpg</thumbnail>
	<fanart>https://image.tmdb.org/t/p/w1280/7jF3gNtDClryQAzsvS3LJgXbbDO.jpg</fanart>
</item>
<item>
	<title>[COLOR=white]The Ghost Next Door (2)[/COLOR]</title>
	<meta>
	<imdb>tt1141246</imdb>
	<content>episode</content>
	<tvshowtitle>Goosebumps</tvshowtitle>
	<year>1998</year>
	<season>4</season>
	<episode>4</episode>
	</meta>
	<link>
	<sublink>search</sublink>
	<sublink>searchsd</sublink>
	</link>
	<thumbnail>https://image.tmdb.org/t/p/w1280/mjpJXI4duh2Uzq9OxJ5Jt67LMaa.jpg</thumbnail>
	<fanart>https://image.tmdb.org/t/p/w1280/7jF3gNtDClryQAzsvS3LJgXbbDO.jpg</fanart>
</item>
<item>
	<title>[COLOR=white]Cry of The Cat[/COLOR]</title>
	<meta>
	<imdb>tt1141246</imdb>
	<content>episode</content>
	<tvshowtitle>Goosebumps</tvshowtitle>
	<year>1998</year>
	<season>4</season>
	<episode>5</episode>
	</meta>
	<link>
	<sublink>search</sublink>
	<sublink>searchsd</sublink>
	</link>
	<thumbnail>https://image.tmdb.org/t/p/w1280/ytKg0ZizysfN31Hv5dnsGuX3bZy.jpg</thumbnail>
	<fanart>https://image.tmdb.org/t/p/w1280/7jF3gNtDClryQAzsvS3LJgXbbDO.jpg</fanart>
</item>
<item>
	<title>[COLOR=white]Cry of The Cat (2)[/COLOR]</title>
	<meta>
	<imdb>tt1141246</imdb>
	<content>episode</content>
	<tvshowtitle>Goosebumps</tvshowtitle>
	<year>1998</year>
	<season>4</season>
	<episode>6</episode>
	</meta>
	<link>
	<sublink>search</sublink>
	<sublink>searchsd</sublink>
	</link>
	<thumbnail>https://image.tmdb.org/t/p/w1280/cJUPgUUd3yZqNEPGdjRNI88vBLF.jpg</thumbnail>
	<fanart>https://image.tmdb.org/t/p/w1280/7jF3gNtDClryQAzsvS3LJgXbbDO.jpg</fanart>
</item>
<item>
	<title>[COLOR=white]Deep Trouble (1)[/COLOR]</title>
	<meta>
	<imdb>tt1141246</imdb>
	<content>episode</content>
	<tvshowtitle>Goosebumps</tvshowtitle>
	<year>1998</year>
	<season>4</season>
	<episode>7</episode>
	</meta>
	<link>
	<sublink>search</sublink>
	<sublink>searchsd</sublink>
	</link>
	<thumbnail>https://image.tmdb.org/t/p/w1280/jTXoaujJ1Njvh6VYbeCb9T7sGr9.jpg</thumbnail>
	<fanart>https://image.tmdb.org/t/p/w1280/7jF3gNtDClryQAzsvS3LJgXbbDO.jpg</fanart>
</item>
<item>
	<title>[COLOR=white]Deep Trouble (2)[/COLOR]</title>
	<meta>
	<imdb>tt1141246</imdb>
	<content>episode</content>
	<tvshowtitle>Goosebumps</tvshowtitle>
	<year>1998</year>
	<season>4</season>
	<episode>8</episode>
	</meta>
	<link>
	<sublink>search</sublink>
	<sublink>searchsd</sublink>
	</link>
	<thumbnail>https://image.tmdb.org/t/p/w1280/aqLqzOWsIsIKLv4198eA4jPYidj.jpg</thumbnail>
	<fanart>https://image.tmdb.org/t/p/w1280/7jF3gNtDClryQAzsvS3LJgXbbDO.jpg</fanart>
</item>

