<item>
    <title>[COLORlimegreen][B]Goosebumps series 1[/B][/COLOR]</title>
    <link>nolink</link>
    <thumbnail>https://i.imgur.com/1wCODOX.jpg</thumbnail>
	
</item>	

<item>
	<title>[COLOR=white]The Haunted Mask (1)[/COLOR]</title>
	<meta>
	<imdb>tt1141246</imdb>
	<content>episode</content>
	<tvshowtitle>Goosebumps</tvshowtitle>
	<year>1995</year>
	<season>1</season>
	<episode>1</episode>
	</meta>
	<link>
	<sublink>search</sublink>
	<sublink>searchsd</sublink>
	</link>
	<thumbnail>https://image.tmdb.org/t/p/w1280/sZw115QkQWmKoUPLfmB10YXKRr4.jpg</thumbnail>
	<fanart>https://image.tmdb.org/t/p/w1280/7jF3gNtDClryQAzsvS3LJgXbbDO.jpg</fanart>
</item>
<item>
	<title>[COLOR=white]The Haunted Mask (2)[/COLOR]</title>
	<meta>
	<imdb>tt1141246</imdb>
	<content>episode</content>
	<tvshowtitle>Goosebumps</tvshowtitle>
	<year>1995</year>
	<season>1</season>
	<episode>2</episode>
	</meta>
	<link>
	<sublink>search</sublink>
	<sublink>searchsd</sublink>
	</link>
	<thumbnail>https://image.tmdb.org/t/p/w1280/tWN1g1OFrteq1f5psO6v8PYh4ow.jpg</thumbnail>
	<fanart>https://image.tmdb.org/t/p/w1280/7jF3gNtDClryQAzsvS3LJgXbbDO.jpg</fanart>
</item>
<item>
	<title>[COLOR=white]The Cuckoo Clock of Doom[/COLOR]</title>
	<meta>
	<imdb>tt1141246</imdb>
	<content>episode</content>
	<tvshowtitle>Goosebumps</tvshowtitle>
	<year>1995</year>
	<season>1</season>
	<episode>3</episode>
	</meta>
	<link>
	<sublink>search</sublink>
	<sublink>searchsd</sublink>
	</link>
	<thumbnail>https://image.tmdb.org/t/p/w1280/jOs90SdywVddTKu30Q9L0RWzCHF.jpg</thumbnail>
	<fanart>https://image.tmdb.org/t/p/w1280/7jF3gNtDClryQAzsvS3LJgXbbDO.jpg</fanart>
</item>
<item>
	<title>[COLOR=white]The Girl Who Cried Monster[/COLOR]</title>
	<meta>
	<imdb>tt1141246</imdb>
	<content>episode</content>
	<tvshowtitle>Goosebumps</tvshowtitle>
	<year>1995</year>
	<season>1</season>
	<episode>4</episode>
	</meta>
	<link>
	<sublink>search</sublink>
	<sublink>searchsd</sublink>
	</link>
	<thumbnail>https://image.tmdb.org/t/p/w1280/wsW9QnSdrgeCcj3G0ZK0kimGb9n.jpg</thumbnail>
	<fanart>https://image.tmdb.org/t/p/w1280/7jF3gNtDClryQAzsvS3LJgXbbDO.jpg</fanart>
</item>
<item>
	<title>[COLOR=white]Welcome To Camp Nightmare (1)[/COLOR]</title>
	<meta>
	<imdb>tt1141246</imdb>
	<content>episode</content>
	<tvshowtitle>Goosebumps</tvshowtitle>
	<year>1995</year>
	<season>1</season>
	<episode>5</episode>
	</meta>
	<link>
	<sublink>search</sublink>
	<sublink>searchsd</sublink>
	</link>
	<thumbnail>https://image.tmdb.org/t/p/w1280/6wA2FEtWow3cSOYwl1er4d95mKg.jpg</thumbnail>
	<fanart>https://image.tmdb.org/t/p/w1280/7jF3gNtDClryQAzsvS3LJgXbbDO.jpg</fanart>
</item>
<item>
	<title>[COLOR=white]Welcome To Camp Nightmare (2)[/COLOR]</title>
	<meta>
	<imdb>tt1141246</imdb>
	<content>episode</content>
	<tvshowtitle>Goosebumps</tvshowtitle>
	<year>1995</year>
	<season>1</season>
	<episode>6</episode>
	</meta>
	<link>
	<sublink>search</sublink>
	<sublink>searchsd</sublink>
	</link>
	<thumbnail>https://image.tmdb.org/t/p/w1280/sGFRMzNYgmmaerQodKQaqBD9sA0.jpg</thumbnail>
	<fanart>https://image.tmdb.org/t/p/w1280/7jF3gNtDClryQAzsvS3LJgXbbDO.jpg</fanart>
</item>
<item>
	<title>[COLOR=white]Phantom of the Auditorium[/COLOR]</title>
	<meta>
	<imdb>tt1141246</imdb>
	<content>episode</content>
	<tvshowtitle>Goosebumps</tvshowtitle>
	<year>1995</year>
	<season>1</season>
	<episode>7</episode>
	</meta>
	<link>
	<sublink>search</sublink>
	<sublink>searchsd</sublink>
	</link>
	<thumbnail>https://image.tmdb.org/t/p/w1280/rnMK3UKbpAUjWNqA6LHCYCzdshp.jpg</thumbnail>
	<fanart>https://image.tmdb.org/t/p/w1280/7jF3gNtDClryQAzsvS3LJgXbbDO.jpg</fanart>
</item>
<item>
	<title>[COLOR=white]Piano Lessons Can Be Murder[/COLOR]</title>
	<meta>
	<imdb>tt1141246</imdb>
	<content>episode</content>
	<tvshowtitle>Goosebumps</tvshowtitle>
	<year>1995</year>
	<season>1</season>
	<episode>8</episode>
	</meta>
	<link>
	<sublink>search</sublink>
	<sublink>searchsd</sublink>
	</link>
	<thumbnail>https://image.tmdb.org/t/p/w1280/qNhKsJ1fzZBImnsgxUv9jpRqavX.jpg</thumbnail>
	<fanart>https://image.tmdb.org/t/p/w1280/7jF3gNtDClryQAzsvS3LJgXbbDO.jpg</fanart>
</item>
<item>
	<title>[COLOR=white]Return of the Mummy[/COLOR]</title>
	<meta>
	<imdb>tt1141246</imdb>
	<content>episode</content>
	<tvshowtitle>Goosebumps</tvshowtitle>
	<year>1995</year>
	<season>1</season>
	<episode>9</episode>
	</meta>
	<link>
	<sublink>search</sublink>
	<sublink>searchsd</sublink>
	</link>
	<thumbnail>https://image.tmdb.org/t/p/w1280/fmF9vTADfdZJxwZchMg4amGg5Ry.jpg</thumbnail>
	<fanart>https://image.tmdb.org/t/p/w1280/7jF3gNtDClryQAzsvS3LJgXbbDO.jpg</fanart>
</item>
<item>
	<title>[COLOR=white]Night of the Living Dummy II[/COLOR]</title>
	<meta>
	<imdb>tt1141246</imdb>
	<content>episode</content>
	<tvshowtitle>Goosebumps</tvshowtitle>
	<year>1996</year>
	<season>1</season>
	<episode>10</episode>
	</meta>
	<link>
	<sublink>search</sublink>
	<sublink>searchsd</sublink>
	</link>
	<thumbnail>https://image.tmdb.org/t/p/w1280/9p918UyKdVsWuJSJFhECd5ZVL9e.jpg</thumbnail>
	<fanart>https://image.tmdb.org/t/p/w1280/7jF3gNtDClryQAzsvS3LJgXbbDO.jpg</fanart>
</item>
<item>
	<title>[COLOR=white]My Hairiest Adventure[/COLOR]</title>
	<meta>
	<imdb>tt1141246</imdb>
	<content>episode</content>
	<tvshowtitle>Goosebumps</tvshowtitle>
	<year>1996</year>
	<season>1</season>
	<episode>11</episode>
	</meta>
	<link>
	<sublink>search</sublink>
	<sublink>searchsd</sublink>
	</link>
	<thumbnail>https://image.tmdb.org/t/p/w1280/qsGm6QWEtJfPLnRveYlmWkgnrmd.jpg</thumbnail>
	<fanart>https://image.tmdb.org/t/p/w1280/7jF3gNtDClryQAzsvS3LJgXbbDO.jpg</fanart>
</item>
<item>
	<title>[COLOR=white]Stay Out of The Basement (1)[/COLOR]</title>
	<meta>
	<imdb>tt1141246</imdb>
	<content>episode</content>
	<tvshowtitle>Goosebumps</tvshowtitle>
	<year>1996</year>
	<season>1</season>
	<episode>12</episode>
	</meta>
	<link>
	<sublink>search</sublink>
	<sublink>searchsd</sublink>
	</link>
	<thumbnail>https://image.tmdb.org/t/p/w1280/mKsVxqFnVlL16kPB4EpcWts45Do.jpg</thumbnail>
	<fanart>https://image.tmdb.org/t/p/w1280/7jF3gNtDClryQAzsvS3LJgXbbDO.jpg</fanart>
</item>
<item>
	<title>[COLOR=white]Stay Out of The Basement (2)[/COLOR]</title>
	<meta>
	<imdb>tt1141246</imdb>
	<content>episode</content>
	<tvshowtitle>Goosebumps</tvshowtitle>
	<year>1996</year>
	<season>1</season>
	<episode>13</episode>
	</meta>
	<link>
	<sublink>search</sublink>
	<sublink>searchsd</sublink>
	</link>
	<thumbnail>https://image.tmdb.org/t/p/w1280/grFJIxtwOfZ8AvZZOHAzpPUqFbg.jpg</thumbnail>
	<fanart>https://image.tmdb.org/t/p/w1280/7jF3gNtDClryQAzsvS3LJgXbbDO.jpg</fanart>
</item>
<item>
	<title>[COLOR=white]It Came from Beneath the Sink[/COLOR]</title>
	<meta>
	<imdb>tt1141246</imdb>
	<content>episode</content>
	<tvshowtitle>Goosebumps</tvshowtitle>
	<year>1996</year>
	<season>1</season>
	<episode>14</episode>
	</meta>
	<link>
	<sublink>search</sublink>
	<sublink>searchsd</sublink>
	</link>
	<thumbnail>https://image.tmdb.org/t/p/w1280/yM53MkUysi7ZdASRDjYsxM07b7K.jpg</thumbnail>
	<fanart>https://image.tmdb.org/t/p/w1280/7jF3gNtDClryQAzsvS3LJgXbbDO.jpg</fanart>
</item>
<item>
	<title>[COLOR=white]Say Cheese and Die![/COLOR]</title>
	<meta>
	<imdb>tt1141246</imdb>
	<content>episode</content>
	<tvshowtitle>Goosebumps</tvshowtitle>
	<year>1996</year>
	<season>1</season>
	<episode>15</episode>
	</meta>
	<link>
	<sublink>search</sublink>
	<sublink>searchsd</sublink>
	</link>
	<thumbnail>https://image.tmdb.org/t/p/w1280/4SKwaMvPIFkyAVDrgeEPeQTeX0N.jpg</thumbnail>
	<fanart>https://image.tmdb.org/t/p/w1280/7jF3gNtDClryQAzsvS3LJgXbbDO.jpg</fanart>
</item>
<item>
	<title>[COLOR=white]A Night in Terror Tower (1)[/COLOR]</title>
	<meta>
	<imdb>tt1141246</imdb>
	<content>episode</content>
	<tvshowtitle>Goosebumps</tvshowtitle>
	<year>1996</year>
	<season>1</season>
	<episode>16</episode>
	</meta>
	<link>
	<sublink>search</sublink>
	<sublink>searchsd</sublink>
	</link>
	<thumbnail>https://image.tmdb.org/t/p/w1280/tR0nv7f07gCVQB97bovWkaKCD0E.jpg</thumbnail>
	<fanart>https://image.tmdb.org/t/p/w1280/7jF3gNtDClryQAzsvS3LJgXbbDO.jpg</fanart>
</item>
<item>
	<title>[COLOR=white]A Night in Terror Tower (2)[/COLOR]</title>
	<meta>
	<imdb>tt1141246</imdb>
	<content>episode</content>
	<tvshowtitle>Goosebumps</tvshowtitle>
	<year>1996</year>
	<season>1</season>
	<episode>17</episode>
	</meta>
	<link>
	<sublink>search</sublink>
	<sublink>searchsd</sublink>
	</link>
	<thumbnail>https://image.tmdb.org/t/p/w1280/tWN1g1OFrteq1f5psO6v8PYh4ow.jpg</thumbnail>
	<fanart>https://image.tmdb.org/t/p/w1280/7jF3gNtDClryQAzsvS3LJgXbbDO.jpg</fanart>
</item>
<item>
	<title>[COLOR=white]The Werewolf of Fever Swamp (1)[/COLOR]</title>
	<meta>
	<imdb>tt1141246</imdb>
	<content>episode</content>
	<tvshowtitle>Goosebumps</tvshowtitle>
	<year>1996</year>
	<season>1</season>
	<episode>18</episode>
	</meta>
	<link>
	<sublink>search</sublink>
	<sublink>searchsd</sublink>
	</link>
	<thumbnail>https://image.tmdb.org/t/p/w1280/3X699mptsU0TivCoPoBGs6zVLHR.jpg</thumbnail>
	<fanart>https://image.tmdb.org/t/p/w1280/7jF3gNtDClryQAzsvS3LJgXbbDO.jpg</fanart>
</item>
<item>
	<title>[COLOR=white]The Werewolf of Fever Swamp (2)[/COLOR]</title>
	<meta>
	<imdb>tt1141246</imdb>
	<content>episode</content>
	<tvshowtitle>Goosebumps</tvshowtitle>
	<year>1996</year>
	<season>1</season>
	<episode>19</episode>
	</meta>
	<link>
	<sublink>search</sublink>
	<sublink>searchsd</sublink>
	</link>
	<thumbnail>https://image.tmdb.org/t/p/w1280/tWN1g1OFrteq1f5psO6v8PYh4ow.jpg</thumbnail>
	<fanart>https://image.tmdb.org/t/p/w1280/7jF3gNtDClryQAzsvS3LJgXbbDO.jpg</fanart>
</item>



