 <dir>
    <title>[B][COLOR ff304ffe]• [COLORorange][B] Goosebumps Series 1 [/B][/COLOR]</title>
    <link>file://spook/goose1.xml</link>
	<thumbnail>https://i.imgur.com/1wCODOX.jpg</thumbnail>
	<summary>goosepumps Series</summary>
  </dir>
   <dir>
    <title>[B][COLOR ff304ffe]• [COLORorange][B] Goosebumps Series 2 [/B][/COLOR]</title>
    <link>file://spook/goose2.xml</link>
	<thumbnail>https://i.imgur.com/1wCODOX.jpg</thumbnail>
	<summary>goosepumps Series</summary>
  </dir>
  <dir>
    <title>[B][COLOR ff304ffe]• [COLORorange][B] Goosebumps Series 3 [/B][/COLOR]</title>
    <link>file://spook/goose3.xml</link>
	<thumbnail>https://i.imgur.com/1wCODOX.jpg</thumbnail>
	<summary>goosepumps Series</summary>
  </dir> 
   <dir>
    <title>[B][COLOR ff304ffe]• [COLORorange][B] Goosebumps Series 4 [/B][/COLOR]</title>
    <link>file://spook/goose4.xml</link>
	<thumbnail>https://i.imgur.com/1wCODOX.jpg</thumbnail>
	<summary>goosepumps Series</summary>
  </dir>