<item>
    <title>[COLORlimegreen][B]Goosebumps series 3[/B][/COLOR]</title>
    <link>nolink</link>
    <thumbnail>https://i.imgur.com/1wCODOX.jpg.jpg</thumbnail>
	
</item>	

<item>
	<title>[COLOR=white]A Shocker on Shock Street[/COLOR]</title>
	<meta>
	<imdb>tt1141246</imdb>
	<content>episode</content>
	<tvshowtitle>Goosebumps</tvshowtitle>
	<year>1997</year>
	<season>3</season>
	<episode>1</episode>
	</meta>
	<link>
	<sublink>search</sublink>
	<sublink>searchsd</sublink>
	</link>
	<thumbnail>https://image.tmdb.org/t/p/w1280/afne06cMbClHgxiAg1yOSu44wnh.jpg</thumbnail>
	<fanart>https://image.tmdb.org/t/p/w1280/7jF3gNtDClryQAzsvS3LJgXbbDO.jpg</fanart>
</item>
<item>
	<title>[COLOR=white]My Best Friend is Invisible[/COLOR]</title>
	<meta>
	<imdb>tt1141246</imdb>
	<content>episode</content>
	<tvshowtitle>Goosebumps</tvshowtitle>
	<year>1997</year>
	<season>3</season>
	<episode>2</episode>
	</meta>
	<link>
	<sublink>search</sublink>
	<sublink>searchsd</sublink>
	</link>
	<thumbnail>https://image.tmdb.org/t/p/w1280/eeRA4bbCegNZW74JY1Dk7oSk6Si.jpg</thumbnail>
	<fanart>https://image.tmdb.org/t/p/w1280/7jF3gNtDClryQAzsvS3LJgXbbDO.jpg</fanart>
</item>
<item>
	<title>[COLOR=white]The House of No Return[/COLOR]</title>
	<meta>
	<imdb>tt1141246</imdb>
	<content>episode</content>
	<tvshowtitle>Goosebumps</tvshowtitle>
	<year>1997</year>
	<season>3</season>
	<episode>3</episode>
	</meta>
	<link>
	<sublink>search</sublink>
	<sublink>searchsd</sublink>
	</link>
	<thumbnail>https://image.tmdb.org/t/p/w1280/lwNDxcUudeQ3LuH7LfMwQO7R7I1.jpg</thumbnail>
	<fanart>https://image.tmdb.org/t/p/w1280/7jF3gNtDClryQAzsvS3LJgXbbDO.jpg</fanart>
</item>
<item>
	<title>[COLOR=white]Don't Go to Sleep[/COLOR]</title>
	<meta>
	<imdb>tt1141246</imdb>
	<content>episode</content>
	<tvshowtitle>Goosebumps</tvshowtitle>
	<year>1997</year>
	<season>3</season>
	<episode>4</episode>
	</meta>
	<link>
	<sublink>search</sublink>
	<sublink>searchsd</sublink>
	</link>
	<thumbnail>https://image.tmdb.org/t/p/w1280/fnyVDeAKDAXuI33DEWw7I8cvtt0.jpg</thumbnail>
	<fanart>https://image.tmdb.org/t/p/w1280/7jF3gNtDClryQAzsvS3LJgXbbDO.jpg</fanart>
</item>
<item>
	<title>[COLOR=white]Click[/COLOR]</title>
	<meta>
	<imdb>tt1141246</imdb>
	<content>episode</content>
	<tvshowtitle>Goosebumps</tvshowtitle>
	<year>1997</year>
	<season>3</season>
	<episode>5</episode>
	</meta>
	<link>
	<sublink>search</sublink>
	<sublink>searchsd</sublink>
	</link>
	<thumbnail>https://image.tmdb.org/t/p/w1280/4jX8WpRb5gw9XUro8iecQZZ9ohm.jpg</thumbnail>
	<fanart>https://image.tmdb.org/t/p/w1280/7jF3gNtDClryQAzsvS3LJgXbbDO.jpg</fanart>
</item>
<item>
	<title>[COLOR=white]An Old Story[/COLOR]</title>
	<meta>
	<imdb>tt1141246</imdb>
	<content>episode</content>
	<tvshowtitle>Goosebumps</tvshowtitle>
	<year>1997</year>
	<season>3</season>
	<episode>6</episode>
	</meta>
	<link>
	<sublink>search</sublink>
	<sublink>searchsd</sublink>
	</link>
	<thumbnail>https://image.tmdb.org/t/p/w1280/m98yJfCLmdy95rk8E1Xvncu5jmX.jpg</thumbnail>
	<fanart>https://image.tmdb.org/t/p/w1280/7jF3gNtDClryQAzsvS3LJgXbbDO.jpg</fanart>
</item>
<item>
	<title>[COLOR=white]The Barking Ghost[/COLOR]</title>
	<meta>
	<imdb>tt1141246</imdb>
	<content>episode</content>
	<tvshowtitle>Goosebumps</tvshowtitle>
	<year>1997</year>
	<season>3</season>
	<episode>7</episode>
	</meta>
	<link>
	<sublink>search</sublink>
	<sublink>searchsd</sublink>
	</link>
	<thumbnail>https://image.tmdb.org/t/p/w1280/kHIqmrgymGDZgS8CmHfak5V6MEO.jpg</thumbnail>
	<fanart>https://image.tmdb.org/t/p/w1280/7jF3gNtDClryQAzsvS3LJgXbbDO.jpg</fanart>
</item>
<item>
	<title>[COLOR=white]One Day at HorrorLand (1)[/COLOR]</title>
	<meta>
	<imdb>tt1141246</imdb>
	<content>episode</content>
	<tvshowtitle>Goosebumps</tvshowtitle>
	<year>1997</year>
	<season>3</season>
	<episode>8</episode>
	</meta>
	<link>
	<sublink>search</sublink>
	<sublink>searchsd</sublink>
	</link>
	<thumbnail>https://image.tmdb.org/t/p/w1280/nemxY9I7Ljn4mz6qt6X8J7kH7UP.jpg</thumbnail>
	<fanart>https://image.tmdb.org/t/p/w1280/7jF3gNtDClryQAzsvS3LJgXbbDO.jpg</fanart>
</item>
<item>
	<title>[COLOR=white]One Day at HorrorLand (2)[/COLOR]</title>
	<meta>
	<imdb>tt1141246</imdb>
	<content>episode</content>
	<tvshowtitle>Goosebumps</tvshowtitle>
	<year>1997</year>
	<season>3</season>
	<episode>9</episode>
	</meta>
	<link>
	<sublink>search</sublink>
	<sublink>searchsd</sublink>
	</link>
	<thumbnail>https://image.tmdb.org/t/p/w1280/mE9RPpRSsMF33XO6Iqt6Ygm6658.jpg</thumbnail>
	<fanart>https://image.tmdb.org/t/p/w1280/7jF3gNtDClryQAzsvS3LJgXbbDO.jpg</fanart>
</item>
<item>
	<title>[COLOR=white]The Haunted House Game[/COLOR]</title>
	<meta>
	<imdb>tt1141246</imdb>
	<content>episode</content>
	<tvshowtitle>Goosebumps</tvshowtitle>
	<year>1997</year>
	<season>3</season>
	<episode>10</episode>
	</meta>
	<link>
	<sublink>search</sublink>
	<sublink>searchsd</sublink>
	</link>
	<thumbnail>https://image.tmdb.org/t/p/w1280/oqoa0xoPncPqVqVG3ZzLFFb3seY.jpg</thumbnail>
	<fanart>https://image.tmdb.org/t/p/w1280/7jF3gNtDClryQAzsvS3LJgXbbDO.jpg</fanart>
</item>
<item>
	<title>[COLOR=white]The Perfect School (1)[/COLOR]</title>
	<meta>
	<imdb>tt1141246</imdb>
	<content>episode</content>
	<tvshowtitle>Goosebumps</tvshowtitle>
	<year>1997</year>
	<season>3</season>
	<episode>11</episode>
	</meta>
	<link>
	<sublink>search</sublink>
	<sublink>searchsd</sublink>
	</link>
	<thumbnail>https://image.tmdb.org/t/p/w1280/cjkHJdYpgsqnZLKAzKssKIlqVvW.jpg</thumbnail>
	<fanart>https://image.tmdb.org/t/p/w1280/7jF3gNtDClryQAzsvS3LJgXbbDO.jpg</fanart>
</item>
<item>
	<title>[COLOR=white]The Perfect School (2)[/COLOR]</title>
	<meta>
	<imdb>tt1141246</imdb>
	<content>episode</content>
	<tvshowtitle>Goosebumps</tvshowtitle>
	<year>1997</year>
	<season>3</season>
	<episode>12</episode>
	</meta>
	<link>
	<sublink>search</sublink>
	<sublink>searchsd</sublink>
	</link>
	<thumbnail>https://image.tmdb.org/t/p/w1280/dq8UsgGmZFDZwFcEQsk1h1Fhzqj.jpg</thumbnail>
	<fanart>https://image.tmdb.org/t/p/w1280/7jF3gNtDClryQAzsvS3LJgXbbDO.jpg</fanart>
</item>
<item>
	<title>[COLOR=white]Werewolf Skin (1)[/COLOR]</title>
	<meta>
	<imdb>tt1141246</imdb>
	<content>episode</content>
	<tvshowtitle>Goosebumps</tvshowtitle>
	<year>1997</year>
	<season>3</season>
	<episode>13</episode>
	</meta>
	<link>
	<sublink>search</sublink>
	<sublink>searchsd</sublink>
	</link>
	<thumbnail>https://image.tmdb.org/t/p/w1280/40fua5gDWelR8B1XgZGUitqLs7s.jpg</thumbnail>
	<fanart>https://image.tmdb.org/t/p/w1280/7jF3gNtDClryQAzsvS3LJgXbbDO.jpg</fanart>
</item>
<item>
	<title>[COLOR=white]Werewolf Skin (2)[/COLOR]</title>
	<meta>
	<imdb>tt1141246</imdb>
	<content>episode</content>
	<tvshowtitle>Goosebumps</tvshowtitle>
	<year>1997</year>
	<season>3</season>
	<episode>14</episode>
	</meta>
	<link>
	<sublink>search</sublink>
	<sublink>searchsd</sublink>
	</link>
	<thumbnail>https://image.tmdb.org/t/p/w1280/icHkzTy8y7noOJ7qG4GBAArc5ns.jpg</thumbnail>
	<fanart>https://image.tmdb.org/t/p/w1280/7jF3gNtDClryQAzsvS3LJgXbbDO.jpg</fanart>
</item>
<item>
	<title>[COLOR=white]Awesome Ants[/COLOR]</title>
	<meta>
	<imdb>tt1141246</imdb>
	<content>episode</content>
	<tvshowtitle>Goosebumps</tvshowtitle>
	<year>1998</year>
	<season>3</season>
	<episode>15</episode>
	</meta>
	<link>
	<sublink>search</sublink>
	<sublink>searchsd</sublink>
	</link>
	<thumbnail>https://image.tmdb.org/t/p/w1280/2hBeA1LlfrsMWC3hHqrKAHAhEPT.jpg</thumbnail>
	<fanart>https://image.tmdb.org/t/p/w1280/7jF3gNtDClryQAzsvS3LJgXbbDO.jpg</fanart>
</item>
<item>
	<title>[COLOR=white]Bride of The Living Dummy[/COLOR]</title>
	<meta>
	<imdb>tt1141246</imdb>
	<content>episode</content>
	<tvshowtitle>Goosebumps</tvshowtitle>
	<year>1998</year>
	<season>3</season>
	<episode>16</episode>
	</meta>
	<link>
	<sublink>search</sublink>
	<sublink>searchsd</sublink>
	</link>
	<thumbnail>https://image.tmdb.org/t/p/w1280/kUHV3sb3DrUz5FxVdYyxchvgkoy.jpg</thumbnail>
	<fanart>https://image.tmdb.org/t/p/w1280/7jF3gNtDClryQAzsvS3LJgXbbDO.jpg</fanart>
</item>
<item>
	<title>[COLOR=white]Strained Peas[/COLOR]</title>
	<meta>
	<imdb>tt1141246</imdb>
	<content>episode</content>
	<tvshowtitle>Goosebumps</tvshowtitle>
	<year>1998</year>
	<season>3</season>
	<episode>17</episode>
	</meta>
	<link>
	<sublink>search</sublink>
	<sublink>searchsd</sublink>
	</link>
	<thumbnail>https://image.tmdb.org/t/p/w1280/Cg4kf157eaXCwe4GAJWJIyDsa0.jpg</thumbnail>
	<fanart>https://image.tmdb.org/t/p/w1280/7jF3gNtDClryQAzsvS3LJgXbbDO.jpg</fanart>
</item>
<item>
	<title>[COLOR=white]Say Cheese and Die-Again![/COLOR]</title>
	<meta>
	<imdb>tt1141246</imdb>
	<content>episode</content>
	<tvshowtitle>Goosebumps</tvshowtitle>
	<year>1998</year>
	<season>3</season>
	<episode>18</episode>
	</meta>
	<link>
	<sublink>search</sublink>
	<sublink>searchsd</sublink>
	</link>
	<thumbnail>https://image.tmdb.org/t/p/w1280/watz12eeMWj4sdOcwy23A63n7Dr.jpg</thumbnail>
	<fanart>https://image.tmdb.org/t/p/w1280/7jF3gNtDClryQAzsvS3LJgXbbDO.jpg</fanart>
</item>
<item>
	<title>[COLOR=white]Chillogy (1): Squeal of Fortune[/COLOR]</title>
	<meta>
	<imdb>tt1141246</imdb>
	<content>episode</content>
	<tvshowtitle>Goosebumps</tvshowtitle>
	<year>1998</year>
	<season>3</season>
	<episode>19</episode>
	</meta>
	<link>
	<sublink>search</sublink>
	<sublink>searchsd</sublink>
	</link>
	<thumbnail>https://image.tmdb.org/t/p/w1280/kbHnGyAQ9IIRaO8PWzxWLSPpqdu.jpg</thumbnail>
	<fanart>https://image.tmdb.org/t/p/w1280/7jF3gNtDClryQAzsvS3LJgXbbDO.jpg</fanart>
</item>
<item>
	<title>[COLOR=white]Chillogy (2): Strike Three... You're Doomed[/COLOR]</title>
	<meta>
	<imdb>tt1141246</imdb>
	<content>episode</content>
	<tvshowtitle>Goosebumps</tvshowtitle>
	<year>1998</year>
	<season>3</season>
	<episode>20</episode>
	</meta>
	<link>
	<sublink>search</sublink>
	<sublink>searchsd</sublink>
	</link>
	<thumbnail>https://image.tmdb.org/t/p/w1280/h9nqt5ezo5dUdZ8jet0mz33JAlG.jpg</thumbnail>
	<fanart>https://image.tmdb.org/t/p/w1280/7jF3gNtDClryQAzsvS3LJgXbbDO.jpg</fanart>
</item>
<item>
	<title>[COLOR=white]Chillogy (3): Escape From Karlsville[/COLOR]</title>
	<meta>
	<imdb>tt1141246</imdb>
	<content>episode</content>
	<tvshowtitle>Goosebumps</tvshowtitle>
	<year>1998</year>
	<season>3</season>
	<episode>21</episode>
	</meta>
	<link>
	<sublink>search</sublink>
	<sublink>searchsd</sublink>
	</link>
	<thumbnail>https://image.tmdb.org/t/p/w1280/7CREW4y052AJz4iIddmNhCBNoO6.jpg</thumbnail>
	<fanart>https://image.tmdb.org/t/p/w1280/7jF3gNtDClryQAzsvS3LJgXbbDO.jpg</fanart>
</item>
<item>
	<title>[COLOR=white]Teacher's Pet[/COLOR]</title>
	<meta>
	<imdb>tt1141246</imdb>
	<content>episode</content>
	<tvshowtitle>Goosebumps</tvshowtitle>
	<year>1998</year>
	<season>3</season>
	<episode>22</episode>
	</meta>
	<link>
	<sublink>search</sublink>
	<sublink>searchsd</sublink>
	</link>
	<thumbnail>https://image.tmdb.org/t/p/w1280/TfEYK0dkLQ5X63UuCkr4cb4eWW.jpg</thumbnail>
	<fanart>https://image.tmdb.org/t/p/w1280/7jF3gNtDClryQAzsvS3LJgXbbDO.jpg</fanart>
</item>
