   <dir>
    <title>[B][COLOR ff304ffe]• [COLORorange][B]Real ghost Busters Seasons 1-7[/B][/COLOR]</title>
    <link>file://spook/realghostb.xml</link>
	<thumbnail></thumbnail>
	<summary></summary>
  </dir>

<dir>
	<title>[B][COLOR=green]Are You Afraid of the Dark?[/COLOR][/B]</title>
	<meta>
	<imdb>tt10473306</imdb>
	<content>tv</content>
	<title>Are You Afraid of the Dark?</title>
	<year>2019</year>
	</meta>
	<link>
	<sublink>https://www.youtube.com/watch?v=bg6f32E9vN0&feature=youtu.be</sublink>
	</link>
	<thumbnail>https://image.tmdb.org/t/p/w1280/3WUw41k7F0KClpJMyvwBgVVRmbb.jpg</thumbnail>
	<fanart>https://image.tmdb.org/t/p/w1280/q5w3Hsqj6eoPTSJdwoEdysEqo1D.jpg</fanart>
</dir>
<dir>
	<title>[B][COLOR=green]Are You Afraid of the Dark?[/COLOR][/B]</title>
	<meta>
	<imdb>tt0103352</imdb>
	<content>tv</content>
	<title>Are You Afraid of the Dark?</title>
	<year>1992</year>
	</meta>
	<link>
	<sublink>https://www.youtube.com/watch?v=bg6f32E9vN0&feature=youtu.be</sublink>
	</link>
	<thumbnail>https://image.tmdb.org/t/p/w1280none</thumbnail>
	<fanart>https://image.tmdb.org/t/p/w1280none</fanart>
</dir>
<dir>
	<title>[B][COLOR=green]R L Stine's The Haunting Hour[/COLOR][/B]</title>
	<meta>
	<imdb>tt1765510</imdb>
	<content>tv</content>
	<title>R L Stine's The Haunting Hour</title>
	<year>2010</year>
	</meta>
	<link>
	<sublink>https://www.youtube.com/watch?v=XgvaRUMYyXU&feature=youtu.be</sublink>
	</link>
	<thumbnail>https://image.tmdb.org/t/p/w1280/gjGclRVJpb4FLyi1tZ5ZcVnokCv.jpg</thumbnail>
	<fanart>https://image.tmdb.org/t/p/w1280/sPIH3MbQujzPADk6vftpXED3vxu.jpg</fanart>
</dir>
<dir>
	<title>[B][COLOR=green]Casper and the Angels[/COLOR][/B]</title>
	<meta>
	<imdb>tt0190900</imdb>
	<content>tv</content>
	<title>Casper and the Angels</title>
	<year>1979</year>
	</meta>
	<link>
	<sublink>https://www.youtube.com/watch?v=XgvaRUMYyXU&feature=youtu.be</sublink>
	</link>
	<thumbnail>https://image.tmdb.org/t/p/w1280none</thumbnail>
	<fanart>https://image.tmdb.org/t/p/w1280none</fanart>
</dir>
<item>
	<title>[B][COLOR=green]Casper Meets Wendy[/COLOR][/B]</title>
	<meta>
	<imdb>tt0140883</imdb>
	<content>movie</content>
	<title>Casper Meets Wendy</title>
	<year>1998</year>
	</meta>
	<link>
	<sublink>https://www.youtube.com/watch?v=DqV7A6V1xZE&feature=youtu.be</sublink>
	<sublink>search</sublink>
	<sublink>searchsd</sublink>
	</link>
	<thumbnail>https://image.tmdb.org/t/p/w1280/u9UFtJuXCiA2vakS9Si8TlZVAnX.jpg</thumbnail>
	<fanart>https://image.tmdb.org/t/p/w1280/bJ6vqzv83Nh0BFOPm6lvWz55yhw.jpg</fanart>
</item>
<item>
	<title>[B][COLOR=green]Casper's First Christmas[/COLOR][/B]</title>
	<meta>
	<imdb>tt0390954</imdb>
	<content>movie</content>
	<title>Casper's First Christmas</title>
	<year>1979</year>
	</meta>
	<link>
	<sublink>https://www.youtube.com/watch?v=DqV7A6V1xZE&feature=youtu.be</sublink>
	<sublink>search</sublink>
	<sublink>searchsd</sublink>
	</link>
	<thumbnail>https://image.tmdb.org/t/p/w1280none</thumbnail>
	<fanart>https://image.tmdb.org/t/p/w1280none</fanart>
</item>
<item>
	<title>[B][COLOR=green]Casper's Halloween Special[/COLOR][/B]</title>
	<meta>
	<imdb>tt0247960</imdb>
	<content>movie</content>
	<title>Casper's Halloween Special</title>
	<year>1979</year>
	</meta>
	<link>
	<sublink>https://www.youtube.com/watch?v=DqV7A6V1xZE&feature=youtu.be</sublink>
	<sublink>search</sublink>
	<sublink>searchsd</sublink>
	</link>
	<thumbnail>https://image.tmdb.org/t/p/w1280none</thumbnail>
	<fanart>https://image.tmdb.org/t/p/w1280none</fanart>
</item>
<item>
	<title>[B][COLOR=green]A-Haunting We Will Go[/COLOR][/B]</title>
	<meta>
	<imdb>tt0041082</imdb>
	<content>movie</content>
	<title>A-Haunting We Will Go</title>
	<year>1949</year>
	</meta>
	<link>
	<sublink>https://www.youtube.com/watch?v=DqV7A6V1xZE&feature=youtu.be</sublink>
	<sublink>search</sublink>
	<sublink>searchsd</sublink>
	</link>
	<thumbnail>https://image.tmdb.org/t/p/w1280none</thumbnail>
	<fanart>https://image.tmdb.org/t/p/w1280none</fanart>
</item>
<item>
	<title>[B][COLOR=green]Cartoon Crazys: Spooky Toons[/COLOR][/B]</title>
	<meta>
	<imdb>none</imdb>
	<content>movie</content>
	<title>Cartoon Crazys: Spooky Toons</title>
	<year>none</year>
	</meta>
	<link>
	<sublink>https://www.youtube.com/watch?v=DqV7A6V1xZE&feature=youtu.be</sublink>
	<sublink>search</sublink>
	<sublink>searchsd</sublink>
	</link>
	<thumbnail>https://image.tmdb.org/t/p/w1280none</thumbnail>
	<fanart>https://image.tmdb.org/t/p/w1280none</fanart>
</item>
<item>
	<title>[B][COLOR=green]Casper[/COLOR][/B]</title>
	<meta>
	<imdb>tt0112642</imdb>
	<content>movie</content>
	<title>Casper</title>
	<year>1995</year>
	</meta>
	<link>
	<sublink>https://www.youtube.com/watch?v=BBEB9OSfeCA&feature=youtu.be</sublink>
	<sublink>search</sublink>
	<sublink>searchsd</sublink>
	</link>
	<thumbnail>https://image.tmdb.org/t/p/w1280/1WeumvndgPE3hopKQqXbCKO26oH.jpg</thumbnail>
	<fanart>https://image.tmdb.org/t/p/w1280/w4w8CTEe4isWO2TzDSQ3MV3br9l.jpg</fanart>
</item>
<dir>
	<title>[B][COLOR=green]Casper[/COLOR][/B]</title>
	<meta>
	<imdb>tt0115128</imdb>
	<content>tv</content>
	<title>Casper</title>
	<year>1996</year>
	</meta>
	<link>
	<sublink>https://www.youtube.com/watch?v=BBEB9OSfeCA&feature=youtu.be</sublink>
	</link>
	<thumbnail>https://image.tmdb.org/t/p/w1280none</thumbnail>
	<fanart>https://image.tmdb.org/t/p/w1280none</fanart>
</dir>
<dir>
	<title>[B][COLOR=green]The Real Ghostbusters[/COLOR][/B]</title>
	<meta>
	<imdb>tt0090506</imdb>
	<content>tv</content>
	<title>The Real Ghostbusters</title>
	<year>1986</year>
	</meta>
	<link>
	<sublink>https://www.youtube.com/watch?v=8we-fIJPfWQ&feature=youtu.be</sublink>
	</link>
	<thumbnail>https://image.tmdb.org/t/p/w1280/j1xlBYeyOQcH51xQc4gEFJK6o13.jpg</thumbnail>
	<fanart>https://image.tmdb.org/t/p/w1280/mgvMMxKz4eDLeompM9oJRDufNdW.jpg</fanart>
</dir>
<dir>
	<title>[B][COLOR=green]Slimer! And the Real Ghostbusters[/COLOR][/B]</title>
	<meta>
	<imdb>tt0124257</imdb>
	<content>tv</content>
	<title>Slimer! And the Real Ghostbusters</title>
	<year>1988</year>
	</meta>
	<link>
	<sublink>https://www.youtube.com/watch?v=TdLtU1eJNz4&feature=youtu.be</sublink>
	</link>
	<thumbnail>https://image.tmdb.org/t/p/w1280/l5Dmsmqi38TAtocdAAYf11XPpkd.jpg</thumbnail>
	<fanart>https://image.tmdb.org/t/p/w1280/napJI40XqbQ4wv5zgPbJlgboEAJ.jpg</fanart>
</dir>
<dir>
	<title>[B][COLOR=green]Ghostbusters[/COLOR][/B]</title>
	<meta>
	<imdb>tt0127569</imdb>
	<content>tv</content>
	<title>Ghostbusters</title>
	<year>1986</year>
	</meta>
	<link>
	<sublink>https://www.youtube.com/watch?v=TdLtU1eJNz4&feature=youtu.be</sublink>
	</link>
	<thumbnail>https://image.tmdb.org/t/p/w1280none</thumbnail>
	<fanart>https://image.tmdb.org/t/p/w1280none</fanart>
</dir>
<dir>
	<title>[B][COLOR=green]Extreme Ghostbusters[/COLOR][/B]</title>
	<meta>
	<imdb>tt0121932</imdb>
	<content>tv</content>
	<title>Extreme Ghostbusters</title>
	<year>1997</year>
	</meta>
	<link>
	<sublink>https://www.youtube.com/watch?v=TdLtU1eJNz4&feature=youtu.be</sublink>
	</link>
	<thumbnail>https://image.tmdb.org/t/p/w1280none</thumbnail>
	<fanart>https://image.tmdb.org/t/p/w1280none</fanart>
</dir>
<dir>
	<title>[B][COLOR=green]Danny Phantom[/COLOR][/B]</title>
	<meta>
	<imdb>tt0366005</imdb>
	<content>tv</content>
	<title>Danny Phantom</title>
	<year>2004</year>
	</meta>
	<link>
	<sublink>https://www.youtube.com/watch?v=2djx83-4XNQ&feature=youtu.be</sublink>
	</link>
	<thumbnail>https://image.tmdb.org/t/p/w1280/f3mn50yhjdCttmUdeGaGemf31Po.jpg</thumbnail>
	<fanart>https://image.tmdb.org/t/p/w1280/nmgwBWGwDWELX0ReOi8W1kdIiAo.jpg</fanart>
</dir>
<dir>
	<title>[B][COLOR=green]The Fairly OddParents[/COLOR][/B]</title>
	<meta>
	<imdb>tt0235918</imdb>
	<content>tv</content>
	<title>The Fairly OddParents</title>
	<year>2001</year>
	</meta>
	<link>
	<sublink>https://www.youtube.com/watch?v=no8vgXg_rlw&feature=youtu.be</sublink>
	</link>
	<thumbnail>https://image.tmdb.org/t/p/w1280/3ryMj7tIvVtiXyI2tLvHYTjOjq4.jpg</thumbnail>
	<fanart>https://image.tmdb.org/t/p/w1280/fKkCjBInBv8aU2StVPIGUHMPb48.jpg</fanart>
</dir>
<dir>
	<title>[B][COLOR=green]Beetlejuice[/COLOR][/B]</title>
	<meta>
	<imdb>tt0096543</imdb>
	<content>tv</content>
	<title>Beetlejuice</title>
	<year>1989</year>
	</meta>
	<link>
	<sublink>https://www.youtube.com/watch?v=no8vgXg_rlw&feature=youtu.be</sublink>
	</link>
	<thumbnail>https://image.tmdb.org/t/p/w1280none</thumbnail>
	<fanart>https://image.tmdb.org/t/p/w1280none</fanart>
</dir>
<item>
	<title>[B][COLOR=green]The Muppet Christmas Carol[/COLOR][/B]</title>
	<meta>
	<imdb>tt0104940</imdb>
	<content>movie</content>
	<title>The Muppet Christmas Carol</title>
	<year>1992</year>
	</meta>
	<link>
	<sublink>https://www.youtube.com/watch?v=KAk5KQABLuE&feature=youtu.be</sublink>
	<sublink>search</sublink>
	<sublink>searchsd</sublink>
	</link>
	<thumbnail>https://image.tmdb.org/t/p/w1280/fe4nLJkDNXhyuMnrZ60MfoSpPes.jpg</thumbnail>
	<fanart>https://image.tmdb.org/t/p/w1280/h6NQoXBxD0uaIrpuk9FFV89vITT.jpg</fanart>
</item>
<item>
	<title>[B][COLOR=green]The Smurfs: A Christmas Carol[/COLOR][/B]</title>
	<meta>
	<imdb>tt2062677</imdb>
	<content>movie</content>
	<title>The Smurfs: A Christmas Carol</title>
	<year>2011</year>
	</meta>
	<link>
	<sublink>https://www.youtube.com/watch?v=KAk5KQABLuE&feature=youtu.be</sublink>
	<sublink>search</sublink>
	<sublink>searchsd</sublink>
	</link>
	<thumbnail>https://image.tmdb.org/t/p/w1280none</thumbnail>
	<fanart>https://image.tmdb.org/t/p/w1280none</fanart>
</item>
<item>
	<title>[B][COLOR=green]Monster House[/COLOR][/B]</title>
	<meta>
	<imdb>tt0385880</imdb>
	<content>movie</content>
	<title>Monster House</title>
	<year>2006</year>
	</meta>
	<link>
	<sublink>https://www.youtube.com/watch?v=XEkeZhWbW7U&feature=youtu.be</sublink>
	<sublink>search</sublink>
	<sublink>searchsd</sublink>
	</link>
	<thumbnail>https://image.tmdb.org/t/p/w1280/vOhKyKxlmtRwRHqKGV2VrFhJjCG.jpg</thumbnail>
	<fanart>https://image.tmdb.org/t/p/w1280/pYiqbhfyz7QVik4JyImFbjYq5hM.jpg</fanart>
</item>
<item>
	<title>[B][COLOR=green]Kids vs Monsters[/COLOR][/B]</title>
	<meta>
	<imdb>tt3500724</imdb>
	<content>movie</content>
	<title>Kids vs Monsters</title>
	<year>2015</year>
	</meta>
	<link>
	<sublink>https://www.youtube.com/watch?v=XEkeZhWbW7U&feature=youtu.be</sublink>
	<sublink>search</sublink>
	<sublink>searchsd</sublink>
	</link>
	<thumbnail>https://image.tmdb.org/t/p/w1280none</thumbnail>
	<fanart>https://image.tmdb.org/t/p/w1280none</fanart>
</item>
<item>
	<title>[B][COLOR=green]Coraline[/COLOR][/B]</title>
	<meta>
	<imdb>tt0327597</imdb>
	<content>movie</content>
	<title>Coraline</title>
	<year>2009</year>
	</meta>
	<link>
	<sublink>https://www.youtube.com/watch?v=Js7wxoqeVK0&feature=youtu.be</sublink>
	<sublink>search</sublink>
	<sublink>searchsd</sublink>
	</link>
	<thumbnail>https://image.tmdb.org/t/p/w1280/ybOmHUVVXcwBQErjw7tmeE97fpO.jpg</thumbnail>
	<fanart>https://image.tmdb.org/t/p/w1280/rmFFIi14X1YjP0BuH9uP4Gb6TaB.jpg</fanart>
</item>
<item>
	<title>[B][COLOR=green]ParaNorman[/COLOR][/B]</title>
	<meta>
	<imdb>tt1623288</imdb>
	<content>movie</content>
	<title>ParaNorman</title>
	<year>2012</year>
	</meta>
	<link>
	<sublink>https://www.youtube.com/watch?v=B4cC3Q4dhNM&feature=youtu.be</sublink>
	<sublink>search</sublink>
	<sublink>searchsd</sublink>
	</link>
	<thumbnail>https://image.tmdb.org/t/p/w1280/pfGmWVyGHgdJrdKrZ5RWZpbAhkn.jpg</thumbnail>
	<fanart>https://image.tmdb.org/t/p/w1280/7GPemb4DkuxlicKiQP5V5f2Wwtg.jpg</fanart>
</item>
<item>
	<title>[B][COLOR=green]Frankenweenie[/COLOR][/B]</title>
	<meta>
	<imdb>tt1142977</imdb>
	<content>movie</content>
	<title>Frankenweenie</title>
	<year>2012</year>
	</meta>
	<link>
	<sublink>https://www.youtube.com/watch?v=XBfcGLBJ2Uc&feature=youtu.be</sublink>
	<sublink>search</sublink>
	<sublink>searchsd</sublink>
	</link>
	<thumbnail>https://image.tmdb.org/t/p/w1280/ssMQ5Q9qyJM6sHnjoghoHlOVOO5.jpg</thumbnail>
	<fanart>https://image.tmdb.org/t/p/w1280/dpkyNq8jBU7tR6n5sEd4Ep61EOP.jpg</fanart>
</item>
<item>
	<title>[B][COLOR=green]Frankenweenie[/COLOR][/B]</title>
	<meta>
	<imdb>tt0087291</imdb>
	<content>movie</content>
	<title>Frankenweenie</title>
	<year>1984</year>
	</meta>
	<link>
	<sublink>https://www.youtube.com/watch?v=XBfcGLBJ2Uc&feature=youtu.be</sublink>
	<sublink>search</sublink>
	<sublink>searchsd</sublink>
	</link>
	<thumbnail>https://image.tmdb.org/t/p/w1280none</thumbnail>
	<fanart>https://image.tmdb.org/t/p/w1280none</fanart>
</item>
<item>
	<title>[B][COLOR=green]Corpse Bride[/COLOR][/B]</title>
	<meta>
	<imdb>tt0121164</imdb>
	<content>movie</content>
	<title>Corpse Bride</title>
	<year>2005</year>
	</meta>
	<link>
	<sublink>https://www.youtube.com/watch?v=AGACeWVdFqo&feature=youtu.be</sublink>
	<sublink>search</sublink>
	<sublink>searchsd</sublink>
	</link>
	<thumbnail>https://image.tmdb.org/t/p/w1280/o9GbcdP7rOg2m1NyUnUR3ZwNcTE.jpg</thumbnail>
	<fanart>https://image.tmdb.org/t/p/w1280/4brEMzPazQE3hv3mogj6k1a29RP.jpg</fanart>
</item>
<item>
	<title>[B][COLOR=green]Scooby-Doo on Zombie Island[/COLOR][/B]</title>
	<meta>
	<imdb>tt0166792</imdb>
	<content>movie</content>
	<title>Scooby-Doo on Zombie Island</title>
	<year>1998</year>
	</meta>
	<link>
	<sublink>https://www.youtube.com/watch?v=pxOxUpWE2n8&feature=youtu.be</sublink>
	<sublink>search</sublink>
	<sublink>searchsd</sublink>
	</link>
	<thumbnail>https://image.tmdb.org/t/p/w1280/u6FiJIIyQ3xLY26EMkwfHn1vwAt.jpg</thumbnail>
	<fanart>https://image.tmdb.org/t/p/w1280/woFsToiI9otSnanKfChq5VKsgFp.jpg</fanart>
</item>
<item>
	<title>[B][COLOR=green]Scooby-Doo! Return to Zombie Island[/COLOR][/B]</title>
	<meta>
	<imdb>tt10622136</imdb>
	<content>movie</content>
	<title>Scooby-Doo! Return to Zombie Island</title>
	<year>2019</year>
	</meta>
	<link>
	<sublink>https://www.youtube.com/watch?v=pxOxUpWE2n8&feature=youtu.be</sublink>
	<sublink>search</sublink>
	<sublink>searchsd</sublink>
	</link>
	<thumbnail>https://image.tmdb.org/t/p/w1280none</thumbnail>
	<fanart>https://image.tmdb.org/t/p/w1280none</fanart>
</item>
