      <dir>
    <title>[B][COLOR ff304ffe]• [COLORorange][B]The Fairly OddParents_Season 1[/B][/COLOR]</title>
    <link>file://spook/odd1.xml</link>
	<thumbnail></thumbnail>
	<summary></summary>
  </dir>
        <dir>
    <title>[B][COLOR ff304ffe]• [COLORorange][B]The Fairly OddParents_Season 2[/B][/COLOR]</title>
    <link>file://spook/odd2.xml</link>
	<thumbnail></thumbnail>
	<summary></summary>
  </dir>
        <dir>
    <title>[B][COLOR ff304ffe]• [COLORorange][B]The Fairly OddParents_Season 3[/B][/COLOR]</title>
    <link>file://spook/odd3.xml</link>
	<thumbnail></thumbnail>
	<summary></summary>
  </dir>
        <dir>
    <title>[B][COLOR ff304ffe]• [COLORorange][B]The Fairly OddParents_Season 4[/B][/COLOR]</title>
    <link>file://spook/odd4.xml</link>
	<thumbnail></thumbnail>
	<summary></summary>
  </dir>
        <dir>
    <title>[B][COLOR ff304ffe]• [COLORorange][B]The Fairly OddParents_Season 5[/B][/COLOR]</title>
    <link>file://spook/odd5.xml</link>
	<thumbnail></thumbnail>
	<summary></summary>
  </dir>
        <dir>
    <title>[B][COLOR ff304ffe]• [COLORorange][B]The Fairly OddParents_Season 6[/B][/COLOR]</title>
    <link>file://spook/odd6.xml</link>
	<thumbnail></thumbnail>
	<summary></summary>
  </dir>
        <dir>
    <title>[B][COLOR ff304ffe]• [COLORorange][B]The Fairly OddParents_Season 7[/B][/COLOR]</title>
    <link>file://spook/odd7.xml</link>
	<thumbnail></thumbnail>
	<summary></summary>
  </dir>
        <dir>
    <title>[B][COLOR ff304ffe]• [COLORorange][B]The Fairly OddParents_Season 8[/B][/COLOR]</title>
    <link>file://spook/odd8.xml</link>
	<thumbnail></thumbnail>
	<summary></summary>
  </dir>
        <dir>
    <title>[B][COLOR ff304ffe]• [COLORorange][B]The Fairly OddParents_Season 9[/B][/COLOR]</title>
    <link>file://spook/odd9.xml</link>
	<thumbnail></thumbnail>
	<summary></summary>
  </dir>
        <dir>
    <title>[B][COLOR ff304ffe]• [COLORorange][B]The Fairly OddParents_Season 10[/B][/COLOR]</title>
    <link>file:/spook//odd10.xml</link>
	<thumbnail></thumbnail>
	<summary></summary>
  </dir>
