<item>
	<title>[B][COLOR=green]The Big Problem[/COLOR][/B]</title>
	<meta>
	<imdb>tt0235918</imdb>
	<content>episode</content>
	<tvshowtitle>The Fairly OddParents</tvshowtitle>
	<year>2001</year>
	<season>1</season>
	<episode>1</episode>
	</meta>
	<link>
	<sublink>search</sublink>
	<sublink>searchsd</sublink>
	</link>
	<thumbnail>https://image.tmdb.org/t/p/w1280/xxTQBgS7zBb3TOmmAAibWRQPt6A.jpg</thumbnail>
	<fanart>https://image.tmdb.org/t/p/w1280/fKkCjBInBv8aU2StVPIGUHMPb48.jpg</fanart>
</item>
<item>
	<title>[B][COLOR=green]Power Mad[/COLOR][/B]</title>
	<meta>
	<imdb>tt0235918</imdb>
	<content>episode</content>
	<tvshowtitle>The Fairly OddParents</tvshowtitle>
	<year>2001</year>
	<season>1</season>
	<episode>2</episode>
	</meta>
	<link>
	<sublink>search</sublink>
	<sublink>searchsd</sublink>
	</link>
	<thumbnail>https://image.tmdb.org/t/p/w1280/A6IlgDetFI1yYRx3jYPCGvYBowo.jpg</thumbnail>
	<fanart>https://image.tmdb.org/t/p/w1280/fKkCjBInBv8aU2StVPIGUHMPb48.jpg</fanart>
</item>
<item>
	<title>[B][COLOR=green]Spaced Out[/COLOR][/B]</title>
	<meta>
	<imdb>tt0235918</imdb>
	<content>episode</content>
	<tvshowtitle>The Fairly OddParents</tvshowtitle>
	<year>2001</year>
	<season>1</season>
	<episode>3</episode>
	</meta>
	<link>
	<sublink>search</sublink>
	<sublink>searchsd</sublink>
	</link>
	<thumbnail>https://image.tmdb.org/t/p/w1280/fhIkleo5TgzzTQ46MpOnYxT7CRN.jpg</thumbnail>
	<fanart>https://image.tmdb.org/t/p/w1280/fKkCjBInBv8aU2StVPIGUHMPb48.jpg</fanart>
</item>
<item>
	<title>[B][COLOR=green]TransParents[/COLOR][/B]</title>
	<meta>
	<imdb>tt0235918</imdb>
	<content>episode</content>
	<tvshowtitle>The Fairly OddParents</tvshowtitle>
	<year>2001</year>
	<season>1</season>
	<episode>4</episode>
	</meta>
	<link>
	<sublink>search</sublink>
	<sublink>searchsd</sublink>
	</link>
	<thumbnail>https://image.tmdb.org/t/p/w1280/uK6XqeqHBkelAwWIZtHUX9w1g5T.jpg</thumbnail>
	<fanart>https://image.tmdb.org/t/p/w1280/fKkCjBInBv8aU2StVPIGUHMPb48.jpg</fanart>
</item>
<item>
	<title>[B][COLOR=green]A Wish Too Far[/COLOR][/B]</title>
	<meta>
	<imdb>tt0235918</imdb>
	<content>episode</content>
	<tvshowtitle>The Fairly OddParents</tvshowtitle>
	<year>2001</year>
	<season>1</season>
	<episode>5</episode>
	</meta>
	<link>
	<sublink>search</sublink>
	<sublink>searchsd</sublink>
	</link>
	<thumbnail>https://image.tmdb.org/t/p/w1280/42e7PwGd1pObjpMIz0lj2igJI4Z.jpg</thumbnail>
	<fanart>https://image.tmdb.org/t/p/w1280/fKkCjBInBv8aU2StVPIGUHMPb48.jpg</fanart>
</item>
<item>
	<title>[B][COLOR=green]Tiny Timmy[/COLOR][/B]</title>
	<meta>
	<imdb>tt0235918</imdb>
	<content>episode</content>
	<tvshowtitle>The Fairly OddParents</tvshowtitle>
	<year>2001</year>
	<season>1</season>
	<episode>6</episode>
	</meta>
	<link>
	<sublink>search</sublink>
	<sublink>searchsd</sublink>
	</link>
	<thumbnail>https://image.tmdb.org/t/p/w1280/sqjhUqLmDFPXaPOFuGK37bcXqi9.jpg</thumbnail>
	<fanart>https://image.tmdb.org/t/p/w1280/fKkCjBInBv8aU2StVPIGUHMPb48.jpg</fanart>
</item>
<item>
	<title>[B][COLOR=green]Father Time[/COLOR][/B]</title>
	<meta>
	<imdb>tt0235918</imdb>
	<content>episode</content>
	<tvshowtitle>The Fairly OddParents</tvshowtitle>
	<year>2001</year>
	<season>1</season>
	<episode>7</episode>
	</meta>
	<link>
	<sublink>search</sublink>
	<sublink>searchsd</sublink>
	</link>
	<thumbnail>https://image.tmdb.org/t/p/w1280/pfMt3ncqY3UvSsQA42quLji9PgC.jpg</thumbnail>
	<fanart>https://image.tmdb.org/t/p/w1280/fKkCjBInBv8aU2StVPIGUHMPb48.jpg</fanart>
</item>
<item>
	<title>[B][COLOR=green]Apartnership[/COLOR][/B]</title>
	<meta>
	<imdb>tt0235918</imdb>
	<content>episode</content>
	<tvshowtitle>The Fairly OddParents</tvshowtitle>
	<year>2001</year>
	<season>1</season>
	<episode>8</episode>
	</meta>
	<link>
	<sublink>search</sublink>
	<sublink>searchsd</sublink>
	</link>
	<thumbnail>https://image.tmdb.org/t/p/w1280/7PQB1wTBjMuprVni4hsCyl0YMQV.jpg</thumbnail>
	<fanart>https://image.tmdb.org/t/p/w1280/fKkCjBInBv8aU2StVPIGUHMPb48.jpg</fanart>
</item>
<item>
	<title>[B][COLOR=green]Chin Up[/COLOR][/B]</title>
	<meta>
	<imdb>tt0235918</imdb>
	<content>episode</content>
	<tvshowtitle>The Fairly OddParents</tvshowtitle>
	<year>2001</year>
	<season>1</season>
	<episode>9</episode>
	</meta>
	<link>
	<sublink>search</sublink>
	<sublink>searchsd</sublink>
	</link>
	<thumbnail>https://image.tmdb.org/t/p/w1280/9gorjShl2F6VziQeUNfsuz3Wy6q.jpg</thumbnail>
	<fanart>https://image.tmdb.org/t/p/w1280/fKkCjBInBv8aU2StVPIGUHMPb48.jpg</fanart>
</item>
<item>
	<title>[B][COLOR=green]Dog's Day Afternoon[/COLOR][/B]</title>
	<meta>
	<imdb>tt0235918</imdb>
	<content>episode</content>
	<tvshowtitle>The Fairly OddParents</tvshowtitle>
	<year>2001</year>
	<season>1</season>
	<episode>10</episode>
	</meta>
	<link>
	<sublink>search</sublink>
	<sublink>searchsd</sublink>
	</link>
	<thumbnail>https://image.tmdb.org/t/p/w1280/9pHDjowwz4ACnFiPo7l11AtuAkG.jpg</thumbnail>
	<fanart>https://image.tmdb.org/t/p/w1280/fKkCjBInBv8aU2StVPIGUHMPb48.jpg</fanart>
</item>
<item>
	<title>[B][COLOR=green]Dream Goat[/COLOR][/B]</title>
	<meta>
	<imdb>tt0235918</imdb>
	<content>episode</content>
	<tvshowtitle>The Fairly OddParents</tvshowtitle>
	<year>2001</year>
	<season>1</season>
	<episode>11</episode>
	</meta>
	<link>
	<sublink>search</sublink>
	<sublink>searchsd</sublink>
	</link>
	<thumbnail>https://image.tmdb.org/t/p/w1280/cfJ6P1OHA7LWieNSk4orZOuZ8Rw.jpg</thumbnail>
	<fanart>https://image.tmdb.org/t/p/w1280/fKkCjBInBv8aU2StVPIGUHMPb48.jpg</fanart>
</item>
<item>
	<title>[B][COLOR=green]The Same Game[/COLOR][/B]</title>
	<meta>
	<imdb>tt0235918</imdb>
	<content>episode</content>
	<tvshowtitle>The Fairly OddParents</tvshowtitle>
	<year>2001</year>
	<season>1</season>
	<episode>12</episode>
	</meta>
	<link>
	<sublink>search</sublink>
	<sublink>searchsd</sublink>
	</link>
	<thumbnail>https://image.tmdb.org/t/p/w1280/6d3wLB8ylhiIbRYcxyOh6DXHd5X.jpg</thumbnail>
	<fanart>https://image.tmdb.org/t/p/w1280/fKkCjBInBv8aU2StVPIGUHMPb48.jpg</fanart>
</item>
