<item>
	<title>[B][COLOR=green]Information Stupor Highway[/COLOR][/B]</title>
	<meta>
	<imdb>tt0235918</imdb>
	<content>episode</content>
	<tvshowtitle>The Fairly OddParents</tvshowtitle>
	<year>2003</year>
	<season>3</season>
	<episode>1</episode>
	</meta>
	<link>
	<sublink>search</sublink>
	<sublink>searchsd</sublink>
	</link>
	<thumbnail>https://image.tmdb.org/t/p/w1280/1Rnwe763YBcO5jfzJtHOOYHTAhX.jpg</thumbnail>
	<fanart>https://image.tmdb.org/t/p/w1280/fKkCjBInBv8aU2StVPIGUHMPb48.jpg</fanart>
</item>
<item>
	<title>[B][COLOR=green]Odd Jobs[/COLOR][/B]</title>
	<meta>
	<imdb>tt0235918</imdb>
	<content>episode</content>
	<tvshowtitle>The Fairly OddParents</tvshowtitle>
	<year>2003</year>
	<season>3</season>
	<episode>2</episode>
	</meta>
	<link>
	<sublink>search</sublink>
	<sublink>searchsd</sublink>
	</link>
	<thumbnail>https://image.tmdb.org/t/p/w1280/eNViaLzwsjxd6ayMxh1s3H8cwXF.jpg</thumbnail>
	<fanart>https://image.tmdb.org/t/p/w1280/fKkCjBInBv8aU2StVPIGUHMPb48.jpg</fanart>
</item>
<item>
	<title>[B][COLOR=green]Movie Magic[/COLOR][/B]</title>
	<meta>
	<imdb>tt0235918</imdb>
	<content>episode</content>
	<tvshowtitle>The Fairly OddParents</tvshowtitle>
	<year>2003</year>
	<season>3</season>
	<episode>3</episode>
	</meta>
	<link>
	<sublink>search</sublink>
	<sublink>searchsd</sublink>
	</link>
	<thumbnail>https://image.tmdb.org/t/p/w1280/UKyujBrr4QrFPa9wpvms41NRaV.jpg</thumbnail>
	<fanart>https://image.tmdb.org/t/p/w1280/fKkCjBInBv8aU2StVPIGUHMPb48.jpg</fanart>
</item>
<item>
	<title>[B][COLOR=green]Love Struck[/COLOR][/B]</title>
	<meta>
	<imdb>tt0235918</imdb>
	<content>episode</content>
	<tvshowtitle>The Fairly OddParents</tvshowtitle>
	<year>2003</year>
	<season>3</season>
	<episode>4</episode>
	</meta>
	<link>
	<sublink>search</sublink>
	<sublink>searchsd</sublink>
	</link>
	<thumbnail>https://image.tmdb.org/t/p/w1280/nMKosxFeWt6r8U7SoqRshBVOQLi.jpg</thumbnail>
	<fanart>https://image.tmdb.org/t/p/w1280/fKkCjBInBv8aU2StVPIGUHMPb48.jpg</fanart>
</item>
<item>
	<title>[B][COLOR=green]Most Wanted Wish[/COLOR][/B]</title>
	<meta>
	<imdb>tt0235918</imdb>
	<content>episode</content>
	<tvshowtitle>The Fairly OddParents</tvshowtitle>
	<year>2003</year>
	<season>3</season>
	<episode>5</episode>
	</meta>
	<link>
	<sublink>search</sublink>
	<sublink>searchsd</sublink>
	</link>
	<thumbnail>https://image.tmdb.org/t/p/w1280/FArEYNMAXlw2KQAf6KuQzriw8j.jpg</thumbnail>
	<fanart>https://image.tmdb.org/t/p/w1280/fKkCjBInBv8aU2StVPIGUHMPb48.jpg</fanart>
</item>
<item>
	<title>[B][COLOR=green]This is Your Wish[/COLOR][/B]</title>
	<meta>
	<imdb>tt0235918</imdb>
	<content>episode</content>
	<tvshowtitle>The Fairly OddParents</tvshowtitle>
	<year>2003</year>
	<season>3</season>
	<episode>6</episode>
	</meta>
	<link>
	<sublink>search</sublink>
	<sublink>searchsd</sublink>
	</link>
	<thumbnail>https://image.tmdb.org/t/p/w1280/wak2XxV7QRKD6u8V3VQ7gDIqm9r.jpg</thumbnail>
	<fanart>https://image.tmdb.org/t/p/w1280/fKkCjBInBv8aU2StVPIGUHMPb48.jpg</fanart>
</item>
<item>
	<title>[B][COLOR=green]Engine Blocked[/COLOR][/B]</title>
	<meta>
	<imdb>tt0235918</imdb>
	<content>episode</content>
	<tvshowtitle>The Fairly OddParents</tvshowtitle>
	<year>2003</year>
	<season>3</season>
	<episode>7</episode>
	</meta>
	<link>
	<sublink>search</sublink>
	<sublink>searchsd</sublink>
	</link>
	<thumbnail>https://image.tmdb.org/t/p/w1280/ed6Tdtl20JsEVFVqN53oPDtS7O6.jpg</thumbnail>
	<fanart>https://image.tmdb.org/t/p/w1280/fKkCjBInBv8aU2StVPIGUHMPb48.jpg</fanart>
</item>
<item>
	<title>[B][COLOR=green]Mighty Mom and Dyno Dad Meet the Crimson Chin[/COLOR][/B]</title>
	<meta>
	<imdb>tt0235918</imdb>
	<content>episode</content>
	<tvshowtitle>The Fairly OddParents</tvshowtitle>
	<year>2003</year>
	<season>3</season>
	<episode>8</episode>
	</meta>
	<link>
	<sublink>search</sublink>
	<sublink>searchsd</sublink>
	</link>
	<thumbnail>https://image.tmdb.org/t/p/w1280/2z5qanivbdhPPxJmy1rVjyi2U3e.jpg</thumbnail>
	<fanart>https://image.tmdb.org/t/p/w1280/fKkCjBInBv8aU2StVPIGUHMPb48.jpg</fanart>
</item>
<item>
	<title>[B][COLOR=green]Sleep Over And Over[/COLOR][/B]</title>
	<meta>
	<imdb>tt0235918</imdb>
	<content>episode</content>
	<tvshowtitle>The Fairly OddParents</tvshowtitle>
	<year>2003</year>
	<season>3</season>
	<episode>9</episode>
	</meta>
	<link>
	<sublink>search</sublink>
	<sublink>searchsd</sublink>
	</link>
	<thumbnail>https://image.tmdb.org/t/p/w1280/cqDgR0av7sBOVwrTNhOcuuvqUJR.jpg</thumbnail>
	<fanart>https://image.tmdb.org/t/p/w1280/fKkCjBInBv8aU2StVPIGUHMPb48.jpg</fanart>
</item>
<item>
	<title>[B][COLOR=green]Mother Nature[/COLOR][/B]</title>
	<meta>
	<imdb>tt0235918</imdb>
	<content>episode</content>
	<tvshowtitle>The Fairly OddParents</tvshowtitle>
	<year>2003</year>
	<season>3</season>
	<episode>10</episode>
	</meta>
	<link>
	<sublink>search</sublink>
	<sublink>searchsd</sublink>
	</link>
	<thumbnail>https://image.tmdb.org/t/p/w1280/nq8IQfW9y4AWWJaxsikC71BDL83.jpg</thumbnail>
	<fanart>https://image.tmdb.org/t/p/w1280/fKkCjBInBv8aU2StVPIGUHMPb48.jpg</fanart>
</item>
<item>
	<title>[B][COLOR=green]Beddy Bye[/COLOR][/B]</title>
	<meta>
	<imdb>tt0235918</imdb>
	<content>episode</content>
	<tvshowtitle>The Fairly OddParents</tvshowtitle>
	<year>2003</year>
	<season>3</season>
	<episode>11</episode>
	</meta>
	<link>
	<sublink>search</sublink>
	<sublink>searchsd</sublink>
	</link>
	<thumbnail>https://image.tmdb.org/t/p/w1280/bfEPvKOMkParLTzohzaSbH6s6Vi.jpg</thumbnail>
	<fanart>https://image.tmdb.org/t/p/w1280/fKkCjBInBv8aU2StVPIGUHMPb48.jpg</fanart>
</item>
<item>
	<title>[B][COLOR=green]The Grass Is Always Greener[/COLOR][/B]</title>
	<meta>
	<imdb>tt0235918</imdb>
	<content>episode</content>
	<tvshowtitle>The Fairly OddParents</tvshowtitle>
	<year>2003</year>
	<season>3</season>
	<episode>12</episode>
	</meta>
	<link>
	<sublink>search</sublink>
	<sublink>searchsd</sublink>
	</link>
	<thumbnail>https://image.tmdb.org/t/p/w1280/mTuD3HlpvoH8PfyGdN7Rhl3P9BL.jpg</thumbnail>
	<fanart>https://image.tmdb.org/t/p/w1280/fKkCjBInBv8aU2StVPIGUHMPb48.jpg</fanart>
</item>
<item>
	<title>[B][COLOR=green]The Secret Origin of Denzel Crocker[/COLOR][/B]</title>
	<meta>
	<imdb>tt0235918</imdb>
	<content>episode</content>
	<tvshowtitle>The Fairly OddParents</tvshowtitle>
	<year>2003</year>
	<season>3</season>
	<episode>13</episode>
	</meta>
	<link>
	<sublink>search</sublink>
	<sublink>searchsd</sublink>
	</link>
	<thumbnail>https://image.tmdb.org/t/p/w1280/hDtQjWNLlvkq0cxtbG3Jcl6oxNV.jpg</thumbnail>
	<fanart>https://image.tmdb.org/t/p/w1280/fKkCjBInBv8aU2StVPIGUHMPb48.jpg</fanart>
</item>
<item>
	<title>[B][COLOR=green]So Totally Spaced Out[/COLOR][/B]</title>
	<meta>
	<imdb>tt0235918</imdb>
	<content>episode</content>
	<tvshowtitle>The Fairly OddParents</tvshowtitle>
	<year>2003</year>
	<season>3</season>
	<episode>14</episode>
	</meta>
	<link>
	<sublink>search</sublink>
	<sublink>searchsd</sublink>
	</link>
	<thumbnail>https://image.tmdb.org/t/p/w1280/wW8xd2K6xwQU6NekUZbIcEN7IBq.jpg</thumbnail>
	<fanart>https://image.tmdb.org/t/p/w1280/fKkCjBInBv8aU2StVPIGUHMPb48.jpg</fanart>
</item>
<item>
	<title>[B][COLOR=green]Microphoney[/COLOR][/B]</title>
	<meta>
	<imdb>tt0235918</imdb>
	<content>episode</content>
	<tvshowtitle>The Fairly OddParents</tvshowtitle>
	<year>2003</year>
	<season>3</season>
	<episode>15</episode>
	</meta>
	<link>
	<sublink>search</sublink>
	<sublink>searchsd</sublink>
	</link>
	<thumbnail>https://image.tmdb.org/t/p/w1280/d9W9oJg2H1V24QdkoPdoiM0u2sQ.jpg</thumbnail>
	<fanart>https://image.tmdb.org/t/p/w1280/fKkCjBInBv8aU2StVPIGUHMPb48.jpg</fanart>
</item>
<item>
	<title>[B][COLOR=green]The Big Scoop[/COLOR][/B]</title>
	<meta>
	<imdb>tt0235918</imdb>
	<content>episode</content>
	<tvshowtitle>The Fairly OddParents</tvshowtitle>
	<year>2003</year>
	<season>3</season>
	<episode>16</episode>
	</meta>
	<link>
	<sublink>search</sublink>
	<sublink>searchsd</sublink>
	</link>
	<thumbnail>https://image.tmdb.org/t/p/w1280/sWg99fuvoPpNs5YE76MXY2bWKWo.jpg</thumbnail>
	<fanart>https://image.tmdb.org/t/p/w1280/fKkCjBInBv8aU2StVPIGUHMPb48.jpg</fanart>
</item>
<item>
	<title>[B][COLOR=green]Pipe Down[/COLOR][/B]</title>
	<meta>
	<imdb>tt0235918</imdb>
	<content>episode</content>
	<tvshowtitle>The Fairly OddParents</tvshowtitle>
	<year>2003</year>
	<season>3</season>
	<episode>17</episode>
	</meta>
	<link>
	<sublink>search</sublink>
	<sublink>searchsd</sublink>
	</link>
	<thumbnail>https://image.tmdb.org/t/p/w1280/3Hj7qrOkH4gOsHLvVnGvvkXBiiK.jpg</thumbnail>
	<fanart>https://image.tmdb.org/t/p/w1280/fKkCjBInBv8aU2StVPIGUHMPb48.jpg</fanart>
</item>
<item>
	<title>[B][COLOR=green]Crime Wave[/COLOR][/B]</title>
	<meta>
	<imdb>tt0235918</imdb>
	<content>episode</content>
	<tvshowtitle>The Fairly OddParents</tvshowtitle>
	<year>2003</year>
	<season>3</season>
	<episode>18</episode>
	</meta>
	<link>
	<sublink>search</sublink>
	<sublink>searchsd</sublink>
	</link>
	<thumbnail>https://image.tmdb.org/t/p/w1280/7k4Ro0xo9IcSWmIW02vQq7U1AE3.jpg</thumbnail>
	<fanart>https://image.tmdb.org/t/p/w1280/fKkCjBInBv8aU2StVPIGUHMPb48.jpg</fanart>
</item>
<item>
	<title>[B][COLOR=green]Odd Ball[/COLOR][/B]</title>
	<meta>
	<imdb>tt0235918</imdb>
	<content>episode</content>
	<tvshowtitle>The Fairly OddParents</tvshowtitle>
	<year>2003</year>
	<season>3</season>
	<episode>19</episode>
	</meta>
	<link>
	<sublink>search</sublink>
	<sublink>searchsd</sublink>
	</link>
	<thumbnail>https://image.tmdb.org/t/p/w1280/vrxYOmwyWu4xj2q8f2lElGbQO5p.jpg</thumbnail>
	<fanart>https://image.tmdb.org/t/p/w1280/fKkCjBInBv8aU2StVPIGUHMPb48.jpg</fanart>
</item>
<item>
	<title>[B][COLOR=green]Where's Wanda?[/COLOR][/B]</title>
	<meta>
	<imdb>tt0235918</imdb>
	<content>episode</content>
	<tvshowtitle>The Fairly OddParents</tvshowtitle>
	<year>2003</year>
	<season>3</season>
	<episode>20</episode>
	</meta>
	<link>
	<sublink>search</sublink>
	<sublink>searchsd</sublink>
	</link>
	<thumbnail>https://image.tmdb.org/t/p/w1280/1qjeN8RKiTQRx7j2I4IxlrRwbiX.jpg</thumbnail>
	<fanart>https://image.tmdb.org/t/p/w1280/fKkCjBInBv8aU2StVPIGUHMPb48.jpg</fanart>
</item>
<item>
	<title>[B][COLOR=green]Imaginary Gary[/COLOR][/B]</title>
	<meta>
	<imdb>tt0235918</imdb>
	<content>episode</content>
	<tvshowtitle>The Fairly OddParents</tvshowtitle>
	<year>2003</year>
	<season>3</season>
	<episode>21</episode>
	</meta>
	<link>
	<sublink>search</sublink>
	<sublink>searchsd</sublink>
	</link>
	<thumbnail>https://image.tmdb.org/t/p/w1280/4k1xLouWlslR3V3fy2wleUsnf9a.jpg</thumbnail>
	<fanart>https://image.tmdb.org/t/p/w1280/fKkCjBInBv8aU2StVPIGUHMPb48.jpg</fanart>
</item>
<item>
	<title>[B][COLOR=green]Miss Dimmsdale[/COLOR][/B]</title>
	<meta>
	<imdb>tt0235918</imdb>
	<content>episode</content>
	<tvshowtitle>The Fairly OddParents</tvshowtitle>
	<year>2003</year>
	<season>3</season>
	<episode>22</episode>
	</meta>
	<link>
	<sublink>search</sublink>
	<sublink>searchsd</sublink>
	</link>
	<thumbnail>https://image.tmdb.org/t/p/w1280/9jswEuPlKfNdJu83ni7vMlBHfnL.jpg</thumbnail>
	<fanart>https://image.tmdb.org/t/p/w1280/fKkCjBInBv8aU2StVPIGUHMPb48.jpg</fanart>
</item>
<item>
	<title>[B][COLOR=green]Mind Over Magic[/COLOR][/B]</title>
	<meta>
	<imdb>tt0235918</imdb>
	<content>episode</content>
	<tvshowtitle>The Fairly OddParents</tvshowtitle>
	<year>2003</year>
	<season>3</season>
	<episode>23</episode>
	</meta>
	<link>
	<sublink>search</sublink>
	<sublink>searchsd</sublink>
	</link>
	<thumbnail>https://image.tmdb.org/t/p/w1280/9uVdvd8oC26uHL8j71djWu9QD4c.jpg</thumbnail>
	<fanart>https://image.tmdb.org/t/p/w1280/fKkCjBInBv8aU2StVPIGUHMPb48.jpg</fanart>
</item>
<item>
	<title>[B][COLOR=green]Kung Timmy[/COLOR][/B]</title>
	<meta>
	<imdb>tt0235918</imdb>
	<content>episode</content>
	<tvshowtitle>The Fairly OddParents</tvshowtitle>
	<year>2003</year>
	<season>3</season>
	<episode>24</episode>
	</meta>
	<link>
	<sublink>search</sublink>
	<sublink>searchsd</sublink>
	</link>
	<thumbnail>https://image.tmdb.org/t/p/w1280/lcIkdvVIObOQerMok6TJRr222vG.jpg</thumbnail>
	<fanart>https://image.tmdb.org/t/p/w1280/fKkCjBInBv8aU2StVPIGUHMPb48.jpg</fanart>
</item>
<item>
	<title>[B][COLOR=green]Which Witch Is Which?[/COLOR][/B]</title>
	<meta>
	<imdb>tt0235918</imdb>
	<content>episode</content>
	<tvshowtitle>The Fairly OddParents</tvshowtitle>
	<year>2003</year>
	<season>3</season>
	<episode>25</episode>
	</meta>
	<link>
	<sublink>search</sublink>
	<sublink>searchsd</sublink>
	</link>
	<thumbnail>https://image.tmdb.org/t/p/w1280/wlbnb6kdPGSlUIUoheB1jYjprvt.jpg</thumbnail>
	<fanart>https://image.tmdb.org/t/p/w1280/fKkCjBInBv8aU2StVPIGUHMPb48.jpg</fanart>
</item>
<item>
	<title>[B][COLOR=green]Hard Copy[/COLOR][/B]</title>
	<meta>
	<imdb>tt0235918</imdb>
	<content>episode</content>
	<tvshowtitle>The Fairly OddParents</tvshowtitle>
	<year>2003</year>
	<season>3</season>
	<episode>26</episode>
	</meta>
	<link>
	<sublink>search</sublink>
	<sublink>searchsd</sublink>
	</link>
	<thumbnail>https://image.tmdb.org/t/p/w1280/uXZA8zmZ5WgiTfECrQ0kEcHLXnm.jpg</thumbnail>
	<fanart>https://image.tmdb.org/t/p/w1280/fKkCjBInBv8aU2StVPIGUHMPb48.jpg</fanart>
</item>
<item>
	<title>[B][COLOR=green]Parent Hoods[/COLOR][/B]</title>
	<meta>
	<imdb>tt0235918</imdb>
	<content>episode</content>
	<tvshowtitle>The Fairly OddParents</tvshowtitle>
	<year>2003</year>
	<season>3</season>
	<episode>27</episode>
	</meta>
	<link>
	<sublink>search</sublink>
	<sublink>searchsd</sublink>
	</link>
	<thumbnail>https://image.tmdb.org/t/p/w1280/yY2byqZFs3vuFlqpdEPKSBpZF2N.jpg</thumbnail>
	<fanart>https://image.tmdb.org/t/p/w1280/fKkCjBInBv8aU2StVPIGUHMPb48.jpg</fanart>
</item>
<item>
	<title>[B][COLOR=green]Chip Off the Old Chip[/COLOR][/B]</title>
	<meta>
	<imdb>tt0235918</imdb>
	<content>episode</content>
	<tvshowtitle>The Fairly OddParents</tvshowtitle>
	<year>2003</year>
	<season>3</season>
	<episode>28</episode>
	</meta>
	<link>
	<sublink>search</sublink>
	<sublink>searchsd</sublink>
	</link>
	<thumbnail>https://image.tmdb.org/t/p/w1280/g71UQREGk0bGNodHeU1bFOgXTCY.jpg</thumbnail>
	<fanart>https://image.tmdb.org/t/p/w1280/fKkCjBInBv8aU2StVPIGUHMPb48.jpg</fanart>
</item>
<item>
	<title>[B][COLOR=green]Snow Bound[/COLOR][/B]</title>
	<meta>
	<imdb>tt0235918</imdb>
	<content>episode</content>
	<tvshowtitle>The Fairly OddParents</tvshowtitle>
	<year>2003</year>
	<season>3</season>
	<episode>29</episode>
	</meta>
	<link>
	<sublink>search</sublink>
	<sublink>searchsd</sublink>
	</link>
	<thumbnail>https://image.tmdb.org/t/p/w1280/wMj15vqRpDjkDYzdv5Gdcr9SBWu.jpg</thumbnail>
	<fanart>https://image.tmdb.org/t/p/w1280/fKkCjBInBv8aU2StVPIGUHMPb48.jpg</fanart>
</item>
