<item>
	<title>[B][COLOR=green]Nega-Timmy[/COLOR][/B]</title>
	<meta>
	<imdb>tt0235918</imdb>
	<content>episode</content>
	<tvshowtitle>The Fairly OddParents</tvshowtitle>
	<year>2005</year>
	<season>5</season>
	<episode>1</episode>
	</meta>
	<link>
	<sublink>search</sublink>
	<sublink>searchsd</sublink>
	</link>
	<thumbnail>https://image.tmdb.org/t/p/w1280/7Sib5HZL7QP5fDlSbuNvAmkuLM.jpg</thumbnail>
	<fanart>https://image.tmdb.org/t/p/w1280/fKkCjBInBv8aU2StVPIGUHMPb48.jpg</fanart>
</item>
<item>
	<title>[B][COLOR=green]Love at First Height[/COLOR][/B]</title>
	<meta>
	<imdb>tt0235918</imdb>
	<content>episode</content>
	<tvshowtitle>The Fairly OddParents</tvshowtitle>
	<year>2005</year>
	<season>5</season>
	<episode>2</episode>
	</meta>
	<link>
	<sublink>search</sublink>
	<sublink>searchsd</sublink>
	</link>
	<thumbnail>https://image.tmdb.org/t/p/w1280/3oIYHEBhhXwt1OkCmpD4ouh3Vv6.jpg</thumbnail>
	<fanart>https://image.tmdb.org/t/p/w1280/fKkCjBInBv8aU2StVPIGUHMPb48.jpg</fanart>
</item>
<item>
	<title>[B][COLOR=green]Truth or Cosmoquences[/COLOR][/B]</title>
	<meta>
	<imdb>tt0235918</imdb>
	<content>episode</content>
	<tvshowtitle>The Fairly OddParents</tvshowtitle>
	<year>2005</year>
	<season>5</season>
	<episode>3</episode>
	</meta>
	<link>
	<sublink>search</sublink>
	<sublink>searchsd</sublink>
	</link>
	<thumbnail>https://image.tmdb.org/t/p/w1280/n1FHJBlZR8wFRTSbe5wz4wG6QbR.jpg</thumbnail>
	<fanart>https://image.tmdb.org/t/p/w1280/fKkCjBInBv8aU2StVPIGUHMPb48.jpg</fanart>
</item>
<item>
	<title>[B][COLOR=green]Beach Bummed[/COLOR][/B]</title>
	<meta>
	<imdb>tt0235918</imdb>
	<content>episode</content>
	<tvshowtitle>The Fairly OddParents</tvshowtitle>
	<year>2005</year>
	<season>5</season>
	<episode>4</episode>
	</meta>
	<link>
	<sublink>search</sublink>
	<sublink>searchsd</sublink>
	</link>
	<thumbnail>https://image.tmdb.org/t/p/w1280/5IW7NXWm88E4WYVRawRjJIMNGU3.jpg</thumbnail>
	<fanart>https://image.tmdb.org/t/p/w1280/fKkCjBInBv8aU2StVPIGUHMPb48.jpg</fanart>
</item>
<item>
	<title>[B][COLOR=green]Just Desserts[/COLOR][/B]</title>
	<meta>
	<imdb>tt0235918</imdb>
	<content>episode</content>
	<tvshowtitle>The Fairly OddParents</tvshowtitle>
	<year>2005</year>
	<season>5</season>
	<episode>5</episode>
	</meta>
	<link>
	<sublink>search</sublink>
	<sublink>searchsd</sublink>
	</link>
	<thumbnail>https://image.tmdb.org/t/p/w1280/42ctCIcVdFvwUw2Gjeziws6GE8T.jpg</thumbnail>
	<fanart>https://image.tmdb.org/t/p/w1280/fKkCjBInBv8aU2StVPIGUHMPb48.jpg</fanart>
</item>
<item>
	<title>[B][COLOR=green]You Doo![/COLOR][/B]</title>
	<meta>
	<imdb>tt0235918</imdb>
	<content>episode</content>
	<tvshowtitle>The Fairly OddParents</tvshowtitle>
	<year>2005</year>
	<season>5</season>
	<episode>6</episode>
	</meta>
	<link>
	<sublink>search</sublink>
	<sublink>searchsd</sublink>
	</link>
	<thumbnail>https://image.tmdb.org/t/p/w1280/7g8uSxhIwr8Ci9onJoeOfLsCzMX.jpg</thumbnail>
	<fanart>https://image.tmdb.org/t/p/w1280/fKkCjBInBv8aU2StVPIGUHMPb48.jpg</fanart>
</item>
<item>
	<title>[B][COLOR=green]Catman Meets The Crimson Chin[/COLOR][/B]</title>
	<meta>
	<imdb>tt0235918</imdb>
	<content>episode</content>
	<tvshowtitle>The Fairly OddParents</tvshowtitle>
	<year>2005</year>
	<season>5</season>
	<episode>7</episode>
	</meta>
	<link>
	<sublink>search</sublink>
	<sublink>searchsd</sublink>
	</link>
	<thumbnail>https://image.tmdb.org/t/p/w1280/7iODA0qyCoXLZ9Bv6Vqd8QjM4nY.jpg</thumbnail>
	<fanart>https://image.tmdb.org/t/p/w1280/fKkCjBInBv8aU2StVPIGUHMPb48.jpg</fanart>
</item>
<item>
	<title>[B][COLOR=green]Back To Norm[/COLOR][/B]</title>
	<meta>
	<imdb>tt0235918</imdb>
	<content>episode</content>
	<tvshowtitle>The Fairly OddParents</tvshowtitle>
	<year>2005</year>
	<season>5</season>
	<episode>8</episode>
	</meta>
	<link>
	<sublink>search</sublink>
	<sublink>searchsd</sublink>
	</link>
	<thumbnail>https://image.tmdb.org/t/p/w1280/q2EmXiYGTZnsyeSUlI8CsyYFeiB.jpg</thumbnail>
	<fanart>https://image.tmdb.org/t/p/w1280/fKkCjBInBv8aU2StVPIGUHMPb48.jpg</fanart>
</item>
<item>
	<title>[B][COLOR=green]The Masked Magician[/COLOR][/B]</title>
	<meta>
	<imdb>tt0235918</imdb>
	<content>episode</content>
	<tvshowtitle>The Fairly OddParents</tvshowtitle>
	<year>2005</year>
	<season>5</season>
	<episode>9</episode>
	</meta>
	<link>
	<sublink>search</sublink>
	<sublink>searchsd</sublink>
	</link>
	<thumbnail>https://image.tmdb.org/t/p/w1280/sJ6PPHZjVRX4fLXQJdScam0OCxs.jpg</thumbnail>
	<fanart>https://image.tmdb.org/t/p/w1280/fKkCjBInBv8aU2StVPIGUHMPb48.jpg</fanart>
</item>
<item>
	<title>[B][COLOR=green]The Big Bash[/COLOR][/B]</title>
	<meta>
	<imdb>tt0235918</imdb>
	<content>episode</content>
	<tvshowtitle>The Fairly OddParents</tvshowtitle>
	<year>2005</year>
	<season>5</season>
	<episode>10</episode>
	</meta>
	<link>
	<sublink>search</sublink>
	<sublink>searchsd</sublink>
	</link>
	<thumbnail>https://image.tmdb.org/t/p/w1280/4JdSIO99Ngqgj7rqIgRZ8zID0OE.jpg</thumbnail>
	<fanart>https://image.tmdb.org/t/p/w1280/fKkCjBInBv8aU2StVPIGUHMPb48.jpg</fanart>
</item>
<item>
	<title>[B][COLOR=green]Blondas Have More Fun[/COLOR][/B]</title>
	<meta>
	<imdb>tt0235918</imdb>
	<content>episode</content>
	<tvshowtitle>The Fairly OddParents</tvshowtitle>
	<year>2005</year>
	<season>5</season>
	<episode>11</episode>
	</meta>
	<link>
	<sublink>search</sublink>
	<sublink>searchsd</sublink>
	</link>
	<thumbnail>https://image.tmdb.org/t/p/w1280/nrnzYnnVJGFpXP1Bsqwcm8GPwuI.jpg</thumbnail>
	<fanart>https://image.tmdb.org/t/p/w1280/fKkCjBInBv8aU2StVPIGUHMPb48.jpg</fanart>
</item>
<item>
	<title>[B][COLOR=green]Five Days Of Flarg[/COLOR][/B]</title>
	<meta>
	<imdb>tt0235918</imdb>
	<content>episode</content>
	<tvshowtitle>The Fairly OddParents</tvshowtitle>
	<year>2005</year>
	<season>5</season>
	<episode>12</episode>
	</meta>
	<link>
	<sublink>search</sublink>
	<sublink>searchsd</sublink>
	</link>
	<thumbnail>https://image.tmdb.org/t/p/w1280/o8pWap1Aq4LEFv6cTy6VZfTVUb.jpg</thumbnail>
	<fanart>https://image.tmdb.org/t/p/w1280/fKkCjBInBv8aU2StVPIGUHMPb48.jpg</fanart>
</item>
<item>
	<title>[B][COLOR=green]Go Young, West Man[/COLOR][/B]</title>
	<meta>
	<imdb>tt0235918</imdb>
	<content>episode</content>
	<tvshowtitle>The Fairly OddParents</tvshowtitle>
	<year>2005</year>
	<season>5</season>
	<episode>13</episode>
	</meta>
	<link>
	<sublink>search</sublink>
	<sublink>searchsd</sublink>
	</link>
	<thumbnail>https://image.tmdb.org/t/p/w1280/zxUrwYyAWazFZCaopNRH6Wr4dOM.jpg</thumbnail>
	<fanart>https://image.tmdb.org/t/p/w1280/fKkCjBInBv8aU2StVPIGUHMPb48.jpg</fanart>
</item>
<item>
	<title>[B][COLOR=green]Birthday Wish[/COLOR][/B]</title>
	<meta>
	<imdb>tt0235918</imdb>
	<content>episode</content>
	<tvshowtitle>The Fairly OddParents</tvshowtitle>
	<year>2005</year>
	<season>5</season>
	<episode>14</episode>
	</meta>
	<link>
	<sublink>search</sublink>
	<sublink>searchsd</sublink>
	</link>
	<thumbnail>https://image.tmdb.org/t/p/w1280/ldcZtqW5w0JTikA63DrEAG1ON3q.jpg</thumbnail>
	<fanart>https://image.tmdb.org/t/p/w1280/fKkCjBInBv8aU2StVPIGUHMPb48.jpg</fanart>
</item>
<item>
	<title>[B][COLOR=green]Timmy's 2-D House of Horror[/COLOR][/B]</title>
	<meta>
	<imdb>tt0235918</imdb>
	<content>episode</content>
	<tvshowtitle>The Fairly OddParents</tvshowtitle>
	<year>2005</year>
	<season>5</season>
	<episode>15</episode>
	</meta>
	<link>
	<sublink>search</sublink>
	<sublink>searchsd</sublink>
	</link>
	<thumbnail>https://image.tmdb.org/t/p/w1280/w9c7rOeObMTG9Qgxvrc1gVUK7h.jpg</thumbnail>
	<fanart>https://image.tmdb.org/t/p/w1280/fKkCjBInBv8aU2StVPIGUHMPb48.jpg</fanart>
</item>
<item>
	<title>[B][COLOR=green]It's A Wishful Life[/COLOR][/B]</title>
	<meta>
	<imdb>tt0235918</imdb>
	<content>episode</content>
	<tvshowtitle>The Fairly OddParents</tvshowtitle>
	<year>2005</year>
	<season>5</season>
	<episode>16</episode>
	</meta>
	<link>
	<sublink>search</sublink>
	<sublink>searchsd</sublink>
	</link>
	<thumbnail>https://image.tmdb.org/t/p/w1280/8sTKq4o81eIcfsFasT5FtBpkOj7.jpg</thumbnail>
	<fanart>https://image.tmdb.org/t/p/w1280/fKkCjBInBv8aU2StVPIGUHMPb48.jpg</fanart>
</item>
<item>
	<title>[B][COLOR=green]Escape From Unwish Island[/COLOR][/B]</title>
	<meta>
	<imdb>tt0235918</imdb>
	<content>episode</content>
	<tvshowtitle>The Fairly OddParents</tvshowtitle>
	<year>2005</year>
	<season>5</season>
	<episode>17</episode>
	</meta>
	<link>
	<sublink>search</sublink>
	<sublink>searchsd</sublink>
	</link>
	<thumbnail>https://image.tmdb.org/t/p/w1280/kc6vyVHYYwR1ToDlFNfgE071H4v.jpg</thumbnail>
	<fanart>https://image.tmdb.org/t/p/w1280/fKkCjBInBv8aU2StVPIGUHMPb48.jpg</fanart>
</item>
<item>
	<title>[B][COLOR=green]The Grand Plan[/COLOR][/B]</title>
	<meta>
	<imdb>tt0235918</imdb>
	<content>episode</content>
	<tvshowtitle>The Fairly OddParents</tvshowtitle>
	<year>2005</year>
	<season>5</season>
	<episode>18</episode>
	</meta>
	<link>
	<sublink>search</sublink>
	<sublink>searchsd</sublink>
	</link>
	<thumbnail>https://image.tmdb.org/t/p/w1280/8mZpsPXmM77gB1AWdlAAchvWa7o.jpg</thumbnail>
	<fanart>https://image.tmdb.org/t/p/w1280/fKkCjBInBv8aU2StVPIGUHMPb48.jpg</fanart>
</item>
<item>
	<title>[B][COLOR=green]Hassle in the Castle[/COLOR][/B]</title>
	<meta>
	<imdb>tt0235918</imdb>
	<content>episode</content>
	<tvshowtitle>The Fairly OddParents</tvshowtitle>
	<year>2005</year>
	<season>5</season>
	<episode>19</episode>
	</meta>
	<link>
	<sublink>search</sublink>
	<sublink>searchsd</sublink>
	</link>
	<thumbnail>https://image.tmdb.org/t/p/w1280/6WJgK3nKeTfU57P6TT97Fsdtlxr.jpg</thumbnail>
	<fanart>https://image.tmdb.org/t/p/w1280/fKkCjBInBv8aU2StVPIGUHMPb48.jpg</fanart>
</item>
<item>
	<title>[B][COLOR=green]Remy Rides Again[/COLOR][/B]</title>
	<meta>
	<imdb>tt0235918</imdb>
	<content>episode</content>
	<tvshowtitle>The Fairly OddParents</tvshowtitle>
	<year>2005</year>
	<season>5</season>
	<episode>20</episode>
	</meta>
	<link>
	<sublink>search</sublink>
	<sublink>searchsd</sublink>
	</link>
	<thumbnail>https://image.tmdb.org/t/p/w1280/Anj6MHgRTZ4B8vt37E4KSAbPb0D.jpg</thumbnail>
	<fanart>https://image.tmdb.org/t/p/w1280/fKkCjBInBv8aU2StVPIGUHMPb48.jpg</fanart>
</item>
<item>
	<title>[B][COLOR=green]Talkin' Trash[/COLOR][/B]</title>
	<meta>
	<imdb>tt0235918</imdb>
	<content>episode</content>
	<tvshowtitle>The Fairly OddParents</tvshowtitle>
	<year>2005</year>
	<season>5</season>
	<episode>21</episode>
	</meta>
	<link>
	<sublink>search</sublink>
	<sublink>searchsd</sublink>
	</link>
	<thumbnail>https://image.tmdb.org/t/p/w1280/6Z36MW51pSXkNMo5m7ivkpVBAoq.jpg</thumbnail>
	<fanart>https://image.tmdb.org/t/p/w1280/fKkCjBInBv8aU2StVPIGUHMPb48.jpg</fanart>
</item>
<item>
	<title>[B][COLOR=green]Timmy TV[/COLOR][/B]</title>
	<meta>
	<imdb>tt0235918</imdb>
	<content>episode</content>
	<tvshowtitle>The Fairly OddParents</tvshowtitle>
	<year>2005</year>
	<season>5</season>
	<episode>22</episode>
	</meta>
	<link>
	<sublink>search</sublink>
	<sublink>searchsd</sublink>
	</link>
	<thumbnail>https://image.tmdb.org/t/p/w1280/ddGe15adZPuaBiRAhMCvnKNKYEm.jpg</thumbnail>
	<fanart>https://image.tmdb.org/t/p/w1280/fKkCjBInBv8aU2StVPIGUHMPb48.jpg</fanart>
</item>
<item>
	<title>[B][COLOR=green]Mooooving Day[/COLOR][/B]</title>
	<meta>
	<imdb>tt0235918</imdb>
	<content>episode</content>
	<tvshowtitle>The Fairly OddParents</tvshowtitle>
	<year>2005</year>
	<season>5</season>
	<episode>23</episode>
	</meta>
	<link>
	<sublink>search</sublink>
	<sublink>searchsd</sublink>
	</link>
	<thumbnail>https://image.tmdb.org/t/p/w1280/3xJQ1bhGkg5Ju7SZUjX2jiZSZTF.jpg</thumbnail>
	<fanart>https://image.tmdb.org/t/p/w1280/fKkCjBInBv8aU2StVPIGUHMPb48.jpg</fanart>
</item>
<item>
	<title>[B][COLOR=green]Big Wanda[/COLOR][/B]</title>
	<meta>
	<imdb>tt0235918</imdb>
	<content>episode</content>
	<tvshowtitle>The Fairly OddParents</tvshowtitle>
	<year>2005</year>
	<season>5</season>
	<episode>24</episode>
	</meta>
	<link>
	<sublink>search</sublink>
	<sublink>searchsd</sublink>
	</link>
	<thumbnail>https://image.tmdb.org/t/p/w1280/XibGmpJACjmC9tx6xQRL3ULfXd.jpg</thumbnail>
	<fanart>https://image.tmdb.org/t/p/w1280/fKkCjBInBv8aU2StVPIGUHMPb48.jpg</fanart>
</item>
<item>
	<title>[B][COLOR=green]Oh, Brother[/COLOR][/B]</title>
	<meta>
	<imdb>tt0235918</imdb>
	<content>episode</content>
	<tvshowtitle>The Fairly OddParents</tvshowtitle>
	<year>2005</year>
	<season>5</season>
	<episode>25</episode>
	</meta>
	<link>
	<sublink>search</sublink>
	<sublink>searchsd</sublink>
	</link>
	<thumbnail>https://image.tmdb.org/t/p/w1280/jX58mNRyFk9IhBhlSJvXgzbDBjI.jpg</thumbnail>
	<fanart>https://image.tmdb.org/t/p/w1280/fKkCjBInBv8aU2StVPIGUHMPb48.jpg</fanart>
</item>
<item>
	<title>[B][COLOR=green]What's the Difference?[/COLOR][/B]</title>
	<meta>
	<imdb>tt0235918</imdb>
	<content>episode</content>
	<tvshowtitle>The Fairly OddParents</tvshowtitle>
	<year>2005</year>
	<season>5</season>
	<episode>26</episode>
	</meta>
	<link>
	<sublink>search</sublink>
	<sublink>searchsd</sublink>
	</link>
	<thumbnail>https://image.tmdb.org/t/p/w1280/1vUjHzCcXcAD9ztkhlcTYIBnC2w.jpg</thumbnail>
	<fanart>https://image.tmdb.org/t/p/w1280/fKkCjBInBv8aU2StVPIGUHMPb48.jpg</fanart>
</item>
<item>
	<title>[B][COLOR=green]Smart Attack[/COLOR][/B]</title>
	<meta>
	<imdb>tt0235918</imdb>
	<content>episode</content>
	<tvshowtitle>The Fairly OddParents</tvshowtitle>
	<year>2005</year>
	<season>5</season>
	<episode>27</episode>
	</meta>
	<link>
	<sublink>search</sublink>
	<sublink>searchsd</sublink>
	</link>
	<thumbnail>https://image.tmdb.org/t/p/w1280/1nQbzxGo2dOgtKVGDG6Z9O9ibIW.jpg</thumbnail>
	<fanart>https://image.tmdb.org/t/p/w1280/fKkCjBInBv8aU2StVPIGUHMPb48.jpg</fanart>
</item>
<item>
	<title>[B][COLOR=green]Operation FUN[/COLOR][/B]</title>
	<meta>
	<imdb>tt0235918</imdb>
	<content>episode</content>
	<tvshowtitle>The Fairly OddParents</tvshowtitle>
	<year>2005</year>
	<season>5</season>
	<episode>28</episode>
	</meta>
	<link>
	<sublink>search</sublink>
	<sublink>searchsd</sublink>
	</link>
	<thumbnail>https://image.tmdb.org/t/p/w1280/y1ZfzFrgNgS6bk5tbbnfA3YN7Kn.jpg</thumbnail>
	<fanart>https://image.tmdb.org/t/p/w1280/fKkCjBInBv8aU2StVPIGUHMPb48.jpg</fanart>
</item>
<item>
	<title>[B][COLOR=green]Something's Fishy[/COLOR][/B]</title>
	<meta>
	<imdb>tt0235918</imdb>
	<content>episode</content>
	<tvshowtitle>The Fairly OddParents</tvshowtitle>
	<year>2005</year>
	<season>5</season>
	<episode>29</episode>
	</meta>
	<link>
	<sublink>search</sublink>
	<sublink>searchsd</sublink>
	</link>
	<thumbnail>https://image.tmdb.org/t/p/w1280/lF5r8DhBCXxRJO1wFqtZX2UTuDe.jpg</thumbnail>
	<fanart>https://image.tmdb.org/t/p/w1280/fKkCjBInBv8aU2StVPIGUHMPb48.jpg</fanart>
</item>
<item>
	<title>[B][COLOR=green]Presto Change-O[/COLOR][/B]</title>
	<meta>
	<imdb>tt0235918</imdb>
	<content>episode</content>
	<tvshowtitle>The Fairly OddParents</tvshowtitle>
	<year>2005</year>
	<season>5</season>
	<episode>30</episode>
	</meta>
	<link>
	<sublink>search</sublink>
	<sublink>searchsd</sublink>
	</link>
	<thumbnail>https://image.tmdb.org/t/p/w1280/c1ZrPqREKvLF9SrwGw2PUOnsRMP.jpg</thumbnail>
	<fanart>https://image.tmdb.org/t/p/w1280/fKkCjBInBv8aU2StVPIGUHMPb48.jpg</fanart>
</item>
<item>
	<title>[B][COLOR=green]The Good Ol' Days[/COLOR][/B]</title>
	<meta>
	<imdb>tt0235918</imdb>
	<content>episode</content>
	<tvshowtitle>The Fairly OddParents</tvshowtitle>
	<year>2005</year>
	<season>5</season>
	<episode>31</episode>
	</meta>
	<link>
	<sublink>search</sublink>
	<sublink>searchsd</sublink>
	</link>
	<thumbnail>https://image.tmdb.org/t/p/w1280/bPoxyDSTYIKpyvaHKnZX5i2yIWy.jpg</thumbnail>
	<fanart>https://image.tmdb.org/t/p/w1280/fKkCjBInBv8aU2StVPIGUHMPb48.jpg</fanart>
</item>
<item>
	<title>[B][COLOR=green]Future Lost[/COLOR][/B]</title>
	<meta>
	<imdb>tt0235918</imdb>
	<content>episode</content>
	<tvshowtitle>The Fairly OddParents</tvshowtitle>
	<year>2005</year>
	<season>5</season>
	<episode>32</episode>
	</meta>
	<link>
	<sublink>search</sublink>
	<sublink>searchsd</sublink>
	</link>
	<thumbnail>https://image.tmdb.org/t/p/w1280/yotBdiB9PLqHPlQxxhlJTPjwryC.jpg</thumbnail>
	<fanart>https://image.tmdb.org/t/p/w1280/fKkCjBInBv8aU2StVPIGUHMPb48.jpg</fanart>
</item>
<item>
	<title>[B][COLOR=green]Timmy The Barbarian[/COLOR][/B]</title>
	<meta>
	<imdb>tt0235918</imdb>
	<content>episode</content>
	<tvshowtitle>The Fairly OddParents</tvshowtitle>
	<year>2006</year>
	<season>5</season>
	<episode>33</episode>
	</meta>
	<link>
	<sublink>search</sublink>
	<sublink>searchsd</sublink>
	</link>
	<thumbnail>https://image.tmdb.org/t/p/w1280/8587Qqv6R4zHKwhdJvbdpvjrwHB.jpg</thumbnail>
	<fanart>https://image.tmdb.org/t/p/w1280/fKkCjBInBv8aU2StVPIGUHMPb48.jpg</fanart>
</item>
<item>
	<title>[B][COLOR=green]No Substitute for Crazy[/COLOR][/B]</title>
	<meta>
	<imdb>tt0235918</imdb>
	<content>episode</content>
	<tvshowtitle>The Fairly OddParents</tvshowtitle>
	<year>2006</year>
	<season>5</season>
	<episode>34</episode>
	</meta>
	<link>
	<sublink>search</sublink>
	<sublink>searchsd</sublink>
	</link>
	<thumbnail>https://image.tmdb.org/t/p/w1280/uEEElcLxpdQvwM98sxtJ7EtXK2v.jpg</thumbnail>
	<fanart>https://image.tmdb.org/t/p/w1280/fKkCjBInBv8aU2StVPIGUHMPb48.jpg</fanart>
</item>
