<item>
	<title>[B][COLOR=green]Mission Responsible[/COLOR][/B]</title>
	<meta>
	<imdb>tt0235918</imdb>
	<content>episode</content>
	<tvshowtitle>The Fairly OddParents</tvshowtitle>
	<year>2008</year>
	<season>6</season>
	<episode>1</episode>
	</meta>
	<link>
	<sublink>search</sublink>
	<sublink>searchsd</sublink>
	</link>
	<thumbnail>https://image.tmdb.org/t/p/w1280/hiLxMYISM1K1nejroA5UKr1WnVm.jpg</thumbnail>
	<fanart>https://image.tmdb.org/t/p/w1280/fKkCjBInBv8aU2StVPIGUHMPb48.jpg</fanart>
</item>
<item>
	<title>[B][COLOR=green]Hairicane[/COLOR][/B]</title>
	<meta>
	<imdb>tt0235918</imdb>
	<content>episode</content>
	<tvshowtitle>The Fairly OddParents</tvshowtitle>
	<year>2008</year>
	<season>6</season>
	<episode>2</episode>
	</meta>
	<link>
	<sublink>search</sublink>
	<sublink>searchsd</sublink>
	</link>
	<thumbnail>https://image.tmdb.org/t/p/w1280/zEKlmiy0jSAHSEK5h1YVyxSastt.jpg</thumbnail>
	<fanart>https://image.tmdb.org/t/p/w1280/fKkCjBInBv8aU2StVPIGUHMPb48.jpg</fanart>
</item>
<item>
	<title>[B][COLOR=green]Open Wide And Say Aaagh![/COLOR][/B]</title>
	<meta>
	<imdb>tt0235918</imdb>
	<content>episode</content>
	<tvshowtitle>The Fairly OddParents</tvshowtitle>
	<year>2008</year>
	<season>6</season>
	<episode>3</episode>
	</meta>
	<link>
	<sublink>search</sublink>
	<sublink>searchsd</sublink>
	</link>
	<thumbnail>https://image.tmdb.org/t/p/w1280/dbOnuIgAu0ly2ihTUvY9KlFtOuA.jpg</thumbnail>
	<fanart>https://image.tmdb.org/t/p/w1280/fKkCjBInBv8aU2StVPIGUHMPb48.jpg</fanart>
</item>
<item>
	<title>[B][COLOR=green]Odd Pirates[/COLOR][/B]</title>
	<meta>
	<imdb>tt0235918</imdb>
	<content>episode</content>
	<tvshowtitle>The Fairly OddParents</tvshowtitle>
	<year>2008</year>
	<season>6</season>
	<episode>4</episode>
	</meta>
	<link>
	<sublink>search</sublink>
	<sublink>searchsd</sublink>
	</link>
	<thumbnail>https://image.tmdb.org/t/p/w1280/1cixAnO31UrHdfGbsvvt6uklzkR.jpg</thumbnail>
	<fanart>https://image.tmdb.org/t/p/w1280/fKkCjBInBv8aU2StVPIGUHMPb48.jpg</fanart>
</item>
<item>
	<title>[B][COLOR=green]The Odd Squad[/COLOR][/B]</title>
	<meta>
	<imdb>tt0235918</imdb>
	<content>episode</content>
	<tvshowtitle>The Fairly OddParents</tvshowtitle>
	<year>2008</year>
	<season>6</season>
	<episode>5</episode>
	</meta>
	<link>
	<sublink>search</sublink>
	<sublink>searchsd</sublink>
	</link>
	<thumbnail>https://image.tmdb.org/t/p/w1280/dcG0L7Fnw6Fdt6KTwBxLsurakt5.jpg</thumbnail>
	<fanart>https://image.tmdb.org/t/p/w1280/fKkCjBInBv8aU2StVPIGUHMPb48.jpg</fanart>
</item>
<item>
	<title>[B][COLOR=green]For Emergencies Only[/COLOR][/B]</title>
	<meta>
	<imdb>tt0235918</imdb>
	<content>episode</content>
	<tvshowtitle>The Fairly OddParents</tvshowtitle>
	<year>2008</year>
	<season>6</season>
	<episode>6</episode>
	</meta>
	<link>
	<sublink>search</sublink>
	<sublink>searchsd</sublink>
	</link>
	<thumbnail>https://image.tmdb.org/t/p/w1280/xoapZRcpnNF1XzREFphGLDRYoAB.jpg</thumbnail>
	<fanart>https://image.tmdb.org/t/p/w1280/fKkCjBInBv8aU2StVPIGUHMPb48.jpg</fanart>
</item>
<item>
	<title>[B][COLOR=green]Cheese & Crockers[/COLOR][/B]</title>
	<meta>
	<imdb>tt0235918</imdb>
	<content>episode</content>
	<tvshowtitle>The Fairly OddParents</tvshowtitle>
	<year>2008</year>
	<season>6</season>
	<episode>7</episode>
	</meta>
	<link>
	<sublink>search</sublink>
	<sublink>searchsd</sublink>
	</link>
	<thumbnail>https://image.tmdb.org/t/p/w1280/hvo6sYzspMauYwRcK9VZEfMqKi6.jpg</thumbnail>
	<fanart>https://image.tmdb.org/t/p/w1280/fKkCjBInBv8aU2StVPIGUHMPb48.jpg</fanart>
</item>
<item>
	<title>[B][COLOR=green]The Land Before Timmy[/COLOR][/B]</title>
	<meta>
	<imdb>tt0235918</imdb>
	<content>episode</content>
	<tvshowtitle>The Fairly OddParents</tvshowtitle>
	<year>2008</year>
	<season>6</season>
	<episode>8</episode>
	</meta>
	<link>
	<sublink>search</sublink>
	<sublink>searchsd</sublink>
	</link>
	<thumbnail>https://image.tmdb.org/t/p/w1280/hUk8UOAzb98YNLiRzBPabsVaFHP.jpg</thumbnail>
	<fanart>https://image.tmdb.org/t/p/w1280/fKkCjBInBv8aU2StVPIGUHMPb48.jpg</fanart>
</item>
<item>
	<title>[B][COLOR=green]King Chang[/COLOR][/B]</title>
	<meta>
	<imdb>tt0235918</imdb>
	<content>episode</content>
	<tvshowtitle>The Fairly OddParents</tvshowtitle>
	<year>2008</year>
	<season>6</season>
	<episode>9</episode>
	</meta>
	<link>
	<sublink>search</sublink>
	<sublink>searchsd</sublink>
	</link>
	<thumbnail>https://image.tmdb.org/t/p/w1280/W6q6BPbSdYiPWDbwI1wb9FslPA.jpg</thumbnail>
	<fanart>https://image.tmdb.org/t/p/w1280/fKkCjBInBv8aU2StVPIGUHMPb48.jpg</fanart>
</item>
<item>
	<title>[B][COLOR=green]The End of the Universe-ity[/COLOR][/B]</title>
	<meta>
	<imdb>tt0235918</imdb>
	<content>episode</content>
	<tvshowtitle>The Fairly OddParents</tvshowtitle>
	<year>2008</year>
	<season>6</season>
	<episode>10</episode>
	</meta>
	<link>
	<sublink>search</sublink>
	<sublink>searchsd</sublink>
	</link>
	<thumbnail>https://image.tmdb.org/t/p/w1280/5cr6LNROCfPNSaO25RlTUTQuBed.jpg</thumbnail>
	<fanart>https://image.tmdb.org/t/p/w1280/fKkCjBInBv8aU2StVPIGUHMPb48.jpg</fanart>
</item>
<item>
	<title>[B][COLOR=green]Sooper Poof[/COLOR][/B]</title>
	<meta>
	<imdb>tt0235918</imdb>
	<content>episode</content>
	<tvshowtitle>The Fairly OddParents</tvshowtitle>
	<year>2008</year>
	<season>6</season>
	<episode>11</episode>
	</meta>
	<link>
	<sublink>search</sublink>
	<sublink>searchsd</sublink>
	</link>
	<thumbnail>https://image.tmdb.org/t/p/w1280/vIvroYpFmUWcJZcuDOdGGSKSDRf.jpg</thumbnail>
	<fanart>https://image.tmdb.org/t/p/w1280/fKkCjBInBv8aU2StVPIGUHMPb48.jpg</fanart>
</item>
<item>
	<title>[B][COLOR=green]Wishing Well[/COLOR][/B]</title>
	<meta>
	<imdb>tt0235918</imdb>
	<content>episode</content>
	<tvshowtitle>The Fairly OddParents</tvshowtitle>
	<year>2008</year>
	<season>6</season>
	<episode>12</episode>
	</meta>
	<link>
	<sublink>search</sublink>
	<sublink>searchsd</sublink>
	</link>
	<thumbnail>https://image.tmdb.org/t/p/w1280/1rKatqpIhPZTx5botr5jlldNB4y.jpg</thumbnail>
	<fanart>https://image.tmdb.org/t/p/w1280/fKkCjBInBv8aU2StVPIGUHMPb48.jpg</fanart>
</item>
<item>
	<title>[B][COLOR=green]Wishy Washy[/COLOR][/B]</title>
	<meta>
	<imdb>tt0235918</imdb>
	<content>episode</content>
	<tvshowtitle>The Fairly OddParents</tvshowtitle>
	<year>2008</year>
	<season>6</season>
	<episode>13</episode>
	</meta>
	<link>
	<sublink>search</sublink>
	<sublink>searchsd</sublink>
	</link>
	<thumbnail>https://image.tmdb.org/t/p/w1280/9YwBE5P8yVf2J2vVLWgdl9N6uiO.jpg</thumbnail>
	<fanart>https://image.tmdb.org/t/p/w1280/fKkCjBInBv8aU2StVPIGUHMPb48.jpg</fanart>
</item>
<item>
	<title>[B][COLOR=green]Poof's Playdate[/COLOR][/B]</title>
	<meta>
	<imdb>tt0235918</imdb>
	<content>episode</content>
	<tvshowtitle>The Fairly OddParents</tvshowtitle>
	<year>2008</year>
	<season>6</season>
	<episode>14</episode>
	</meta>
	<link>
	<sublink>search</sublink>
	<sublink>searchsd</sublink>
	</link>
	<thumbnail>https://image.tmdb.org/t/p/w1280/yaQQ2RzDNsiwtO3xvGXaoHldSEa.jpg</thumbnail>
	<fanart>https://image.tmdb.org/t/p/w1280/fKkCjBInBv8aU2StVPIGUHMPb48.jpg</fanart>
</item>
<item>
	<title>[B][COLOR=green]Vicky Gets Fired[/COLOR][/B]</title>
	<meta>
	<imdb>tt0235918</imdb>
	<content>episode</content>
	<tvshowtitle>The Fairly OddParents</tvshowtitle>
	<year>2008</year>
	<season>6</season>
	<episode>15</episode>
	</meta>
	<link>
	<sublink>search</sublink>
	<sublink>searchsd</sublink>
	</link>
	<thumbnail>https://image.tmdb.org/t/p/w1280/puIPYPVriEuKWC6orh3tLriTE6Q.jpg</thumbnail>
	<fanart>https://image.tmdb.org/t/p/w1280/fKkCjBInBv8aU2StVPIGUHMPb48.jpg</fanart>
</item>
<item>
	<title>[B][COLOR=green]Chinred Spirits[/COLOR][/B]</title>
	<meta>
	<imdb>tt0235918</imdb>
	<content>episode</content>
	<tvshowtitle>The Fairly OddParents</tvshowtitle>
	<year>2008</year>
	<season>6</season>
	<episode>16</episode>
	</meta>
	<link>
	<sublink>search</sublink>
	<sublink>searchsd</sublink>
	</link>
	<thumbnail>https://image.tmdb.org/t/p/w1280/znDO1vacgzEjj1QhLs9IhKyZJ0N.jpg</thumbnail>
	<fanart>https://image.tmdb.org/t/p/w1280/fKkCjBInBv8aU2StVPIGUHMPb48.jpg</fanart>
</item>
<item>
	<title>[B][COLOR=green]9 Lives[/COLOR][/B]</title>
	<meta>
	<imdb>tt0235918</imdb>
	<content>episode</content>
	<tvshowtitle>The Fairly OddParents</tvshowtitle>
	<year>2008</year>
	<season>6</season>
	<episode>17</episode>
	</meta>
	<link>
	<sublink>search</sublink>
	<sublink>searchsd</sublink>
	</link>
	<thumbnail>https://image.tmdb.org/t/p/w1280/6wVogAm3utIpcHag2hfM9QggrRD.jpg</thumbnail>
	<fanart>https://image.tmdb.org/t/p/w1280/fKkCjBInBv8aU2StVPIGUHMPb48.jpg</fanart>
</item>
<item>
	<title>[B][COLOR=green]Dread & Breakfast[/COLOR][/B]</title>
	<meta>
	<imdb>tt0235918</imdb>
	<content>episode</content>
	<tvshowtitle>The Fairly OddParents</tvshowtitle>
	<year>2008</year>
	<season>6</season>
	<episode>18</episode>
	</meta>
	<link>
	<sublink>search</sublink>
	<sublink>searchsd</sublink>
	</link>
	<thumbnail>https://image.tmdb.org/t/p/w1280/46ndZ5HOyWPxtz1ZC8aJGfGZFbC.jpg</thumbnail>
	<fanart>https://image.tmdb.org/t/p/w1280/fKkCjBInBv8aU2StVPIGUHMPb48.jpg</fanart>
</item>
