<item>
	<title>[B][COLOR=green]Bad Heir Day[/COLOR][/B]</title>
	<meta>
	<imdb>tt0235918</imdb>
	<content>episode</content>
	<tvshowtitle>The Fairly OddParents</tvshowtitle>
	<year>2009</year>
	<season>7</season>
	<episode>1</episode>
	</meta>
	<link>
	<sublink>search</sublink>
	<sublink>searchsd</sublink>
	</link>
	<thumbnail>https://image.tmdb.org/t/p/w1280</thumbnail>
	<fanart>https://image.tmdb.org/t/p/w1280/fKkCjBInBv8aU2StVPIGUHMPb48.jpg</fanart>
</item>
<item>
	<title>[B][COLOR=green]Freaks and Greeks[/COLOR][/B]</title>
	<meta>
	<imdb>tt0235918</imdb>
	<content>episode</content>
	<tvshowtitle>The Fairly OddParents</tvshowtitle>
	<year>2009</year>
	<season>7</season>
	<episode>2</episode>
	</meta>
	<link>
	<sublink>search</sublink>
	<sublink>searchsd</sublink>
	</link>
	<thumbnail>https://image.tmdb.org/t/p/w1280</thumbnail>
	<fanart>https://image.tmdb.org/t/p/w1280/fKkCjBInBv8aU2StVPIGUHMPb48.jpg</fanart>
</item>
<item>
	<title>[B][COLOR=green]Mice-Capades[/COLOR][/B]</title>
	<meta>
	<imdb>tt0235918</imdb>
	<content>episode</content>
	<tvshowtitle>The Fairly OddParents</tvshowtitle>
	<year>2009</year>
	<season>7</season>
	<episode>3</episode>
	</meta>
	<link>
	<sublink>search</sublink>
	<sublink>searchsd</sublink>
	</link>
	<thumbnail>https://image.tmdb.org/t/p/w1280</thumbnail>
	<fanart>https://image.tmdb.org/t/p/w1280/fKkCjBInBv8aU2StVPIGUHMPb48.jpg</fanart>
</item>
<item>
	<title>[B][COLOR=green]Formula For Disaster[/COLOR][/B]</title>
	<meta>
	<imdb>tt0235918</imdb>
	<content>episode</content>
	<tvshowtitle>The Fairly OddParents</tvshowtitle>
	<year>2009</year>
	<season>7</season>
	<episode>4</episode>
	</meta>
	<link>
	<sublink>search</sublink>
	<sublink>searchsd</sublink>
	</link>
	<thumbnail>https://image.tmdb.org/t/p/w1280</thumbnail>
	<fanart>https://image.tmdb.org/t/p/w1280/fKkCjBInBv8aU2StVPIGUHMPb48.jpg</fanart>
</item>
<item>
	<title>[B][COLOR=green]Birthday Bashed[/COLOR][/B]</title>
	<meta>
	<imdb>tt0235918</imdb>
	<content>episode</content>
	<tvshowtitle>The Fairly OddParents</tvshowtitle>
	<year>2009</year>
	<season>7</season>
	<episode>5</episode>
	</meta>
	<link>
	<sublink>search</sublink>
	<sublink>searchsd</sublink>
	</link>
	<thumbnail>https://image.tmdb.org/t/p/w1280/ksnpIElS6gaW7kk5fQyQjapzQSw.jpg</thumbnail>
	<fanart>https://image.tmdb.org/t/p/w1280/fKkCjBInBv8aU2StVPIGUHMPb48.jpg</fanart>
</item>
<item>
	<title>[B][COLOR=green]Momnipresent[/COLOR][/B]</title>
	<meta>
	<imdb>tt0235918</imdb>
	<content>episode</content>
	<tvshowtitle>The Fairly OddParents</tvshowtitle>
	<year>2009</year>
	<season>7</season>
	<episode>6</episode>
	</meta>
	<link>
	<sublink>search</sublink>
	<sublink>searchsd</sublink>
	</link>
	<thumbnail>https://image.tmdb.org/t/p/w1280/6EUHF56yDgNXpxgudyahwrq9sdj.jpg</thumbnail>
	<fanart>https://image.tmdb.org/t/p/w1280/fKkCjBInBv8aU2StVPIGUHMPb48.jpg</fanart>
</item>
<item>
	<title>[B][COLOR=green]Anti-Poof[/COLOR][/B]</title>
	<meta>
	<imdb>tt0235918</imdb>
	<content>episode</content>
	<tvshowtitle>The Fairly OddParents</tvshowtitle>
	<year>2009</year>
	<season>7</season>
	<episode>7</episode>
	</meta>
	<link>
	<sublink>search</sublink>
	<sublink>searchsd</sublink>
	</link>
	<thumbnail>https://image.tmdb.org/t/p/w1280</thumbnail>
	<fanart>https://image.tmdb.org/t/p/w1280/fKkCjBInBv8aU2StVPIGUHMPb48.jpg</fanart>
</item>
<item>
	<title>[B][COLOR=green]Squirrely Puffs[/COLOR][/B]</title>
	<meta>
	<imdb>tt0235918</imdb>
	<content>episode</content>
	<tvshowtitle>The Fairly OddParents</tvshowtitle>
	<year>2009</year>
	<season>7</season>
	<episode>8</episode>
	</meta>
	<link>
	<sublink>search</sublink>
	<sublink>searchsd</sublink>
	</link>
	<thumbnail>https://image.tmdb.org/t/p/w1280</thumbnail>
	<fanart>https://image.tmdb.org/t/p/w1280/fKkCjBInBv8aU2StVPIGUHMPb48.jpg</fanart>
</item>
<item>
	<title>[B][COLOR=green]Add-a-Dad[/COLOR][/B]</title>
	<meta>
	<imdb>tt0235918</imdb>
	<content>episode</content>
	<tvshowtitle>The Fairly OddParents</tvshowtitle>
	<year>2009</year>
	<season>7</season>
	<episode>9</episode>
	</meta>
	<link>
	<sublink>search</sublink>
	<sublink>searchsd</sublink>
	</link>
	<thumbnail>https://image.tmdb.org/t/p/w1280</thumbnail>
	<fanart>https://image.tmdb.org/t/p/w1280/fKkCjBInBv8aU2StVPIGUHMPb48.jpg</fanart>
</item>
<item>
	<title>[B][COLOR=green]Fly Boy[/COLOR][/B]</title>
	<meta>
	<imdb>tt0235918</imdb>
	<content>episode</content>
	<tvshowtitle>The Fairly OddParents</tvshowtitle>
	<year>2009</year>
	<season>7</season>
	<episode>10</episode>
	</meta>
	<link>
	<sublink>search</sublink>
	<sublink>searchsd</sublink>
	</link>
	<thumbnail>https://image.tmdb.org/t/p/w1280</thumbnail>
	<fanart>https://image.tmdb.org/t/p/w1280/fKkCjBInBv8aU2StVPIGUHMPb48.jpg</fanart>
</item>
<item>
	<title>[B][COLOR=green]Temporary Fairy[/COLOR][/B]</title>
	<meta>
	<imdb>tt0235918</imdb>
	<content>episode</content>
	<tvshowtitle>The Fairly OddParents</tvshowtitle>
	<year>2009</year>
	<season>7</season>
	<episode>11</episode>
	</meta>
	<link>
	<sublink>search</sublink>
	<sublink>searchsd</sublink>
	</link>
	<thumbnail>https://image.tmdb.org/t/p/w1280</thumbnail>
	<fanart>https://image.tmdb.org/t/p/w1280/fKkCjBInBv8aU2StVPIGUHMPb48.jpg</fanart>
</item>
<item>
	<title>[B][COLOR=green]Crocker Shocker[/COLOR][/B]</title>
	<meta>
	<imdb>tt0235918</imdb>
	<content>episode</content>
	<tvshowtitle>The Fairly OddParents</tvshowtitle>
	<year>2009</year>
	<season>7</season>
	<episode>12</episode>
	</meta>
	<link>
	<sublink>search</sublink>
	<sublink>searchsd</sublink>
	</link>
	<thumbnail>https://image.tmdb.org/t/p/w1280</thumbnail>
	<fanart>https://image.tmdb.org/t/p/w1280/fKkCjBInBv8aU2StVPIGUHMPb48.jpg</fanart>
</item>
<item>
	<title>[B][COLOR=green]Super Zero[/COLOR][/B]</title>
	<meta>
	<imdb>tt0235918</imdb>
	<content>episode</content>
	<tvshowtitle>The Fairly OddParents</tvshowtitle>
	<year>2009</year>
	<season>7</season>
	<episode>13</episode>
	</meta>
	<link>
	<sublink>search</sublink>
	<sublink>searchsd</sublink>
	</link>
	<thumbnail>https://image.tmdb.org/t/p/w1280</thumbnail>
	<fanart>https://image.tmdb.org/t/p/w1280/fKkCjBInBv8aU2StVPIGUHMPb48.jpg</fanart>
</item>
<item>
	<title>[B][COLOR=green]Dadracadabra[/COLOR][/B]</title>
	<meta>
	<imdb>tt0235918</imdb>
	<content>episode</content>
	<tvshowtitle>The Fairly OddParents</tvshowtitle>
	<year>2009</year>
	<season>7</season>
	<episode>14</episode>
	</meta>
	<link>
	<sublink>search</sublink>
	<sublink>searchsd</sublink>
	</link>
	<thumbnail>https://image.tmdb.org/t/p/w1280</thumbnail>
	<fanart>https://image.tmdb.org/t/p/w1280/fKkCjBInBv8aU2StVPIGUHMPb48.jpg</fanart>
</item>
<item>
	<title>[B][COLOR=green]Timmy Turnip[/COLOR][/B]</title>
	<meta>
	<imdb>tt0235918</imdb>
	<content>episode</content>
	<tvshowtitle>The Fairly OddParents</tvshowtitle>
	<year>2009</year>
	<season>7</season>
	<episode>15</episode>
	</meta>
	<link>
	<sublink>search</sublink>
	<sublink>searchsd</sublink>
	</link>
	<thumbnail>https://image.tmdb.org/t/p/w1280</thumbnail>
	<fanart>https://image.tmdb.org/t/p/w1280/fKkCjBInBv8aU2StVPIGUHMPb48.jpg</fanart>
</item>
<item>
	<title>[B][COLOR=green]One Man Banned[/COLOR][/B]</title>
	<meta>
	<imdb>tt0235918</imdb>
	<content>episode</content>
	<tvshowtitle>The Fairly OddParents</tvshowtitle>
	<year>2009</year>
	<season>7</season>
	<episode>16</episode>
	</meta>
	<link>
	<sublink>search</sublink>
	<sublink>searchsd</sublink>
	</link>
	<thumbnail>https://image.tmdb.org/t/p/w1280</thumbnail>
	<fanart>https://image.tmdb.org/t/p/w1280/fKkCjBInBv8aU2StVPIGUHMPb48.jpg</fanart>
</item>
<item>
	<title>[B][COLOR=green]Frenemy Mine[/COLOR][/B]</title>
	<meta>
	<imdb>tt0235918</imdb>
	<content>episode</content>
	<tvshowtitle>The Fairly OddParents</tvshowtitle>
	<year>2009</year>
	<season>7</season>
	<episode>17</episode>
	</meta>
	<link>
	<sublink>search</sublink>
	<sublink>searchsd</sublink>
	</link>
	<thumbnail>https://image.tmdb.org/t/p/w1280</thumbnail>
	<fanart>https://image.tmdb.org/t/p/w1280/fKkCjBInBv8aU2StVPIGUHMPb48.jpg</fanart>
</item>
<item>
	<title>[B][COLOR=green]Double Oh Schnozmo[/COLOR][/B]</title>
	<meta>
	<imdb>tt0235918</imdb>
	<content>episode</content>
	<tvshowtitle>The Fairly OddParents</tvshowtitle>
	<year>2010</year>
	<season>7</season>
	<episode>18</episode>
	</meta>
	<link>
	<sublink>search</sublink>
	<sublink>searchsd</sublink>
	</link>
	<thumbnail>https://image.tmdb.org/t/p/w1280</thumbnail>
	<fanart>https://image.tmdb.org/t/p/w1280/fKkCjBInBv8aU2StVPIGUHMPb48.jpg</fanart>
</item>
<item>
	<title>[B][COLOR=green]Planet Poof[/COLOR][/B]</title>
	<meta>
	<imdb>tt0235918</imdb>
	<content>episode</content>
	<tvshowtitle>The Fairly OddParents</tvshowtitle>
	<year>2010</year>
	<season>7</season>
	<episode>19</episode>
	</meta>
	<link>
	<sublink>search</sublink>
	<sublink>searchsd</sublink>
	</link>
	<thumbnail>https://image.tmdb.org/t/p/w1280</thumbnail>
	<fanart>https://image.tmdb.org/t/p/w1280/fKkCjBInBv8aU2StVPIGUHMPb48.jpg</fanart>
</item>
<item>
	<title>[B][COLOR=green]The Boss Of Me[/COLOR][/B]</title>
	<meta>
	<imdb>tt0235918</imdb>
	<content>episode</content>
	<tvshowtitle>The Fairly OddParents</tvshowtitle>
	<year>2010</year>
	<season>7</season>
	<episode>20</episode>
	</meta>
	<link>
	<sublink>search</sublink>
	<sublink>searchsd</sublink>
	</link>
	<thumbnail>https://image.tmdb.org/t/p/w1280</thumbnail>
	<fanart>https://image.tmdb.org/t/p/w1280/fKkCjBInBv8aU2StVPIGUHMPb48.jpg</fanart>
</item>
<item>
	<title>[B][COLOR=green]He Poofs, He Scores[/COLOR][/B]</title>
	<meta>
	<imdb>tt0235918</imdb>
	<content>episode</content>
	<tvshowtitle>The Fairly OddParents</tvshowtitle>
	<year>2010</year>
	<season>7</season>
	<episode>21</episode>
	</meta>
	<link>
	<sublink>search</sublink>
	<sublink>searchsd</sublink>
	</link>
	<thumbnail>https://image.tmdb.org/t/p/w1280</thumbnail>
	<fanart>https://image.tmdb.org/t/p/w1280/fKkCjBInBv8aU2StVPIGUHMPb48.jpg</fanart>
</item>
<item>
	<title>[B][COLOR=green]Play Date of Doom[/COLOR][/B]</title>
	<meta>
	<imdb>tt0235918</imdb>
	<content>episode</content>
	<tvshowtitle>The Fairly OddParents</tvshowtitle>
	<year>2010</year>
	<season>7</season>
	<episode>22</episode>
	</meta>
	<link>
	<sublink>search</sublink>
	<sublink>searchsd</sublink>
	</link>
	<thumbnail>https://image.tmdb.org/t/p/w1280</thumbnail>
	<fanart>https://image.tmdb.org/t/p/w1280/fKkCjBInBv8aU2StVPIGUHMPb48.jpg</fanart>
</item>
<item>
	<title>[B][COLOR=green]Teacher's Pet[/COLOR][/B]</title>
	<meta>
	<imdb>tt0235918</imdb>
	<content>episode</content>
	<tvshowtitle>The Fairly OddParents</tvshowtitle>
	<year>2010</year>
	<season>7</season>
	<episode>23</episode>
	</meta>
	<link>
	<sublink>search</sublink>
	<sublink>searchsd</sublink>
	</link>
	<thumbnail>https://image.tmdb.org/t/p/w1280</thumbnail>
	<fanart>https://image.tmdb.org/t/p/w1280/fKkCjBInBv8aU2StVPIGUHMPb48.jpg</fanart>
</item>
<item>
	<title>[B][COLOR=green]Chicken Poofs[/COLOR][/B]</title>
	<meta>
	<imdb>tt0235918</imdb>
	<content>episode</content>
	<tvshowtitle>The Fairly OddParents</tvshowtitle>
	<year>2010</year>
	<season>7</season>
	<episode>24</episode>
	</meta>
	<link>
	<sublink>search</sublink>
	<sublink>searchsd</sublink>
	</link>
	<thumbnail>https://image.tmdb.org/t/p/w1280</thumbnail>
	<fanart>https://image.tmdb.org/t/p/w1280/fKkCjBInBv8aU2StVPIGUHMPb48.jpg</fanart>
</item>
<item>
	<title>[B][COLOR=green]Stupid Cupid[/COLOR][/B]</title>
	<meta>
	<imdb>tt0235918</imdb>
	<content>episode</content>
	<tvshowtitle>The Fairly OddParents</tvshowtitle>
	<year>2010</year>
	<season>7</season>
	<episode>25</episode>
	</meta>
	<link>
	<sublink>search</sublink>
	<sublink>searchsd</sublink>
	</link>
	<thumbnail>https://image.tmdb.org/t/p/w1280</thumbnail>
	<fanart>https://image.tmdb.org/t/p/w1280/fKkCjBInBv8aU2StVPIGUHMPb48.jpg</fanart>
</item>
<item>
	<title>[B][COLOR=green]Manic Mom Day[/COLOR][/B]</title>
	<meta>
	<imdb>tt0235918</imdb>
	<content>episode</content>
	<tvshowtitle>The Fairly OddParents</tvshowtitle>
	<year>2010</year>
	<season>7</season>
	<episode>26</episode>
	</meta>
	<link>
	<sublink>search</sublink>
	<sublink>searchsd</sublink>
	</link>
	<thumbnail>https://image.tmdb.org/t/p/w1280</thumbnail>
	<fanart>https://image.tmdb.org/t/p/w1280/fKkCjBInBv8aU2StVPIGUHMPb48.jpg</fanart>
</item>
<item>
	<title>[B][COLOR=green]Crocker of Gold[/COLOR][/B]</title>
	<meta>
	<imdb>tt0235918</imdb>
	<content>episode</content>
	<tvshowtitle>The Fairly OddParents</tvshowtitle>
	<year>2010</year>
	<season>7</season>
	<episode>27</episode>
	</meta>
	<link>
	<sublink>search</sublink>
	<sublink>searchsd</sublink>
	</link>
	<thumbnail>https://image.tmdb.org/t/p/w1280</thumbnail>
	<fanart>https://image.tmdb.org/t/p/w1280/fKkCjBInBv8aU2StVPIGUHMPb48.jpg</fanart>
</item>
