<item>
	<title>[B][COLOR=green]Janine, You've Changed[/COLOR][/B]</title>
	<meta>
	<imdb>tt0090506</imdb>
	<content>episode</content>
	<tvshowtitle>The Real Ghostbusters</tvshowtitle>
	<year>1990</year>
	<season>6</season>
	<episode>1</episode>
	</meta>
	<link>
	<sublink>search</sublink>
	<sublink>searchsd</sublink>
	</link>
	<thumbnail>https://image.tmdb.org/t/p/w1280/4n30u7fNtWBejAy1LgU24tNM1mp.jpg</thumbnail>
	<fanart>https://image.tmdb.org/t/p/w1280/mgvMMxKz4eDLeompM9oJRDufNdW.jpg</fanart>
</item>
<item>
	<title>[B][COLOR=green]You Can't Teach an Old Demon New Tricks[/COLOR][/B]</title>
	<meta>
	<imdb>tt0090506</imdb>
	<content>episode</content>
	<tvshowtitle>The Real Ghostbusters</tvshowtitle>
	<year>1990</year>
	<season>6</season>
	<episode>2</episode>
	</meta>
	<link>
	<sublink>search</sublink>
	<sublink>searchsd</sublink>
	</link>
	<thumbnail>https://image.tmdb.org/t/p/w1280/bJ7qSsSrecy8ECZJwkegFJW0Z38.jpg</thumbnail>
	<fanart>https://image.tmdb.org/t/p/w1280/mgvMMxKz4eDLeompM9oJRDufNdW.jpg</fanart>
</item>
<item>
	<title>[B][COLOR=green]Ghostworld[/COLOR][/B]</title>
	<meta>
	<imdb>tt0090506</imdb>
	<content>episode</content>
	<tvshowtitle>The Real Ghostbusters</tvshowtitle>
	<year>1990</year>
	<season>6</season>
	<episode>3</episode>
	</meta>
	<link>
	<sublink>search</sublink>
	<sublink>searchsd</sublink>
	</link>
	<thumbnail>https://image.tmdb.org/t/p/w1280/34Na7Yk4ZlAF7SSgWgF9ES3GHN.jpg</thumbnail>
	<fanart>https://image.tmdb.org/t/p/w1280/mgvMMxKz4eDLeompM9oJRDufNdW.jpg</fanart>
</item>
<item>
	<title>[B][COLOR=green]The Haunting of Heck House[/COLOR][/B]</title>
	<meta>
	<imdb>tt0090506</imdb>
	<content>episode</content>
	<tvshowtitle>The Real Ghostbusters</tvshowtitle>
	<year>1990</year>
	<season>6</season>
	<episode>4</episode>
	</meta>
	<link>
	<sublink>search</sublink>
	<sublink>searchsd</sublink>
	</link>
	<thumbnail>https://image.tmdb.org/t/p/w1280/zXKp9Osv9HeUi057pxDrGz0kpG8.jpg</thumbnail>
	<fanart>https://image.tmdb.org/t/p/w1280/mgvMMxKz4eDLeompM9oJRDufNdW.jpg</fanart>
</item>
<item>
	<title>[B][COLOR=green]Mean Green Teen Machine[/COLOR][/B]</title>
	<meta>
	<imdb>tt0090506</imdb>
	<content>episode</content>
	<tvshowtitle>The Real Ghostbusters</tvshowtitle>
	<year>1990</year>
	<season>6</season>
	<episode>5</episode>
	</meta>
	<link>
	<sublink>search</sublink>
	<sublink>searchsd</sublink>
	</link>
	<thumbnail>https://image.tmdb.org/t/p/w1280/A12xtV6mkiL18a0oaqfS3jv4IVg.jpg</thumbnail>
	<fanart>https://image.tmdb.org/t/p/w1280/mgvMMxKz4eDLeompM9oJRDufNdW.jpg</fanart>
</item>
<item>
	<title>[B][COLOR=green]Spacebusters[/COLOR][/B]</title>
	<meta>
	<imdb>tt0090506</imdb>
	<content>episode</content>
	<tvshowtitle>The Real Ghostbusters</tvshowtitle>
	<year>1990</year>
	<season>6</season>
	<episode>6</episode>
	</meta>
	<link>
	<sublink>search</sublink>
	<sublink>searchsd</sublink>
	</link>
	<thumbnail>https://image.tmdb.org/t/p/w1280/op81zsqGRub3aSGxFda75k4KDHv.jpg</thumbnail>
	<fanart>https://image.tmdb.org/t/p/w1280/mgvMMxKz4eDLeompM9oJRDufNdW.jpg</fanart>
</item>
<item>
	<title>[B][COLOR=green]My Left Fang[/COLOR][/B]</title>
	<meta>
	<imdb>tt0090506</imdb>
	<content>episode</content>
	<tvshowtitle>The Real Ghostbusters</tvshowtitle>
	<year>1990</year>
	<season>6</season>
	<episode>7</episode>
	</meta>
	<link>
	<sublink>search</sublink>
	<sublink>searchsd</sublink>
	</link>
	<thumbnail>https://image.tmdb.org/t/p/w1280/iKsXhhtTiIz3MBxYohHMBZpehbt.jpg</thumbnail>
	<fanart>https://image.tmdb.org/t/p/w1280/mgvMMxKz4eDLeompM9oJRDufNdW.jpg</fanart>
</item>
<item>
	<title>[B][COLOR=green]Russian About[/COLOR][/B]</title>
	<meta>
	<imdb>tt0090506</imdb>
	<content>episode</content>
	<tvshowtitle>The Real Ghostbusters</tvshowtitle>
	<year>1990</year>
	<season>6</season>
	<episode>8</episode>
	</meta>
	<link>
	<sublink>search</sublink>
	<sublink>searchsd</sublink>
	</link>
	<thumbnail>https://image.tmdb.org/t/p/w1280/mgo7nMBDBPr2B8TTzt07wt8tRxp.jpg</thumbnail>
	<fanart>https://image.tmdb.org/t/p/w1280/mgvMMxKz4eDLeompM9oJRDufNdW.jpg</fanart>
</item>
<item>
	<title>[B][COLOR=green]The Slob[/COLOR][/B]</title>
	<meta>
	<imdb>tt0090506</imdb>
	<content>episode</content>
	<tvshowtitle>The Real Ghostbusters</tvshowtitle>
	<year>1990</year>
	<season>6</season>
	<episode>9</episode>
	</meta>
	<link>
	<sublink>search</sublink>
	<sublink>searchsd</sublink>
	</link>
	<thumbnail>https://image.tmdb.org/t/p/w1280/t9i1VeDEXf4GbpZLFbuiQkw1IId.jpg</thumbnail>
	<fanart>https://image.tmdb.org/t/p/w1280/mgvMMxKz4eDLeompM9oJRDufNdW.jpg</fanart>
</item>
<item>
	<title>[B][COLOR=green]Deja Boo[/COLOR][/B]</title>
	<meta>
	<imdb>tt0090506</imdb>
	<content>episode</content>
	<tvshowtitle>The Real Ghostbusters</tvshowtitle>
	<year>1990</year>
	<season>6</season>
	<episode>10</episode>
	</meta>
	<link>
	<sublink>search</sublink>
	<sublink>searchsd</sublink>
	</link>
	<thumbnail>https://image.tmdb.org/t/p/w1280/iEpHTsATIktZNdCEyVueFkEVLST.jpg</thumbnail>
	<fanart>https://image.tmdb.org/t/p/w1280/mgvMMxKz4eDLeompM9oJRDufNdW.jpg</fanart>
</item>
<item>
	<title>[B][COLOR=green]Afterlife in the Fast Lane[/COLOR][/B]</title>
	<meta>
	<imdb>tt0090506</imdb>
	<content>episode</content>
	<tvshowtitle>The Real Ghostbusters</tvshowtitle>
	<year>1990</year>
	<season>6</season>
	<episode>11</episode>
	</meta>
	<link>
	<sublink>search</sublink>
	<sublink>searchsd</sublink>
	</link>
	<thumbnail>https://image.tmdb.org/t/p/w1280/lGrIIyMcPgykZjfDIjokiZrDoEs.jpg</thumbnail>
	<fanart>https://image.tmdb.org/t/p/w1280/mgvMMxKz4eDLeompM9oJRDufNdW.jpg</fanart>
</item>
<item>
	<title>[B][COLOR=green]Guess What's Coming to Dinner[/COLOR][/B]</title>
	<meta>
	<imdb>tt0090506</imdb>
	<content>episode</content>
	<tvshowtitle>The Real Ghostbusters</tvshowtitle>
	<year>1990</year>
	<season>6</season>
	<episode>12</episode>
	</meta>
	<link>
	<sublink>search</sublink>
	<sublink>searchsd</sublink>
	</link>
	<thumbnail>https://image.tmdb.org/t/p/w1280</thumbnail>
	<fanart>https://image.tmdb.org/t/p/w1280/mgvMMxKz4eDLeompM9oJRDufNdW.jpg</fanart>
</item>
<item>
	<title>[B][COLOR=green]Stay Tooned[/COLOR][/B]</title>
	<meta>
	<imdb>tt0090506</imdb>
	<content>episode</content>
	<tvshowtitle>The Real Ghostbusters</tvshowtitle>
	<year>1990</year>
	<season>6</season>
	<episode>13</episode>
	</meta>
	<link>
	<sublink>search</sublink>
	<sublink>searchsd</sublink>
	</link>
	<thumbnail>https://image.tmdb.org/t/p/w1280</thumbnail>
	<fanart>https://image.tmdb.org/t/p/w1280/mgvMMxKz4eDLeompM9oJRDufNdW.jpg</fanart>
</item>
<item>
	<title>[B][COLOR=green]Very Beast Friends[/COLOR][/B]</title>
	<meta>
	<imdb>tt0090506</imdb>
	<content>episode</content>
	<tvshowtitle>The Real Ghostbusters</tvshowtitle>
	<year>1990</year>
	<season>6</season>
	<episode>14</episode>
	</meta>
	<link>
	<sublink>search</sublink>
	<sublink>searchsd</sublink>
	</link>
	<thumbnail>https://image.tmdb.org/t/p/w1280</thumbnail>
	<fanart>https://image.tmdb.org/t/p/w1280/mgvMMxKz4eDLeompM9oJRDufNdW.jpg</fanart>
</item>
<item>
	<title>[B][COLOR=green]Busters in Toyland[/COLOR][/B]</title>
	<meta>
	<imdb>tt0090506</imdb>
	<content>episode</content>
	<tvshowtitle>The Real Ghostbusters</tvshowtitle>
	<year>1990</year>
	<season>6</season>
	<episode>15</episode>
	</meta>
	<link>
	<sublink>search</sublink>
	<sublink>searchsd</sublink>
	</link>
	<thumbnail>https://image.tmdb.org/t/p/w1280</thumbnail>
	<fanart>https://image.tmdb.org/t/p/w1280/mgvMMxKz4eDLeompM9oJRDufNdW.jpg</fanart>
</item>
<item>
	<title>[B][COLOR=green]The Magnificent Five[/COLOR][/B]</title>
	<meta>
	<imdb>tt0090506</imdb>
	<content>episode</content>
	<tvshowtitle>The Real Ghostbusters</tvshowtitle>
	<year>1990</year>
	<season>6</season>
	<episode>16</episode>
	</meta>
	<link>
	<sublink>search</sublink>
	<sublink>searchsd</sublink>
	</link>
	<thumbnail>https://image.tmdb.org/t/p/w1280</thumbnail>
	<fanart>https://image.tmdb.org/t/p/w1280/mgvMMxKz4eDLeompM9oJRDufNdW.jpg</fanart>
</item>
