    <dir>
    <title>[B][COLOR ff304ffe]• [COLORorange][B]Real ghost Busters Season 1[/B][/COLOR]</title>
    <link>file://spook/realghost1.xml</link>
	<thumbnail></thumbnail>
	<summary></summary>
  </dir>
  
      <dir>
    <title>[B][COLOR ff304ffe]• [COLORorange][B]Real ghost Busters Season 2[/B][/COLOR]</title>
    <link>file://spook/realghost2.xml</link>
	<thumbnail></thumbnail>
	<summary></summary>
  </dir>
      <dir>
    <title>[B][COLOR ff304ffe]• [COLORorange][B]Real ghost Busters Season 3[/B][/COLOR]</title>
    <link>file://spook/realghost3.xml</link>
	<thumbnail></thumbnail>
	<summary></summary>
  </dir>
      <dir>
    <title>[B][COLOR ff304ffe]• [COLORorange][B]Real ghost Busters Season 4[/B][/COLOR]</title>
    <link>file://spook/realghost4.xml</link>
	<thumbnail></thumbnail>
	<summary></summary>
  </dir>
      <dir>
    <title>[B][COLOR ff304ffe]• [COLORorange][B]Real ghost Busters Season 5[/B][/COLOR]</title>
    <link>file://spook/realghost5.xml</link>
	<thumbnail></thumbnail>
	<summary></summary>
  </dir>
      <dir>
    <title>[B][COLOR ff304ffe]• [COLORorange][B]Real ghost Busters Season 6[/B][/COLOR]</title>
    <link>file://spook/realghost6.xml</link>
	<thumbnail></thumbnail>
	<summary></summary>
  </dir>
      <dir>
    <title>[B][COLOR ff304ffe]• [COLORorange][B]Real ghost Busters Season 7[/B][/COLOR]</title>
    <link>file://spook/realghost7.xml</link>
	<thumbnail></thumbnail>
	<summary></summary>
  </dir>
