<item>
	<title>[B][COLOR=green]The Treasure of Sierra Tamale[/COLOR][/B]</title>
	<meta>
	<imdb>tt0090506</imdb>
	<content>episode</content>
	<tvshowtitle>The Real Ghostbusters</tvshowtitle>
	<year>1991</year>
	<season>7</season>
	<episode>1</episode>
	</meta>
	<link>
	<sublink>search</sublink>
	<sublink>searchsd</sublink>
	</link>
	<thumbnail>https://image.tmdb.org/t/p/w1280/1SY02fcPTJGsI8BrbXnNaCOkytN.jpg</thumbnail>
	<fanart>https://image.tmdb.org/t/p/w1280/mgvMMxKz4eDLeompM9oJRDufNdW.jpg</fanart>
</item>
<item>
	<title>[B][COLOR=green]Not Now, Slimer![/COLOR][/B]</title>
	<meta>
	<imdb>tt0090506</imdb>
	<content>episode</content>
	<tvshowtitle>The Real Ghostbusters</tvshowtitle>
	<year>1991</year>
	<season>7</season>
	<episode>2</episode>
	</meta>
	<link>
	<sublink>search</sublink>
	<sublink>searchsd</sublink>
	</link>
	<thumbnail>https://image.tmdb.org/t/p/w1280/SR99f0NHh5RMAmIOBOBqM2TLOw.jpg</thumbnail>
	<fanart>https://image.tmdb.org/t/p/w1280/mgvMMxKz4eDLeompM9oJRDufNdW.jpg</fanart>
</item>
<item>
	<title>[B][COLOR=green]Attack of the B-Movie Monsters[/COLOR][/B]</title>
	<meta>
	<imdb>tt0090506</imdb>
	<content>episode</content>
	<tvshowtitle>The Real Ghostbusters</tvshowtitle>
	<year>1991</year>
	<season>7</season>
	<episode>3</episode>
	</meta>
	<link>
	<sublink>search</sublink>
	<sublink>searchsd</sublink>
	</link>
	<thumbnail>https://image.tmdb.org/t/p/w1280/fC40jjSOsrJYWpSqYQq9Ap2OHO8.jpg</thumbnail>
	<fanart>https://image.tmdb.org/t/p/w1280/mgvMMxKz4eDLeompM9oJRDufNdW.jpg</fanart>
</item>
<item>
	<title>[B][COLOR=green]20,000 Leagues Under the Street[/COLOR][/B]</title>
	<meta>
	<imdb>tt0090506</imdb>
	<content>episode</content>
	<tvshowtitle>The Real Ghostbusters</tvshowtitle>
	<year>1991</year>
	<season>7</season>
	<episode>4</episode>
	</meta>
	<link>
	<sublink>search</sublink>
	<sublink>searchsd</sublink>
	</link>
	<thumbnail>https://image.tmdb.org/t/p/w1280/y2qAu6tzsuQlamT5jwQeoBJwrZ5.jpg</thumbnail>
	<fanart>https://image.tmdb.org/t/p/w1280/mgvMMxKz4eDLeompM9oJRDufNdW.jpg</fanart>
</item>
