<item>
	<title>[B][COLOR=green]Baby Spookums[/COLOR][/B]</title>
	<meta>
	<imdb>tt0090506</imdb>
	<content>episode</content>
	<tvshowtitle>The Real Ghostbusters</tvshowtitle>
	<year>1987</year>
	<season>3</season>
	<episode>1</episode>
	</meta>
	<link>
	<sublink>search</sublink>
	<sublink>searchsd</sublink>
	</link>
	<thumbnail>https://image.tmdb.org/t/p/w1280/lYMDI8ZLAwZAxUWOoDnewB4EH5U.jpg</thumbnail>
	<fanart>https://image.tmdb.org/t/p/w1280/mgvMMxKz4eDLeompM9oJRDufNdW.jpg</fanart>
</item>
<item>
	<title>[B][COLOR=green]It's a Jungle Out There[/COLOR][/B]</title>
	<meta>
	<imdb>tt0090506</imdb>
	<content>episode</content>
	<tvshowtitle>The Real Ghostbusters</tvshowtitle>
	<year>1987</year>
	<season>3</season>
	<episode>2</episode>
	</meta>
	<link>
	<sublink>search</sublink>
	<sublink>searchsd</sublink>
	</link>
	<thumbnail>https://image.tmdb.org/t/p/w1280/6RsduCBiYEfDCJxfNJ4HbOM6dPn.jpg</thumbnail>
	<fanart>https://image.tmdb.org/t/p/w1280/mgvMMxKz4eDLeompM9oJRDufNdW.jpg</fanart>
</item>
<item>
	<title>[B][COLOR=green]Slimer, Is That You?[/COLOR][/B]</title>
	<meta>
	<imdb>tt0090506</imdb>
	<content>episode</content>
	<tvshowtitle>The Real Ghostbusters</tvshowtitle>
	<year>1987</year>
	<season>3</season>
	<episode>3</episode>
	</meta>
	<link>
	<sublink>search</sublink>
	<sublink>searchsd</sublink>
	</link>
	<thumbnail>https://image.tmdb.org/t/p/w1280/27ijNVobkeamgUBwYnzuZHiqC7Y.jpg</thumbnail>
	<fanart>https://image.tmdb.org/t/p/w1280/mgvMMxKz4eDLeompM9oJRDufNdW.jpg</fanart>
</item>
<item>
	<title>[B][COLOR=green]The Bogeyman Is Back[/COLOR][/B]</title>
	<meta>
	<imdb>tt0090506</imdb>
	<content>episode</content>
	<tvshowtitle>The Real Ghostbusters</tvshowtitle>
	<year>1987</year>
	<season>3</season>
	<episode>4</episode>
	</meta>
	<link>
	<sublink>search</sublink>
	<sublink>searchsd</sublink>
	</link>
	<thumbnail>https://image.tmdb.org/t/p/w1280/7DLrp9szlp2qaYMPYH6qnYgDgzQ.jpg</thumbnail>
	<fanart>https://image.tmdb.org/t/p/w1280/mgvMMxKz4eDLeompM9oJRDufNdW.jpg</fanart>
</item>
<item>
	<title>[B][COLOR=green]Once Upon a Slime[/COLOR][/B]</title>
	<meta>
	<imdb>tt0090506</imdb>
	<content>episode</content>
	<tvshowtitle>The Real Ghostbusters</tvshowtitle>
	<year>1987</year>
	<season>3</season>
	<episode>5</episode>
	</meta>
	<link>
	<sublink>search</sublink>
	<sublink>searchsd</sublink>
	</link>
	<thumbnail>https://image.tmdb.org/t/p/w1280/b1Z1ZbgrZnQLPy1UUvhAsty9Wl.jpg</thumbnail>
	<fanart>https://image.tmdb.org/t/p/w1280/mgvMMxKz4eDLeompM9oJRDufNdW.jpg</fanart>
</item>
<item>
	<title>[B][COLOR=green]The Two Faces of Slimer[/COLOR][/B]</title>
	<meta>
	<imdb>tt0090506</imdb>
	<content>episode</content>
	<tvshowtitle>The Real Ghostbusters</tvshowtitle>
	<year>1987</year>
	<season>3</season>
	<episode>6</episode>
	</meta>
	<link>
	<sublink>search</sublink>
	<sublink>searchsd</sublink>
	</link>
	<thumbnail>https://image.tmdb.org/t/p/w1280/2e0NJxAjZJBZ8TWMARmlTTteD8W.jpg</thumbnail>
	<fanart>https://image.tmdb.org/t/p/w1280/mgvMMxKz4eDLeompM9oJRDufNdW.jpg</fanart>
</item>
<item>
	<title>[B][COLOR=green]Sticky Business[/COLOR][/B]</title>
	<meta>
	<imdb>tt0090506</imdb>
	<content>episode</content>
	<tvshowtitle>The Real Ghostbusters</tvshowtitle>
	<year>1987</year>
	<season>3</season>
	<episode>7</episode>
	</meta>
	<link>
	<sublink>search</sublink>
	<sublink>searchsd</sublink>
	</link>
	<thumbnail>https://image.tmdb.org/t/p/w1280/39Kam5PcBgChwGG6WU1l6GLrINt.jpg</thumbnail>
	<fanart>https://image.tmdb.org/t/p/w1280/mgvMMxKz4eDLeompM9oJRDufNdW.jpg</fanart>
</item>
<item>
	<title>[B][COLOR=green]Halloween II 1/2[/COLOR][/B]</title>
	<meta>
	<imdb>tt0090506</imdb>
	<content>episode</content>
	<tvshowtitle>The Real Ghostbusters</tvshowtitle>
	<year>1987</year>
	<season>3</season>
	<episode>8</episode>
	</meta>
	<link>
	<sublink>search</sublink>
	<sublink>searchsd</sublink>
	</link>
	<thumbnail>https://image.tmdb.org/t/p/w1280/aVzF5mdCgVBxrFpcaFpIJcAnpyI.jpg</thumbnail>
	<fanart>https://image.tmdb.org/t/p/w1280/mgvMMxKz4eDLeompM9oJRDufNdW.jpg</fanart>
</item>
<item>
	<title>[B][COLOR=green]Loathe Thy Neighbor[/COLOR][/B]</title>
	<meta>
	<imdb>tt0090506</imdb>
	<content>episode</content>
	<tvshowtitle>The Real Ghostbusters</tvshowtitle>
	<year>1987</year>
	<season>3</season>
	<episode>9</episode>
	</meta>
	<link>
	<sublink>search</sublink>
	<sublink>searchsd</sublink>
	</link>
	<thumbnail>https://image.tmdb.org/t/p/w1280/2CjKoTAbJPnl0j17kMFlOjj2VNb.jpg</thumbnail>
	<fanart>https://image.tmdb.org/t/p/w1280/mgvMMxKz4eDLeompM9oJRDufNdW.jpg</fanart>
</item>
<item>
	<title>[B][COLOR=green]The Grundel[/COLOR][/B]</title>
	<meta>
	<imdb>tt0090506</imdb>
	<content>episode</content>
	<tvshowtitle>The Real Ghostbusters</tvshowtitle>
	<year>1987</year>
	<season>3</season>
	<episode>10</episode>
	</meta>
	<link>
	<sublink>search</sublink>
	<sublink>searchsd</sublink>
	</link>
	<thumbnail>https://image.tmdb.org/t/p/w1280/4KyZauzTIJTDH31q0LU3zQ51006.jpg</thumbnail>
	<fanart>https://image.tmdb.org/t/p/w1280/mgvMMxKz4eDLeompM9oJRDufNdW.jpg</fanart>
</item>
<item>
	<title>[B][COLOR=green]Big Trouble With Little Slimer[/COLOR][/B]</title>
	<meta>
	<imdb>tt0090506</imdb>
	<content>episode</content>
	<tvshowtitle>The Real Ghostbusters</tvshowtitle>
	<year>1987</year>
	<season>3</season>
	<episode>11</episode>
	</meta>
	<link>
	<sublink>search</sublink>
	<sublink>searchsd</sublink>
	</link>
	<thumbnail>https://image.tmdb.org/t/p/w1280/z7CXIITsgGAn4UgqSpWHAWeIgCf.jpg</thumbnail>
	<fanart>https://image.tmdb.org/t/p/w1280/mgvMMxKz4eDLeompM9oJRDufNdW.jpg</fanart>
</item>
<item>
	<title>[B][COLOR=green]The Copycat[/COLOR][/B]</title>
	<meta>
	<imdb>tt0090506</imdb>
	<content>episode</content>
	<tvshowtitle>The Real Ghostbusters</tvshowtitle>
	<year>1987</year>
	<season>3</season>
	<episode>12</episode>
	</meta>
	<link>
	<sublink>search</sublink>
	<sublink>searchsd</sublink>
	</link>
	<thumbnail>https://image.tmdb.org/t/p/w1280/NdbIygW5dDKxcJxuvuazWrtDfT.jpg</thumbnail>
	<fanart>https://image.tmdb.org/t/p/w1280/mgvMMxKz4eDLeompM9oJRDufNdW.jpg</fanart>
</item>
<item>
	<title>[B][COLOR=green]Camping it Up[/COLOR][/B]</title>
	<meta>
	<imdb>tt0090506</imdb>
	<content>episode</content>
	<tvshowtitle>The Real Ghostbusters</tvshowtitle>
	<year>1987</year>
	<season>3</season>
	<episode>13</episode>
	</meta>
	<link>
	<sublink>search</sublink>
	<sublink>searchsd</sublink>
	</link>
	<thumbnail>https://image.tmdb.org/t/p/w1280/xWeuI0BOfudSbMRFSsU83dJfBJ5.jpg</thumbnail>
	<fanart>https://image.tmdb.org/t/p/w1280/mgvMMxKz4eDLeompM9oJRDufNdW.jpg</fanart>
</item>
