<item>
	<title>[B][COLOR=green]Janine's Day Off[/COLOR][/B]</title>
	<meta>
	<imdb>tt0090506</imdb>
	<content>episode</content>
	<tvshowtitle>The Real Ghostbusters</tvshowtitle>
	<year>1987</year>
	<season>2</season>
	<episode>1</episode>
	</meta>
	<link>
	<sublink>search</sublink>
	<sublink>searchsd</sublink>
	</link>
	<thumbnail>https://image.tmdb.org/t/p/w1280/jbzvZXUtFTF1ZIFATqQMRmAWTBu.jpg</thumbnail>
	<fanart>https://image.tmdb.org/t/p/w1280/mgvMMxKz4eDLeompM9oJRDufNdW.jpg</fanart>
</item>
<item>
	<title>[B][COLOR=green]Adventures in Slime and Space[/COLOR][/B]</title>
	<meta>
	<imdb>tt0090506</imdb>
	<content>episode</content>
	<tvshowtitle>The Real Ghostbusters</tvshowtitle>
	<year>1987</year>
	<season>2</season>
	<episode>2</episode>
	</meta>
	<link>
	<sublink>search</sublink>
	<sublink>searchsd</sublink>
	</link>
	<thumbnail>https://image.tmdb.org/t/p/w1280/oPdD3LmC3fzX5RGSIn3WIEYAcG6.jpg</thumbnail>
	<fanart>https://image.tmdb.org/t/p/w1280/mgvMMxKz4eDLeompM9oJRDufNdW.jpg</fanart>
</item>
<item>
	<title>[B][COLOR=green]Ragnarok and Roll[/COLOR][/B]</title>
	<meta>
	<imdb>tt0090506</imdb>
	<content>episode</content>
	<tvshowtitle>The Real Ghostbusters</tvshowtitle>
	<year>1987</year>
	<season>2</season>
	<episode>3</episode>
	</meta>
	<link>
	<sublink>search</sublink>
	<sublink>searchsd</sublink>
	</link>
	<thumbnail>https://image.tmdb.org/t/p/w1280/iyPuU6jjrfEMUCrrCCOYtAXIyKi.jpg</thumbnail>
	<fanart>https://image.tmdb.org/t/p/w1280/mgvMMxKz4eDLeompM9oJRDufNdW.jpg</fanart>
</item>
<item>
	<title>[B][COLOR=green]Captain Steel Saves the Day[/COLOR][/B]</title>
	<meta>
	<imdb>tt0090506</imdb>
	<content>episode</content>
	<tvshowtitle>The Real Ghostbusters</tvshowtitle>
	<year>1987</year>
	<season>2</season>
	<episode>4</episode>
	</meta>
	<link>
	<sublink>search</sublink>
	<sublink>searchsd</sublink>
	</link>
	<thumbnail>https://image.tmdb.org/t/p/w1280/6cx3G9Y4ws6mj1Op2A73Ck0MRuP.jpg</thumbnail>
	<fanart>https://image.tmdb.org/t/p/w1280/mgvMMxKz4eDLeompM9oJRDufNdW.jpg</fanart>
</item>
<item>
	<title>[B][COLOR=green]They Call Me Mister Slimer[/COLOR][/B]</title>
	<meta>
	<imdb>tt0090506</imdb>
	<content>episode</content>
	<tvshowtitle>The Real Ghostbusters</tvshowtitle>
	<year>1987</year>
	<season>2</season>
	<episode>5</episode>
	</meta>
	<link>
	<sublink>search</sublink>
	<sublink>searchsd</sublink>
	</link>
	<thumbnail>https://image.tmdb.org/t/p/w1280/7e8MH3pj1v8kGLxcfDtAfC7srK6.jpg</thumbnail>
	<fanart>https://image.tmdb.org/t/p/w1280/mgvMMxKz4eDLeompM9oJRDufNdW.jpg</fanart>
</item>
<item>
	<title>[B][COLOR=green]Buster the Ghost[/COLOR][/B]</title>
	<meta>
	<imdb>tt0090506</imdb>
	<content>episode</content>
	<tvshowtitle>The Real Ghostbusters</tvshowtitle>
	<year>1987</year>
	<season>2</season>
	<episode>6</episode>
	</meta>
	<link>
	<sublink>search</sublink>
	<sublink>searchsd</sublink>
	</link>
	<thumbnail>https://image.tmdb.org/t/p/w1280/f9JH3yGv4pg20JsXdkYEI4Rx7fO.jpg</thumbnail>
	<fanart>https://image.tmdb.org/t/p/w1280/mgvMMxKz4eDLeompM9oJRDufNdW.jpg</fanart>
</item>
<item>
	<title>[B][COLOR=green]Night Game[/COLOR][/B]</title>
	<meta>
	<imdb>tt0090506</imdb>
	<content>episode</content>
	<tvshowtitle>The Real Ghostbusters</tvshowtitle>
	<year>1987</year>
	<season>2</season>
	<episode>7</episode>
	</meta>
	<link>
	<sublink>search</sublink>
	<sublink>searchsd</sublink>
	</link>
	<thumbnail>https://image.tmdb.org/t/p/w1280/enEpgHUhDmnd6ktT8ixSMbhUcEE.jpg</thumbnail>
	<fanart>https://image.tmdb.org/t/p/w1280/mgvMMxKz4eDLeompM9oJRDufNdW.jpg</fanart>
</item>
<item>
	<title>[B][COLOR=green]Rollerghoster[/COLOR][/B]</title>
	<meta>
	<imdb>tt0090506</imdb>
	<content>episode</content>
	<tvshowtitle>The Real Ghostbusters</tvshowtitle>
	<year>1987</year>
	<season>2</season>
	<episode>8</episode>
	</meta>
	<link>
	<sublink>search</sublink>
	<sublink>searchsd</sublink>
	</link>
	<thumbnail>https://image.tmdb.org/t/p/w1280/mnTmvPNFY4nv44cyh0oNPPhhpII.jpg</thumbnail>
	<fanart>https://image.tmdb.org/t/p/w1280/mgvMMxKz4eDLeompM9oJRDufNdW.jpg</fanart>
</item>
<item>
	<title>[B][COLOR=green]Who're You Calling Two-Dimensional?[/COLOR][/B]</title>
	<meta>
	<imdb>tt0090506</imdb>
	<content>episode</content>
	<tvshowtitle>The Real Ghostbusters</tvshowtitle>
	<year>1987</year>
	<season>2</season>
	<episode>9</episode>
	</meta>
	<link>
	<sublink>search</sublink>
	<sublink>searchsd</sublink>
	</link>
	<thumbnail>https://image.tmdb.org/t/p/w1280/vsgki6yG8CMbLOsyl7yWsl49cs2.jpg</thumbnail>
	<fanart>https://image.tmdb.org/t/p/w1280/mgvMMxKz4eDLeompM9oJRDufNdW.jpg</fanart>
</item>
<item>
	<title>[B][COLOR=green]Dairy Farm[/COLOR][/B]</title>
	<meta>
	<imdb>tt0090506</imdb>
	<content>episode</content>
	<tvshowtitle>The Real Ghostbusters</tvshowtitle>
	<year>1987</year>
	<season>2</season>
	<episode>10</episode>
	</meta>
	<link>
	<sublink>search</sublink>
	<sublink>searchsd</sublink>
	</link>
	<thumbnail>https://image.tmdb.org/t/p/w1280/9ghHfWWx3vuiU3mxzQPL2ANIdx8.jpg</thumbnail>
	<fanart>https://image.tmdb.org/t/p/w1280/mgvMMxKz4eDLeompM9oJRDufNdW.jpg</fanart>
</item>
<item>
	<title>[B][COLOR=green]Egon's Ghost[/COLOR][/B]</title>
	<meta>
	<imdb>tt0090506</imdb>
	<content>episode</content>
	<tvshowtitle>The Real Ghostbusters</tvshowtitle>
	<year>1987</year>
	<season>2</season>
	<episode>11</episode>
	</meta>
	<link>
	<sublink>search</sublink>
	<sublink>searchsd</sublink>
	</link>
	<thumbnail>https://image.tmdb.org/t/p/w1280/fPBYHD9zcwMeuaYvGm2tUFxt6r6.jpg</thumbnail>
	<fanart>https://image.tmdb.org/t/p/w1280/mgvMMxKz4eDLeompM9oJRDufNdW.jpg</fanart>
</item>
<item>
	<title>[B][COLOR=green]Janine Melnitz, Ghostbuster[/COLOR][/B]</title>
	<meta>
	<imdb>tt0090506</imdb>
	<content>episode</content>
	<tvshowtitle>The Real Ghostbusters</tvshowtitle>
	<year>1987</year>
	<season>2</season>
	<episode>12</episode>
	</meta>
	<link>
	<sublink>search</sublink>
	<sublink>searchsd</sublink>
	</link>
	<thumbnail>https://image.tmdb.org/t/p/w1280/dmF29S5lsnrNRrfd4MXWpNPI2Yx.jpg</thumbnail>
	<fanart>https://image.tmdb.org/t/p/w1280/mgvMMxKz4eDLeompM9oJRDufNdW.jpg</fanart>
</item>
<item>
	<title>[B][COLOR=green]The Cabinet of Calamari[/COLOR][/B]</title>
	<meta>
	<imdb>tt0090506</imdb>
	<content>episode</content>
	<tvshowtitle>The Real Ghostbusters</tvshowtitle>
	<year>1987</year>
	<season>2</season>
	<episode>13</episode>
	</meta>
	<link>
	<sublink>search</sublink>
	<sublink>searchsd</sublink>
	</link>
	<thumbnail>https://image.tmdb.org/t/p/w1280/e0ZDnCvuzOVthOignK23J4BZdOf.jpg</thumbnail>
	<fanart>https://image.tmdb.org/t/p/w1280/mgvMMxKz4eDLeompM9oJRDufNdW.jpg</fanart>
</item>
<item>
	<title>[B][COLOR=green]Ghostbuster of the Year[/COLOR][/B]</title>
	<meta>
	<imdb>tt0090506</imdb>
	<content>episode</content>
	<tvshowtitle>The Real Ghostbusters</tvshowtitle>
	<year>1987</year>
	<season>2</season>
	<episode>14</episode>
	</meta>
	<link>
	<sublink>search</sublink>
	<sublink>searchsd</sublink>
	</link>
	<thumbnail>https://image.tmdb.org/t/p/w1280/hqXHA4CVfg8NgOq8zkUJUTHpn6j.jpg</thumbnail>
	<fanart>https://image.tmdb.org/t/p/w1280/mgvMMxKz4eDLeompM9oJRDufNdW.jpg</fanart>
</item>
<item>
	<title>[B][COLOR=green]Egon's Dragon[/COLOR][/B]</title>
	<meta>
	<imdb>tt0090506</imdb>
	<content>episode</content>
	<tvshowtitle>The Real Ghostbusters</tvshowtitle>
	<year>1987</year>
	<season>2</season>
	<episode>15</episode>
	</meta>
	<link>
	<sublink>search</sublink>
	<sublink>searchsd</sublink>
	</link>
	<thumbnail>https://image.tmdb.org/t/p/w1280/1dzBhx2bbBezA7q88mubdYPy3Dk.jpg</thumbnail>
	<fanart>https://image.tmdb.org/t/p/w1280/mgvMMxKz4eDLeompM9oJRDufNdW.jpg</fanart>
</item>
<item>
	<title>[B][COLOR=green]No One Comes to Lupusville[/COLOR][/B]</title>
	<meta>
	<imdb>tt0090506</imdb>
	<content>episode</content>
	<tvshowtitle>The Real Ghostbusters</tvshowtitle>
	<year>1987</year>
	<season>2</season>
	<episode>16</episode>
	</meta>
	<link>
	<sublink>search</sublink>
	<sublink>searchsd</sublink>
	</link>
	<thumbnail>https://image.tmdb.org/t/p/w1280/4ssh9N69P5wM2hqzqQkQBqYkerY.jpg</thumbnail>
	<fanart>https://image.tmdb.org/t/p/w1280/mgvMMxKz4eDLeompM9oJRDufNdW.jpg</fanart>
</item>
<item>
	<title>[B][COLOR=green]The Bird of Kildarby[/COLOR][/B]</title>
	<meta>
	<imdb>tt0090506</imdb>
	<content>episode</content>
	<tvshowtitle>The Real Ghostbusters</tvshowtitle>
	<year>1987</year>
	<season>2</season>
	<episode>17</episode>
	</meta>
	<link>
	<sublink>search</sublink>
	<sublink>searchsd</sublink>
	</link>
	<thumbnail>https://image.tmdb.org/t/p/w1280/81btLZ3waOp36jLer1DzkmmAR67.jpg</thumbnail>
	<fanart>https://image.tmdb.org/t/p/w1280/mgvMMxKz4eDLeompM9oJRDufNdW.jpg</fanart>
</item>
<item>
	<title>[B][COLOR=green]The Long, Long, Long, etc. Goodbye[/COLOR][/B]</title>
	<meta>
	<imdb>tt0090506</imdb>
	<content>episode</content>
	<tvshowtitle>The Real Ghostbusters</tvshowtitle>
	<year>1987</year>
	<season>2</season>
	<episode>18</episode>
	</meta>
	<link>
	<sublink>search</sublink>
	<sublink>searchsd</sublink>
	</link>
	<thumbnail>https://image.tmdb.org/t/p/w1280/dIVJKBaYGE2hAF8abfOAsevK5HI.jpg</thumbnail>
	<fanart>https://image.tmdb.org/t/p/w1280/mgvMMxKz4eDLeompM9oJRDufNdW.jpg</fanart>
</item>
<item>
	<title>[B][COLOR=green]Cold Cash and Hot Water[/COLOR][/B]</title>
	<meta>
	<imdb>tt0090506</imdb>
	<content>episode</content>
	<tvshowtitle>The Real Ghostbusters</tvshowtitle>
	<year>1987</year>
	<season>2</season>
	<episode>19</episode>
	</meta>
	<link>
	<sublink>search</sublink>
	<sublink>searchsd</sublink>
	</link>
	<thumbnail>https://image.tmdb.org/t/p/w1280/gTuZ3XQh12o0fbf5lmQNuoNGVET.jpg</thumbnail>
	<fanart>https://image.tmdb.org/t/p/w1280/mgvMMxKz4eDLeompM9oJRDufNdW.jpg</fanart>
</item>
<item>
	<title>[B][COLOR=green]Who's Afraid of the Big Bad Ghost?[/COLOR][/B]</title>
	<meta>
	<imdb>tt0090506</imdb>
	<content>episode</content>
	<tvshowtitle>The Real Ghostbusters</tvshowtitle>
	<year>1987</year>
	<season>2</season>
	<episode>20</episode>
	</meta>
	<link>
	<sublink>search</sublink>
	<sublink>searchsd</sublink>
	</link>
	<thumbnail>https://image.tmdb.org/t/p/w1280/uh4J6YkQzROGKYoCcAyRi01KQBZ.jpg</thumbnail>
	<fanart>https://image.tmdb.org/t/p/w1280/mgvMMxKz4eDLeompM9oJRDufNdW.jpg</fanart>
</item>
<item>
	<title>[B][COLOR=green]The Man Who Never Reached Home[/COLOR][/B]</title>
	<meta>
	<imdb>tt0090506</imdb>
	<content>episode</content>
	<tvshowtitle>The Real Ghostbusters</tvshowtitle>
	<year>1987</year>
	<season>2</season>
	<episode>21</episode>
	</meta>
	<link>
	<sublink>search</sublink>
	<sublink>searchsd</sublink>
	</link>
	<thumbnail>https://image.tmdb.org/t/p/w1280/aRJ0gHfISVVBYf1S9BN9ZVRR6LY.jpg</thumbnail>
	<fanart>https://image.tmdb.org/t/p/w1280/mgvMMxKz4eDLeompM9oJRDufNdW.jpg</fanart>
</item>
<item>
	<title>[B][COLOR=green]Doctor, Doctor[/COLOR][/B]</title>
	<meta>
	<imdb>tt0090506</imdb>
	<content>episode</content>
	<tvshowtitle>The Real Ghostbusters</tvshowtitle>
	<year>1987</year>
	<season>2</season>
	<episode>22</episode>
	</meta>
	<link>
	<sublink>search</sublink>
	<sublink>searchsd</sublink>
	</link>
	<thumbnail>https://image.tmdb.org/t/p/w1280/nMRXznrx0XG2b0inT0SwCdzYu8r.jpg</thumbnail>
	<fanart>https://image.tmdb.org/t/p/w1280/mgvMMxKz4eDLeompM9oJRDufNdW.jpg</fanart>
</item>
<item>
	<title>[B][COLOR=green]You Can't Take it With You[/COLOR][/B]</title>
	<meta>
	<imdb>tt0090506</imdb>
	<content>episode</content>
	<tvshowtitle>The Real Ghostbusters</tvshowtitle>
	<year>1987</year>
	<season>2</season>
	<episode>23</episode>
	</meta>
	<link>
	<sublink>search</sublink>
	<sublink>searchsd</sublink>
	</link>
	<thumbnail>https://image.tmdb.org/t/p/w1280/nPdbU6nept1owLtkO2Repv2svWY.jpg</thumbnail>
	<fanart>https://image.tmdb.org/t/p/w1280/mgvMMxKz4eDLeompM9oJRDufNdW.jpg</fanart>
</item>
<item>
	<title>[B][COLOR=green]Victor the Happy Ghost[/COLOR][/B]</title>
	<meta>
	<imdb>tt0090506</imdb>
	<content>episode</content>
	<tvshowtitle>The Real Ghostbusters</tvshowtitle>
	<year>1987</year>
	<season>2</season>
	<episode>24</episode>
	</meta>
	<link>
	<sublink>search</sublink>
	<sublink>searchsd</sublink>
	</link>
	<thumbnail>https://image.tmdb.org/t/p/w1280/ixW9Bem67qYaEE69CJfqdQE0GRs.jpg</thumbnail>
	<fanart>https://image.tmdb.org/t/p/w1280/mgvMMxKz4eDLeompM9oJRDufNdW.jpg</fanart>
</item>
<item>
	<title>[B][COLOR=green]Lost and Foundry[/COLOR][/B]</title>
	<meta>
	<imdb>tt0090506</imdb>
	<content>episode</content>
	<tvshowtitle>The Real Ghostbusters</tvshowtitle>
	<year>1987</year>
	<season>2</season>
	<episode>25</episode>
	</meta>
	<link>
	<sublink>search</sublink>
	<sublink>searchsd</sublink>
	</link>
	<thumbnail>https://image.tmdb.org/t/p/w1280/lCBWYlo46RIkY3J1ApB5r2qmCbM.jpg</thumbnail>
	<fanart>https://image.tmdb.org/t/p/w1280/mgvMMxKz4eDLeompM9oJRDufNdW.jpg</fanart>
</item>
<item>
	<title>[B][COLOR=green]Chicken, He Clucked[/COLOR][/B]</title>
	<meta>
	<imdb>tt0090506</imdb>
	<content>episode</content>
	<tvshowtitle>The Real Ghostbusters</tvshowtitle>
	<year>1987</year>
	<season>2</season>
	<episode>26</episode>
	</meta>
	<link>
	<sublink>search</sublink>
	<sublink>searchsd</sublink>
	</link>
	<thumbnail>https://image.tmdb.org/t/p/w1280/1Xt2gPuRnNMPmfMHkc1IsVFItTj.jpg</thumbnail>
	<fanart>https://image.tmdb.org/t/p/w1280/mgvMMxKz4eDLeompM9oJRDufNdW.jpg</fanart>
</item>
<item>
	<title>[B][COLOR=green]Venkman's Ghost Repellers[/COLOR][/B]</title>
	<meta>
	<imdb>tt0090506</imdb>
	<content>episode</content>
	<tvshowtitle>The Real Ghostbusters</tvshowtitle>
	<year>1987</year>
	<season>2</season>
	<episode>27</episode>
	</meta>
	<link>
	<sublink>search</sublink>
	<sublink>searchsd</sublink>
	</link>
	<thumbnail>https://image.tmdb.org/t/p/w1280/jn1MDTKApRL6E7d5K4Hq76bU8l7.jpg</thumbnail>
	<fanart>https://image.tmdb.org/t/p/w1280/mgvMMxKz4eDLeompM9oJRDufNdW.jpg</fanart>
</item>
<item>
	<title>[B][COLOR=green]The Hole in the Wall Gang[/COLOR][/B]</title>
	<meta>
	<imdb>tt0090506</imdb>
	<content>episode</content>
	<tvshowtitle>The Real Ghostbusters</tvshowtitle>
	<year>1987</year>
	<season>2</season>
	<episode>28</episode>
	</meta>
	<link>
	<sublink>search</sublink>
	<sublink>searchsd</sublink>
	</link>
	<thumbnail>https://image.tmdb.org/t/p/w1280/vTkX1FmRHjZ6Hy99lfYrqFlBqXU.jpg</thumbnail>
	<fanart>https://image.tmdb.org/t/p/w1280/mgvMMxKz4eDLeompM9oJRDufNdW.jpg</fanart>
</item>
<item>
	<title>[B][COLOR=green]Ghost Busted[/COLOR][/B]</title>
	<meta>
	<imdb>tt0090506</imdb>
	<content>episode</content>
	<tvshowtitle>The Real Ghostbusters</tvshowtitle>
	<year>1987</year>
	<season>2</season>
	<episode>29</episode>
	</meta>
	<link>
	<sublink>search</sublink>
	<sublink>searchsd</sublink>
	</link>
	<thumbnail>https://image.tmdb.org/t/p/w1280/s5YNSnAmdBbFCj8SYyFWCK2An7G.jpg</thumbnail>
	<fanart>https://image.tmdb.org/t/p/w1280/mgvMMxKz4eDLeompM9oJRDufNdW.jpg</fanart>
</item>
<item>
	<title>[B][COLOR=green]The Ghostbusters in Paris[/COLOR][/B]</title>
	<meta>
	<imdb>tt0090506</imdb>
	<content>episode</content>
	<tvshowtitle>The Real Ghostbusters</tvshowtitle>
	<year>1987</year>
	<season>2</season>
	<episode>30</episode>
	</meta>
	<link>
	<sublink>search</sublink>
	<sublink>searchsd</sublink>
	</link>
	<thumbnail>https://image.tmdb.org/t/p/w1280/rtjmHBvz5X1yq567PQwocmrQ9KH.jpg</thumbnail>
	<fanart>https://image.tmdb.org/t/p/w1280/mgvMMxKz4eDLeompM9oJRDufNdW.jpg</fanart>
</item>
<item>
	<title>[B][COLOR=green]A Fright at the Opera[/COLOR][/B]</title>
	<meta>
	<imdb>tt0090506</imdb>
	<content>episode</content>
	<tvshowtitle>The Real Ghostbusters</tvshowtitle>
	<year>1987</year>
	<season>2</season>
	<episode>31</episode>
	</meta>
	<link>
	<sublink>search</sublink>
	<sublink>searchsd</sublink>
	</link>
	<thumbnail>https://image.tmdb.org/t/p/w1280/jnuMUdZeLLClquGnvMwYolNUduv.jpg</thumbnail>
	<fanart>https://image.tmdb.org/t/p/w1280/mgvMMxKz4eDLeompM9oJRDufNdW.jpg</fanart>
</item>
<item>
	<title>[B][COLOR=green]The Collect Call of Cathulhu[/COLOR][/B]</title>
	<meta>
	<imdb>tt0090506</imdb>
	<content>episode</content>
	<tvshowtitle>The Real Ghostbusters</tvshowtitle>
	<year>1987</year>
	<season>2</season>
	<episode>32</episode>
	</meta>
	<link>
	<sublink>search</sublink>
	<sublink>searchsd</sublink>
	</link>
	<thumbnail>https://image.tmdb.org/t/p/w1280/57oAFrzsYsPDg7pLFKIn6Jgjln9.jpg</thumbnail>
	<fanart>https://image.tmdb.org/t/p/w1280/mgvMMxKz4eDLeompM9oJRDufNdW.jpg</fanart>
</item>
<item>
	<title>[B][COLOR=green]Banshee Bake a Cherry Pie?[/COLOR][/B]</title>
	<meta>
	<imdb>tt0090506</imdb>
	<content>episode</content>
	<tvshowtitle>The Real Ghostbusters</tvshowtitle>
	<year>1987</year>
	<season>2</season>
	<episode>33</episode>
	</meta>
	<link>
	<sublink>search</sublink>
	<sublink>searchsd</sublink>
	</link>
	<thumbnail>https://image.tmdb.org/t/p/w1280/wdy47IgC4OtxHfecEJRJLqL0uuz.jpg</thumbnail>
	<fanart>https://image.tmdb.org/t/p/w1280/mgvMMxKz4eDLeompM9oJRDufNdW.jpg</fanart>
</item>
<item>
	<title>[B][COLOR=green]Drool, the Dog Faced Goblin[/COLOR][/B]</title>
	<meta>
	<imdb>tt0090506</imdb>
	<content>episode</content>
	<tvshowtitle>The Real Ghostbusters</tvshowtitle>
	<year>1987</year>
	<season>2</season>
	<episode>34</episode>
	</meta>
	<link>
	<sublink>search</sublink>
	<sublink>searchsd</sublink>
	</link>
	<thumbnail>https://image.tmdb.org/t/p/w1280/kxCjVK9BfjWdMOcFwe7NAKJFyDC.jpg</thumbnail>
	<fanart>https://image.tmdb.org/t/p/w1280/mgvMMxKz4eDLeompM9oJRDufNdW.jpg</fanart>
</item>
<item>
	<title>[B][COLOR=green]Boo-Dunit[/COLOR][/B]</title>
	<meta>
	<imdb>tt0090506</imdb>
	<content>episode</content>
	<tvshowtitle>The Real Ghostbusters</tvshowtitle>
	<year>1987</year>
	<season>2</season>
	<episode>35</episode>
	</meta>
	<link>
	<sublink>search</sublink>
	<sublink>searchsd</sublink>
	</link>
	<thumbnail>https://image.tmdb.org/t/p/w1280/pvwAoXtLL10Ay3Z45aDZvWiS9ed.jpg</thumbnail>
	<fanart>https://image.tmdb.org/t/p/w1280/mgvMMxKz4eDLeompM9oJRDufNdW.jpg</fanart>
</item>
<item>
	<title>[B][COLOR=green]The Revenge of Murray the Mantis[/COLOR][/B]</title>
	<meta>
	<imdb>tt0090506</imdb>
	<content>episode</content>
	<tvshowtitle>The Real Ghostbusters</tvshowtitle>
	<year>1987</year>
	<season>2</season>
	<episode>36</episode>
	</meta>
	<link>
	<sublink>search</sublink>
	<sublink>searchsd</sublink>
	</link>
	<thumbnail>https://image.tmdb.org/t/p/w1280/bB819JevxLsjEx2ldqQUI2giDUb.jpg</thumbnail>
	<fanart>https://image.tmdb.org/t/p/w1280/mgvMMxKz4eDLeompM9oJRDufNdW.jpg</fanart>
</item>
<item>
	<title>[B][COLOR=green]The Headless Motorcyclist[/COLOR][/B]</title>
	<meta>
	<imdb>tt0090506</imdb>
	<content>episode</content>
	<tvshowtitle>The Real Ghostbusters</tvshowtitle>
	<year>1987</year>
	<season>2</season>
	<episode>37</episode>
	</meta>
	<link>
	<sublink>search</sublink>
	<sublink>searchsd</sublink>
	</link>
	<thumbnail>https://image.tmdb.org/t/p/w1280/sniNPbKe04fZS3HJ3WPMOryyJin.jpg</thumbnail>
	<fanart>https://image.tmdb.org/t/p/w1280/mgvMMxKz4eDLeompM9oJRDufNdW.jpg</fanart>
</item>
<item>
	<title>[B][COLOR=green]The Thing in Mrs. Faversham's Attic[/COLOR][/B]</title>
	<meta>
	<imdb>tt0090506</imdb>
	<content>episode</content>
	<tvshowtitle>The Real Ghostbusters</tvshowtitle>
	<year>1987</year>
	<season>2</season>
	<episode>38</episode>
	</meta>
	<link>
	<sublink>search</sublink>
	<sublink>searchsd</sublink>
	</link>
	<thumbnail>https://image.tmdb.org/t/p/w1280/zf8dA9Z23j5JwLqP7RvgGgMSKtx.jpg</thumbnail>
	<fanart>https://image.tmdb.org/t/p/w1280/mgvMMxKz4eDLeompM9oJRDufNdW.jpg</fanart>
</item>
<item>
	<title>[B][COLOR=green]Moaning Stones[/COLOR][/B]</title>
	<meta>
	<imdb>tt0090506</imdb>
	<content>episode</content>
	<tvshowtitle>The Real Ghostbusters</tvshowtitle>
	<year>1987</year>
	<season>2</season>
	<episode>39</episode>
	</meta>
	<link>
	<sublink>search</sublink>
	<sublink>searchsd</sublink>
	</link>
	<thumbnail>https://image.tmdb.org/t/p/w1280/bISwiHQgT9LGrwfsPo4FgvSw0aS.jpg</thumbnail>
	<fanart>https://image.tmdb.org/t/p/w1280/mgvMMxKz4eDLeompM9oJRDufNdW.jpg</fanart>
</item>
<item>
	<title>[B][COLOR=green]Knock, Knock[/COLOR][/B]</title>
	<meta>
	<imdb>tt0090506</imdb>
	<content>episode</content>
	<tvshowtitle>The Real Ghostbusters</tvshowtitle>
	<year>1987</year>
	<season>2</season>
	<episode>40</episode>
	</meta>
	<link>
	<sublink>search</sublink>
	<sublink>searchsd</sublink>
	</link>
	<thumbnail>https://image.tmdb.org/t/p/w1280/a7ntDfCahw9uiPlZITPFvSPhdus.jpg</thumbnail>
	<fanart>https://image.tmdb.org/t/p/w1280/mgvMMxKz4eDLeompM9oJRDufNdW.jpg</fanart>
</item>
<item>
	<title>[B][COLOR=green]The Spirit of Aunt Lois[/COLOR][/B]</title>
	<meta>
	<imdb>tt0090506</imdb>
	<content>episode</content>
	<tvshowtitle>The Real Ghostbusters</tvshowtitle>
	<year>1987</year>
	<season>2</season>
	<episode>41</episode>
	</meta>
	<link>
	<sublink>search</sublink>
	<sublink>searchsd</sublink>
	</link>
	<thumbnail>https://image.tmdb.org/t/p/w1280/zQ9gdXekmR6p1z8GACRuT3uUIGY.jpg</thumbnail>
	<fanart>https://image.tmdb.org/t/p/w1280/mgvMMxKz4eDLeompM9oJRDufNdW.jpg</fanart>
</item>
<item>
	<title>[B][COLOR=green]Sea Fright[/COLOR][/B]</title>
	<meta>
	<imdb>tt0090506</imdb>
	<content>episode</content>
	<tvshowtitle>The Real Ghostbusters</tvshowtitle>
	<year>1987</year>
	<season>2</season>
	<episode>42</episode>
	</meta>
	<link>
	<sublink>search</sublink>
	<sublink>searchsd</sublink>
	</link>
	<thumbnail>https://image.tmdb.org/t/p/w1280/5wDwTTvWqP0UA5IXi0f0vGWXGWh.jpg</thumbnail>
	<fanart>https://image.tmdb.org/t/p/w1280/mgvMMxKz4eDLeompM9oJRDufNdW.jpg</fanart>
</item>
<item>
	<title>[B][COLOR=green]Ghost Fight at the O.K. Corral[/COLOR][/B]</title>
	<meta>
	<imdb>tt0090506</imdb>
	<content>episode</content>
	<tvshowtitle>The Real Ghostbusters</tvshowtitle>
	<year>1987</year>
	<season>2</season>
	<episode>43</episode>
	</meta>
	<link>
	<sublink>search</sublink>
	<sublink>searchsd</sublink>
	</link>
	<thumbnail>https://image.tmdb.org/t/p/w1280/3GPUiq59OsJRLe2vLbR8LJYMBsq.jpg</thumbnail>
	<fanart>https://image.tmdb.org/t/p/w1280/mgvMMxKz4eDLeompM9oJRDufNdW.jpg</fanart>
</item>
<item>
	<title>[B][COLOR=green]Cry Uncle[/COLOR][/B]</title>
	<meta>
	<imdb>tt0090506</imdb>
	<content>episode</content>
	<tvshowtitle>The Real Ghostbusters</tvshowtitle>
	<year>1987</year>
	<season>2</season>
	<episode>44</episode>
	</meta>
	<link>
	<sublink>search</sublink>
	<sublink>searchsd</sublink>
	</link>
	<thumbnail>https://image.tmdb.org/t/p/w1280/i4ZRVIbeHq8e95tLnZ410J7uBUh.jpg</thumbnail>
	<fanart>https://image.tmdb.org/t/p/w1280/mgvMMxKz4eDLeompM9oJRDufNdW.jpg</fanart>
</item>
<item>
	<title>[B][COLOR=green]Bustman's Holiday[/COLOR][/B]</title>
	<meta>
	<imdb>tt0090506</imdb>
	<content>episode</content>
	<tvshowtitle>The Real Ghostbusters</tvshowtitle>
	<year>1987</year>
	<season>2</season>
	<episode>45</episode>
	</meta>
	<link>
	<sublink>search</sublink>
	<sublink>searchsd</sublink>
	</link>
	<thumbnail>https://image.tmdb.org/t/p/w1280/zF2ecHTqE7PBtXg6KIWcxuqhPgQ.jpg</thumbnail>
	<fanart>https://image.tmdb.org/t/p/w1280/mgvMMxKz4eDLeompM9oJRDufNdW.jpg</fanart>
</item>
<item>
	<title>[B][COLOR=green]The Scaring of the Green[/COLOR][/B]</title>
	<meta>
	<imdb>tt0090506</imdb>
	<content>episode</content>
	<tvshowtitle>The Real Ghostbusters</tvshowtitle>
	<year>1987</year>
	<season>2</season>
	<episode>46</episode>
	</meta>
	<link>
	<sublink>search</sublink>
	<sublink>searchsd</sublink>
	</link>
	<thumbnail>https://image.tmdb.org/t/p/w1280/473z5HSoyU7F4Zdk81wW13ySDUP.jpg</thumbnail>
	<fanart>https://image.tmdb.org/t/p/w1280/mgvMMxKz4eDLeompM9oJRDufNdW.jpg</fanart>
</item>
<item>
	<title>[B][COLOR=green]Ain't Nasa-Sarily So[/COLOR][/B]</title>
	<meta>
	<imdb>tt0090506</imdb>
	<content>episode</content>
	<tvshowtitle>The Real Ghostbusters</tvshowtitle>
	<year>1987</year>
	<season>2</season>
	<episode>47</episode>
	</meta>
	<link>
	<sublink>search</sublink>
	<sublink>searchsd</sublink>
	</link>
	<thumbnail>https://image.tmdb.org/t/p/w1280/xfYPRWu1XfgeMrCcifqFAnpKdJQ.jpg</thumbnail>
	<fanart>https://image.tmdb.org/t/p/w1280/mgvMMxKz4eDLeompM9oJRDufNdW.jpg</fanart>
</item>
<item>
	<title>[B][COLOR=green]Apocalypse - - What, Now?[/COLOR][/B]</title>
	<meta>
	<imdb>tt0090506</imdb>
	<content>episode</content>
	<tvshowtitle>The Real Ghostbusters</tvshowtitle>
	<year>1987</year>
	<season>2</season>
	<episode>48</episode>
	</meta>
	<link>
	<sublink>search</sublink>
	<sublink>searchsd</sublink>
	</link>
	<thumbnail>https://image.tmdb.org/t/p/w1280/hqvfyh6mhZoA05uEtRGdvP2YzDp.jpg</thumbnail>
	<fanart>https://image.tmdb.org/t/p/w1280/mgvMMxKz4eDLeompM9oJRDufNdW.jpg</fanart>
</item>
<item>
	<title>[B][COLOR=green]The Devil to Pay[/COLOR][/B]</title>
	<meta>
	<imdb>tt0090506</imdb>
	<content>episode</content>
	<tvshowtitle>The Real Ghostbusters</tvshowtitle>
	<year>1987</year>
	<season>2</season>
	<episode>49</episode>
	</meta>
	<link>
	<sublink>search</sublink>
	<sublink>searchsd</sublink>
	</link>
	<thumbnail>https://image.tmdb.org/t/p/w1280/q7eLBmr6vkTSeNBDDxRC0zATSBj.jpg</thumbnail>
	<fanart>https://image.tmdb.org/t/p/w1280/mgvMMxKz4eDLeompM9oJRDufNdW.jpg</fanart>
</item>
<item>
	<title>[B][COLOR=green]A Ghost Grows in Brooklyn[/COLOR][/B]</title>
	<meta>
	<imdb>tt0090506</imdb>
	<content>episode</content>
	<tvshowtitle>The Real Ghostbusters</tvshowtitle>
	<year>1987</year>
	<season>2</season>
	<episode>50</episode>
	</meta>
	<link>
	<sublink>search</sublink>
	<sublink>searchsd</sublink>
	</link>
	<thumbnail>https://image.tmdb.org/t/p/w1280/cRWprzS1ts8quRcb6rb7YVHv8m9.jpg</thumbnail>
	<fanart>https://image.tmdb.org/t/p/w1280/mgvMMxKz4eDLeompM9oJRDufNdW.jpg</fanart>
</item>
<item>
	<title>[B][COLOR=green]I Am the City[/COLOR][/B]</title>
	<meta>
	<imdb>tt0090506</imdb>
	<content>episode</content>
	<tvshowtitle>The Real Ghostbusters</tvshowtitle>
	<year>1987</year>
	<season>2</season>
	<episode>51</episode>
	</meta>
	<link>
	<sublink>search</sublink>
	<sublink>searchsd</sublink>
	</link>
	<thumbnail>https://image.tmdb.org/t/p/w1280/gwTNJu7vlAXVqae2PvDUTiK3RH3.jpg</thumbnail>
	<fanart>https://image.tmdb.org/t/p/w1280/mgvMMxKz4eDLeompM9oJRDufNdW.jpg</fanart>
</item>
<item>
	<title>[B][COLOR=green]Last Train to Oblivion[/COLOR][/B]</title>
	<meta>
	<imdb>tt0090506</imdb>
	<content>episode</content>
	<tvshowtitle>The Real Ghostbusters</tvshowtitle>
	<year>1987</year>
	<season>2</season>
	<episode>52</episode>
	</meta>
	<link>
	<sublink>search</sublink>
	<sublink>searchsd</sublink>
	</link>
	<thumbnail>https://image.tmdb.org/t/p/w1280/vs7seV1AThfYMQZDQwpxd4J1rqS.jpg</thumbnail>
	<fanart>https://image.tmdb.org/t/p/w1280/mgvMMxKz4eDLeompM9oJRDufNdW.jpg</fanart>
</item>
<item>
	<title>[B][COLOR=green]Beneath These Streets[/COLOR][/B]</title>
	<meta>
	<imdb>tt0090506</imdb>
	<content>episode</content>
	<tvshowtitle>The Real Ghostbusters</tvshowtitle>
	<year>1987</year>
	<season>2</season>
	<episode>53</episode>
	</meta>
	<link>
	<sublink>search</sublink>
	<sublink>searchsd</sublink>
	</link>
	<thumbnail>https://image.tmdb.org/t/p/w1280/mxWEmLSemSYVyqwgjtzbZ2cZDuH.jpg</thumbnail>
	<fanart>https://image.tmdb.org/t/p/w1280/mgvMMxKz4eDLeompM9oJRDufNdW.jpg</fanart>
</item>
<item>
	<title>[B][COLOR=green]Play Them Ragtime Boos[/COLOR][/B]</title>
	<meta>
	<imdb>tt0090506</imdb>
	<content>episode</content>
	<tvshowtitle>The Real Ghostbusters</tvshowtitle>
	<year>1987</year>
	<season>2</season>
	<episode>54</episode>
	</meta>
	<link>
	<sublink>search</sublink>
	<sublink>searchsd</sublink>
	</link>
	<thumbnail>https://image.tmdb.org/t/p/w1280/oMkzTBky0TSLUlDT5gUVTUwzuki.jpg</thumbnail>
	<fanart>https://image.tmdb.org/t/p/w1280/mgvMMxKz4eDLeompM9oJRDufNdW.jpg</fanart>
</item>
<item>
	<title>[B][COLOR=green]The Old College Spirit[/COLOR][/B]</title>
	<meta>
	<imdb>tt0090506</imdb>
	<content>episode</content>
	<tvshowtitle>The Real Ghostbusters</tvshowtitle>
	<year>1987</year>
	<season>2</season>
	<episode>55</episode>
	</meta>
	<link>
	<sublink>search</sublink>
	<sublink>searchsd</sublink>
	</link>
	<thumbnail>https://image.tmdb.org/t/p/w1280/7Pc3gZ8Nfhj0KaCCoHL18WM0Pon.jpg</thumbnail>
	<fanart>https://image.tmdb.org/t/p/w1280/mgvMMxKz4eDLeompM9oJRDufNdW.jpg</fanart>
</item>
<item>
	<title>[B][COLOR=green]Hard Knight's Day[/COLOR][/B]</title>
	<meta>
	<imdb>tt0090506</imdb>
	<content>episode</content>
	<tvshowtitle>The Real Ghostbusters</tvshowtitle>
	<year>1987</year>
	<season>2</season>
	<episode>56</episode>
	</meta>
	<link>
	<sublink>search</sublink>
	<sublink>searchsd</sublink>
	</link>
	<thumbnail>https://image.tmdb.org/t/p/w1280/oguf2uZVx0gAjdEtvfrFKFJKPTQ.jpg</thumbnail>
	<fanart>https://image.tmdb.org/t/p/w1280/mgvMMxKz4eDLeompM9oJRDufNdW.jpg</fanart>
</item>
<item>
	<title>[B][COLOR=green]Masquerade[/COLOR][/B]</title>
	<meta>
	<imdb>tt0090506</imdb>
	<content>episode</content>
	<tvshowtitle>The Real Ghostbusters</tvshowtitle>
	<year>1987</year>
	<season>2</season>
	<episode>57</episode>
	</meta>
	<link>
	<sublink>search</sublink>
	<sublink>searchsd</sublink>
	</link>
	<thumbnail>https://image.tmdb.org/t/p/w1280/4mFxKjZUELcwIfsi9uuVZGSXlFN.jpg</thumbnail>
	<fanart>https://image.tmdb.org/t/p/w1280/mgvMMxKz4eDLeompM9oJRDufNdW.jpg</fanart>
</item>
<item>
	<title>[B][COLOR=green]Deadcon 1[/COLOR][/B]</title>
	<meta>
	<imdb>tt0090506</imdb>
	<content>episode</content>
	<tvshowtitle>The Real Ghostbusters</tvshowtitle>
	<year>1987</year>
	<season>2</season>
	<episode>58</episode>
	</meta>
	<link>
	<sublink>search</sublink>
	<sublink>searchsd</sublink>
	</link>
	<thumbnail>https://image.tmdb.org/t/p/w1280/SJKe8fzU5x4hjQXjQKR6kIF46d.jpg</thumbnail>
	<fanart>https://image.tmdb.org/t/p/w1280/mgvMMxKz4eDLeompM9oJRDufNdW.jpg</fanart>
</item>
<item>
	<title>[B][COLOR=green]Don't Forget the Motor City[/COLOR][/B]</title>
	<meta>
	<imdb>tt0090506</imdb>
	<content>episode</content>
	<tvshowtitle>The Real Ghostbusters</tvshowtitle>
	<year>1987</year>
	<season>2</season>
	<episode>59</episode>
	</meta>
	<link>
	<sublink>search</sublink>
	<sublink>searchsd</sublink>
	</link>
	<thumbnail>https://image.tmdb.org/t/p/w1280/sK6tFYeRzPpim6FWdBrp7eXWUCT.jpg</thumbnail>
	<fanart>https://image.tmdb.org/t/p/w1280/mgvMMxKz4eDLeompM9oJRDufNdW.jpg</fanart>
</item>
<item>
	<title>[B][COLOR=green]The Devil in the Deep[/COLOR][/B]</title>
	<meta>
	<imdb>tt0090506</imdb>
	<content>episode</content>
	<tvshowtitle>The Real Ghostbusters</tvshowtitle>
	<year>1987</year>
	<season>2</season>
	<episode>60</episode>
	</meta>
	<link>
	<sublink>search</sublink>
	<sublink>searchsd</sublink>
	</link>
	<thumbnail>https://image.tmdb.org/t/p/w1280/pbXv9xAAY83ecPI61lVsmmt4Ve1.jpg</thumbnail>
	<fanart>https://image.tmdb.org/t/p/w1280/mgvMMxKz4eDLeompM9oJRDufNdW.jpg</fanart>
</item>
<item>
	<title>[B][COLOR=green]Lights! Camera! Haunting![/COLOR][/B]</title>
	<meta>
	<imdb>tt0090506</imdb>
	<content>episode</content>
	<tvshowtitle>The Real Ghostbusters</tvshowtitle>
	<year>1987</year>
	<season>2</season>
	<episode>61</episode>
	</meta>
	<link>
	<sublink>search</sublink>
	<sublink>searchsd</sublink>
	</link>
	<thumbnail>https://image.tmdb.org/t/p/w1280/b4EWxlw6loc9Ub6yqpAGU2xA9zI.jpg</thumbnail>
	<fanart>https://image.tmdb.org/t/p/w1280/mgvMMxKz4eDLeompM9oJRDufNdW.jpg</fanart>
</item>
<item>
	<title>[B][COLOR=green]Egon on the Rampage[/COLOR][/B]</title>
	<meta>
	<imdb>tt0090506</imdb>
	<content>episode</content>
	<tvshowtitle>The Real Ghostbusters</tvshowtitle>
	<year>1987</year>
	<season>2</season>
	<episode>62</episode>
	</meta>
	<link>
	<sublink>search</sublink>
	<sublink>searchsd</sublink>
	</link>
	<thumbnail>https://image.tmdb.org/t/p/w1280/rstMPKpX10c0CPTPZDJmozhfw2z.jpg</thumbnail>
	<fanart>https://image.tmdb.org/t/p/w1280/mgvMMxKz4eDLeompM9oJRDufNdW.jpg</fanart>
</item>
<item>
	<title>[B][COLOR=green]Station Identification[/COLOR][/B]</title>
	<meta>
	<imdb>tt0090506</imdb>
	<content>episode</content>
	<tvshowtitle>The Real Ghostbusters</tvshowtitle>
	<year>1987</year>
	<season>2</season>
	<episode>63</episode>
	</meta>
	<link>
	<sublink>search</sublink>
	<sublink>searchsd</sublink>
	</link>
	<thumbnail>https://image.tmdb.org/t/p/w1280/iH5u3nDE4CCcpOeUCIIyDncZML7.jpg</thumbnail>
	<fanart>https://image.tmdb.org/t/p/w1280/mgvMMxKz4eDLeompM9oJRDufNdW.jpg</fanart>
</item>
<item>
	<title>[B][COLOR=green]Hanging By a Thread[/COLOR][/B]</title>
	<meta>
	<imdb>tt0090506</imdb>
	<content>episode</content>
	<tvshowtitle>The Real Ghostbusters</tvshowtitle>
	<year>1987</year>
	<season>2</season>
	<episode>64</episode>
	</meta>
	<link>
	<sublink>search</sublink>
	<sublink>searchsd</sublink>
	</link>
	<thumbnail>https://image.tmdb.org/t/p/w1280/9osb4erqFgqff8FZ1LUGX5LbWCM.jpg</thumbnail>
	<fanart>https://image.tmdb.org/t/p/w1280/mgvMMxKz4eDLeompM9oJRDufNdW.jpg</fanart>
</item>
<item>
	<title>[B][COLOR=green]Transylvanian Homesick Blues[/COLOR][/B]</title>
	<meta>
	<imdb>tt0090506</imdb>
	<content>episode</content>
	<tvshowtitle>The Real Ghostbusters</tvshowtitle>
	<year>1987</year>
	<season>2</season>
	<episode>65</episode>
	</meta>
	<link>
	<sublink>search</sublink>
	<sublink>searchsd</sublink>
	</link>
	<thumbnail>https://image.tmdb.org/t/p/w1280/ytjRnFt8NMLd4JDXIrwtppoaPUR.jpg</thumbnail>
	<fanart>https://image.tmdb.org/t/p/w1280/mgvMMxKz4eDLeompM9oJRDufNdW.jpg</fanart>
</item>
