<item>
<item>
	<title>[B][COLOR=green]Killerwatt[/COLOR][/B]</title>
	<meta>
	<imdb>tt0090506</imdb>
	<content>episode</content>
	<tvshowtitle>The Real Ghostbusters</tvshowtitle>
	<year>1986</year>
	<season>1</season>
	<episode>2</episode>
	</meta>
	<link>
	<sublink>search</sublink>
	<sublink>searchsd</sublink>
	</link>
	<thumbnail>https://image.tmdb.org/t/p/w1280/aNNYiOJbu9rNX15uRAsR0kcEdZC.jpg</thumbnail>
	<fanart>https://image.tmdb.org/t/p/w1280/mgvMMxKz4eDLeompM9oJRDufNdW.jpg</fanart>
</item>
<item>
	<title>[B][COLOR=green]Mrs. Roger's Neighborhood[/COLOR][/B]</title>
	<meta>
	<imdb>tt0090506</imdb>
	<content>episode</content>
	<tvshowtitle>The Real Ghostbusters</tvshowtitle>
	<year>1986</year>
	<season>1</season>
	<episode>3</episode>
	</meta>
	<link>
	<sublink>search</sublink>
	<sublink>searchsd</sublink>
	</link>
	<thumbnail>https://image.tmdb.org/t/p/w1280/qSnjwkO1Y4Pixf6eUKKI4aGVH1e.jpg</thumbnail>
	<fanart>https://image.tmdb.org/t/p/w1280/mgvMMxKz4eDLeompM9oJRDufNdW.jpg</fanart>
</item>
<item>
	<title>[B][COLOR=green]Slimer, Come Home[/COLOR][/B]</title>
	<meta>
	<imdb>tt0090506</imdb>
	<content>episode</content>
	<tvshowtitle>The Real Ghostbusters</tvshowtitle>
	<year>1986</year>
	<season>1</season>
	<episode>4</episode>
	</meta>
	<link>
	<sublink>search</sublink>
	<sublink>searchsd</sublink>
	</link>
	<thumbnail>https://image.tmdb.org/t/p/w1280/i7EuP5cLpo7Jt3oA6hduPz3utAT.jpg</thumbnail>
	<fanart>https://image.tmdb.org/t/p/w1280/mgvMMxKz4eDLeompM9oJRDufNdW.jpg</fanart>
</item>
<item>
	<title>[B][COLOR=green]Troll Bridge[/COLOR][/B]</title>
	<meta>
	<imdb>tt0090506</imdb>
	<content>episode</content>
	<tvshowtitle>The Real Ghostbusters</tvshowtitle>
	<year>1986</year>
	<season>1</season>
	<episode>5</episode>
	</meta>
	<link>
	<sublink>search</sublink>
	<sublink>searchsd</sublink>
	</link>
	<thumbnail>https://image.tmdb.org/t/p/w1280/q1ScfA4bMsdqL5HAgL6urV1MXfB.jpg</thumbnail>
	<fanart>https://image.tmdb.org/t/p/w1280/mgvMMxKz4eDLeompM9oJRDufNdW.jpg</fanart>
</item>
<item>
	<title>[B][COLOR=green]The Boogieman Cometh[/COLOR][/B]</title>
	<meta>
	<imdb>tt0090506</imdb>
	<content>episode</content>
	<tvshowtitle>The Real Ghostbusters</tvshowtitle>
	<year>1986</year>
	<season>1</season>
	<episode>6</episode>
	</meta>
	<link>
	<sublink>search</sublink>
	<sublink>searchsd</sublink>
	</link>
	<thumbnail>https://image.tmdb.org/t/p/w1280/jtF8KaEZU9qI5zEu48qcXYIihCN.jpg</thumbnail>
	<fanart>https://image.tmdb.org/t/p/w1280/mgvMMxKz4eDLeompM9oJRDufNdW.jpg</fanart>
</item>
<item>
	<title>[B][COLOR=green]Mr. Sandman, Dream Me a Dream[/COLOR][/B]</title>
	<meta>
	<imdb>tt0090506</imdb>
	<content>episode</content>
	<tvshowtitle>The Real Ghostbusters</tvshowtitle>
	<year>1986</year>
	<season>1</season>
	<episode>7</episode>
	</meta>
	<link>
	<sublink>search</sublink>
	<sublink>searchsd</sublink>
	</link>
	<thumbnail>https://image.tmdb.org/t/p/w1280/40xlXcD7IU1rTvuSyWdADhCvQiU.jpg</thumbnail>
	<fanart>https://image.tmdb.org/t/p/w1280/mgvMMxKz4eDLeompM9oJRDufNdW.jpg</fanart>
</item>
<item>
	<title>[B][COLOR=green]When Halloween Was Forever[/COLOR][/B]</title>
	<meta>
	<imdb>tt0090506</imdb>
	<content>episode</content>
	<tvshowtitle>The Real Ghostbusters</tvshowtitle>
	<year>1986</year>
	<season>1</season>
	<episode>8</episode>
	</meta>
	<link>
	<sublink>search</sublink>
	<sublink>searchsd</sublink>
	</link>
	<thumbnail>https://image.tmdb.org/t/p/w1280/dB4hmlKLitP94zrm4UukGg2lGTv.jpg</thumbnail>
	<fanart>https://image.tmdb.org/t/p/w1280/mgvMMxKz4eDLeompM9oJRDufNdW.jpg</fanart>
</item>
<item>
	<title>[B][COLOR=green]Look Homeward, Ray[/COLOR][/B]</title>
	<meta>
	<imdb>tt0090506</imdb>
	<content>episode</content>
	<tvshowtitle>The Real Ghostbusters</tvshowtitle>
	<year>1986</year>
	<season>1</season>
	<episode>9</episode>
	</meta>
	<link>
	<sublink>search</sublink>
	<sublink>searchsd</sublink>
	</link>
	<thumbnail>https://image.tmdb.org/t/p/w1280/qmnZjnZfqdN9ah1WlZsUWK3eO9s.jpg</thumbnail>
	<fanart>https://image.tmdb.org/t/p/w1280/mgvMMxKz4eDLeompM9oJRDufNdW.jpg</fanart>
</item>
<item>
	<title>[B][COLOR=green]Take Two[/COLOR][/B]</title>
	<meta>
	<imdb>tt0090506</imdb>
	<content>episode</content>
	<tvshowtitle>The Real Ghostbusters</tvshowtitle>
	<year>1986</year>
	<season>1</season>
	<episode>10</episode>
	</meta>
	<link>
	<sublink>search</sublink>
	<sublink>searchsd</sublink>
	</link>
	<thumbnail>https://image.tmdb.org/t/p/w1280/nHN0o2POryObIHZswY8ctxjLt6q.jpg</thumbnail>
	<fanart>https://image.tmdb.org/t/p/w1280/mgvMMxKz4eDLeompM9oJRDufNdW.jpg</fanart>
</item>
<item>
	<title>[B][COLOR=green]Citizen Ghost[/COLOR][/B]</title>
	<meta>
	<imdb>tt0090506</imdb>
	<content>episode</content>
	<tvshowtitle>The Real Ghostbusters</tvshowtitle>
	<year>1986</year>
	<season>1</season>
	<episode>11</episode>
	</meta>
	<link>
	<sublink>search</sublink>
	<sublink>searchsd</sublink>
	</link>
	<thumbnail>https://image.tmdb.org/t/p/w1280/4Cg30SCHhkYjlO4IBtuKPgH6s18.jpg</thumbnail>
	<fanart>https://image.tmdb.org/t/p/w1280/mgvMMxKz4eDLeompM9oJRDufNdW.jpg</fanart>
</item>
<item>
	<title>[B][COLOR=green]Janine's Genie[/COLOR][/B]</title>
	<meta>
	<imdb>tt0090506</imdb>
	<content>episode</content>
	<tvshowtitle>The Real Ghostbusters</tvshowtitle>
	<year>1986</year>
	<season>1</season>
	<episode>12</episode>
	</meta>
	<link>
	<sublink>search</sublink>
	<sublink>searchsd</sublink>
	</link>
	<thumbnail>https://image.tmdb.org/t/p/w1280/6oj0FpzcqD2PWHxGLujdMjp35AI.jpg</thumbnail>
	<fanart>https://image.tmdb.org/t/p/w1280/mgvMMxKz4eDLeompM9oJRDufNdW.jpg</fanart>
</item>
<item>
	<title>[B][COLOR=green]X-Mas Marks the Spot[/COLOR][/B]</title>
	<meta>
	<imdb>tt0090506</imdb>
	<content>episode</content>
	<tvshowtitle>The Real Ghostbusters</tvshowtitle>
	<year>1986</year>
	<season>1</season>
	<episode>13</episode>
	</meta>
	<link>
	<sublink>search</sublink>
	<sublink>searchsd</sublink>
	</link>
	<thumbnail>https://image.tmdb.org/t/p/w1280/42CAgXSfpcuPPfpcEFwTniApgWl.jpg</thumbnail>
	<fanart>https://image.tmdb.org/t/p/w1280/mgvMMxKz4eDLeompM9oJRDufNdW.jpg</fanart>
</item>
