<item>
	<title>[B][COLOR=green]Really You (1)[/COLOR][/B]</title>
	<meta>
	<imdb>tt1765510</imdb>
	<content>episode</content>
	<tvshowtitle>R L Stine s The Haunting Hour</tvshowtitle>
	<year>2010</year>
	<season>1</season>
	<episode>1</episode>
	</meta>
	<link>
	<sublink>search</sublink>
	<sublink>searchsd</sublink>
	</link>
	<thumbnail>https://image.tmdb.org/t/p/w1280/kRInZDh17X74oNm6jD4E7Br9B1T.jpg</thumbnail>
	<fanart>https://image.tmdb.org/t/p/w1280/sPIH3MbQujzPADk6vftpXED3vxu.jpg</fanart>
</item>
<item>
	<title>[B][COLOR=green]Really You (2)[/COLOR][/B]</title>
	<meta>
	<imdb>tt1765510</imdb>
	<content>episode</content>
	<tvshowtitle>R L Stine s The Haunting Hour</tvshowtitle>
	<year>2010</year>
	<season>1</season>
	<episode>2</episode>
	</meta>
	<link>
	<sublink>search</sublink>
	<sublink>searchsd</sublink>
	</link>
	<thumbnail>https://image.tmdb.org/t/p/w1280/51rXFyA34W5yeJQLNWCw79vENkP.jpg</thumbnail>
	<fanart>https://image.tmdb.org/t/p/w1280/sPIH3MbQujzPADk6vftpXED3vxu.jpg</fanart>
</item>
<item>
	<title>[B][COLOR=green]A Creature Was Stirring[/COLOR][/B]</title>
	<meta>
	<imdb>tt1765510</imdb>
	<content>episode</content>
	<tvshowtitle>R L Stine s The Haunting Hour</tvshowtitle>
	<year>2010</year>
	<season>1</season>
	<episode>3</episode>
	</meta>
	<link>
	<sublink>search</sublink>
	<sublink>searchsd</sublink>
	</link>
	<thumbnail>https://image.tmdb.org/t/p/w1280/66CvBDPswhNHq7dOSaABTpwwFd6.jpg</thumbnail>
	<fanart>https://image.tmdb.org/t/p/w1280/sPIH3MbQujzPADk6vftpXED3vxu.jpg</fanart>
</item>
<item>
	<title>[B][COLOR=green]The Dead Body[/COLOR][/B]</title>
	<meta>
	<imdb>tt1765510</imdb>
	<content>episode</content>
	<tvshowtitle>R L Stine s The Haunting Hour</tvshowtitle>
	<year>2010</year>
	<season>1</season>
	<episode>4</episode>
	</meta>
	<link>
	<sublink>search</sublink>
	<sublink>searchsd</sublink>
	</link>
	<thumbnail>https://image.tmdb.org/t/p/w1280/dkrlCG5DofjyWMmh3JrbiVhvYdI.jpg</thumbnail>
	<fanart>https://image.tmdb.org/t/p/w1280/sPIH3MbQujzPADk6vftpXED3vxu.jpg</fanart>
</item>
<item>
	<title>[B][COLOR=green]Nightmare Inn[/COLOR][/B]</title>
	<meta>
	<imdb>tt1765510</imdb>
	<content>episode</content>
	<tvshowtitle>R L Stine s The Haunting Hour</tvshowtitle>
	<year>2011</year>
	<season>1</season>
	<episode>5</episode>
	</meta>
	<link>
	<sublink>search</sublink>
	<sublink>searchsd</sublink>
	</link>
	<thumbnail>https://image.tmdb.org/t/p/w1280/ozDYNOHj6HNWuZoJyyp6Wo6y7Ma.jpg</thumbnail>
	<fanart>https://image.tmdb.org/t/p/w1280/sPIH3MbQujzPADk6vftpXED3vxu.jpg</fanart>
</item>
<item>
	<title>[B][COLOR=green]The Red Dress[/COLOR][/B]</title>
	<meta>
	<imdb>tt1765510</imdb>
	<content>episode</content>
	<tvshowtitle>R L Stine s The Haunting Hour</tvshowtitle>
	<year>2011</year>
	<season>1</season>
	<episode>6</episode>
	</meta>
	<link>
	<sublink>search</sublink>
	<sublink>searchsd</sublink>
	</link>
	<thumbnail>https://image.tmdb.org/t/p/w1280/2wWU3Ucg96ZDXud0kp51EukVBX3.jpg</thumbnail>
	<fanart>https://image.tmdb.org/t/p/w1280/sPIH3MbQujzPADk6vftpXED3vxu.jpg</fanart>
</item>
<item>
	<title>[B][COLOR=green]Ghostly Stare[/COLOR][/B]</title>
	<meta>
	<imdb>tt1765510</imdb>
	<content>episode</content>
	<tvshowtitle>R L Stine s The Haunting Hour</tvshowtitle>
	<year>2011</year>
	<season>1</season>
	<episode>7</episode>
	</meta>
	<link>
	<sublink>search</sublink>
	<sublink>searchsd</sublink>
	</link>
	<thumbnail>https://image.tmdb.org/t/p/w1280/i9C9McJI8YhzZfqiH5DhmsLV9p8.jpg</thumbnail>
	<fanart>https://image.tmdb.org/t/p/w1280/sPIH3MbQujzPADk6vftpXED3vxu.jpg</fanart>
</item>
<item>
	<title>[B][COLOR=green]Walls[/COLOR][/B]</title>
	<meta>
	<imdb>tt1765510</imdb>
	<content>episode</content>
	<tvshowtitle>R L Stine s The Haunting Hour</tvshowtitle>
	<year>2011</year>
	<season>1</season>
	<episode>8</episode>
	</meta>
	<link>
	<sublink>search</sublink>
	<sublink>searchsd</sublink>
	</link>
	<thumbnail>https://image.tmdb.org/t/p/w1280/5n5TIrm2fvlaUNJnoLy74omVRsL.jpg</thumbnail>
	<fanart>https://image.tmdb.org/t/p/w1280/sPIH3MbQujzPADk6vftpXED3vxu.jpg</fanart>
</item>
<item>
	<title>[B][COLOR=green]Game Over[/COLOR][/B]</title>
	<meta>
	<imdb>tt1765510</imdb>
	<content>episode</content>
	<tvshowtitle>R L Stine s The Haunting Hour</tvshowtitle>
	<year>2011</year>
	<season>1</season>
	<episode>9</episode>
	</meta>
	<link>
	<sublink>search</sublink>
	<sublink>searchsd</sublink>
	</link>
	<thumbnail>https://image.tmdb.org/t/p/w1280/vUGjRQWnGAiGOHbnXRPzPP12vFZ.jpg</thumbnail>
	<fanart>https://image.tmdb.org/t/p/w1280/sPIH3MbQujzPADk6vftpXED3vxu.jpg</fanart>
</item>
<item>
	<title>[B][COLOR=green]Alien Candy[/COLOR][/B]</title>
	<meta>
	<imdb>tt1765510</imdb>
	<content>episode</content>
	<tvshowtitle>R L Stine s The Haunting Hour</tvshowtitle>
	<year>2011</year>
	<season>1</season>
	<episode>10</episode>
	</meta>
	<link>
	<sublink>search</sublink>
	<sublink>searchsd</sublink>
	</link>
	<thumbnail>https://image.tmdb.org/t/p/w1280/vyB7VZXcEtsjtILoEfPzH8Fr8TO.jpg</thumbnail>
	<fanart>https://image.tmdb.org/t/p/w1280/sPIH3MbQujzPADk6vftpXED3vxu.jpg</fanart>
</item>
<item>
	<title>[B][COLOR=green]Fear Never Knocks[/COLOR][/B]</title>
	<meta>
	<imdb>tt1765510</imdb>
	<content>episode</content>
	<tvshowtitle>R L Stine s The Haunting Hour</tvshowtitle>
	<year>2011</year>
	<season>1</season>
	<episode>11</episode>
	</meta>
	<link>
	<sublink>search</sublink>
	<sublink>searchsd</sublink>
	</link>
	<thumbnail>https://image.tmdb.org/t/p/w1280/wmGxgaBJF8GNtblIworUEj0lvCz.jpg</thumbnail>
	<fanart>https://image.tmdb.org/t/p/w1280/sPIH3MbQujzPADk6vftpXED3vxu.jpg</fanart>
</item>
<item>
	<title>[B][COLOR=green]Best Friend Forever[/COLOR][/B]</title>
	<meta>
	<imdb>tt1765510</imdb>
	<content>episode</content>
	<tvshowtitle>R L Stine s The Haunting Hour</tvshowtitle>
	<year>2011</year>
	<season>1</season>
	<episode>12</episode>
	</meta>
	<link>
	<sublink>search</sublink>
	<sublink>searchsd</sublink>
	</link>
	<thumbnail>https://image.tmdb.org/t/p/w1280/2N3ch8zWPC5YlNN9OYs1OWpO5tz.jpg</thumbnail>
	<fanart>https://image.tmdb.org/t/p/w1280/sPIH3MbQujzPADk6vftpXED3vxu.jpg</fanart>
</item>
<item>
	<title>[B][COLOR=green]Black Mask[/COLOR][/B]</title>
	<meta>
	<imdb>tt1765510</imdb>
	<content>episode</content>
	<tvshowtitle>R L Stine s The Haunting Hour</tvshowtitle>
	<year>2011</year>
	<season>1</season>
	<episode>13</episode>
	</meta>
	<link>
	<sublink>search</sublink>
	<sublink>searchsd</sublink>
	</link>
	<thumbnail>https://image.tmdb.org/t/p/w1280/fyvNIWCtC6B8GJNEINY2BeFb1XE.jpg</thumbnail>
	<fanart>https://image.tmdb.org/t/p/w1280/sPIH3MbQujzPADk6vftpXED3vxu.jpg</fanart>
</item>
<item>
	<title>[B][COLOR=green]Afraid Of Clowns[/COLOR][/B]</title>
	<meta>
	<imdb>tt1765510</imdb>
	<content>episode</content>
	<tvshowtitle>R L Stine s The Haunting Hour</tvshowtitle>
	<year>2011</year>
	<season>1</season>
	<episode>14</episode>
	</meta>
	<link>
	<sublink>search</sublink>
	<sublink>searchsd</sublink>
	</link>
	<thumbnail>https://image.tmdb.org/t/p/w1280/mhiaSyLvT2AzRSFRX65EzuCiGsT.jpg</thumbnail>
	<fanart>https://image.tmdb.org/t/p/w1280/sPIH3MbQujzPADk6vftpXED3vxu.jpg</fanart>
</item>
<item>
	<title>[B][COLOR=green]My Sister the Witch[/COLOR][/B]</title>
	<meta>
	<imdb>tt1765510</imdb>
	<content>episode</content>
	<tvshowtitle>R L Stine s The Haunting Hour</tvshowtitle>
	<year>2011</year>
	<season>1</season>
	<episode>15</episode>
	</meta>
	<link>
	<sublink>search</sublink>
	<sublink>searchsd</sublink>
	</link>
	<thumbnail>https://image.tmdb.org/t/p/w1280/qpKzD4pX8c1UA7BMDI7uSV71U0N.jpg</thumbnail>
	<fanart>https://image.tmdb.org/t/p/w1280/sPIH3MbQujzPADk6vftpXED3vxu.jpg</fanart>
</item>
<item>
	<title>[B][COLOR=green]Wrong Number[/COLOR][/B]</title>
	<meta>
	<imdb>tt1765510</imdb>
	<content>episode</content>
	<tvshowtitle>R L Stine s The Haunting Hour</tvshowtitle>
	<year>2011</year>
	<season>1</season>
	<episode>16</episode>
	</meta>
	<link>
	<sublink>search</sublink>
	<sublink>searchsd</sublink>
	</link>
	<thumbnail>https://image.tmdb.org/t/p/w1280/8XYHcawKuXLiIhas9X557ME2krZ.jpg</thumbnail>
	<fanart>https://image.tmdb.org/t/p/w1280/sPIH3MbQujzPADk6vftpXED3vxu.jpg</fanart>
</item>
<item>
	<title>[B][COLOR=green]Catching Cold[/COLOR][/B]</title>
	<meta>
	<imdb>tt1765510</imdb>
	<content>episode</content>
	<tvshowtitle>R L Stine s The Haunting Hour</tvshowtitle>
	<year>2011</year>
	<season>1</season>
	<episode>17</episode>
	</meta>
	<link>
	<sublink>search</sublink>
	<sublink>searchsd</sublink>
	</link>
	<thumbnail>https://image.tmdb.org/t/p/w1280/aJRm6lwquxABfoe6LgUoBrOK53z.jpg</thumbnail>
	<fanart>https://image.tmdb.org/t/p/w1280/sPIH3MbQujzPADk6vftpXED3vxu.jpg</fanart>
</item>
<item>
	<title>[B][COLOR=green]Pool Shark[/COLOR][/B]</title>
	<meta>
	<imdb>tt1765510</imdb>
	<content>episode</content>
	<tvshowtitle>R L Stine s The Haunting Hour</tvshowtitle>
	<year>2011</year>
	<season>1</season>
	<episode>18</episode>
	</meta>
	<link>
	<sublink>search</sublink>
	<sublink>searchsd</sublink>
	</link>
	<thumbnail>https://image.tmdb.org/t/p/w1280/jMsylCXxWhzR7YIZVXe90D7CkUK.jpg</thumbnail>
	<fanart>https://image.tmdb.org/t/p/w1280/sPIH3MbQujzPADk6vftpXED3vxu.jpg</fanart>
</item>
<item>
	<title>[B][COLOR=green]Lights Out[/COLOR][/B]</title>
	<meta>
	<imdb>tt1765510</imdb>
	<content>episode</content>
	<tvshowtitle>R L Stine s The Haunting Hour</tvshowtitle>
	<year>2011</year>
	<season>1</season>
	<episode>19</episode>
	</meta>
	<link>
	<sublink>search</sublink>
	<sublink>searchsd</sublink>
	</link>
	<thumbnail>https://image.tmdb.org/t/p/w1280/uUvNzaLHeThxnJmTHzKYPdpBv1i.jpg</thumbnail>
	<fanart>https://image.tmdb.org/t/p/w1280/sPIH3MbQujzPADk6vftpXED3vxu.jpg</fanart>
</item>
<item>
	<title>[B][COLOR=green]The Perfect Brother[/COLOR][/B]</title>
	<meta>
	<imdb>tt1765510</imdb>
	<content>episode</content>
	<tvshowtitle>R L Stine s The Haunting Hour</tvshowtitle>
	<year>2011</year>
	<season>1</season>
	<episode>20</episode>
	</meta>
	<link>
	<sublink>search</sublink>
	<sublink>searchsd</sublink>
	</link>
	<thumbnail>https://image.tmdb.org/t/p/w1280/6D7N6cwi2R0JV3MXzbiGhxoFbdN.jpg</thumbnail>
	<fanart>https://image.tmdb.org/t/p/w1280/sPIH3MbQujzPADk6vftpXED3vxu.jpg</fanart>
</item>
<item>
	<title>[B][COLOR=green]Scary Mary (Part 1)[/COLOR][/B]</title>
	<meta>
	<imdb>tt1765510</imdb>
	<content>episode</content>
	<tvshowtitle>R L Stine s The Haunting Hour</tvshowtitle>
	<year>2011</year>
	<season>1</season>
	<episode>21</episode>
	</meta>
	<link>
	<sublink>search</sublink>
	<sublink>searchsd</sublink>
	</link>
	<thumbnail>https://image.tmdb.org/t/p/w1280/uZRThzqMD4CI4JMxQTIa8RyTDbn.jpg</thumbnail>
	<fanart>https://image.tmdb.org/t/p/w1280/sPIH3MbQujzPADk6vftpXED3vxu.jpg</fanart>
</item>
<item>
	<title>[B][COLOR=green]Scary Mary (Part 2)[/COLOR][/B]</title>
	<meta>
	<imdb>tt1765510</imdb>
	<content>episode</content>
	<tvshowtitle>R L Stine s The Haunting Hour</tvshowtitle>
	<year>2011</year>
	<season>1</season>
	<episode>22</episode>
	</meta>
	<link>
	<sublink>search</sublink>
	<sublink>searchsd</sublink>
	</link>
	<thumbnail>https://image.tmdb.org/t/p/w1280/ijpwcF0ssSRGECjlvV47oBEJiEk.jpg</thumbnail>
	<fanart>https://image.tmdb.org/t/p/w1280/sPIH3MbQujzPADk6vftpXED3vxu.jpg</fanart>
</item>
