<item>
	<title>[B][COLOR=green]Creature Feature (Part 1)[/COLOR][/B]</title>
	<meta>
	<imdb>tt1765510</imdb>
	<content>episode</content>
	<tvshowtitle>R L Stine s The Haunting Hour</tvshowtitle>
	<year>2011</year>
	<season>2</season>
	<episode>1</episode>
	</meta>
	<link>
	<sublink>search</sublink>
	<sublink>searchsd</sublink>
	</link>
	<thumbnail>https://image.tmdb.org/t/p/w1280/6cp1QSCKsuJ0kpXPVMEFkO4S1Cy.jpg</thumbnail>
	<fanart>https://image.tmdb.org/t/p/w1280/sPIH3MbQujzPADk6vftpXED3vxu.jpg</fanart>
</item>
<item>
	<title>[B][COLOR=green]Creature Feature (Part 2)[/COLOR][/B]</title>
	<meta>
	<imdb>tt1765510</imdb>
	<content>episode</content>
	<tvshowtitle>R L Stine s The Haunting Hour</tvshowtitle>
	<year>2011</year>
	<season>2</season>
	<episode>2</episode>
	</meta>
	<link>
	<sublink>search</sublink>
	<sublink>searchsd</sublink>
	</link>
	<thumbnail>https://image.tmdb.org/t/p/w1280/tbEp0uZWIqColX2EVlgdq9lthtJ.jpg</thumbnail>
	<fanart>https://image.tmdb.org/t/p/w1280/sPIH3MbQujzPADk6vftpXED3vxu.jpg</fanart>
</item>
<item>
	<title>[B][COLOR=green]Swarmin' Norman[/COLOR][/B]</title>
	<meta>
	<imdb>tt1765510</imdb>
	<content>episode</content>
	<tvshowtitle>R L Stine s The Haunting Hour</tvshowtitle>
	<year>2011</year>
	<season>2</season>
	<episode>3</episode>
	</meta>
	<link>
	<sublink>search</sublink>
	<sublink>searchsd</sublink>
	</link>
	<thumbnail>https://image.tmdb.org/t/p/w1280/yNHBEKG9dt33xUW3fKODHraoQ4L.jpg</thumbnail>
	<fanart>https://image.tmdb.org/t/p/w1280/sPIH3MbQujzPADk6vftpXED3vxu.jpg</fanart>
</item>
<item>
	<title>[B][COLOR=green]Flight[/COLOR][/B]</title>
	<meta>
	<imdb>tt1765510</imdb>
	<content>episode</content>
	<tvshowtitle>R L Stine s The Haunting Hour</tvshowtitle>
	<year>2011</year>
	<season>2</season>
	<episode>4</episode>
	</meta>
	<link>
	<sublink>search</sublink>
	<sublink>searchsd</sublink>
	</link>
	<thumbnail>https://image.tmdb.org/t/p/w1280/xUUpJfkfCFJXHJ3BGkeXklXHtWN.jpg</thumbnail>
	<fanart>https://image.tmdb.org/t/p/w1280/sPIH3MbQujzPADk6vftpXED3vxu.jpg</fanart>
</item>
<item>
	<title>[B][COLOR=green]Pumpkinhead[/COLOR][/B]</title>
	<meta>
	<imdb>tt1765510</imdb>
	<content>episode</content>
	<tvshowtitle>R L Stine s The Haunting Hour</tvshowtitle>
	<year>2011</year>
	<season>2</season>
	<episode>5</episode>
	</meta>
	<link>
	<sublink>search</sublink>
	<sublink>searchsd</sublink>
	</link>
	<thumbnail>https://image.tmdb.org/t/p/w1280/o7F8GtntGUUlxqDLlDAUv3oCn3N.jpg</thumbnail>
	<fanart>https://image.tmdb.org/t/p/w1280/sPIH3MbQujzPADk6vftpXED3vxu.jpg</fanart>
</item>
<item>
	<title>[B][COLOR=green]Brush with Madness[/COLOR][/B]</title>
	<meta>
	<imdb>tt1765510</imdb>
	<content>episode</content>
	<tvshowtitle>R L Stine s The Haunting Hour</tvshowtitle>
	<year>2011</year>
	<season>2</season>
	<episode>6</episode>
	</meta>
	<link>
	<sublink>search</sublink>
	<sublink>searchsd</sublink>
	</link>
	<thumbnail>https://image.tmdb.org/t/p/w1280/582L786WmuBfGotMktWrf3n86Bj.jpg</thumbnail>
	<fanart>https://image.tmdb.org/t/p/w1280/sPIH3MbQujzPADk6vftpXED3vxu.jpg</fanart>
</item>
<item>
	<title>[B][COLOR=green]Sick[/COLOR][/B]</title>
	<meta>
	<imdb>tt1765510</imdb>
	<content>episode</content>
	<tvshowtitle>R L Stine s The Haunting Hour</tvshowtitle>
	<year>2011</year>
	<season>2</season>
	<episode>7</episode>
	</meta>
	<link>
	<sublink>search</sublink>
	<sublink>searchsd</sublink>
	</link>
	<thumbnail>https://image.tmdb.org/t/p/w1280/yPrpf2PSAriccQgxMaeC57Saju9.jpg</thumbnail>
	<fanart>https://image.tmdb.org/t/p/w1280/sPIH3MbQujzPADk6vftpXED3vxu.jpg</fanart>
</item>
<item>
	<title>[B][COLOR=green]Mascot[/COLOR][/B]</title>
	<meta>
	<imdb>tt1765510</imdb>
	<content>episode</content>
	<tvshowtitle>R L Stine s The Haunting Hour</tvshowtitle>
	<year>2011</year>
	<season>2</season>
	<episode>8</episode>
	</meta>
	<link>
	<sublink>search</sublink>
	<sublink>searchsd</sublink>
	</link>
	<thumbnail>https://image.tmdb.org/t/p/w1280/d9RUKenCDex72KYcuohQIVZdnGo.jpg</thumbnail>
	<fanart>https://image.tmdb.org/t/p/w1280/sPIH3MbQujzPADk6vftpXED3vxu.jpg</fanart>
</item>
<item>
	<title>[B][COLOR=green]Bad Feng Shui[/COLOR][/B]</title>
	<meta>
	<imdb>tt1765510</imdb>
	<content>episode</content>
	<tvshowtitle>R L Stine s The Haunting Hour</tvshowtitle>
	<year>2011</year>
	<season>2</season>
	<episode>9</episode>
	</meta>
	<link>
	<sublink>search</sublink>
	<sublink>searchsd</sublink>
	</link>
	<thumbnail>https://image.tmdb.org/t/p/w1280/g0Wpmgl7XfbG2szZWzWaCrUejFO.jpg</thumbnail>
	<fanart>https://image.tmdb.org/t/p/w1280/sPIH3MbQujzPADk6vftpXED3vxu.jpg</fanart>
</item>
<item>
	<title>[B][COLOR=green]The Hole[/COLOR][/B]</title>
	<meta>
	<imdb>tt1765510</imdb>
	<content>episode</content>
	<tvshowtitle>R L Stine s The Haunting Hour</tvshowtitle>
	<year>2011</year>
	<season>2</season>
	<episode>10</episode>
	</meta>
	<link>
	<sublink>search</sublink>
	<sublink>searchsd</sublink>
	</link>
	<thumbnail>https://image.tmdb.org/t/p/w1280/8TmYt8UFRGwMMwOkFOmYxa4kiKk.jpg</thumbnail>
	<fanart>https://image.tmdb.org/t/p/w1280/sPIH3MbQujzPADk6vftpXED3vxu.jpg</fanart>
</item>
<item>
	<title>[B][COLOR=green]Scarecrow[/COLOR][/B]</title>
	<meta>
	<imdb>tt1765510</imdb>
	<content>episode</content>
	<tvshowtitle>R L Stine s The Haunting Hour</tvshowtitle>
	<year>2011</year>
	<season>2</season>
	<episode>11</episode>
	</meta>
	<link>
	<sublink>search</sublink>
	<sublink>searchsd</sublink>
	</link>
	<thumbnail>https://image.tmdb.org/t/p/w1280/t2L1zqeXndu2JSO0BUvdy5Qp1q.jpg</thumbnail>
	<fanart>https://image.tmdb.org/t/p/w1280/sPIH3MbQujzPADk6vftpXED3vxu.jpg</fanart>
</item>
<item>
	<title>[B][COLOR=green]Dreamcatcher[/COLOR][/B]</title>
	<meta>
	<imdb>tt1765510</imdb>
	<content>episode</content>
	<tvshowtitle>R L Stine s The Haunting Hour</tvshowtitle>
	<year>2011</year>
	<season>2</season>
	<episode>12</episode>
	</meta>
	<link>
	<sublink>search</sublink>
	<sublink>searchsd</sublink>
	</link>
	<thumbnail>https://image.tmdb.org/t/p/w1280/gnDY4OGVePoVGWlWNxjTaMfGgLw.jpg</thumbnail>
	<fanart>https://image.tmdb.org/t/p/w1280/sPIH3MbQujzPADk6vftpXED3vxu.jpg</fanart>
</item>
<item>
	<title>[B][COLOR=green]The Most Evil Sorcerer (Part 1)[/COLOR][/B]</title>
	<meta>
	<imdb>tt1765510</imdb>
	<content>episode</content>
	<tvshowtitle>R L Stine s The Haunting Hour</tvshowtitle>
	<year>2012</year>
	<season>2</season>
	<episode>13</episode>
	</meta>
	<link>
	<sublink>search</sublink>
	<sublink>searchsd</sublink>
	</link>
	<thumbnail>https://image.tmdb.org/t/p/w1280/xwIJMNOHoUiHfaihKPjVRfYKh72.jpg</thumbnail>
	<fanart>https://image.tmdb.org/t/p/w1280/sPIH3MbQujzPADk6vftpXED3vxu.jpg</fanart>
</item>
<item>
	<title>[B][COLOR=green]The Most Evil Sorcerer (Part 2)[/COLOR][/B]</title>
	<meta>
	<imdb>tt1765510</imdb>
	<content>episode</content>
	<tvshowtitle>R L Stine s The Haunting Hour</tvshowtitle>
	<year>2012</year>
	<season>2</season>
	<episode>14</episode>
	</meta>
	<link>
	<sublink>search</sublink>
	<sublink>searchsd</sublink>
	</link>
	<thumbnail>https://image.tmdb.org/t/p/w1280/hyyEdvcC4PwFhfUMDzMKv8XMK6G.jpg</thumbnail>
	<fanart>https://image.tmdb.org/t/p/w1280/sPIH3MbQujzPADk6vftpXED3vxu.jpg</fanart>
</item>
<item>
	<title>[B][COLOR=green]Stage Fright[/COLOR][/B]</title>
	<meta>
	<imdb>tt1765510</imdb>
	<content>episode</content>
	<tvshowtitle>R L Stine s The Haunting Hour</tvshowtitle>
	<year>2012</year>
	<season>2</season>
	<episode>15</episode>
	</meta>
	<link>
	<sublink>search</sublink>
	<sublink>searchsd</sublink>
	</link>
	<thumbnail>https://image.tmdb.org/t/p/w1280/xFBFnGi4fxGpQsFXBnFADaSTMWg.jpg</thumbnail>
	<fanart>https://image.tmdb.org/t/p/w1280/sPIH3MbQujzPADk6vftpXED3vxu.jpg</fanart>
</item>
<item>
	<title>[B][COLOR=green]Night of the Mummy[/COLOR][/B]</title>
	<meta>
	<imdb>tt1765510</imdb>
	<content>episode</content>
	<tvshowtitle>R L Stine s The Haunting Hour</tvshowtitle>
	<year>2012</year>
	<season>2</season>
	<episode>16</episode>
	</meta>
	<link>
	<sublink>search</sublink>
	<sublink>searchsd</sublink>
	</link>
	<thumbnail>https://image.tmdb.org/t/p/w1280/1xiN7QtvVesoqW7YX7q5ljYhgFp.jpg</thumbnail>
	<fanart>https://image.tmdb.org/t/p/w1280/sPIH3MbQujzPADk6vftpXED3vxu.jpg</fanart>
</item>
<item>
	<title>[B][COLOR=green]Headshot[/COLOR][/B]</title>
	<meta>
	<imdb>tt1765510</imdb>
	<content>episode</content>
	<tvshowtitle>R L Stine s The Haunting Hour</tvshowtitle>
	<year>2012</year>
	<season>2</season>
	<episode>17</episode>
	</meta>
	<link>
	<sublink>search</sublink>
	<sublink>searchsd</sublink>
	</link>
	<thumbnail>https://image.tmdb.org/t/p/w1280/o9BYirLAh2QimIQaBK42lHrBDZF.jpg</thumbnail>
	<fanart>https://image.tmdb.org/t/p/w1280/sPIH3MbQujzPADk6vftpXED3vxu.jpg</fanart>
</item>
<item>
	<title>[B][COLOR=green]The Return of Lilly D[/COLOR][/B]</title>
	<meta>
	<imdb>tt1765510</imdb>
	<content>episode</content>
	<tvshowtitle>R L Stine s The Haunting Hour</tvshowtitle>
	<year>2012</year>
	<season>2</season>
	<episode>18</episode>
	</meta>
	<link>
	<sublink>search</sublink>
	<sublink>searchsd</sublink>
	</link>
	<thumbnail>https://image.tmdb.org/t/p/w1280/zPRWZ3JEq760EuccytbvHs1uWAO.jpg</thumbnail>
	<fanart>https://image.tmdb.org/t/p/w1280/sPIH3MbQujzPADk6vftpXED3vxu.jpg</fanart>
</item>
