   <dir>
    <title>[B][COLOR ff304ffe]• [COLORorange][B]RL Stines The haunting Hour Series 1[/B][/COLOR]</title>
    <link>file://spook/rlstinesser1.xml</link>
	<thumbnail></thumbnail>
	<summary></summary>
  </dir>
  <dir>
    <title>[B][COLOR ff304ffe]• [COLORorange][B]RL Stines The haunting Hour Series 2[/B][/COLOR]</title>
    <link>file://spook/rlstinesser2.xml</link>
	<thumbnail></thumbnail>
	<summary></summary>
  </dir>
  <dir>
    <title>[B][COLOR ff304ffe]• [COLORorange][B]RL Stines The haunting Hour Series 3[/B][/COLOR]</title>
    <link>file://spook/rlstinesser3.xml</link>
	<thumbnail></thumbnail>
	<summary></summary>
  </dir>
  <dir>
    <title>[B][COLOR ff304ffe]• [COLORorange][B]RL Stines The haunting Hour Series 4[/B][/COLOR]</title>
    <link>file://spook/rlstinesser4.xml</link>
	<thumbnail></thumbnail>
	<summary></summary>
  </dir>