<item>
	<title>[B][COLOR=green]I'm Not Martin[/COLOR][/B]</title>
	<meta>
	<imdb>tt1765510</imdb>
	<content>episode</content>
	<tvshowtitle>R L Stine s The Haunting Hour</tvshowtitle>
	<year>2014</year>
	<season>4</season>
	<episode>1</episode>
	</meta>
	<link>
	<sublink>search</sublink>
	<sublink>searchsd</sublink>
	</link>
	<thumbnail>https://image.tmdb.org/t/p/w1280/1auI9iYyEkXvOOqyz0DWaqLVxHw.jpg</thumbnail>
	<fanart>https://image.tmdb.org/t/p/w1280/sPIH3MbQujzPADk6vftpXED3vxu.jpg</fanart>
</item>
<item>
	<title>[B][COLOR=green]Grandpa's Glasses[/COLOR][/B]</title>
	<meta>
	<imdb>tt1765510</imdb>
	<content>episode</content>
	<tvshowtitle>R L Stine s The Haunting Hour</tvshowtitle>
	<year>2014</year>
	<season>4</season>
	<episode>2</episode>
	</meta>
	<link>
	<sublink>search</sublink>
	<sublink>searchsd</sublink>
	</link>
	<thumbnail>https://image.tmdb.org/t/p/w1280/qq2LdLDNdASAala27RZGsd39fdU.jpg</thumbnail>
	<fanart>https://image.tmdb.org/t/p/w1280/sPIH3MbQujzPADk6vftpXED3vxu.jpg</fanart>
</item>
<item>
	<title>[B][COLOR=green]My Old House[/COLOR][/B]</title>
	<meta>
	<imdb>tt1765510</imdb>
	<content>episode</content>
	<tvshowtitle>R L Stine s The Haunting Hour</tvshowtitle>
	<year>2014</year>
	<season>4</season>
	<episode>3</episode>
	</meta>
	<link>
	<sublink>search</sublink>
	<sublink>searchsd</sublink>
	</link>
	<thumbnail>https://image.tmdb.org/t/p/w1280/iuZ7DscSozHIDOagbIVOqmnf4ei.jpg</thumbnail>
	<fanart>https://image.tmdb.org/t/p/w1280/sPIH3MbQujzPADk6vftpXED3vxu.jpg</fanart>
</item>
<item>
	<title>[B][COLOR=green]Mrs. Worthington[/COLOR][/B]</title>
	<meta>
	<imdb>tt1765510</imdb>
	<content>episode</content>
	<tvshowtitle>R L Stine s The Haunting Hour</tvshowtitle>
	<year>2014</year>
	<season>4</season>
	<episode>4</episode>
	</meta>
	<link>
	<sublink>search</sublink>
	<sublink>searchsd</sublink>
	</link>
	<thumbnail>https://image.tmdb.org/t/p/w1280/5sKmMBhOpaeVCuu9CHrgIgum53l.jpg</thumbnail>
	<fanart>https://image.tmdb.org/t/p/w1280/sPIH3MbQujzPADk6vftpXED3vxu.jpg</fanart>
</item>
<item>
	<title>[B][COLOR=green]Return of the Pumpkinheads[/COLOR][/B]</title>
	<meta>
	<imdb>tt1765510</imdb>
	<content>episode</content>
	<tvshowtitle>R L Stine s The Haunting Hour</tvshowtitle>
	<year>2014</year>
	<season>4</season>
	<episode>5</episode>
	</meta>
	<link>
	<sublink>search</sublink>
	<sublink>searchsd</sublink>
	</link>
	<thumbnail>https://image.tmdb.org/t/p/w1280/owobQFxAJQvR5A4rUC5ujCJHDOQ.jpg</thumbnail>
	<fanart>https://image.tmdb.org/t/p/w1280/sPIH3MbQujzPADk6vftpXED3vxu.jpg</fanart>
</item>
<item>
	<title>[B][COLOR=green]Near Mint Condition[/COLOR][/B]</title>
	<meta>
	<imdb>tt1765510</imdb>
	<content>episode</content>
	<tvshowtitle>R L Stine s The Haunting Hour</tvshowtitle>
	<year>2014</year>
	<season>4</season>
	<episode>6</episode>
	</meta>
	<link>
	<sublink>search</sublink>
	<sublink>searchsd</sublink>
	</link>
	<thumbnail>https://image.tmdb.org/t/p/w1280/iioBAMdf0Idd3ESbNTjy7foti2C.jpg</thumbnail>
	<fanart>https://image.tmdb.org/t/p/w1280/sPIH3MbQujzPADk6vftpXED3vxu.jpg</fanart>
</item>
<item>
	<title>[B][COLOR=green]Argh V[/COLOR][/B]</title>
	<meta>
	<imdb>tt1765510</imdb>
	<content>episode</content>
	<tvshowtitle>R L Stine s The Haunting Hour</tvshowtitle>
	<year>2014</year>
	<season>4</season>
	<episode>7</episode>
	</meta>
	<link>
	<sublink>search</sublink>
	<sublink>searchsd</sublink>
	</link>
	<thumbnail>https://image.tmdb.org/t/p/w1280/5QPEF6RCWzdRa7zSTg7xZkp5GY3.jpg</thumbnail>
	<fanart>https://image.tmdb.org/t/p/w1280/sPIH3MbQujzPADk6vftpXED3vxu.jpg</fanart>
</item>
<item>
	<title>[B][COLOR=green]Lotsa Luck[/COLOR][/B]</title>
	<meta>
	<imdb>tt1765510</imdb>
	<content>episode</content>
	<tvshowtitle>R L Stine s The Haunting Hour</tvshowtitle>
	<year>2014</year>
	<season>4</season>
	<episode>8</episode>
	</meta>
	<link>
	<sublink>search</sublink>
	<sublink>searchsd</sublink>
	</link>
	<thumbnail>https://image.tmdb.org/t/p/w1280/z1BlPWDg49pYbK1j8JNaxsC15zv.jpg</thumbnail>
	<fanart>https://image.tmdb.org/t/p/w1280/sPIH3MbQujzPADk6vftpXED3vxu.jpg</fanart>
</item>
<item>
	<title>[B][COLOR=green]Spores[/COLOR][/B]</title>
	<meta>
	<imdb>tt1765510</imdb>
	<content>episode</content>
	<tvshowtitle>R L Stine s The Haunting Hour</tvshowtitle>
	<year>2014</year>
	<season>4</season>
	<episode>9</episode>
	</meta>
	<link>
	<sublink>search</sublink>
	<sublink>searchsd</sublink>
	</link>
	<thumbnail>https://image.tmdb.org/t/p/w1280/227zJlBpGb0D8xFYVWKhsS0LvAP.jpg</thumbnail>
	<fanart>https://image.tmdb.org/t/p/w1280/sPIH3MbQujzPADk6vftpXED3vxu.jpg</fanart>
</item>
<item>
	<title>[B][COLOR=green]Goodwill Toward Men[/COLOR][/B]</title>
	<meta>
	<imdb>tt1765510</imdb>
	<content>episode</content>
	<tvshowtitle>R L Stine s The Haunting Hour</tvshowtitle>
	<year>2014</year>
	<season>4</season>
	<episode>10</episode>
	</meta>
	<link>
	<sublink>search</sublink>
	<sublink>searchsd</sublink>
	</link>
	<thumbnail>https://image.tmdb.org/t/p/w1280/sVgHnpZbBfjdx4eAtTQ9CyiwF5O.jpg</thumbnail>
	<fanart>https://image.tmdb.org/t/p/w1280/sPIH3MbQujzPADk6vftpXED3vxu.jpg</fanart>
</item>
