<item>
	<title>[B][COLOR=green]Grampires (Part 1)[/COLOR][/B]</title>
	<meta>
	<imdb>tt1765510</imdb>
	<content>episode</content>
	<tvshowtitle>R L Stine s The Haunting Hour</tvshowtitle>
	<year>2012</year>
	<season>3</season>
	<episode>1</episode>
	</meta>
	<link>
	<sublink>search</sublink>
	<sublink>searchsd</sublink>
	</link>
	<thumbnail>https://image.tmdb.org/t/p/w1280/sENUTpq0MTxRcjJizRE8gB0eCqK.jpg</thumbnail>
	<fanart>https://image.tmdb.org/t/p/w1280/sPIH3MbQujzPADk6vftpXED3vxu.jpg</fanart>
</item>
<item>
	<title>[B][COLOR=green]Grampires (Part 2)[/COLOR][/B]</title>
	<meta>
	<imdb>tt1765510</imdb>
	<content>episode</content>
	<tvshowtitle>R L Stine s The Haunting Hour</tvshowtitle>
	<year>2012</year>
	<season>3</season>
	<episode>2</episode>
	</meta>
	<link>
	<sublink>search</sublink>
	<sublink>searchsd</sublink>
	</link>
	<thumbnail>https://image.tmdb.org/t/p/w1280/5jIgsvIFT4UufH3HfyAY4gNgzfe.jpg</thumbnail>
	<fanart>https://image.tmdb.org/t/p/w1280/sPIH3MbQujzPADk6vftpXED3vxu.jpg</fanart>
</item>
<item>
	<title>[B][COLOR=green]The Cast[/COLOR][/B]</title>
	<meta>
	<imdb>tt1765510</imdb>
	<content>episode</content>
	<tvshowtitle>R L Stine s The Haunting Hour</tvshowtitle>
	<year>2012</year>
	<season>3</season>
	<episode>3</episode>
	</meta>
	<link>
	<sublink>search</sublink>
	<sublink>searchsd</sublink>
	</link>
	<thumbnail>https://image.tmdb.org/t/p/w1280/2ZMpLSnVs0e2mbWYoyBxfATzmwn.jpg</thumbnail>
	<fanart>https://image.tmdb.org/t/p/w1280/sPIH3MbQujzPADk6vftpXED3vxu.jpg</fanart>
</item>
<item>
	<title>[B][COLOR=green]The Weeping Woman[/COLOR][/B]</title>
	<meta>
	<imdb>tt1765510</imdb>
	<content>episode</content>
	<tvshowtitle>R L Stine s The Haunting Hour</tvshowtitle>
	<year>2012</year>
	<season>3</season>
	<episode>4</episode>
	</meta>
	<link>
	<sublink>search</sublink>
	<sublink>searchsd</sublink>
	</link>
	<thumbnail>https://image.tmdb.org/t/p/w1280/jI3v40JYfmGx2EQPTKLP7YMZiYR.jpg</thumbnail>
	<fanart>https://image.tmdb.org/t/p/w1280/sPIH3MbQujzPADk6vftpXED3vxu.jpg</fanart>
</item>
<item>
	<title>[B][COLOR=green]Intruders[/COLOR][/B]</title>
	<meta>
	<imdb>tt1765510</imdb>
	<content>episode</content>
	<tvshowtitle>R L Stine s The Haunting Hour</tvshowtitle>
	<year>2012</year>
	<season>3</season>
	<episode>5</episode>
	</meta>
	<link>
	<sublink>search</sublink>
	<sublink>searchsd</sublink>
	</link>
	<thumbnail>https://image.tmdb.org/t/p/w1280/g9mdEN0MWqR1B5Y7SXFyFcwClfy.jpg</thumbnail>
	<fanart>https://image.tmdb.org/t/p/w1280/sPIH3MbQujzPADk6vftpXED3vxu.jpg</fanart>
</item>
<item>
	<title>[B][COLOR=green]Spaceman[/COLOR][/B]</title>
	<meta>
	<imdb>tt1765510</imdb>
	<content>episode</content>
	<tvshowtitle>R L Stine s The Haunting Hour</tvshowtitle>
	<year>2012</year>
	<season>3</season>
	<episode>6</episode>
	</meta>
	<link>
	<sublink>search</sublink>
	<sublink>searchsd</sublink>
	</link>
	<thumbnail>https://image.tmdb.org/t/p/w1280/kijnMTrDdUg4BER4jnm3IjFMdQs.jpg</thumbnail>
	<fanart>https://image.tmdb.org/t/p/w1280/sPIH3MbQujzPADk6vftpXED3vxu.jpg</fanart>
</item>
<item>
	<title>[B][COLOR=green]Red Eye[/COLOR][/B]</title>
	<meta>
	<imdb>tt1765510</imdb>
	<content>episode</content>
	<tvshowtitle>R L Stine s The Haunting Hour</tvshowtitle>
	<year>2012</year>
	<season>3</season>
	<episode>7</episode>
	</meta>
	<link>
	<sublink>search</sublink>
	<sublink>searchsd</sublink>
	</link>
	<thumbnail>https://image.tmdb.org/t/p/w1280/bk8ayhng3r2p7iT7AIP2l370d6K.jpg</thumbnail>
	<fanart>https://image.tmdb.org/t/p/w1280/sPIH3MbQujzPADk6vftpXED3vxu.jpg</fanart>
</item>
<item>
	<title>[B][COLOR=green]My Imaginary Friend[/COLOR][/B]</title>
	<meta>
	<imdb>tt1765510</imdb>
	<content>episode</content>
	<tvshowtitle>R L Stine s The Haunting Hour</tvshowtitle>
	<year>2012</year>
	<season>3</season>
	<episode>8</episode>
	</meta>
	<link>
	<sublink>search</sublink>
	<sublink>searchsd</sublink>
	</link>
	<thumbnail>https://image.tmdb.org/t/p/w1280/pqyR6OBItBF3TCw93FGOVV37YWy.jpg</thumbnail>
	<fanart>https://image.tmdb.org/t/p/w1280/sPIH3MbQujzPADk6vftpXED3vxu.jpg</fanart>
</item>
<item>
	<title>[B][COLOR=green]Poof de Fromage[/COLOR][/B]</title>
	<meta>
	<imdb>tt1765510</imdb>
	<content>episode</content>
	<tvshowtitle>R L Stine s The Haunting Hour</tvshowtitle>
	<year>2012</year>
	<season>3</season>
	<episode>9</episode>
	</meta>
	<link>
	<sublink>search</sublink>
	<sublink>searchsd</sublink>
	</link>
	<thumbnail>https://image.tmdb.org/t/p/w1280/eDcbhGJB9B0QIdHQB62ZHEFgBAv.jpg</thumbnail>
	<fanart>https://image.tmdb.org/t/p/w1280/sPIH3MbQujzPADk6vftpXED3vxu.jpg</fanart>
</item>
<item>
	<title>[B][COLOR=green]The Golem (Part 1)[/COLOR][/B]</title>
	<meta>
	<imdb>tt1765510</imdb>
	<content>episode</content>
	<tvshowtitle>R L Stine s The Haunting Hour</tvshowtitle>
	<year>2012</year>
	<season>3</season>
	<episode>10</episode>
	</meta>
	<link>
	<sublink>search</sublink>
	<sublink>searchsd</sublink>
	</link>
	<thumbnail>https://image.tmdb.org/t/p/w1280/gNh9cr6X9lv7a69cVDfWfy39v3Z.jpg</thumbnail>
	<fanart>https://image.tmdb.org/t/p/w1280/sPIH3MbQujzPADk6vftpXED3vxu.jpg</fanart>
</item>
<item>
	<title>[B][COLOR=green]The Golem (Part 2)[/COLOR][/B]</title>
	<meta>
	<imdb>tt1765510</imdb>
	<content>episode</content>
	<tvshowtitle>R L Stine s The Haunting Hour</tvshowtitle>
	<year>2012</year>
	<season>3</season>
	<episode>11</episode>
	</meta>
	<link>
	<sublink>search</sublink>
	<sublink>searchsd</sublink>
	</link>
	<thumbnail>https://image.tmdb.org/t/p/w1280/kX1dKLiGOu2L5XMfkroeb8XZ3D1.jpg</thumbnail>
	<fanart>https://image.tmdb.org/t/p/w1280/sPIH3MbQujzPADk6vftpXED3vxu.jpg</fanart>
</item>
<item>
	<title>[B][COLOR=green]The Girl in the Painting[/COLOR][/B]</title>
	<meta>
	<imdb>tt1765510</imdb>
	<content>episode</content>
	<tvshowtitle>R L Stine s The Haunting Hour</tvshowtitle>
	<year>2012</year>
	<season>3</season>
	<episode>12</episode>
	</meta>
	<link>
	<sublink>search</sublink>
	<sublink>searchsd</sublink>
	</link>
	<thumbnail>https://image.tmdb.org/t/p/w1280/eteG7ZputwqDf4GgWwAMrZsoj63.jpg</thumbnail>
	<fanart>https://image.tmdb.org/t/p/w1280/sPIH3MbQujzPADk6vftpXED3vxu.jpg</fanart>
</item>
<item>
	<title>[B][COLOR=green]Checking Out[/COLOR][/B]</title>
	<meta>
	<imdb>tt1765510</imdb>
	<content>episode</content>
	<tvshowtitle>R L Stine s The Haunting Hour</tvshowtitle>
	<year>2013</year>
	<season>3</season>
	<episode>13</episode>
	</meta>
	<link>
	<sublink>search</sublink>
	<sublink>searchsd</sublink>
	</link>
	<thumbnail>https://image.tmdb.org/t/p/w1280/p7OULxjYv1tTY811paf3nuEguRX.jpg</thumbnail>
	<fanart>https://image.tmdb.org/t/p/w1280/sPIH3MbQujzPADk6vftpXED3vxu.jpg</fanart>
</item>
<item>
	<title>[B][COLOR=green]Terrible Love[/COLOR][/B]</title>
	<meta>
	<imdb>tt1765510</imdb>
	<content>episode</content>
	<tvshowtitle>R L Stine s The Haunting Hour</tvshowtitle>
	<year>2013</year>
	<season>3</season>
	<episode>14</episode>
	</meta>
	<link>
	<sublink>search</sublink>
	<sublink>searchsd</sublink>
	</link>
	<thumbnail>https://image.tmdb.org/t/p/w1280/kd68J59EHarvjO5tOHTuVKlxHfB.jpg</thumbnail>
	<fanart>https://image.tmdb.org/t/p/w1280/sPIH3MbQujzPADk6vftpXED3vxu.jpg</fanart>
</item>
<item>
<item>
	<title>[B][COLOR=green]Detention[/COLOR][/B]</title>
	<meta>
	<imdb>tt1765510</imdb>
	<content>episode</content>
	<tvshowtitle>R L Stine s The Haunting Hour</tvshowtitle>
	<year>2013</year>
	<season>3</season>
	<episode>16</episode>
	</meta>
	<link>
	<sublink>search</sublink>
	<sublink>searchsd</sublink>
	</link>
	<thumbnail>https://image.tmdb.org/t/p/w1280/osXPo0Wt3BcxqN0Ujke02LUrWya.jpg</thumbnail>
	<fanart>https://image.tmdb.org/t/p/w1280/sPIH3MbQujzPADk6vftpXED3vxu.jpg</fanart>
</item>
<item>
	<title>[B][COLOR=green]The Funhouse[/COLOR][/B]</title>
	<meta>
	<imdb>tt1765510</imdb>
	<content>episode</content>
	<tvshowtitle>R L Stine s The Haunting Hour</tvshowtitle>
	<year>2013</year>
	<season>3</season>
	<episode>17</episode>
	</meta>
	<link>
	<sublink>search</sublink>
	<sublink>searchsd</sublink>
	</link>
	<thumbnail>https://image.tmdb.org/t/p/w1280/oE2ScxTrfrCvitgYSPbUm4HFSD9.jpg</thumbnail>
	<fanart>https://image.tmdb.org/t/p/w1280/sPIH3MbQujzPADk6vftpXED3vxu.jpg</fanart>
</item>
<item>
	<title>[B][COLOR=green]Worry Dolls[/COLOR][/B]</title>
	<meta>
	<imdb>tt1765510</imdb>
	<content>episode</content>
	<tvshowtitle>R L Stine s The Haunting Hour</tvshowtitle>
	<year></year>
	<season>3</season>
	<episode>18</episode>
	</meta>
	<link>
	<sublink>search</sublink>
	<sublink>searchsd</sublink>
	</link>
	<thumbnail>https://image.tmdb.org/t/p/w1280/sLbDLTVg1hekAENaYZ8aCMeaMJq.jpg</thumbnail>
	<fanart>https://image.tmdb.org/t/p/w1280/sPIH3MbQujzPADk6vftpXED3vxu.jpg</fanart>
</item>
<item>
	<title>[B][COLOR=green]Lovecraft's Woods[/COLOR][/B]</title>
	<meta>
	<imdb>tt1765510</imdb>
	<content>episode</content>
	<tvshowtitle>R L Stine s The Haunting Hour</tvshowtitle>
	<year>2013</year>
	<season>3</season>
	<episode>19</episode>
	</meta>
	<link>
	<sublink>search</sublink>
	<sublink>searchsd</sublink>
	</link>
	<thumbnail>https://image.tmdb.org/t/p/w1280/gIX64IwptFNZpzTaiIOekRqQxz9.jpg</thumbnail>
	<fanart>https://image.tmdb.org/t/p/w1280/sPIH3MbQujzPADk6vftpXED3vxu.jpg</fanart>
</item>
<item>
	<title>[B][COLOR=green]Coat Rack Cowboy[/COLOR][/B]</title>
	<meta>
	<imdb>tt1765510</imdb>
	<content>episode</content>
	<tvshowtitle>R L Stine s The Haunting Hour</tvshowtitle>
	<year>2013</year>
	<season>3</season>
	<episode>20</episode>
	</meta>
	<link>
	<sublink>search</sublink>
	<sublink>searchsd</sublink>
	</link>
	<thumbnail>https://image.tmdb.org/t/p/w1280/9hrqpr06tPAkJR2b931uc7CNsIF.jpg</thumbnail>
	<fanart>https://image.tmdb.org/t/p/w1280/sPIH3MbQujzPADk6vftpXED3vxu.jpg</fanart>
</item>
<item>
	<title>[B][COLOR=green]Long Live Rock and Roll[/COLOR][/B]</title>
	<meta>
	<imdb>tt1765510</imdb>
	<content>episode</content>
	<tvshowtitle>R L Stine s The Haunting Hour</tvshowtitle>
	<year>2013</year>
	<season>3</season>
	<episode>21</episode>
	</meta>
	<link>
	<sublink>search</sublink>
	<sublink>searchsd</sublink>
	</link>
	<thumbnail>https://image.tmdb.org/t/p/w1280/e8tR051NCWKb8IA5wcAABqz69H8.jpg</thumbnail>
	<fanart>https://image.tmdb.org/t/p/w1280/sPIH3MbQujzPADk6vftpXED3vxu.jpg</fanart>
</item>
<item>
	<title>[B][COLOR=green]Dead Bodies[/COLOR][/B]</title>
	<meta>
	<imdb>tt1765510</imdb>
	<content>episode</content>
	<tvshowtitle>R L Stine s The Haunting Hour</tvshowtitle>
	<year>2013</year>
	<season>3</season>
	<episode>22</episode>
	</meta>
	<link>
	<sublink>search</sublink>
	<sublink>searchsd</sublink>
	</link>
	<thumbnail>https://image.tmdb.org/t/p/w1280/9pC71i3IFfsh9ttocduxFPXINfG.jpg</thumbnail>
	<fanart>https://image.tmdb.org/t/p/w1280/sPIH3MbQujzPADk6vftpXED3vxu.jpg</fanart>
</item>
<item>
	<title>[B][COLOR=green]My Robot[/COLOR][/B]</title>
	<meta>
	<imdb>tt1765510</imdb>
	<content>episode</content>
	<tvshowtitle>R L Stine s The Haunting Hour</tvshowtitle>
	<year>2013</year>
	<season>3</season>
	<episode>23</episode>
	</meta>
	<link>
	<sublink>search</sublink>
	<sublink>searchsd</sublink>
	</link>
	<thumbnail>https://image.tmdb.org/t/p/w1280/sKf7Dkp8ZhUYOfX1vcoCvfs4SKS.jpg</thumbnail>
	<fanart>https://image.tmdb.org/t/p/w1280/sPIH3MbQujzPADk6vftpXED3vxu.jpg</fanart>
</item>
<item>
	<title>[B][COLOR=green]Bad Egg[/COLOR][/B]</title>
	<meta>
	<imdb>tt1765510</imdb>
	<content>episode</content>
	<tvshowtitle>R L Stine s The Haunting Hour</tvshowtitle>
	<year>2013</year>
	<season>3</season>
	<episode>24</episode>
	</meta>
	<link>
	<sublink>search</sublink>
	<sublink>searchsd</sublink>
	</link>
	<thumbnail>https://image.tmdb.org/t/p/w1280/3TpfAzjkYWj2RMFOppUpdz8DkRr.jpg</thumbnail>
	<fanart>https://image.tmdb.org/t/p/w1280/sPIH3MbQujzPADk6vftpXED3vxu.jpg</fanart>
</item>
<item>
	<title>[B][COLOR=green]Uncle Howee[/COLOR][/B]</title>
	<meta>
	<imdb>tt1765510</imdb>
	<content>episode</content>
	<tvshowtitle>R L Stine s The Haunting Hour</tvshowtitle>
	<year>2013</year>
	<season>3</season>
	<episode>25</episode>
	</meta>
	<link>
	<sublink>search</sublink>
	<sublink>searchsd</sublink>
	</link>
	<thumbnail>https://image.tmdb.org/t/p/w1280/gd6zdxtW7y2kTFUqDWw7pMIGU20.jpg</thumbnail>
	<fanart>https://image.tmdb.org/t/p/w1280/sPIH3MbQujzPADk6vftpXED3vxu.jpg</fanart>
</item>
<item>
	<title>[B][COLOR=green]Toy Train[/COLOR][/B]</title>
	<meta>
	<imdb>tt1765510</imdb>
	<content>episode</content>
	<tvshowtitle>R L Stine s The Haunting Hour</tvshowtitle>
	<year>2013</year>
	<season>3</season>
	<episode>26</episode>
	</meta>
	<link>
	<sublink>search</sublink>
	<sublink>searchsd</sublink>
	</link>
	<thumbnail>https://image.tmdb.org/t/p/w1280/mtUr1nojB9j4jyp67fD0sJCfKvh.jpg</thumbnail>
	<fanart>https://image.tmdb.org/t/p/w1280/sPIH3MbQujzPADk6vftpXED3vxu.jpg</fanart>
</item>
