<item>
    <title>[COLORlimegreen][B]*** Spooky Corner ***[/B][/COLOR]</title>
    <link>nolink</link>
    <thumbnail>https://i.imgur.com/raNGi8h.png</thumbnail>
	
    
</item>
  <dir>
     <title> [B][COLOR ff304ffe]• [COLORorange][B]Halloween 4 Kids Movies[/B][/COLOR] </title>
  <link>file://spook/hallow4kids.xml</link>
  <thumbnail>https://i.imgur.com/AKkMuak.png</thumbnail>
  <summary>Halloween 4 Kids Movies</summary>
  </dir>

<dir>
    <title> [B][COLOR ff304ffe]• [COLORorange][B]Top 10 Animated Horror Movies[/B][/COLOR] </title>
  <link>file://spook/10 Horror_Animated_Movies.xml</link>
  <thumbnail>https://i.imgur.com/AKkMuak.png</thumbnail>
  <summary>Halloween 4 Kids Movies</summary>
  </dir>
  
  <dir>
     <title>[B][COLOR ff304ffe]• [COLORorange][B]Goosebumps Series 1-4[/B][/COLOR] [COLORyellow][B][/B][/COLOR] </title>
  <link>file://spook/goosall.xml</link>
  <thumbnail>https://i.imgur.com/1wCODOX.jpg</thumbnail>
  <summary>Goosebumps</summary>
  </dir>
  
    
  <dir>
     <title>[B][COLOR ff304ffe]• [COLORorange][B]Hotel Transylvania The series[/B][/COLOR]  </title>
  <link>file://spook/transyl.xml</link>
  <thumbnail>https://i.imgur.com/JEvcRZt.png</thumbnail>
  <summary>Translyvania The Series</summary>
  </dir>
  
     <dir>
    <title>[B][COLOR ff304ffe]• [COLORorange][B] The Real ghost Busters Seasons 1-7[/B][/COLOR]</title>
    <link>file://spook/realghostb.xml</link>
	<thumbnail>https://i.imgur.com/x4deAjz.png</thumbnail>
	<summary></summary>
  </dir>
  
    <dir>
    <title>[B][COLOR ff304ffe]• [COLORorange][B] Slimer and The Real ghost Busters [/B][/COLOR]</title>
    <link>file://spook/slimerser1.xml</link>
	<thumbnail>https://i.imgur.com/ptClC2k.png</thumbnail>
	<summary></summary>
  </dir>
  
    <dir>
    <title>[B][COLOR ff304ffe]• [COLORorange][B]The Fairly Odd Parents Seasons 1-10[/B][/COLOR]</title>
    <link>file://spook/odd.xml</link>
	<thumbnail>https://i.imgur.com/jZyqCDP.png</thumbnail>
	<summary></summary>
  </dir>
  
      <dir>
    <title>[B][COLOR ff304ffe]• [COLORorange][B]Danny Phantom  Series 1-3[/B][/COLOR]</title>
    <link>file://spook/dannypser.xml</link>
	<thumbnail>https://i.imgur.com/KSScUCG.png</thumbnail>
	<summary></summary>
  </dir>
  
     <dir>
    <title>[B][COLOR ff304ffe]• [COLORorange][B]RL Stines The haunting Hour Series 1-4[/B][/COLOR]</title>
    <link>file://spook/rlstin.xml</link>
	<thumbnail>https://i.imgur.com/4AUQizS.png</thumbnail>
	<summary></summary>
  </dir>
  
       <dir>
    <title>[B][COLOR ff304ffe]• [COLORorange][B]Spooky Youtube-Movies-cartoons_music-Crafts[/B][/COLOR]</title>
    <link>file://spook/spookytube.xml</link>
	<thumbnail>https://i.imgur.com/FzQJtM7.png</thumbnail>
	<summary></summary>
  </dir>
  
  
  


  
 


  


  
 