<item>
    <title>[COLOR lime][B]You Are In Kingdom Kids Spooky Youtube [/COLOR][/B]</title>
	
    <heading></heading>
	
</item>

<plugin>
	<title>[B][COLOR ffffef00]• [COLORorange][B]Family Halloween Movies[/B][/COLOR]</title>
	<link>plugin://plugin.video.youtube/playlist/PLFNwak5xB-x_ynBeByyCgraXSqR9cogZI/</link>
	<thumbnail>https://i.imgur.com/FzQJtM7.png</thumbnail>
</plugin>

<plugin>
	<title>[B][COLOR ffffef00]• [COLORorange][B]Trick or Treat! Halloween Cartoons[/B][/COLOR]</title>
	<link>plugin://plugin.video.youtube/playlist/PLrCMU7Ky6OPosFxAqEc0QgKEi0TKq11EG/</link>
	<thumbnail>https://i.imgur.com/FzQJtM7.png</thumbnail>
</plugin>

<plugin>
	<title>[B][COLOR ffffef00]• [COLORorange][B]Spooky Music and Songs[/B][/COLOR]</title>
	<link>plugin://plugin.video.youtube/playlist/PLFq2YEzLx0LksffafwCZGZOFZfDWHj_vj/</link>
	<thumbnail>https://i.imgur.com/FzQJtM7.png</thumbnail>
</plugin>

<plugin>
	<title>[B][COLOR ffffef00]• [COLORorange][B]Spooky Cartoons[/B][/COLOR]</title>
	<link>plugin://plugin.video.youtube/playlist/PLFq2YEzLx0Lk6sb-ItmpspDPIfg4D6gF-/</link>
	<thumbnail>https://i.imgur.com/FzQJtM7.png</thumbnail>
</plugin>

<plugin>
	<title>[B][COLOR ffffef00]• [COLORorange][B] Halloween and Spooky DIY craft for kids[/B][/COLOR]</title>
	<link>plugin://plugin.video.youtube/playlist/PLFq2YEzLx0LkkOeFjA7VWX7-3gC1ybgqE/</link>
	<thumbnail>https://i.imgur.com/FzQJtM7.png</thumbnail>
</plugin>

<plugin>
	<title>[B][COLOR ffffef00]• [COLORblue][B]Monster High[/B][/COLOR]</title>
	<link>plugin://plugin.video.youtube/user/MonsterHigh/</link>
	<thumbnail></thumbnail>
</plugin>
