

<plugin>
	<title>[B][COLOR ffffef00]• [COLORlightblue][B]Looney Tunes[/B][/COLOR]</title>
	<link>plugin://plugin.video.youtube/playlist/PL7spvnQF9O-ia-SPOzQNReIJH4xH8bVWE/</link>
	<thumbnail>https://i.imgur.com/FVEU4os.png</thumbnail>
</plugin>
<plugin>
	<title>[B][COLOR ffffef00]• [COLORlightblue][B]Attack on Titan SEASON 1 | Eng Sub+Dub[/B][/COLOR]</title>
	<link>plugin://plugin.video.youtube/playlist/PLj6aHG-n_jtEOTs6z3_B1Rj3JqzNOo9kj/</link>
	<thumbnail>https://i.imgur.com/FVEU4os.png</thumbnail>
</plugin>
<plugin>
	<title>[B][COLOR ffffef00]• [COLORlightblue][B]Sabrina the Teenage Witch Season 1[/B][/COLOR]</title>
	<link>plugin://plugin.video.youtube/playlist/PLHBvuzEOK07NnItYSctP-ZEPIlfRJItlJ/</link>
	<thumbnail>https://i.imgur.com/FVEU4os.png</thumbnail>
</plugin>
<plugin>
	<title>[B][COLOR ffffef00]• [COLORlightblue][B]Sabrina the Teenage Witch Season 2[/B][/COLOR]</title>
	<link>plugin://plugin.video.youtube/playlist/PLHBvuzEOK07NzZ7o_HM3fEGJUi3hLnFyK/</link>
	<thumbnail></thumbnail>
</plugin>

<plugin>
	<title>[B][COLOR ffffef00]• [COLORlightblue][B]Black Panther Animated Series[/B][/COLOR]</title>
	<link>plugin://plugin.video.youtube/playlist/PLFq2YEzLx0Lk0jD3hzSihc69sz8ZTnVWM/</link>
	<thumbnail>https://i.imgur.com/FVEU4os.png</thumbnail>
</plugin>
<plugin>
	<title>[B][COLOR ffffef00]• [COLORlightblue][B]Sonic The Hedhog Movies[/B][/COLOR]</title>
	<link>plugin://plugin.video.youtube/playlist/PLFq2YEzLx0LmQ1lif2NPKI38i7pIAQWb-/</link>
	<thumbnail></thumbnail>
</plugin>


<plugin>
	<title>[B][COLOR ffffef00]• [COLORlightblue][B]The New Adventure of Winnie the Pooh[/B][/COLOR]</title>
	<link>plugin://plugin.video.youtube/playlist/PLsM2CW0J9RG97S0oHPBEnCqNXRZFv2d95/</link>
	<thumbnail>https://i.imgur.com/FVEU4os.png</thumbnail>
</plugin>
<plugin>
	<title>[B][COLOR ffffef00]• [COLORlightblue][B]Winnie The Pooh Movies[/B][/COLOR]</title>
	<link>plugin://plugin.video.youtube/playlist/PLFq2YEzLx0LnkD7VCVG6jtS9Im_vv8pvr/</link>
	<thumbnail>https://i.imgur.com/FVEU4os.png</thumbnail>
</plugin>

 <dir>
    <title>[B][COLOR ffffef00]• [COLORlightblue][B]Totally Spies  Series 1-6[/B][/COLOR]</title>
    <link>file://tv/totallyspies.1_6.xml</link>
	<thumbnail>https://i.imgur.com/FVEU4os.png</thumbnail>
	<summary>Top British Bands</summary>
  </dir>

<plugin>
	<title>[B][COLOR ffffef00]• [COLORlightblue][B]Mr. Bean[/B][/COLOR]</title>
	<link>plugin://plugin.video.youtube/playlist/PLKmEfdT1xY8Jd_51b4jpNaPLBTwxb3khU/</link>
	<thumbnail>https://i.imgur.com/FVEU4os.png</thumbnail>
</plugin>
<plugin>
	<title>[B][COLOR ffffef00]• [COLORlightblue][B]VHS Museum of Cartoons & Shows[/B][/COLOR]</title>
	<link>plugin://plugin.video.youtube/channel/UCcVhzF_9HZdZpYkrQQKhtyQ/</link>
	<thumbnail>https://i.imgur.com/FVEU4os.png</thumbnail>
</plugin>

<plugin>
	<title>[B][COLOR ffffef00]• [COLORlightblue][B]Inspector Gadget[/B][/COLOR]</title>
	<link>plugin://plugin.video.youtube/playlist/PLqcNVz8UuCsJ0yJ5Td4bxbVHejncVncIj/</link>
	<thumbnail>https://i.imgur.com/FVEU4os.png</thumbnail>
</plugin>
<plugin>
	<title>[B][COLOR ffffef00]• [COLORlightblue][B]He Man[/B][/COLOR]</title>
	<link>plugin://plugin.video.youtube/playlist/PLKmEfdT1xY8JOMM11coDgNSVbidhGbFBE/</link>
	<thumbnail>https://i.imgur.com/FVEU4os.png</thumbnail>
</plugin>
<plugin>
	<title>[B][COLOR ffffef00]• [COLORlightblue][B]Looney Tunes Cartoons[/B][/COLOR]</title>
	<link>plugin://plugin.video.youtube/playlist/PLEAKW4PcnvxmrJxTJPgNSrSgnhRdMHaqd/</link>
	<thumbnail>https://i.imgur.com/FVEU4os.png</thumbnail>
</plugin>
<plugin>
	<title>[B][COLOR ffffef00]• [COLORlightblue][B]Animated Cartoons 1[/B][/COLOR]</title>
	<link>plugin://plugin.video.youtube/playlist/PLJhIcqoOEkIHf_U2Xm51ikdQStv5itLkG/</link>
	<thumbnail>https://i.imgur.com/FVEU4os.png</thumbnail>
</plugin>
<plugin>
	<title>[B][COLOR ffffef00]• [COLORlightblue][B]Animated Cartoons 2[/B][/COLOR]</title>
	<link>plugin://plugin.video.youtube/playlist/PLJhIcqoOEkIG7ZHKu_XPC1PVXqHs_ziP-/</link>
	<thumbnail></thumbnail>
</plugin>
<plugin>
	<title>[B][COLOR ffffef00]• [COLORlightblue][B]Woody Woodpecker [/B][/COLOR]</title>
	<link>plugin://plugin.video.youtube/playlist/PLJhIcqoOEkIGK4UJc4ipDXAs5C5cExrUg/</link>
	<thumbnail>https://i.imgur.com/FVEU4os.png</thumbnail>
</plugin>

<plugin>
	<title>[B][COLOR ffffef00]• [COLORlightblue][B]Justice League Animated Series Season 1 & 2[/B][/COLOR]</title>
	<link>plugin://plugin.video.youtube/playlist/PLkLimRXN6NKwOybbWpLUuYZfJZxxgLj-D/</link>
	<thumbnail></thumbnail>
</plugin>
<plugin>
	<title>[B][COLOR ffffef00]• [COLORlightblue][B]X Men Evolution (Full Episodes)[/B][/COLOR]</title>
	<link>plugin://plugin.video.youtube/playlist/PLLhOnau-tupQMX1uvJYnYM0Z2ZbE33_AX/</link>
	<thumbnail></thumbnail>
</plugin>
<plugin>
	<title>[B][COLOR ffffef00]• [COLORlightblue][B]Kid Friendly - Animation Short Films[/B][/COLOR]</title>
	<link>plugin://plugin.video.youtube/playlist/PLvj7K6jc8bjkV-Ny8MlvBh2fvI3C1tedb/</link>
	<thumbnail></thumbnail>
</plugin>
<plugin>
	<title>[B][COLOR ffffef00]• [COLORlightblue][B]Fireman Sam Channel[/B][/COLOR]</title>
	<link>plugin://plugin.video.youtube/channel/firemansamchannel/</link>
	<thumbnail></thumbnail>
</plugin>

<plugin>
	<title>[B][COLOR ffffef00]• [COLORlightblue][B]Kids Show Club Channel[/B][/COLOR]</title>
	<link>plugin://plugin.video.youtube/playlist/UCPCVFz4N7YCU24a60q1oq1A/playlists/</link>
	<thumbnail></thumbnail>
</plugin>
<plugin>
	<title>[B][COLOR ffffef00]• [COLORlightblue][B][/B][/COLOR]</title>
	<link>plugin://plugin.video.youtube/playlist//</link>
	<thumbnail></thumbnail>
</plugin>
<plugin>
	<title>[B][COLOR ffffef00]• [COLORlightblue][B][/B][/COLOR]</title>
	<link>plugin://plugin.video.youtube/playlist//</link>
	<thumbnail></thumbnail>
</plugin>

<plugin>
	<title>[B][COLOR ffffef00]• [COLORlightblue][B][/B][/COLOR]</title>
	<link>plugin://plugin.video.youtube/playlist//</link>
	<thumbnail></thumbnail>
</plugin>
<plugin>
	<title>[B][COLOR ffffef00]• [COLORlightblue][B][/B][/COLOR]</title>
	<link>plugin://plugin.video.youtube/playlist//</link>
	<thumbnail></thumbnail>
</plugin>
<plugin>
	<title>[B][COLOR ffffef00]• [COLORlightblue][B][/B][/COLOR]</title>
	<link>plugin://plugin.video.youtube/playlist//</link>
	<thumbnail></thumbnail>
</plugin>

<plugin>
	<title>[B][COLOR ffffef00]• [COLORlightblue][B][/B][/COLOR]</title>
	<link>plugin://plugin.video.youtube/playlist//</link>
	<thumbnail></thumbnail>
</plugin>
<plugin>
	<title>[B][COLOR ffffef00]• [COLORlightblue][B][/B][/COLOR]</title>
	<link>plugin://plugin.video.youtube/playlist//</link>
	<thumbnail></thumbnail>
</plugin>
