

<plugin>
	<title>[B][COLOR ffc51162]• [COLORblue][B]Little Lizard - Fortnite[/B][/COLOR]</title>
	<link>plugin://plugin.video.youtube/channel/UCa_xHe7N8h1kFQsOIFWSCbQ/</link>
	<thumbnail>https://i.imgur.com/bE8xFML.jpg</thumbnail>
</plugin>
<plugin>
	<title>[B][COLOR ffc51162]• [COLORblue][B]Fortnite Seasons[/B][/COLOR]</title>
	<link>plugin://plugin.video.youtube/channel/UC6ECmMXzrCD4ZhYtqgqbNYA/</link>
	<thumbnail>https://i.imgur.com/5xX4syL.jpg</thumbnail>
</plugin>
<plugin>
	<title>[B][COLOR ffc51162]• [COLORblue][B]FGTeeV[/B][/COLOR]</title>
	<link>plugin://plugin.video.youtube/user/FGTeeV/</link>
	<thumbnail>https://i.imgur.com/IdzzdIY.jpg</thumbnail>
</plugin>
<plugin>
	<title>[B][COLOR ffc51162]• [COLORblue][B]EthanGamer[/B][/COLOR]</title>
	<link>plugin://plugin.video.youtube/playlist/EthanGamerTV/</link>
	<thumbnail>https://i.imgur.com/sUChz60.jpg</thumbnail>
</plugin>
<plugin>
	<title>[B][COLOR ffc51162]• [COLORblue][B]GamingWithKev[/B][/COLOR]</title>
	<link>plugin://plugin.video.youtube/channel/UCrkfdiZ4pF3f5waQaJtjXew/</link>
	<thumbnail>https://i.imgur.com/3kMlHtM.jpg</thumbnail>
</plugin>
<plugin>
	<title>[B][COLOR ffc51162]• [COLORblue][B]KIDS GAMING[/B][/COLOR]</title>
	<link>plugin://plugin.video.youtube/channel/UCyDd6ddJ8vKEo0Wq6mOmyfQ/</link>
	<thumbnail>https://i.imgur.com/Noa9Kfd.jpg</thumbnail>
</plugin>

<plugin>
	<title>[B][COLOR ffc51162]• [COLORblue][B]Hobby Gaming[/B][/COLOR]</title>
	<link>plugin://plugin.video.youtube/user/HobbyGamesTV/</link>
	<thumbnail>https://i.imgur.com/5bJgHTJ.jpg</thumbnail>
</plugin>
<plugin>
	<title>[B][COLOR ffc51162]• [COLORblue][B]K-City Gaming[/B][/COLOR]</title>
	<link>plugin://plugin.video.youtube/user/UCnQ4TDbESxZ47uBH6cB_Nrg/</link>
	<thumbnail>https://i.imgur.com/obgMvGY.jpg</thumbnail>
</plugin>
<plugin>
	<title>[B][COLOR ffc51162]• [COLORblue][B]ProGuides Fortnite Tips, Tricks and Guides[/B][/COLOR]</title>
	<link>plugin://plugin.video.youtube/playlist/UCloMPNyglIUyLRCp5JAxJvw/</link>
	<thumbnail>https://i.imgur.com/VdQwGjb.jpg</thumbnail>
</plugin>
