<xml>

<dir>
	<title>[B][COLOR ffc51162]• [COLORblue][B]Kids TV Show Genre[/B][/COLOR]</title>
	<tmdb>genre/shows/10762</tmdb>
</dir>

<dir>
	<title>[B][COLOR ffc51162]• [COLORblue][B]Animation TV Show Genre[/B][/COLOR]</title>
	<tmdb>genre/shows/16</tmdb>
</dir>

<dir>
	<title>[B][COLOR ffc51162]• [COLORblue][B]Family TV Show Genre[/B][/COLOR]</title>
</dir>

<dir>
	<title>[B][COLOR ffc51162]• [COLORblue]The Kids Networks][/B][/COLOR]</title>
	<link>file://tv/networks3.xml</link>
</dir>


</xml>