<dir>
	<title>[B][COLOR=green]LEGO Star Wars[/COLOR][/B]</title>
	<meta>
	<imdb>tt5459566</imdb>
	<content>tv</content>
	<title>LEGO Star Wars</title>
	<year>2016</year>
	</meta>
	<link>
	<sublink>https://www.youtube.com/watch?v=wk8apGoldq8&feature=youtu.be</sublink>
	</link>
	<thumbnail>https://image.tmdb.org/t/p/w1280/1uI5ZG2eGEV25n3klN4M1SrJCl0.jpg</thumbnail>
	<fanart>https://image.tmdb.org/t/p/w1280/woL9e4hFAKMzswbhnSlnjmPVYj2.jpg</fanart>
</dir>
<dir>
	<title>[B][COLOR=green]LEGO Ninjago: Masters of Spinjitzu[/COLOR][/B]</title>
	<meta>
	<imdb>tt1871731</imdb>
	<content>tv</content>
	<title>LEGO Ninjago: Masters of Spinjitzu</title>
	<year>2012</year>
	</meta>
	<link>
	<sublink>https://www.youtube.com/watch?v=NF5fQWgvb0E&feature=youtu.be</sublink>
	</link>
	<thumbnail>https://image.tmdb.org/t/p/w1280/OEVw0lg59M49V2kVdkriRIpLwQ.jpg</thumbnail>
	<fanart>https://image.tmdb.org/t/p/w1280/4dMF2OxWUIRybQFqt0yUlWSCAcD.jpg</fanart>
</dir>
<dir>
	<title>[B][COLOR=green]LEGO Nexo Knights[/COLOR][/B]</title>
	<meta>
	<imdb>tt5127574</imdb>
	<content>tv</content>
	<title>LEGO Nexo Knights</title>
	<year>2015</year>
	</meta>
	<link>
	<sublink>https://www.youtube.com/watch?v=y7WoIpKgmB8&feature=youtu.be</sublink>
	</link>
	<thumbnail>https://image.tmdb.org/t/p/w1280none</thumbnail>
	<fanart>https://image.tmdb.org/t/p/w1280none</fanart>
</dir>
<dir>
	<title>[B][COLOR=green]LEGO Legends of Chima[/COLOR][/B]</title>
	<meta>
	<imdb>tt2356791</imdb>
	<content>tv</content>
	<title>LEGO Legends of Chima</title>
	<year>2013</year>
	</meta>
	<link>
	<sublink>https://www.youtube.com/watch?v=NApp4JD8RkE&feature=youtu.be</sublink>
	</link>
	<thumbnail>https://image.tmdb.org/t/p/w1280none</thumbnail>
	<fanart>https://image.tmdb.org/t/p/w1280none</fanart>
</dir>
<dir>
	<title>[B][COLOR=green]LEGO Elves: Secrets of Elvendale[/COLOR][/B]</title>
	<meta>
	<imdb>tt7322926</imdb>
	<content>tv</content>
	<title>LEGO Elves: Secrets of Elvendale</title>
	<year>2017</year>
	</meta>
	<link>
	<sublink>https://www.youtube.com/watch?v=ukhuwHIpIkU&feature=youtu.be</sublink>
	</link>
	<thumbnail>https://image.tmdb.org/t/p/w1280none</thumbnail>
	<fanart>https://image.tmdb.org/t/p/w1280none</fanart>
</dir>
<dir>
	<title>[B][COLOR=green]Lego Bionicle: The Journey to One[/COLOR][/B]</title>
	<meta>
	<imdb>tt5075942</imdb>
	<content>tv</content>
	<title>Lego Bionicle: The Journey to One</title>
	<year>2016</year>
	</meta>
	<link>
	<sublink>https://www.youtube.com/watch?v=ukhuwHIpIkU&feature=youtu.be</sublink>
	</link>
	<thumbnail>https://image.tmdb.org/t/p/w1280none</thumbnail>
	<fanart>https://image.tmdb.org/t/p/w1280none</fanart>
</dir>
























