<dir>
<title>[B][COLOR ffc51162]• [COLORblue][B]teens[/B][/COLOR]</title>
<trakt>https://api.trakt.tv/users/senseofstyles/lists/teen-tv-shows/items</trakt>
<thumbnail>https://i.imgur.com/MABGsmP.png</thumbnail>
	<summary>Kids TV Shows</summary>
</dir>

<dir>
<title>[B][COLOR ffc51162]• [COLORblue][B]teens 2[/B][/COLOR]</title>
<trakt>https://api.trakt.tv/users/1coolguy/lists/teens-tv-show/items</trakt>
<thumbnail>https://i.imgur.com/MABGsmP.png</thumbnail>
	<summary>Kids TV Shows</summary>
</dir>


<dir>
<title>[B][COLOR ffc51162]• [COLORblue][B]teens[/B][/COLOR]</title>
<trakt>https://api.trakt.tv/users/senseofstyles/lists/teen-tv-shows/items</trakt>
<thumbnail>https://i.imgur.com/MABGsmP.png</thumbnail>
	<summary>Kids TV Shows</summary>
</dir>