<dir>
	<title>[B][COLOR=green]Dragon Ball Z[/COLOR][/B]</title>
	<meta>
	<imdb>tt0121220</imdb>
	<content>tv</content>
	<title>Dragon Ball Z</title>
	<year>1989</year>
	</meta>
	<link>
	<sublink>https://www.youtube.com/watch?v=R4vjJrGeh1c&feature=youtu.be</sublink>
	</link>
	<thumbnail>https://image.tmdb.org/t/p/w1280/lCvOCn1Hq0ugBL6T8SyMoaCWNOc.jpg</thumbnail>
	<fanart>https://image.tmdb.org/t/p/w1280/ydf1CeiBLfdxiyNTpskM0802TKl.jpg</fanart>
</dir>
<item>
	<title>[B][COLOR=green]Disney's Adventures of the Gummi Bears[/COLOR][/B]</title>
	<meta>
	<imdb>tt0088528</imdb>
	<content>movie</content>
	<title>Disney's Adventures of the Gummi Bears</title>
	<year></year>
	</meta>
	<link>
	<sublink>https://www.youtube.com/watch?v=R4vjJrGeh1c&feature=youtu.be</sublink>
	<sublink>search</sublink>
	<sublink>searchsd</sublink>
	</link>
	<thumbnail>https://image.tmdb.org/t/p/w1280none</thumbnail>
	<fanart>https://image.tmdb.org/t/p/w1280none</fanart>
</item>
<dir>
	<title>[B][COLOR=green]The Simpsons[/COLOR][/B]</title>
	<meta>
	<imdb>tt0096697</imdb>
	<content>tv</content>
	<title>The Simpsons</title>
	<year>1989</year>
	</meta>
	<link>
	<sublink>https://www.youtube.com/watch?v=DX1iplQQJTo&feature=youtu.be</sublink>
	</link>
	<thumbnail>https://image.tmdb.org/t/p/w1280/qcr9bBY6MVeLzriKCmJOv1562uY.jpg</thumbnail>
	<fanart>https://image.tmdb.org/t/p/w1280/f5uNbUC76oowt5mt5J9QlqrIYQ6.jpg</fanart>
</dir>
<item>
	<title>[B][COLOR=green]Scooby-Doo, Where Are You![/COLOR][/B]</title>
	<meta>
	<imdb>tt0063950</imdb>
	<content>movie</content>
	<title>Scooby-Doo, Where Are You!</title>
	<year>2000</year>
	</meta>
	<link>
	<sublink>https://www.youtube.com/watch?v=DX1iplQQJTo&feature=youtu.be</sublink>
	<sublink>search</sublink>
	<sublink>searchsd</sublink>
	</link>
	<thumbnail>https://image.tmdb.org/t/p/w1280none</thumbnail>
	<fanart>https://image.tmdb.org/t/p/w1280none</fanart>
</item>
<dir>
	<title>[B][COLOR=green]DuckTales[/COLOR][/B]</title>
	<meta>
	<imdb>tt0092345</imdb>
	<content>tv</content>
	<title>DuckTales</title>
	<year>1987</year>
	</meta>
	<link>
	<sublink>https://www.youtube.com/watch?v=RRiU5LqWJxU&feature=youtu.be</sublink>
	</link>
	<thumbnail>https://image.tmdb.org/t/p/w1280/8hj0mrk8zw6wtTQdD69PlTopY3k.jpg</thumbnail>
	<fanart>https://image.tmdb.org/t/p/w1280/1GpkNlhJDJkKPQhSbOxARecL18e.jpg</fanart>
</dir>
<dir>
	<title>[B][COLOR=green]Slimer! And the Real Ghostbusters[/COLOR][/B]</title>
	<meta>
	<imdb>tt0124257</imdb>
	<content>tv</content>
	<title>Slimer! And the Real Ghostbusters</title>
	<year>1988</year>
	</meta>
	<link>
	<sublink>https://www.youtube.com/watch?v=TdLtU1eJNz4&feature=youtu.be</sublink>
	</link>
	<thumbnail>https://image.tmdb.org/t/p/w1280/l5Dmsmqi38TAtocdAAYf11XPpkd.jpg</thumbnail>
	<fanart>https://image.tmdb.org/t/p/w1280/napJI40XqbQ4wv5zgPbJlgboEAJ.jpg</fanart>
</dir>
<dir>
	<title>[B][COLOR=green]Gravity Falls[/COLOR][/B]</title>
	<meta>
	<imdb>tt1865718</imdb>
	<content>tv</content>
	<title>Gravity Falls</title>
	<year>2012</year>
	</meta>
	<link>
	<sublink>https://www.youtube.com/watch?v=645xo1qyLW8&feature=youtu.be</sublink>
	</link>
	<thumbnail>https://image.tmdb.org/t/p/w1280/oGsgxjeZ9rd20eCJsGSMGgWvl4P.jpg</thumbnail>
	<fanart>https://image.tmdb.org/t/p/w1280/sJjrJWsOCUUeVMexxANNC6s3dWV.jpg</fanart>
</dir>
<dir>
	<title>[B][COLOR=green]Scooby-Doo! Mystery Incorporated[/COLOR][/B]</title>
	<meta>
	<imdb>tt1660055</imdb>
	<content>tv</content>
	<title>Scooby-Doo! Mystery Incorporated</title>
	<year>2010</year>
	</meta>
	<link>
	<sublink>https://www.youtube.com/watch?v=S_G1p3lnKHI&feature=youtu.be</sublink>
	</link>
	<thumbnail>https://image.tmdb.org/t/p/w1280/mu8zU2jQfPbGO5bC6RHYrSypxUd.jpg</thumbnail>
	<fanart>https://image.tmdb.org/t/p/w1280/whD2QF4HlVxHPOfqLfOfLavGpo6.jpg</fanart>
</dir>
<dir>
	<title>[B][COLOR=green]The Smurfs[/COLOR][/B]</title>
	<meta>
	<imdb>tt0081933</imdb>
	<content>tv</content>
	<title>The Smurfs</title>
	<year>1981</year>
	</meta>
	<link>
	<sublink>https://www.youtube.com/watch?v=gQMwc-lALC0&feature=youtu.be</sublink>
	</link>
	<thumbnail>https://image.tmdb.org/t/p/w1280/nbuUTJTShZCCNBDoTEBHknpQ0j7.jpg</thumbnail>
	<fanart>https://image.tmdb.org/t/p/w1280/okjpVG3iAw20D2xxtUAaca8YLpE.jpg</fanart>
</dir>
<dir>
	<title>[B][COLOR=green]SpongeBob SquarePants[/COLOR][/B]</title>
	<meta>
	<imdb>tt0206512</imdb>
	<content>tv</content>
	<title>SpongeBob SquarePants</title>
	<year>1999</year>
	</meta>
	<link>
	<sublink>https://www.youtube.com/watch?v=MDJ010fE7oE&feature=youtu.be</sublink>
	</link>
	<thumbnail>https://image.tmdb.org/t/p/w1280/zDuKxQkG8EemvLdBn43ChdM0MJL.jpg</thumbnail>
	<fanart>https://image.tmdb.org/t/p/w1280/cGtlhNEAn7kkDzBsr4lXUOVmFYW.jpg</fanart>
</dir>
<dir>
	<title>[B][COLOR=green]Batman: The Animated Series[/COLOR][/B]</title>
	<meta>
	<imdb>tt0103359</imdb>
	<content>tv</content>
	<title>Batman: The Animated Series</title>
	<year>1992</year>
	</meta>
	<link>
	<sublink>https://www.youtube.com/watch?v=-XJ3HJXxDwc&feature=youtu.be</sublink>
	</link>
	<thumbnail>https://image.tmdb.org/t/p/w1280/ePf3sBX5FjnUEtXERVWZJGsSPu7.jpg</thumbnail>
	<fanart>https://image.tmdb.org/t/p/w1280/vbQk48WQzuGWgTGDedaY3UZea12.jpg</fanart>
</dir>
<dir>
	<title>[B][COLOR=green]Dragons[/COLOR][/B]</title>
	<meta>
	<imdb>tt2325846</imdb>
	<content>tv</content>
	<title>Dragons</title>
	<year>2012</year>
	</meta>
	<link>
	<sublink>https://www.youtube.com/watch?v=MHMuKIi3km0&feature=youtu.be</sublink>
	</link>
	<thumbnail>https://image.tmdb.org/t/p/w1280/8T8bAVzaKKyDNGQ6DQB3HF80wbJ.jpg</thumbnail>
	<fanart>https://image.tmdb.org/t/p/w1280/erYc6rPUSsoxwMx4hStEjVP3X3J.jpg</fanart>
</dir>
<dir>
	<title>[B][COLOR=green]Phineas and Ferb[/COLOR][/B]</title>
	<meta>
	<imdb>tt0852863</imdb>
	<content>tv</content>
	<title>Phineas and Ferb</title>
	<year>2007</year>
	</meta>
	<link>
	<sublink>https://www.youtube.com/watch?v=EjlTFvKpv2Q&feature=youtu.be</sublink>
	</link>
	<thumbnail>https://image.tmdb.org/t/p/w1280/t46F4ExX6nYmNT8m6aGCLcBNLk4.jpg</thumbnail>
	<fanart>https://image.tmdb.org/t/p/w1280/5ZYWZmmOY7GV5RX77dSIpvnfPY1.jpg</fanart>
</dir>
<dir>
	<title>[B][COLOR=green]Dungeons & Dragons[/COLOR][/B]</title>
	<meta>
	<imdb>tt0085011</imdb>
	<content>tv</content>
	<title>Dungeons & Dragons</title>
	<year>1983</year>
	</meta>
	<link>
	<sublink>https://www.youtube.com/watch?v=EjlTFvKpv2Q&feature=youtu.be</sublink>
	</link>
	<thumbnail>https://image.tmdb.org/t/p/w1280none</thumbnail>
	<fanart>https://image.tmdb.org/t/p/w1280none</fanart>
</dir>
<dir>
	<title>[B][COLOR=green]The Flintstones[/COLOR][/B]</title>
	<meta>
	<imdb>tt0053502</imdb>
	<content>tv</content>
	<title>The Flintstones</title>
	<year>1960</year>
	</meta>
	<link>
	<sublink>https://www.youtube.com/watch?v=EtYUAonE4Ks&feature=youtu.be</sublink>
	</link>
	<thumbnail>https://image.tmdb.org/t/p/w1280/ktzefGtGUwMGAmN1Bna1oTeLSnX.jpg</thumbnail>
	<fanart>https://image.tmdb.org/t/p/w1280/3PBOuuviWEcQOTXZc5WwC9GjYNY.jpg</fanart>
</dir>
<dir>
	<title>[B][COLOR=green]Family Guy[/COLOR][/B]</title>
	<meta>
	<imdb>tt0182576</imdb>
	<content>tv</content>
	<title>Family Guy</title>
	<year>1999</year>
	</meta>
	<link>
	<sublink>https://www.youtube.com/watch?v=t3VtKdoPIYE&feature=youtu.be</sublink>
	</link>
	<thumbnail>https://image.tmdb.org/t/p/w1280/gBGUL1UTUNmdRQT8gA1LUV4yg39.jpg</thumbnail>
	<fanart>https://image.tmdb.org/t/p/w1280/pH38r4TWTqq7Mcs6XAlwgzNUeJe.jpg</fanart>
</dir>
<dir>
	<title>[B][COLOR=green]Futurama[/COLOR][/B]</title>
	<meta>
	<imdb>tt0149460</imdb>
	<content>tv</content>
	<title>Futurama</title>
	<year>1999</year>
	</meta>
	<link>
	<sublink>https://www.youtube.com/watch?v=oEiJ3QA4kKs&feature=youtu.be</sublink>
	</link>
	<thumbnail>https://image.tmdb.org/t/p/w1280/iN0LOeE2JnJpIy4jF7imUjO6jwn.jpg</thumbnail>
	<fanart>https://image.tmdb.org/t/p/w1280/r91cDHXENXwjG0eoGka0A4TtGjf.jpg</fanart>
</dir>
<dir>
	<title>[B][COLOR=green]South Park[/COLOR][/B]</title>
	<meta>
	<imdb>tt0121955</imdb>
	<content>tv</content>
	<title>South Park</title>
	<year>1997</year>
	</meta>
	<link>
	<sublink>https://www.youtube.com/watch?v=FLYHRErz8Zo&feature=youtu.be</sublink>
	</link>
	<thumbnail>https://image.tmdb.org/t/p/w1280/v9zc0cZpy5aPSfAy6Tgb6I1zWgV.jpg</thumbnail>
	<fanart>https://image.tmdb.org/t/p/w1280/mSDKNVvDfitFE6Fb6fSSl5DQmgS.jpg</fanart>
</dir>
<dir>
	<title>[B][COLOR=green]The Jetsons[/COLOR][/B]</title>
	<meta>
	<imdb>tt0055683</imdb>
	<content>tv</content>
	<title>The Jetsons</title>
	<year>1962</year>
	</meta>
	<link>
	<sublink>https://www.youtube.com/watch?v=tTq6Tofmo7E&feature=youtu.be</sublink>
	</link>
	<thumbnail>https://image.tmdb.org/t/p/w1280/7HKQYtv8Gb6hEYClq84pJecNE46.jpg</thumbnail>
	<fanart>https://image.tmdb.org/t/p/w1280/9Q9cZ6uv5Fb4AbVDKMijLMYz3Se.jpg</fanart>
</dir>
<dir>
	<title>[B][COLOR=green]Spider-Man: The Animated Series[/COLOR][/B]</title>
	<meta>
	<imdb>tt0112175</imdb>
	<content>tv</content>
	<title>Spider-Man: The Animated Series</title>
	<year>1994</year>
	</meta>
	<link>
	<sublink>https://www.youtube.com/watch?v=tTq6Tofmo7E&feature=youtu.be</sublink>
	</link>
	<thumbnail>https://image.tmdb.org/t/p/w1280none</thumbnail>
	<fanart>https://image.tmdb.org/t/p/w1280none</fanart>
</dir>
<dir>
	<title>[B][COLOR=green]Star Wars: The Clone Wars[/COLOR][/B]</title>
	<meta>
	<imdb>tt0458290</imdb>
	<content>tv</content>
	<title>Star Wars: The Clone Wars</title>
	<year>2008</year>
	</meta>
	<link>
	<sublink>https://www.youtube.com/watch?v=Y6WcmKRvHpk&feature=youtu.be</sublink>
	</link>
	<thumbnail>https://image.tmdb.org/t/p/w1280/p6s2svEHHLsQ1TOw4Si54c1dD5L.jpg</thumbnail>
	<fanart>https://image.tmdb.org/t/p/w1280/gAlEO2hFU29uFv6RcC7efps0iL9.jpg</fanart>
</dir>
<dir>
	<title>[B][COLOR=green]The Transformers[/COLOR][/B]</title>
	<meta>
	<imdb>tt0086817</imdb>
	<content>tv</content>
	<title>The Transformers</title>
	<year>1984</year>
	</meta>
	<link>
	<sublink>https://www.youtube.com/watch?v=Y6WcmKRvHpk&feature=youtu.be</sublink>
	</link>
	<thumbnail>https://image.tmdb.org/t/p/w1280none</thumbnail>
	<fanart>https://image.tmdb.org/t/p/w1280none</fanart>
</dir>
<dir>
	<title>[B][COLOR=green]G.I. Joe[/COLOR][/B]</title>
	<meta>
	<imdb>tt0231626</imdb>
	<content>tv</content>
	<title>G.I. Joe</title>
	<year>1983</year>
	</meta>
	<link>
	<sublink>https://www.youtube.com/watch?v=Y6WcmKRvHpk&feature=youtu.be</sublink>
	</link>
	<thumbnail>https://image.tmdb.org/t/p/w1280none</thumbnail>
	<fanart>https://image.tmdb.org/t/p/w1280none</fanart>
</dir>
<dir>
	<title>[B][COLOR=green]M.A.S.K.[/COLOR][/B]</title>
	<meta>
	<imdb>tt0088563</imdb>
	<content>tv</content>
	<title>M.A.S.K.</title>
	<year>1985</year>
	</meta>
	<link>
	<sublink>https://www.youtube.com/watch?v=Y6WcmKRvHpk&feature=youtu.be</sublink>
	</link>
	<thumbnail>https://image.tmdb.org/t/p/w1280none</thumbnail>
	<fanart>https://image.tmdb.org/t/p/w1280none</fanart>
</dir>
<item>
	<title>[B][COLOR=green]Teenage Mutant Ninja Turtles[/COLOR][/B]</title>
	<meta>
	<imdb>tt1877889</imdb>
	<content>movie</content>
	<title>Teenage Mutant Ninja Turtles</title>
	<year>2012</year>
	</meta>
	<link>
	<sublink>https://www.youtube.com/watch?v=Y6WcmKRvHpk&feature=youtu.be</sublink>
	<sublink>search</sublink>
	<sublink>searchsd</sublink>
	</link>
	<thumbnail>https://image.tmdb.org/t/p/w1280none</thumbnail>
	<fanart>https://image.tmdb.org/t/p/w1280none</fanart>
</item>
<dir>
	<title>[B][COLOR=green]Ultimate Spider-Man[/COLOR][/B]</title>
	<meta>
	<imdb>tt1722512</imdb>
	<content>tv</content>
	<title>Ultimate Spider-Man</title>
	<year>2012</year>
	</meta>
	<link>
	<sublink>https://www.youtube.com/watch?v=Z5qbK758P2A&feature=youtu.be</sublink>
	</link>
	<thumbnail>https://image.tmdb.org/t/p/w1280/tTrImtQ8h6kDTajfnByOLmUQjEQ.jpg</thumbnail>
	<fanart>https://image.tmdb.org/t/p/w1280/mqTKQ2jnTM8K8Btg7Me5BPVbtXO.jpg</fanart>
</dir>
<dir>
	<title>[B][COLOR=green]Teenage Mutant Ninja Turtles[/COLOR][/B]</title>
	<meta>
	<imdb>tt0131613</imdb>
	<content>tv</content>
	<title>Teenage Mutant Ninja Turtles</title>
	<year>1987</year>
	</meta>
	<link>
	<sublink>https://www.youtube.com/watch?v=5bI1RscA6rE&feature=youtu.be</sublink>
	</link>
	<thumbnail>https://image.tmdb.org/t/p/w1280/9vpWpUNKDbC41dRrsQziKREqp29.jpg</thumbnail>
	<fanart>https://image.tmdb.org/t/p/w1280/tvPdHTTGYIrMEgmhzQHgzL2gFpx.jpg</fanart>
</dir>
<dir>
	<title>[B][COLOR=green]Kung Fu Panda: Legends of Awesomeness[/COLOR][/B]</title>
	<meta>
	<imdb>tt1545214</imdb>
	<content>tv</content>
	<title>Kung Fu Panda: Legends of Awesomeness</title>
	<year>2011</year>
	</meta>
	<link>
	<sublink>https://www.youtube.com/watch?v=gjatThLKLak&feature=youtu.be</sublink>
	</link>
	<thumbnail>https://image.tmdb.org/t/p/w1280/4kn4Lz29bCYhlUacGZTtye5uck7.jpg</thumbnail>
	<fanart>https://image.tmdb.org/t/p/w1280/3V630mvbYjoEYxuysr2CDN3RI2e.jpg</fanart>
</dir>
<dir>
	<title>[B][COLOR=green]The Adventures of Tintin[/COLOR][/B]</title>
	<meta>
	<imdb>tt0179552</imdb>
	<content>tv</content>
	<title>The Adventures of Tintin</title>
	<year>1991</year>
	</meta>
	<link>
	<sublink>https://www.youtube.com/watch?v=Sd8KZFdv54A&feature=youtu.be</sublink>
	</link>
	<thumbnail>https://image.tmdb.org/t/p/w1280/AmzCzeLB9IGboReaGGRmbvU28xr.jpg</thumbnail>
	<fanart>https://image.tmdb.org/t/p/w1280/eDtzlY6eqA2LRjZLgRzI5VDFatS.jpg</fanart>
</dir>
