<plugin>
	<title>[B][COLOR ffffef00]• [COLORlightblue][B]Totally Spies! Season 1 (HD)[/B][/COLOR]</title>
	<link>plugin://plugin.video.youtube/playlist/PLEYAll4PuSQStnpd8L6jOACaqHW4pTCJX/</link>
	<thumbnail></thumbnail>
</plugin>
<plugin>
	<title>[B][COLOR ffffef00]• [COLORlightblue][B]Totally Spies! Season 2 (HD)[/B][/COLOR]</title>
	<link>plugin://plugin.video.youtube/playlist/PLEYAll4PuSQQWpB8Vgs6e5TVk2jJaYmeM/</link>
	<thumbnail></thumbnail>
</plugin>
<plugin>
	<title>[B][COLOR ffffef00]• [COLORlightblue][B]Totally Spies! Season 3 (HD)[/B][/COLOR]</title>
	<link>plugin://plugin.video.youtube/playlist/PLEYAll4PuSQShfiCMM-hXXPhe3dHR44P2/</link>
	<thumbnail></thumbnail>
</plugin>
<plugin>
	<title>[B][COLOR ffffef00]• [COLORlightblue][B]Totally Spies! Season 4 (HD)[/B][/COLOR]</title>
	<link>plugin://plugin.video.youtube/playlist/PLEYAll4PuSQTh5bmEcKS5L2lWNuyDtCic/</link>
	<thumbnail></thumbnail>
</plugin>
<plugin>
	<title>[B][COLOR ffffef00]• [COLORlightblue][B]Totally Spies! Season 5 (HD)[/B][/COLOR]</title>
	<link>plugin://plugin.video.youtube/playlist/PLEYAll4PuSQS-Ie6KjFK3V6CB0IvgyiNp/</link>
	<thumbnail></thumbnail>
</plugin>
<plugin>
	<title>[B][COLOR ffffef00]• [COLORlightblue][B]Totally Spies! Season 6 (HD)[/B][/COLOR]</title>
	<link>plugin://plugin.video.youtube/playlist/PLEYAll4PuSQT3AU796sRXsv3mmHnQrqIZ/</link>
	<thumbnail></thumbnail>
</plugin>