


<dir>
<title>[B][COLOR ffc51162]• [COLORblue][B]Sony Pictures Animation[/B][/COLOR]</title>
<trakt>https://api.trakt.tv/users/donxy/lists/sony-pictures-animation/items</trakt>
<thumbnail>https://i.imgur.com/MABGsmP.png</thumbnail>
	<summary>Kids TV Shows</summary>
</dir>
<dir>
<title>[B][COLOR ffc51162]• [COLORblue][B]Lego films and TV series[/B][/COLOR]</title>
<trakt>https://api.trakt.tv/users/maitreyoussef/lists/list-of-lego-films/items</trakt>
<thumbnail>https://i.imgur.com/MABGsmP.png</thumbnail>
	<summary>Kids TV Shows</summary>
</dir>

<dir>
<title>[B][COLOR ffc51162]• [COLORblue][B]Lego films and TV series[/B][/COLOR]</title>
<trakt>https://api.trakt.tv/users/donxy/lists/lego-films-and-tv-series/items</trakt>
<thumbnail>https://i.imgur.com/MABGsmP.png</thumbnail>
	<summary>Kids TV Shows</summary>
</dir>






<dir>
<title>[B][COLOR ffc51162]• [COLORblue][B]teens[/B][/COLOR]</title>
<trakt>https://api.trakt.tv/users/senseofstyles/lists/teen-tv-shows/items</trakt>
<thumbnail>https://i.imgur.com/MABGsmP.png</thumbnail>
	<summary>Kids TV Shows</summary>
</dir>



<dir>
<title>[B][COLOR ffc51162]• [COLORblue][B]Kids TV Shows[/B][/COLOR]</title>
<trakt>https://api.trakt.tv/users/drinfernoo/lists/kids-shows/items</trakt>
<thumbnail>https://i.imgur.com/MABGsmP.png</thumbnail>
	<summary>Kids TV Shows</summary>
</dir>

<dir>
<title>[B][COLOR ffc51162]• [COLORblue][B]Lego stuff1[/B][/COLOR]</title>
<trakt>https://api.trakt.tv/users/toasterfaerie/lists/lego/items</trakt>
<thumbnail>https://i.imgur.com/MABGsmP.png</thumbnail>
	<summary>Kids TV Shows</summary>
</dir>

<dir>
<title>[B][COLOR ffc51162]• [COLORblue][B]Lego films and TV series[/B][/COLOR]</title>
<trakt>https://api.trakt.tv/users/donxy/lists/lego-films-and-tv-series/items</trakt>
<thumbnail>https://i.imgur.com/MABGsmP.png</thumbnail>
	<summary>Kids TV Shows</summary>
</dir>






