   <dir>
    <title>[B][COLOR ff304ffe]• [COLORlime][B]TV Shows By Genre etc[/B][/COLOR]</title>
    <link>file://tv/kidstv.xml</link>
	<thumbnail>https://i.imgur.com/R1cISmP.png</thumbnail>
	<summary></summary>
  </dir>
  
<dir>
<title>[B][COLOR ffc51162]• [COLORorange][B]Kids TV Shows List 1[/B][/COLOR]</title>
<trakt>https://api.trakt.tv/users/garymcs/lists/kids-tv-shows/items</trakt>
<thumbnail>https://i.imgur.com/MABGsmP.png</thumbnail>
	<summary>Kids TV Shows</summary>
</dir>

<dir>
<title>[B][COLOR ffc51162]• [COLORwhite][B]Kids TV Shows List 2[/B][/COLOR]</title>
<trakt>https://api.trakt.tv/users/drinfernoo/lists/kids-shows/items</trakt>
<thumbnail>https://i.imgur.com/MABGsmP.png</thumbnail>
	<summary>Kids TV Shows</summary>
</dir>

<dir>
<title>[B][COLOR ffc51162]• [COLORlime][B]Disney Channel Shows[/B][/COLOR]</title>
<trakt>https://api.trakt.tv/users/kylesheila/lists/disney-channel/items</trakt>
<thumbnail>https://i.imgur.com/MABGsmP.png</thumbnail>
	<summary>Disney Channel Shows</summary>
</dir>


<dir>
    <title>[B][COLOR ffc51162]• [COLORorange][B]Lego TV Show[/B][/COLOR]</title>
    <link>file://tv/legotv.xml</link>
	<thumbnail>https://i.imgur.com/R1cISmP.png</thumbnail>
	<summary>Kids Networks</summary>
  </dir>
  
  <dir>
  <title>[B][COLOR ffc51162]• [COLORwhite][B]TMDB Animation Shows[/B][/COLOR]</title>
  <tmdb>genre/shows/16</tmdb>
</dir>
   