

<plugin>
	<title>[B][COLOR ffffef00]• [COLORlightblue][B]W.I.T.C.H. The Animated Series: Season 1 (HD)[/B][/COLOR]</title>
	<link>plugin://plugin.video.youtube/playlist/PLEYAll4PuSQQubc6emncRBap7TuBOO1nc/</link>
	<thumbnail></thumbnail>
</plugin>
<plugin>
	<title>[B][COLOR ffffef00]• [COLORlightblue][B]W.I.T.C.H. The Animated Series: Season 2 (HD)[/B][/COLOR]</title>
	<link>plugin://plugin.video.youtube/playlist/PLEYAll4PuSQR2FiPUOmtuTZ_-7IZ0IA1t/</link>
	<thumbnail></thumbnail>
</plugin>
<plugin>
	<title>[B][COLOR ffffef00]• [COLORlightblue][B]Dragon Hunters Season 1[/B][/COLOR]</title>
	<link>plugin://plugin.video.youtube/playlist/PLF_TN8rUyErxNvkyDivNvgZh6RMNlrlUp/</link>
	<thumbnail></thumbnail>
</plugin>
<plugin>
	<title>[B][COLOR ffffef00]• [COLORlightblue][B]Dragon Hunters Season 2[/B][/COLOR]</title>
	<link>plugin://plugin.video.youtube/playlist/PLF_TN8rUyErwjjMmi0Z3KOLB3obdZz3au/</link>
	<thumbnail></thumbnail>
</plugin>
<plugin>
	<title>[B][COLOR ffffef00]• [COLORlightblue][B]Anime War Series[/B][/COLOR]</title>
	<link>plugin://plugin.video.youtube/playlist/PLyy_0Y2gin4R-nvUwBdvw5cBfpsdrx_5w/</link>
	<thumbnail></thumbnail>
</plugin>
<plugin>
	<title>[B][COLOR ffffef00]• [COLORlightblue][B]Goku Vs Saitama[/B][/COLOR]</title>
	<link>plugin://plugin.video.youtube/playlist/PLyy_0Y2gin4RGxp3da-C4OesGyKL7rbxA/</link>
	<thumbnail></thumbnail>
</plugin>
<plugin>
	<title>[B][COLOR ffffef00]• [COLORlightblue][B]Dragon Ball New Age[/B][/COLOR]</title>
	<link>plugin://plugin.video.youtube/playlist/PLBcdE3vYSlkNSx9U9KqKJ5OiYtAIVJuEw/</link>
	<thumbnail></thumbnail>
</plugin>
<plugin>
	<title>[B][COLOR ffffef00]• [COLORlightblue][B]Flowering Heart Season 1 (ENG ver.)[/B][/COLOR]</title>
	<link>plugin://plugin.video.youtube/playlist/PLoTdfXbICACDJM0cehMdj9bUWBdQaPetl/</link>
	<thumbnail></thumbnail>
</plugin>
<plugin>
	<title>[B][COLOR ffffef00]• [COLORlightblue][B]Sailor Moon Crystal[/B][/COLOR]</title>
	<link>plugin://plugin.video.youtube/playlist/PL7d9aAC9duGXowhqL-z8lH_JyXtNa0KCf/</link>
	<thumbnail></thumbnail>
</plugin>
<plugin>
	<title>[B][COLOR ffffef00]• [COLORlightblue][B]NARUTO  Episodes 1-53 English Dubbed[/B][/COLOR]</title>
	<link>plugin://plugin.video.youtube/playlist/PLP64kUBhNkjA61t4K9bwaBd3pmIwVOyhr/</link>
	<thumbnail></thumbnail>
</plugin>
<plugin>
	<title>[B][COLOR ffffef00]• [COLORlightblue][B]Yu-Gi-Oh! GX Season 1 (English)[/B][/COLOR]</title>
	<link>plugin://plugin.video.youtube/playlist/PLLnj-61LKXSGIVO9hRWJ1iWe4Yilf7khR/</link>
	<thumbnail></thumbnail>
</plugin>
<plugin>
	<title>[B][COLOR ffffef00]• [COLORlightblue][B]Yu-Gi-Oh! GX Season 2 (English)[/B][/COLOR]</title>
	<link>plugin://plugin.video.youtube/playlist/PLLnj-61LKXSGd_Rp1QAV-6tToKzv8So-c/</link>
	<thumbnail></thumbnail>
</plugin>
<plugin>
	<title>[B][COLOR ffffef00]• [COLORlightblue][B]Yu-Gi-Oh! GX Season 3 (English)[/B][/COLOR]</title>
	<link>plugin://plugin.video.youtube/playlist/PLLnj-61LKXSGWYhu9W8qBDqJPtRAUr6y0/</link>
	<thumbnail></thumbnail>
</plugin>
<plugin>
	<title>[B][COLOR ffffef00]• [COLORlightblue][B]Yu-Gi-Oh! 5D's Season 1 (English)[/B][/COLOR]</title>
	<link>plugin://plugin.video.youtube/playlist/PLLnj-61LKXSFHP51q_svlZbFnZBeVbCoY/</link>
	<thumbnail></thumbnail>
</plugin>
<plugin>
	<title>[B][COLOR ffffef00]• [COLORlightblue][B]Yu-Gi-Oh! Duel Monsters Season 1 (English)[/B][/COLOR]</title>
	<link>plugin://plugin.video.youtube/playlist/PLLnj-61LKXSFRWZ-euBFihnzSDAbJTiPK/</link>
	<thumbnail></thumbnail>
</plugin>
<plugin>
	<title>[B][COLOR ffffef00]• [COLORlightblue][B]Yu-Gi-Oh! ZEXAL Season 1 (English)[/B][/COLOR]</title>
	<link>plugin://plugin.video.youtube/playlist/PLLnj-61LKXSEAh-EA7UIbVT8pCx98JcHB/</link>
	<thumbnail></thumbnail>
</plugin>
<plugin>
	<title>[B][COLOR ffffef00]• [COLORlightblue][B]Yu-Gi-Oh! ZEXAL Season 2 (English)[/B][/COLOR]</title>
	<link>plugin://plugin.video.youtube/playlist/PLLnj-61LKXSGUixThn43feU5nl5ch-qTj/</link>
	<thumbnail></thumbnail>
</plugin>
<plugin>
	<title>[B][COLOR ffffef00]• [COLORlightblue][B]Yu-Gi-Oh! ZEXAL Season 3 (English)[/B][/COLOR]</title>
	<link>plugin://plugin.video.youtube/playlist/PLLnj-61LKXSHDvopdR7gPUnkSOoamxMLi/</link>
	<thumbnail></thumbnail>
</plugin>
<plugin>
	<title>[B][COLOR ffffef00]• [COLORlightblue][B]Sonic X (English) HD Episodes 1-79[/B][/COLOR]</title>
	<link>plugin://plugin.video.youtube/playlist/PLa3jPUtLk8G9z2VfPc57fgPVvzJNx0_2F/</link>
	<thumbnail></thumbnail>
</plugin>
<plugin>
	<title>[B][COLOR ffffef00]• [COLORlightblue][B]BEYBLADE METAL FUSION | Full Episodes[/B][/COLOR]</title>
	<link>plugin://plugin.video.youtube/playlist/PLiih4uqcEp-37ddXx6No4SOBmTt4_HA9-/</link>
	<thumbnail></thumbnail>
</plugin>

<plugin>
	<title>[B][COLOR ffffef00]• [COLORlightblue][B]Fairy Tail Full Series Eng Dub[/B][/COLOR]</title>
	<link>plugin://plugin.video.youtube/playlist/PLk-fF_a4sb5gEkvcJKkXMhHqMSPCQmLmi/</link>
	<thumbnail></thumbnail>
</plugin>
<plugin>
	<title>[B][COLOR ffffef00]• [COLORlightblue][B]Digimon Adventure[/B][/COLOR]</title>
	<link>plugin://plugin.video.youtube/playlist/PLBZYoGFUn4recTxMcBNMhLphevBUwBBiR/</link>
	<thumbnail></thumbnail>
</plugin>

<item>
    <title>[COLOR lime][B] ANIME  CHANNELS[/COLOR][/B]</title>
    <heading></heading>
</item>

<plugin>
	<title>[B][COLOR ffffef00]• [COLORlightblue][B]Best of Anime[/B][/COLOR]</title>
	<link>plugin://plugin.video.youtube/channel/UCfVQotXQCbuz-Z2T6WVc_PA/</link>
	<thumbnail>https://i.imgur.com/HfBI8ha.jpg</thumbnail>
</plugin>

<plugin>
	<title>[B][COLOR ffffef00]• [COLORlightblue][B]Anime Channel[/B][/COLOR]</title>
	<link>plugin://plugin.video.youtube/channel/UCfOAKNfYzJxe04c6_5oIDVg/</link>
	<thumbnail>https://i.imgur.com/aYnUluG.jpg</thumbnail>
</plugin>

<plugin>
	<title>[B][COLOR ffffef00]• [COLORlightblue][B]KHORnime[/B][/COLOR]</title>
	<link>plugin://plugin.video.youtube/channel/UCBRmwsBDr6EDin0O5PQNy0Q/</link>
	<thumbnail>https://i.imgur.com/TpM0X5s.jpg</thumbnail>
</plugin>

<plugin>
	<title>[B][COLOR ffffef00]• [COLORlightblue][B]Anime Manga - Channel[/B][/COLOR]</title>
	<link>plugin://plugin.video.youtube/channel/UCqMS4siZkoFgDDGUfc2UvHw/</link>
	<thumbnail>https://i.imgur.com/y9oR1wG.jpg</thumbnail>
</plugin>

<plugin>
	<title>[B][COLOR ffffef00]• [COLORlightblue][B]MaSTAR Media[/B][/COLOR]</title>
	<link>plugin://plugin.video.youtube/channel/UCObfIFcPxDOsyNXTG3ISyBg/</link>
	<thumbnail>https://i.imgur.com/qUY2lsG.jpg</thumbnail>
</plugin>


<plugin>
	<title>[B][COLOR ffffef00]• [COLORlightblue][B]KHORnime 2.0[/B][/COLOR]</title>
	<link>plugin://plugin.video.youtube/playlist/UCFTR7-nvJVhZK9hhMEx3c_g/</link>
	<thumbnail>https://i.imgur.com/gJSlInJ.jpg</thumbnail>
</plugin>
<plugin>
	<title>[B][COLOR ffffef00]• [COLORlightblue][B]Anime! on TMS Official Channel[/B][/COLOR]</title>
	<link>plugin://plugin.video.youtube/playlist/UCzGf0DdUJVrsbcWL3e_tK1Q/</link>
	<thumbnail>https://i.imgur.com/FBslchz.jpg</thumbnail>
</plugin>
