 <dir>
    <title>[B][COLOR ffc51162]• [COLORblue][B]Kids Cartoons[/B][/COLOR]</title>
    <link>file://menu/cartoon.xml</link>
	<thumbnail>https://i.imgur.com/R1cISmP.png</thumbnail>
	<summary>Kids Networks</summary>
  </dir>
  
  <dir>
<title>[B][COLOR ffc51162]• [COLORblue][B]Kids Cartoons[/B][/COLOR]</title>
<trakt>https://api.trakt.tv/users/kylesheila/lists/kids-cartoons/items</trakt>
<thumbnail>https://i.imgur.com/MABGsmP.png</thumbnail>
	<summary>Kids Cartoons</summary>
</dir>