<?xml version="1.0" encoding="UTF-8" standalone="yes"?>
<addon id="plugin.audio.Beatit" name="[B][COLOR limegreen]B[/COLOR]eat I[COLOR  limegreen]T[/COLOR][/B]" version="1.0.9" provider-name="Rogue">
    <requires>
        <import addon="xbmc.python" version="2.1.0"/>
        <import addon="script.module.t0mm0.common" version="1.1.0"/>
        <import addon="script.module.mutagen"/>
        <import addon="script.module.requests" version="1.1.0"/>
    </requires>
    <extension point="xbmc.python.pluginsource" library="default.py">
        <provides>audio</provides>
    </extension>
    <extension point="xbmc.service" library="playerMP3.py" start="startup" />
    <extension point="xbmc.addon.metadata">
        <platform>all</platform>
        <reuselanguageinvoker>false</reuselanguageinvoker>
        <summary>Works on Krypton Only</summary>
        <description>Browse, stream or download your favourite songs and albums. Adapted by Kingdom</description>
        <news></news>
        <assets>
            <icon>icon.png</icon>
            <fanart>fanart.jpg</fanart>
        </assets>
    </extension>
</addon>
