﻿<?xml version="1.0" encoding="UTF-8" standalone="yes"?>
<addon id="plugin.video.kingdomkids" name="[COLOR yellow]Kingdom[/COLOR][COLOR blue] Kids[/COLOR]" version="1.0.0" provider-name="Pedro Kingdom">
    <requires>
        <import addon="xbmc.python" version="2.19.0" />
        <import addon="script.module.universalscrapers" version="1.0.0" />
        <import addon="script.module.python.koding.aio" version="0.9.6.6" />
        <import addon="script.module.beautifulsoup" version="3.2.1" />
        <import addon="script.module.requests" version="2.9.1" />
        <import addon="script.module.addon.common" version="2.0.0" />
        <import addon="script.module.xmltodict" version="0.9.0" />
        <import addon="script.module.dateutil" />
		<import addon="script.module.feedparser" version="5.1.3"/>
        <!--<import addon="script.module.web-pdb" version="1.0"/>-->
        <import addon="script.module.resolveurl" />
        <!--<import addon="script.module.urlresolver" />-->
    </requires>
    <extension point="xbmc.python.pluginsource" library="default.py">
        <provides>video</provides>
    </extension>
    <extension point="xbmc.service" library="service.py" start="[login|startup]" />
    <extension point="xbmc.addon.metadata">
        <summary lang="en">[COLORwhite][B]Watch Them Grow Safely[/B][/COLOR]</summary>
        <description lang="en">All Content is suitable for Children"</description>
        <disclaimer lang="en">Thanks to The Jen team for the  work that went into jen template and the seed of an idea</disclaimer>
        <platform>all</platform>
        <website/>
        <video_guide>https://youtu.be/0kFhoWahtFw</video_guide>
        <reuselanguageinvoker>false</reuselanguageinvoker>
    </extension>
</addon>
