    <dir>
    <title>[B][COLOR ff304ffe]• [COLORorange][B]Danny Phantom Series 1[/B][/COLOR]</title>
    <link>file://spook/Danny Phantom_Season 1.xml</link>
	<thumbnail></thumbnail>
	<summary></summary>
  </dir>
     <dir>
    <title>[B][COLOR ff304ffe]• [COLORorange][B][/B][/COLOR]</title>
    <link>file://menu/cartoon.xml</link>
	<thumbnail></thumbnail>
	<summary></summary>
  </dir>
     <dir>
    <title>[B][COLOR ff304ffe]• [COLORorange][B][/B][/COLOR]</title>
    <link>file://menu/cartoon.xml</link>
	<thumbnail></thumbnail>
	<summary></summary>
  </dir>
     <dir>
    <title>[B][COLOR ff304ffe]• [COLORorange][B][/B][/COLOR]</title>
    <link>file://menu/cartoon.xml</link>
	<thumbnail></thumbnail>
	<summary></summary>
  </dir>
     <dir>
    <title>[B][COLOR ff304ffe]• [COLORorange][B][/B][/COLOR]</title>
    <link>file://menu/cartoon.xml</link>
	<thumbnail></thumbnail>
	<summary></summary>
  </dir>
     <dir>
    <title>[B][COLOR ff304ffe]• [COLORorange][B][/B][/COLOR]</title>
    <link>file://menu/cartoon.xml</link>
	<thumbnail></thumbnail>
	<summary></summary>
  </dir>