<plugin>
	<title>[COLORblue][B]Kidz Bop Music[/B][/COLOR]</title>
	<link>plugin://plugin.video.youtube/playlist/PLEPQby6_o7m0eu__Ws_lWbRJrPfJTuTR0/</link>
	<thumbnail></thumbnail>
</plugin>
<plugin>
	<title>[COLORorange][B][/B][/COLOR]</title>
	<link>plugin://plugin.video.youtube/playlist//</link>
	<thumbnail></thumbnail>
</plugin>
<plugin>
	<title>[COLORorange][B][/B][/COLOR]</title>
	<link>plugin://plugin.video.youtube/playlist//</link>
	<thumbnail></thumbnail>
</plugin>
<plugin>
	<title>[COLORorange][B][/B][/COLOR]</title>
	<link>plugin://plugin.video.youtube/playlist//</link>
	<thumbnail></thumbnail>
</plugin>
<plugin>
	<title>[COLORpink][B][/B][/COLOR]</title>
	<link>plugin://plugin.video.youtube/playlist//</link>
	<thumbnail></thumbnail>
</plugin>
<plugin>
	<title>[COLORpink][B][/B][/COLOR]</title>
	<link>plugin://plugin.video.youtube/playlist//</link>
	<thumbnail></thumbnail>
</plugin>
<plugin>
	<title>[COLORpink][B][/B][/COLOR]</title>
	<link>plugin://plugin.video.youtube/playlist//</link>
	<thumbnail></thumbnail>
</plugin>
<plugin>
	<title>[COLORwhite][B][/B][/COLOR]</title>
	<link>plugin://plugin.video.youtube/playlist//</link>
	<thumbnail></thumbnail>
</plugin>
<plugin>
	<title>[COLORwhite][B][/B][/COLOR]</title>
	<link>plugin://plugin.video.youtube/playlist//</link>
	<thumbnail></thumbnail>
</plugin>
<plugin>
	<title>[COLORwhite][B][/B][/COLOR]</title>
	<link>plugin://plugin.video.youtube/playlist//</link>
	<thumbnail></thumbnail>
</plugin>