<item>
	<title>[B][COLOR=blue]How the Grinch Stole Christmas![/COLOR][/B]</title>
	<meta>
	<imdb>tt0060345</imdb>
	<content>movie</content>
	<title>How the Grinch Stole Christmas!</title>
	<year>1966</year>
	</meta>
	<link>
	<sublink>https://www.youtube.com/watch?v=XYRnwWmteac&feature=youtu.be</sublink>
	<sublink>search</sublink>
	<sublink>searchsd</sublink>
	</link>
	<thumbnail>https://image.tmdb.org/t/p/w1280/7ir0iRuPK9OEuH569cp0nF5CJce.jpg</thumbnail>
	<fanart>https://image.tmdb.org/t/p/w1280/cDRhoYxoR4QYDO0XW9qV6kmH85J.jpg</fanart>
</item>
<item>
	<title>[B][COLOR=blue]A Charlie Brown Christmas[/COLOR][/B]</title>
	<meta>
	<imdb>tt0059026</imdb>
	<content>movie</content>
	<title>A Charlie Brown Christmas</title>
	<year>1965</year>
	</meta>
	<link>
	<sublink>https://www.youtube.com/watch?v=N8yy57gqR7s&feature=youtu.be</sublink>
	<sublink>search</sublink>
	<sublink>searchsd</sublink>
	</link>
	<thumbnail>https://image.tmdb.org/t/p/w1280/3Bn0tc1BsheZwUQtvl10wTgQ16J.jpg</thumbnail>
	<fanart>https://image.tmdb.org/t/p/w1280/rtPtwVTo4RqumivX2zspSk8GyCy.jpg</fanart>
</item>
<item>
	<title>[B][COLOR=blue]The Muppet Christmas Carol[/COLOR][/B]</title>
	<meta>
	<imdb>tt0104940</imdb>
	<content>movie</content>
	<title>The Muppet Christmas Carol</title>
	<year>1992</year>
	</meta>
	<link>
	<sublink>https://www.youtube.com/watch?v=KAk5KQABLuE&feature=youtu.be</sublink>
	<sublink>search</sublink>
	<sublink>searchsd</sublink>
	</link>
	<thumbnail>https://image.tmdb.org/t/p/w1280/fe4nLJkDNXhyuMnrZ60MfoSpPes.jpg</thumbnail>
	<fanart>https://image.tmdb.org/t/p/w1280/h6NQoXBxD0uaIrpuk9FFV89vITT.jpg</fanart>
</item>
<item>
	<title>[B][COLOR=blue]Mickey's Christmas Carol[/COLOR][/B]</title>
	<meta>
	<imdb>tt0085936</imdb>
	<content>movie</content>
	<title>Mickey's Christmas Carol</title>
	<year>1983</year>
	</meta>
	<link>
	<sublink>https://www.youtube.com/watch?v=eCO4D7KTRtE&feature=youtu.be</sublink>
	<sublink>search</sublink>
	<sublink>searchsd</sublink>
	</link>
	<thumbnail>https://image.tmdb.org/t/p/w1280/29iF1IiC3ZyJQ1kmTf4LD8p8oro.jpg</thumbnail>
	<fanart>https://image.tmdb.org/t/p/w1280/fDK3xeAcQfQ40ZUULgZshElkspa.jpg</fanart>
</item>
<item>
	<title>[B][COLOR=blue]Ice Age: A Mammoth Christmas[/COLOR][/B]</title>
	<meta>
	<imdb>tt2100546</imdb>
	<content>movie</content>
	<title>Ice Age: A Mammoth Christmas</title>
	<year>2011</year>
	</meta>
	<link>
	<sublink>https://www.youtube.com/watch?v=Dk1XJF2SX4E&feature=youtu.be</sublink>
	<sublink>search</sublink>
	<sublink>searchsd</sublink>
	</link>
	<thumbnail>https://image.tmdb.org/t/p/w1280/bBKkG54YXVTFCKeZ4a5pmRubTQg.jpg</thumbnail>
	<fanart>https://image.tmdb.org/t/p/w1280/kXZk3v0YPKysLj6J9oimbuxpmCW.jpg</fanart>
</item>
<item>
	<title>[B][COLOR=blue]Mickey's Once Upon a Christmas[/COLOR][/B]</title>
	<meta>
	<imdb>tt0238414</imdb>
	<content>movie</content>
	<title>Mickey's Once Upon a Christmas</title>
	<year>1999</year>
	</meta>
	<link>
	<sublink>https://www.youtube.com/watch?v=yKOeF8v67OI&feature=youtu.be</sublink>
	<sublink>search</sublink>
	<sublink>searchsd</sublink>
	</link>
	<thumbnail>https://image.tmdb.org/t/p/w1280/hPXSWiuYdJXHtcDS5wluYWgZldE.jpg</thumbnail>
	<fanart>https://image.tmdb.org/t/p/w1280/txLoYcQtKKyGmqik1HRyW2Uv6CY.jpg</fanart>
</item>
<item>
	<title>[B][COLOR=blue]Beauty and the Beast: The Enchanted Christmas[/COLOR][/B]</title>
	<meta>
	<imdb>tt0118692</imdb>
	<content>movie</content>
	<title>Beauty and the Beast: The Enchanted Christmas</title>
	<year>1997</year>
	</meta>
	<link>
	<sublink>https://www.youtube.com/watch?v=A2xh1BwSpL4&feature=youtu.be</sublink>
	<sublink>search</sublink>
	<sublink>searchsd</sublink>
	</link>
	<thumbnail>https://image.tmdb.org/t/p/w1280/aqt7gysA2A9dErYxsejYHRo8xPh.jpg</thumbnail>
	<fanart>https://image.tmdb.org/t/p/w1280/568YxRBjT8xkaomnuQaNLg5Bndn.jpg</fanart>
</item>
<item>
	<title>[B][COLOR=blue]Mickey's Twice Upon a Christmas[/COLOR][/B]</title>
	<meta>
	<imdb>tt0424279</imdb>
	<content>movie</content>
	<title>Mickey's Twice Upon a Christmas</title>
	<year>2004</year>
	</meta>
	<link>
	<sublink>https://www.youtube.com/watch?v=u_3lbGK8hoU&feature=youtu.be</sublink>
	<sublink>search</sublink>
	<sublink>searchsd</sublink>
	</link>
	<thumbnail>https://image.tmdb.org/t/p/w1280/8RTPZ3i7sGWFg4rD6KFptkbniLJ.jpg</thumbnail>
	<fanart>https://image.tmdb.org/t/p/w1280/it2VjKfMblvKA9Jf9Qy4msgXvZw.jpg</fanart>
</item>
<item>
	<title>[B][COLOR=blue]Barbie: A Perfect Christmas[/COLOR][/B]</title>
	<meta>
	<imdb>tt2091240</imdb>
	<content>movie</content>
	<title>Barbie: A Perfect Christmas</title>
	<year>2011</year>
	</meta>
	<link>
	<sublink>https://www.youtube.com/watch?v=u_3lbGK8hoU&feature=youtu.be</sublink>
	<sublink>search</sublink>
	<sublink>searchsd</sublink>
	</link>
	<thumbnail>https://image.tmdb.org/t/p/w1280none</thumbnail>
	<fanart>https://image.tmdb.org/t/p/w1280none</fanart>
</item>
<item>
	<title>[B][COLOR=blue]Abominable Christmas[/COLOR][/B]</title>
	<meta>
	<imdb>tt2445310</imdb>
	<content>movie</content>
	<title>Abominable Christmas</title>
	<year>2012</year>
	</meta>
	<link>
	<sublink>https://www.youtube.com/watch?v=RNvcxm904CI&feature=youtu.be</sublink>
	<sublink>search</sublink>
	<sublink>searchsd</sublink>
	</link>
	<thumbnail>https://image.tmdb.org/t/p/w1280/2Vgh6gzxdfF26nmZoROSmKm9SGO.jpg</thumbnail>
	<fanart>https://image.tmdb.org/t/p/w1280/nAYUHOX4kfpYs2puGuCsvvgY7hH.jpg</fanart>
</item>
<item>
	<title>[B][COLOR=blue]Mickey's Magical Christmas: Snowed in at the House of Mouse[/COLOR][/B]</title>
	<meta>
	<imdb>tt0300195</imdb>
	<content>movie</content>
	<title>Mickey's Magical Christmas: Snowed in at the House of Mouse</title>
	<year>2001</year>
	</meta>
	<link>
	<sublink>https://www.youtube.com/watch?v=PAQF9iiCTHU&feature=youtu.be</sublink>
	<sublink>search</sublink>
	<sublink>searchsd</sublink>
	</link>
	<thumbnail>https://image.tmdb.org/t/p/w1280/3yIvYvNvarfvwc9YnC0ZbAHhfRK.jpg</thumbnail>
	<fanart>https://image.tmdb.org/t/p/w1280/zK2Z40YMpJXrdjtB87hLC4r07QS.jpg</fanart>
</item>
<item>
	<title>[B][COLOR=blue]A Garfield Christmas Special[/COLOR][/B]</title>
	<meta>
	<imdb>tt0302596</imdb>
	<content>movie</content>
	<title>A Garfield Christmas Special</title>
	<year>1987</year>
	</meta>
	<link>
	<sublink>https://www.youtube.com/watch?v=PAQF9iiCTHU&feature=youtu.be</sublink>
	<sublink>search</sublink>
	<sublink>searchsd</sublink>
	</link>
	<thumbnail>https://image.tmdb.org/t/p/w1280none</thumbnail>
	<fanart>https://image.tmdb.org/t/p/w1280none</fanart>
</item>
<item>
	<title>[B][COLOR=blue]The Smurfs: A Christmas Carol[/COLOR][/B]</title>
	<meta>
	<imdb>tt2062677</imdb>
	<content>movie</content>
	<title>The Smurfs: A Christmas Carol</title>
	<year>2011</year>
	</meta>
	<link>
	<sublink>https://www.youtube.com/watch?v=PAQF9iiCTHU&feature=youtu.be</sublink>
	<sublink>search</sublink>
	<sublink>searchsd</sublink>
	</link>
	<thumbnail>https://image.tmdb.org/t/p/w1280none</thumbnail>
	<fanart>https://image.tmdb.org/t/p/w1280none</fanart>
</item>
<item>
	<title>[B][COLOR=blue]A Muppet Family Christmas[/COLOR][/B]</title>
	<meta>
	<imdb>tt0251282</imdb>
	<content>movie</content>
	<title>A Muppet Family Christmas</title>
	<year>1987</year>
	</meta>
	<link>
	<sublink>https://www.youtube.com/watch?v=O6r6fU3kI_4&feature=youtu.be</sublink>
	<sublink>search</sublink>
	<sublink>searchsd</sublink>
	</link>
	<thumbnail>https://image.tmdb.org/t/p/w1280/5AN5cRiUpVaLcuI3FtgY2wJIwG7.jpg</thumbnail>
	<fanart>https://image.tmdb.org/t/p/w1280/6NRMkalKqdotzL3vYjuaJWdLlPJ.jpg</fanart>
</item>
<item>
	<title>[B][COLOR=blue]The Flight Before Christmas[/COLOR][/B]</title>
	<meta>
	<imdb>tt0885415</imdb>
	<content>movie</content>
	<title>The Flight Before Christmas</title>
	<year>2008</year>
	</meta>
	<link>
	<sublink>https://www.youtube.com/watch?v=NtZX7SOPDi4&feature=youtu.be</sublink>
	<sublink>search</sublink>
	<sublink>searchsd</sublink>
	</link>
	<thumbnail>https://image.tmdb.org/t/p/w1280/7r4Z2bDmjvTY4hHbhCQqqALS3hl.jpg</thumbnail>
	<fanart>https://image.tmdb.org/t/p/w1280/kEgr8FGXavizdpsZ4LwWpmkDy3L.jpg</fanart>
</item>
<item>
	<title>[B][COLOR=blue]Curious George: A Very Monkey Christmas[/COLOR][/B]</title>
	<meta>
	<imdb>tt1570964</imdb>
	<content>movie</content>
	<title>Curious George: A Very Monkey Christmas</title>
	<year>2009</year>
	</meta>
	<link>
	<sublink>https://www.youtube.com/watch?v=NtZX7SOPDi4&feature=youtu.be</sublink>
	<sublink>search</sublink>
	<sublink>searchsd</sublink>
	</link>
	<thumbnail>https://image.tmdb.org/t/p/w1280none</thumbnail>
	<fanart>https://image.tmdb.org/t/p/w1280none</fanart>
</item>
<item>
	<title>[B][COLOR=blue]Donkey's Christmas Shrektacular[/COLOR][/B]</title>
	<meta>
	<imdb>tt1830577</imdb>
	<content>movie</content>
	<title>Donkey's Christmas Shrektacular</title>
	<year>2010</year>
	</meta>
	<link>
	<sublink>https://www.youtube.com/watch?v=NtZX7SOPDi4&feature=youtu.be</sublink>
	<sublink>search</sublink>
	<sublink>searchsd</sublink>
	</link>
	<thumbnail>https://image.tmdb.org/t/p/w1280none</thumbnail>
	<fanart>https://image.tmdb.org/t/p/w1280none</fanart>
</item>
<item>
	<title>[B][COLOR=blue]A Flintstones Christmas Carol[/COLOR][/B]</title>
	<meta>
	<imdb>tt0193164</imdb>
	<content>movie</content>
	<title>A Flintstones Christmas Carol</title>
	<year>1994</year>
	</meta>
	<link>
	<sublink>https://www.youtube.com/watch?v=NtZX7SOPDi4&feature=youtu.be</sublink>
	<sublink>search</sublink>
	<sublink>searchsd</sublink>
	</link>
	<thumbnail>https://image.tmdb.org/t/p/w1280none</thumbnail>
	<fanart>https://image.tmdb.org/t/p/w1280none</fanart>
</item>
<item>
	<title>[B][COLOR=blue]A Scooby-Doo! Christmas[/COLOR][/B]</title>
	<meta>
	<imdb>tt1146294</imdb>
	<content>movie</content>
	<title>A Scooby-Doo! Christmas</title>
	<year>2002</year>
	</meta>
	<link>
	<sublink>https://www.youtube.com/watch?v=NtZX7SOPDi4&feature=youtu.be</sublink>
	<sublink>search</sublink>
	<sublink>searchsd</sublink>
	</link>
	<thumbnail>https://image.tmdb.org/t/p/w1280none</thumbnail>
	<fanart>https://image.tmdb.org/t/p/w1280none</fanart>
</item>
<item>
	<title>[B][COLOR=blue]A Chipmunk Christmas[/COLOR][/B]</title>
	<meta>
	<imdb>tt1146433</imdb>
	<content>movie</content>
	<title>A Chipmunk Christmas</title>
	<year>1981</year>
	</meta>
	<link>
	<sublink>https://www.youtube.com/watch?v=SaFqpuVZ6Bw&feature=youtu.be</sublink>
	<sublink>search</sublink>
	<sublink>searchsd</sublink>
	</link>
	<thumbnail>https://image.tmdb.org/t/p/w1280/c1aAJ5pXTy07HYEGmb4BuMp1s5n.jpg</thumbnail>
	<fanart>https://image.tmdb.org/t/p/w1280/udMzhNpvMozr3WHF0a4RV4aJ8o6.jpg</fanart>
</item>
<item>
	<title>[B][COLOR=blue]Beethoven's Christmas Adventure[/COLOR][/B]</title>
	<meta>
	<imdb>tt1855134</imdb>
	<content>movie</content>
	<title>Beethoven's Christmas Adventure</title>
	<year>2011</year>
	</meta>
	<link>
	<sublink>https://www.youtube.com/watch?v=SaFqpuVZ6Bw&feature=youtu.be</sublink>
	<sublink>search</sublink>
	<sublink>searchsd</sublink>
	</link>
	<thumbnail>https://image.tmdb.org/t/p/w1280none</thumbnail>
	<fanart>https://image.tmdb.org/t/p/w1280none</fanart>
</item>
<item>
	<title>[B][COLOR=blue]A Muppets Christmas: Letters to Santa[/COLOR][/B]</title>
	<meta>
	<imdb>tt1292569</imdb>
	<content>movie</content>
	<title>A Muppets Christmas: Letters to Santa</title>
	<year>2008</year>
	</meta>
	<link>
	<sublink>https://www.youtube.com/watch?v=SaFqpuVZ6Bw&feature=youtu.be</sublink>
	<sublink>search</sublink>
	<sublink>searchsd</sublink>
	</link>
	<thumbnail>https://image.tmdb.org/t/p/w1280none</thumbnail>
	<fanart>https://image.tmdb.org/t/p/w1280none</fanart>
</item>
<item>
	<title>[B][COLOR=blue]Chilly Christmas[/COLOR][/B]</title>
	<meta>
	<imdb>tt2232446</imdb>
	<content>movie</content>
	<title>Chilly Christmas</title>
	<year>2012</year>
	</meta>
	<link>
	<sublink>https://www.youtube.com/watch?v=SaFqpuVZ6Bw&feature=youtu.be</sublink>
	<sublink>search</sublink>
	<sublink>searchsd</sublink>
	</link>
	<thumbnail>https://image.tmdb.org/t/p/w1280none</thumbnail>
	<fanart>https://image.tmdb.org/t/p/w1280none</fanart>
</item>
<item>
	<title>[B][COLOR=blue]A Flintstone Christmas[/COLOR][/B]</title>
	<meta>
	<imdb>tt0193163</imdb>
	<content>movie</content>
	<title>A Flintstone Christmas</title>
	<year>1977</year>
	</meta>
	<link>
	<sublink>https://www.youtube.com/watch?v=SaFqpuVZ6Bw&feature=youtu.be</sublink>
	<sublink>search</sublink>
	<sublink>searchsd</sublink>
	</link>
	<thumbnail>https://image.tmdb.org/t/p/w1280none</thumbnail>
	<fanart>https://image.tmdb.org/t/p/w1280none</fanart>
</item>
<item>
	<title>[B][COLOR=blue]Bah, Humduck!: A Looney Tunes Christmas[/COLOR][/B]</title>
	<meta>
	<imdb>tt0896522</imdb>
	<content>movie</content>
	<title>Bah, Humduck!: A Looney Tunes Christmas</title>
	<year>2006</year>
	</meta>
	<link>
	<sublink>https://www.youtube.com/watch?v=WQwE6r7fWU0&feature=youtu.be</sublink>
	<sublink>search</sublink>
	<sublink>searchsd</sublink>
	</link>
	<thumbnail>https://image.tmdb.org/t/p/w1280/56luSbBA4o6otfyIyFtuV29AAYy.jpg</thumbnail>
	<fanart>https://image.tmdb.org/t/p/w1280/cwCazoeGklaHkivLLpnPp5uiqc3.jpg</fanart>
</item>
<item>
	<title>[B][COLOR=blue]It's a Very Merry Muppet Christmas Movie[/COLOR][/B]</title>
	<meta>
	<imdb>tt0329737</imdb>
	<content>movie</content>
	<title>It's a Very Merry Muppet Christmas Movie</title>
	<year>2002</year>
	</meta>
	<link>
	<sublink>https://www.youtube.com/watch?v=O1Uf_oqCdDw&feature=youtu.be</sublink>
	<sublink>search</sublink>
	<sublink>searchsd</sublink>
	</link>
	<thumbnail>https://image.tmdb.org/t/p/w1280/9HL9DUh40KNmSpmrjq96lYl27Go.jpg</thumbnail>
	<fanart>https://image.tmdb.org/t/p/w1280/qkPkYSTdrjoj32jiMJByBDAKLTH.jpg</fanart>
</item>
<item>
	<title>[B][COLOR=blue]Disney's Christmas Favourites[/COLOR][/B]</title>
	<meta>
	<imdb>tt1798141</imdb>
	<content>movie</content>
	<title>Disney's Christmas Favourites</title>
	<year>2005</year>
	</meta>
	<link>
	<sublink>https://www.youtube.com/watch?v=O1Uf_oqCdDw&feature=youtu.be</sublink>
	<sublink>search</sublink>
	<sublink>searchsd</sublink>
	</link>
	<thumbnail>https://image.tmdb.org/t/p/w1280none</thumbnail>
	<fanart>https://image.tmdb.org/t/p/w1280none</fanart>
</item>
<item>
	<title>[B][COLOR=blue]Charlie Brown's Christmas Tales[/COLOR][/B]</title>
	<meta>
	<imdb>tt0382602</imdb>
	<content>movie</content>
	<title>Charlie Brown's Christmas Tales</title>
	<year>2002</year>
	</meta>
	<link>
	<sublink>https://www.youtube.com/watch?v=O1Uf_oqCdDw&feature=youtu.be</sublink>
	<sublink>search</sublink>
	<sublink>searchsd</sublink>
	</link>
	<thumbnail>https://image.tmdb.org/t/p/w1280none</thumbnail>
	<fanart>https://image.tmdb.org/t/p/w1280none</fanart>
</item>
<item>
	<title>[B][COLOR=blue]Disney Princess: A Christmas of Enchantment[/COLOR][/B]</title>
	<meta>
	<imdb>tt0766235</imdb>
	<content>movie</content>
	<title>Disney Princess: A Christmas of Enchantment</title>
	<year>2005</year>
	</meta>
	<link>
	<sublink>https://www.youtube.com/watch?v=O1Uf_oqCdDw&feature=youtu.be</sublink>
	<sublink>search</sublink>
	<sublink>searchsd</sublink>
	</link>
	<thumbnail>https://image.tmdb.org/t/p/w1280none</thumbnail>
	<fanart>https://image.tmdb.org/t/p/w1280none</fanart>
</item>
<item>
	<title>[B][COLOR=blue]Casper's Haunted Christmas[/COLOR][/B]</title>
	<meta>
	<imdb>tt0284946</imdb>
	<content>movie</content>
	<title>Casper's Haunted Christmas</title>
	<year>2000</year>
	</meta>
	<link>
	<sublink>https://www.youtube.com/watch?v=xHU8LOzoovI&feature=youtu.be</sublink>
	<sublink>search</sublink>
	<sublink>searchsd</sublink>
	</link>
	<thumbnail>https://image.tmdb.org/t/p/w1280/3BFR30kh0O3NKR1Sfea3HXCG6hw.jpg</thumbnail>
	<fanart>https://image.tmdb.org/t/p/w1280/l9PIBKLQGxBhnDPD191LLrhbQMz.jpg</fanart>
</item>
<item>
	<title>[B][COLOR=blue]I Want a Dog for Christmas, Charlie Brown[/COLOR][/B]</title>
	<meta>
	<imdb>tt0387301</imdb>
	<content>movie</content>
	<title>I Want a Dog for Christmas, Charlie Brown</title>
	<year>2003</year>
	</meta>
	<link>
	<sublink>https://www.youtube.com/watch?v=xHU8LOzoovI&feature=youtu.be</sublink>
	<sublink>search</sublink>
	<sublink>searchsd</sublink>
	</link>
	<thumbnail>https://image.tmdb.org/t/p/w1280none</thumbnail>
	<fanart>https://image.tmdb.org/t/p/w1280none</fanart>
</item>
<item>
	<title>[B][COLOR=blue]A Disney Christmas Gift[/COLOR][/B]</title>
	<meta>
	<imdb>tt2129864</imdb>
	<content>movie</content>
	<title>A Disney Christmas Gift</title>
	<year>1983</year>
	</meta>
	<link>
	<sublink>https://www.youtube.com/watch?v=xHU8LOzoovI&feature=youtu.be</sublink>
	<sublink>search</sublink>
	<sublink>searchsd</sublink>
	</link>
	<thumbnail>https://image.tmdb.org/t/p/w1280none</thumbnail>
	<fanart>https://image.tmdb.org/t/p/w1280none</fanart>
</item>
<item>
	<title>[B][COLOR=blue]Winnie the Pooh & Christmas Too[/COLOR][/B]</title>
	<meta>
	<imdb>tt0220159</imdb>
	<content>movie</content>
	<title>Winnie the Pooh & Christmas Too</title>
	<year>1991</year>
	</meta>
	<link>
	<sublink>https://www.youtube.com/watch?v=xHU8LOzoovI&feature=youtu.be</sublink>
	<sublink>search</sublink>
	<sublink>searchsd</sublink>
	</link>
	<thumbnail>https://image.tmdb.org/t/p/w1280none</thumbnail>
	<fanart>https://image.tmdb.org/t/p/w1280none</fanart>
</item>
<item>
	<title>[B][COLOR=blue]Rudolph and Frosty's Christmas in July[/COLOR][/B]</title>
	<meta>
	<imdb>tt0079828</imdb>
	<content>movie</content>
	<title>Rudolph and Frosty's Christmas in July</title>
	<year>1979</year>
	</meta>
	<link>
	<sublink>https://www.youtube.com/watch?v=h4ohKUcjl58&feature=youtu.be</sublink>
	<sublink>search</sublink>
	<sublink>searchsd</sublink>
	</link>
	<thumbnail>https://image.tmdb.org/t/p/w1280/aQkuPGotl1jofdeX4eXiXLeorR4.jpg</thumbnail>
	<fanart>https://image.tmdb.org/t/p/w1280/dKPl4IjbRiIwwB2Qk94Mx0QEkmc.jpg</fanart>
</item>
<item>
	<title>[B][COLOR=blue]The Smurfs Christmas Special[/COLOR][/B]</title>
	<meta>
	<imdb>tt1177949</imdb>
	<content>movie</content>
	<title>The Smurfs Christmas Special</title>
	<year>1982</year>
	</meta>
	<link>
	<sublink>https://www.youtube.com/watch?v=h4ohKUcjl58&feature=youtu.be</sublink>
	<sublink>search</sublink>
	<sublink>searchsd</sublink>
	</link>
	<thumbnail>https://image.tmdb.org/t/p/w1280none</thumbnail>
	<fanart>https://image.tmdb.org/t/p/w1280none</fanart>
</item>
<item>
	<title>[B][COLOR=blue]Bugs Bunny's Looney Christmas Tales[/COLOR][/B]</title>
	<meta>
	<imdb>tt0154263</imdb>
	<content>movie</content>
	<title>Bugs Bunny's Looney Christmas Tales</title>
	<year>1979</year>
	</meta>
	<link>
	<sublink>https://www.youtube.com/watch?v=h4ohKUcjl58&feature=youtu.be</sublink>
	<sublink>search</sublink>
	<sublink>searchsd</sublink>
	</link>
	<thumbnail>https://image.tmdb.org/t/p/w1280none</thumbnail>
	<fanart>https://image.tmdb.org/t/p/w1280none</fanart>
</item>
<item>
	<title>[B][COLOR=blue]Mr. Magoo's Christmas Carol[/COLOR][/B]</title>
	<meta>
	<imdb>tt0123179</imdb>
	<content>movie</content>
	<title>Mr. Magoo's Christmas Carol</title>
	<year>1962</year>
	</meta>
	<link>
	<sublink>https://www.youtube.com/watch?v=h4ohKUcjl58&feature=youtu.be</sublink>
	<sublink>search</sublink>
	<sublink>searchsd</sublink>
	</link>
	<thumbnail>https://image.tmdb.org/t/p/w1280none</thumbnail>
	<fanart>https://image.tmdb.org/t/p/w1280none</fanart>
</item>
<item>
	<title>[B][COLOR=blue]Thomas & Friends: Thomas' Christmas Carol[/COLOR][/B]</title>
	<meta>
	<imdb>tt4943842</imdb>
	<content>movie</content>
	<title>Thomas & Friends: Thomas' Christmas Carol</title>
	<year>2015</year>
	</meta>
	<link>
	<sublink>https://www.youtube.com/watch?v=h4ohKUcjl58&feature=youtu.be</sublink>
	<sublink>search</sublink>
	<sublink>searchsd</sublink>
	</link>
	<thumbnail>https://image.tmdb.org/t/p/w1280none</thumbnail>
	<fanart>https://image.tmdb.org/t/p/w1280none</fanart>
</item>
<item>
	<title>[B][COLOR=blue]The Christmas Toy[/COLOR][/B]</title>
	<meta>
	<imdb>tt0099263</imdb>
	<content>movie</content>
	<title>The Christmas Toy</title>
	<year>1986</year>
	</meta>
	<link>
	<sublink>https://www.youtube.com/watch?v=h4ohKUcjl58&feature=youtu.be</sublink>
	<sublink>search</sublink>
	<sublink>searchsd</sublink>
	</link>
	<thumbnail>https://image.tmdb.org/t/p/w1280none</thumbnail>
	<fanart>https://image.tmdb.org/t/p/w1280none</fanart>
</item>
<item>
	<title>[B][COLOR=blue]Yogi's First Christmas[/COLOR][/B]</title>
	<meta>
	<imdb>tt0199161</imdb>
	<content>movie</content>
	<title>Yogi's First Christmas</title>
	<year>1980</year>
	</meta>
	<link>
	<sublink>https://www.youtube.com/watch?v=h4ohKUcjl58&feature=youtu.be</sublink>
	<sublink>search</sublink>
	<sublink>searchsd</sublink>
	</link>
	<thumbnail>https://image.tmdb.org/t/p/w1280none</thumbnail>
	<fanart>https://image.tmdb.org/t/p/w1280none</fanart>
</item>
<item>
	<title>[B][COLOR=blue]An All Dogs Christmas Carol[/COLOR][/B]</title>
	<meta>
	<imdb>tt0166960</imdb>
	<content>movie</content>
	<title>An All Dogs Christmas Carol</title>
	<year>1998</year>
	</meta>
	<link>
	<sublink>https://www.youtube.com/watch?v=h4ohKUcjl58&feature=youtu.be</sublink>
	<sublink>search</sublink>
	<sublink>searchsd</sublink>
	</link>
	<thumbnail>https://image.tmdb.org/t/p/w1280none</thumbnail>
	<fanart>https://image.tmdb.org/t/p/w1280none</fanart>
</item>
<item>
	<title>[B][COLOR=blue]Thomas & Friends: A Very Thomas Christmas[/COLOR][/B]</title>
	<meta>
	<imdb>tt2406724</imdb>
	<content>movie</content>
	<title>Thomas & Friends: A Very Thomas Christmas</title>
	<year>2012</year>
	</meta>
	<link>
	<sublink>https://www.youtube.com/watch?v=h4ohKUcjl58&feature=youtu.be</sublink>
	<sublink>search</sublink>
	<sublink>searchsd</sublink>
	</link>
	<thumbnail>https://image.tmdb.org/t/p/w1280none</thumbnail>
	<fanart>https://image.tmdb.org/t/p/w1280none</fanart>
</item>
<item>
	<title>[B][COLOR=blue]The 12 Dogs of Christmas[/COLOR][/B]</title>
	<meta>
	<imdb>tt0405615</imdb>
	<content>movie</content>
	<title>The 12 Dogs of Christmas</title>
	<year>2005</year>
	</meta>
	<link>
	<sublink>https://www.youtube.com/watch?v=h4ohKUcjl58&feature=youtu.be</sublink>
	<sublink>search</sublink>
	<sublink>searchsd</sublink>
	</link>
	<thumbnail>https://image.tmdb.org/t/p/w1280none</thumbnail>
	<fanart>https://image.tmdb.org/t/p/w1280none</fanart>
</item>
<item>
	<title>[B][COLOR=blue]Christmas Eve on Sesame Street[/COLOR][/B]</title>
	<meta>
	<imdb>tt0331217</imdb>
	<content>movie</content>
	<title>Christmas Eve on Sesame Street</title>
	<year>1978</year>
	</meta>
	<link>
	<sublink>https://www.youtube.com/watch?v=h4ohKUcjl58&feature=youtu.be</sublink>
	<sublink>search</sublink>
	<sublink>searchsd</sublink>
	</link>
	<thumbnail>https://image.tmdb.org/t/p/w1280none</thumbnail>
	<fanart>https://image.tmdb.org/t/p/w1280none</fanart>
</item>
<item>
	<title>[B][COLOR=blue]Classic Christmas Favorites[/COLOR][/B]</title>
	<meta>
	<imdb>none</imdb>
	<content>movie</content>
	<title>Classic Christmas Favorites</title>
	<year>2008</year>
	</meta>
	<link>
	<sublink>https://www.youtube.com/watch?v=h4ohKUcjl58&feature=youtu.be</sublink>
	<sublink>search</sublink>
	<sublink>searchsd</sublink>
	</link>
	<thumbnail>https://image.tmdb.org/t/p/w1280none</thumbnail>
	<fanart>https://image.tmdb.org/t/p/w1280none</fanart>
</item>
<item>
	<title>[B][COLOR=blue]The Dog Who Saved Christmas[/COLOR][/B]</title>
	<meta>
	<imdb>tt1356395</imdb>
	<content>movie</content>
	<title>The Dog Who Saved Christmas</title>
	<year>2009</year>
	</meta>
	<link>
	<sublink>https://www.youtube.com/watch?v=h4ohKUcjl58&feature=youtu.be</sublink>
	<sublink>search</sublink>
	<sublink>searchsd</sublink>
	</link>
	<thumbnail>https://image.tmdb.org/t/p/w1280none</thumbnail>
	<fanart>https://image.tmdb.org/t/p/w1280none</fanart>
</item>
<item>
	<title>[B][COLOR=blue]The Swan Princess Christmas[/COLOR][/B]</title>
	<meta>
	<imdb>tt1984279</imdb>
	<content>movie</content>
	<title>The Swan Princess Christmas</title>
	<year>2012</year>
	</meta>
	<link>
	<sublink>https://www.youtube.com/watch?v=bV-PXFVuEKE&feature=youtu.be</sublink>
	<sublink>search</sublink>
	<sublink>searchsd</sublink>
	</link>
	<thumbnail>https://image.tmdb.org/t/p/w1280/xGYZ1aC7ihaYOD9UX5BHGjPoHSq.jpg</thumbnail>
	<fanart>https://image.tmdb.org/t/p/w1280/wksHb1ZYGntSsbl1cpE8Xexfoqb.jpg</fanart>
</item>
<item>
	<title>[B][COLOR=blue]The Night Before Christmas[/COLOR][/B]</title>
	<meta>
	<imdb>tt0033952</imdb>
	<content>movie</content>
	<title>The Night Before Christmas</title>
	<year>1941</year>
	</meta>
	<link>
	<sublink>https://www.youtube.com/watch?v=bV-PXFVuEKE&feature=youtu.be</sublink>
	<sublink>search</sublink>
	<sublink>searchsd</sublink>
	</link>
	<thumbnail>https://image.tmdb.org/t/p/w1280none</thumbnail>
	<fanart>https://image.tmdb.org/t/p/w1280none</fanart>
</item>
<item>
	<title>[B][COLOR=blue]Sonic Christmas Blast[/COLOR][/B]</title>
	<meta>
	<imdb>tt0770807</imdb>
	<content>movie</content>
	<title>Sonic Christmas Blast</title>
	<year>1996</year>
	</meta>
	<link>
	<sublink>https://www.youtube.com/watch?v=bV-PXFVuEKE&feature=youtu.be</sublink>
	<sublink>search</sublink>
	<sublink>searchsd</sublink>
	</link>
	<thumbnail>https://image.tmdb.org/t/p/w1280none</thumbnail>
	<fanart>https://image.tmdb.org/t/p/w1280none</fanart>
</item>
<item>
	<title>[B][COLOR=blue]3 Holiday Tails[/COLOR][/B]</title>
	<meta>
	<imdb>tt1942787</imdb>
	<content>movie</content>
	<title>3 Holiday Tails</title>
	<year>2011</year>
	</meta>
	<link>
	<sublink>https://www.youtube.com/watch?v=bV-PXFVuEKE&feature=youtu.be</sublink>
	<sublink>search</sublink>
	<sublink>searchsd</sublink>
	</link>
	<thumbnail>https://image.tmdb.org/t/p/w1280none</thumbnail>
	<fanart>https://image.tmdb.org/t/p/w1280none</fanart>
</item>
<item>
	<title>[B][COLOR=blue]Rudolph the Red-Nosed Reindeer[/COLOR][/B]</title>
	<meta>
	<imdb>tt0058536</imdb>
	<content>movie</content>
	<title>Rudolph the Red-Nosed Reindeer</title>
	<year>1964</year>
	</meta>
	<link>
	<sublink>https://www.youtube.com/watch?v=W6IAY9bSP7s&feature=youtu.be</sublink>
	<sublink>search</sublink>
	<sublink>searchsd</sublink>
	</link>
	<thumbnail>https://image.tmdb.org/t/p/w1280/r0vtyGOwTLZg4pgtbjlMGke7Qo1.jpg</thumbnail>
	<fanart>https://image.tmdb.org/t/p/w1280/zd3p7GKopxH4rIjGoDQ1ugalUtx.jpg</fanart>
</item>
<item>
	<title>[B][COLOR=blue]It's Christmastime Again, Charlie Brown[/COLOR][/B]</title>
	<meta>
	<imdb>tt0104534</imdb>
	<content>movie</content>
	<title>It's Christmastime Again, Charlie Brown</title>
	<year>1992</year>
	</meta>
	<link>
	<sublink>https://www.youtube.com/watch?v=W6IAY9bSP7s&feature=youtu.be</sublink>
	<sublink>search</sublink>
	<sublink>searchsd</sublink>
	</link>
	<thumbnail>https://image.tmdb.org/t/p/w1280none</thumbnail>
	<fanart>https://image.tmdb.org/t/p/w1280none</fanart>
</item>
<item>
	<title>[B][COLOR=blue]He-Man and She-Ra: A Christmas Special[/COLOR][/B]</title>
	<meta>
	<imdb>tt0276016</imdb>
	<content>movie</content>
	<title>He-Man and She-Ra: A Christmas Special</title>
	<year>1985</year>
	</meta>
	<link>
	<sublink>https://www.youtube.com/watch?v=W6IAY9bSP7s&feature=youtu.be</sublink>
	<sublink>search</sublink>
	<sublink>searchsd</sublink>
	</link>
	<thumbnail>https://image.tmdb.org/t/p/w1280none</thumbnail>
	<fanart>https://image.tmdb.org/t/p/w1280none</fanart>
</item>
<item>
	<title>[B][COLOR=blue]My Friends Tigger and Pooh Super Sleuth Christmas Movie[/COLOR][/B]</title>
	<meta>
	<imdb>tt1141984</imdb>
	<content>movie</content>
	<title>My Friends Tigger and Pooh Super Sleuth Christmas Movie</title>
	<year>2007</year>
	</meta>
	<link>
	<sublink>https://www.youtube.com/watch?v=W6IAY9bSP7s&feature=youtu.be</sublink>
	<sublink>search</sublink>
	<sublink>searchsd</sublink>
	</link>
	<thumbnail>https://image.tmdb.org/t/p/w1280none</thumbnail>
	<fanart>https://image.tmdb.org/t/p/w1280none</fanart>
</item>
<item>
	<title>[B][COLOR=blue]If You Give a Mouse a Christmas Cookie[/COLOR][/B]</title>
	<meta>
	<imdb>tt6205148</imdb>
	<content>movie</content>
	<title>If You Give a Mouse a Christmas Cookie</title>
	<year>2016</year>
	</meta>
	<link>
	<sublink>https://www.youtube.com/watch?v=W6IAY9bSP7s&feature=youtu.be</sublink>
	<sublink>search</sublink>
	<sublink>searchsd</sublink>
	</link>
	<thumbnail>https://image.tmdb.org/t/p/w1280none</thumbnail>
	<fanart>https://image.tmdb.org/t/p/w1280none</fanart>
</item>
<item>
	<title>[B][COLOR=blue]A Flintstone Family Christmas[/COLOR][/B]</title>
	<meta>
	<imdb>tt0392009</imdb>
	<content>movie</content>
	<title>A Flintstone Family Christmas</title>
	<year>1993</year>
	</meta>
	<link>
	<sublink>https://www.youtube.com/watch?v=W6IAY9bSP7s&feature=youtu.be</sublink>
	<sublink>search</sublink>
	<sublink>searchsd</sublink>
	</link>
	<thumbnail>https://image.tmdb.org/t/p/w1280none</thumbnail>
	<fanart>https://image.tmdb.org/t/p/w1280none</fanart>
</item>
<item>
	<title>[B][COLOR=blue]Casper's First Christmas[/COLOR][/B]</title>
	<meta>
	<imdb>tt0390954</imdb>
	<content>movie</content>
	<title>Casper's First Christmas</title>
	<year>1979</year>
	</meta>
	<link>
	<sublink>https://www.youtube.com/watch?v=W6IAY9bSP7s&feature=youtu.be</sublink>
	<sublink>search</sublink>
	<sublink>searchsd</sublink>
	</link>
	<thumbnail>https://image.tmdb.org/t/p/w1280none</thumbnail>
	<fanart>https://image.tmdb.org/t/p/w1280none</fanart>
</item>
<item>
	<title>[B][COLOR=blue]My Little Pony: A Very Minty Christmas[/COLOR][/B]</title>
	<meta>
	<imdb>tt0840350</imdb>
	<content>movie</content>
	<title>My Little Pony: A Very Minty Christmas</title>
	<year>2005</year>
	</meta>
	<link>
	<sublink>https://www.youtube.com/watch?v=W6IAY9bSP7s&feature=youtu.be</sublink>
	<sublink>search</sublink>
	<sublink>searchsd</sublink>
	</link>
	<thumbnail>https://image.tmdb.org/t/p/w1280none</thumbnail>
	<fanart>https://image.tmdb.org/t/p/w1280none</fanart>
</item>
<item>
	<title>[B][COLOR=blue]Dora the Explorer: Dora's Christmas Carol Adventure[/COLOR][/B]</title>
	<meta>
	<imdb>tt1579947</imdb>
	<content>movie</content>
	<title>Dora the Explorer: Dora's Christmas Carol Adventure</title>
	<year>2009</year>
	</meta>
	<link>
	<sublink>https://www.youtube.com/watch?v=W6IAY9bSP7s&feature=youtu.be</sublink>
	<sublink>search</sublink>
	<sublink>searchsd</sublink>
	</link>
	<thumbnail>https://image.tmdb.org/t/p/w1280none</thumbnail>
	<fanart>https://image.tmdb.org/t/p/w1280none</fanart>
</item>
<item>
	<title>[B][COLOR=blue]Christmas[/COLOR][/B]</title>
	<meta>
	<imdb>tt1410207</imdb>
	<content>movie</content>
	<title>Christmas</title>
	<year>2009</year>
	</meta>
	<link>
	<sublink>https://www.youtube.com/watch?v=W6IAY9bSP7s&feature=youtu.be</sublink>
	<sublink>search</sublink>
	<sublink>searchsd</sublink>
	</link>
	<thumbnail>https://image.tmdb.org/t/p/w1280none</thumbnail>
	<fanart>https://image.tmdb.org/t/p/w1280none</fanart>
</item>
<item>
	<title>[B][COLOR=blue]Shrek the Halls[/COLOR][/B]</title>
	<meta>
	<imdb>tt0897387</imdb>
	<content>movie</content>
	<title>Shrek the Halls</title>
	<year>2007</year>
	</meta>
	<link>
	<sublink>https://www.youtube.com/watch?v=AJKvTHemJCA&feature=youtu.be</sublink>
	<sublink>search</sublink>
	<sublink>searchsd</sublink>
	</link>
	<thumbnail>https://image.tmdb.org/t/p/w1280/zq8UaoqVgpwOVOW1xfIYUekgyNl.jpg</thumbnail>
	<fanart>https://image.tmdb.org/t/p/w1280/deIB7BNbJT37GuFcDyUzPh8uqyO.jpg</fanart>
</item>
<item>
	<title>[B][COLOR=blue]Arthur's Perfect Christmas[/COLOR][/B]</title>
	<meta>
	<imdb>tt0268948</imdb>
	<content>movie</content>
	<title>Arthur's Perfect Christmas</title>
	<year>2000</year>
	</meta>
	<link>
	<sublink>https://www.youtube.com/watch?v=AJKvTHemJCA&feature=youtu.be</sublink>
	<sublink>search</sublink>
	<sublink>searchsd</sublink>
	</link>
	<thumbnail>https://image.tmdb.org/t/p/w1280none</thumbnail>
	<fanart>https://image.tmdb.org/t/p/w1280none</fanart>
</item>
<item>
	<title>[B][COLOR=blue]A Pink Christmas[/COLOR][/B]</title>
	<meta>
	<imdb>tt0330768</imdb>
	<content>movie</content>
	<title>A Pink Christmas</title>
	<year>1978</year>
	</meta>
	<link>
	<sublink>https://www.youtube.com/watch?v=AJKvTHemJCA&feature=youtu.be</sublink>
	<sublink>search</sublink>
	<sublink>searchsd</sublink>
	</link>
	<thumbnail>https://image.tmdb.org/t/p/w1280none</thumbnail>
	<fanart>https://image.tmdb.org/t/p/w1280none</fanart>
</item>
<item>
	<title>[B][COLOR=blue]The Cat in the Hat Knows a Lot About Christmas![/COLOR][/B]</title>
	<meta>
	<imdb>tt2383446</imdb>
	<content>movie</content>
	<title>The Cat in the Hat Knows a Lot About Christmas!</title>
	<year>2012</year>
	</meta>
	<link>
	<sublink>https://www.youtube.com/watch?v=AJKvTHemJCA&feature=youtu.be</sublink>
	<sublink>search</sublink>
	<sublink>searchsd</sublink>
	</link>
	<thumbnail>https://image.tmdb.org/t/p/w1280none</thumbnail>
	<fanart>https://image.tmdb.org/t/p/w1280none</fanart>
</item>
<item>
	<title>[B][COLOR=blue]Franklin's Magic Christmas[/COLOR][/B]</title>
	<meta>
	<imdb>tt0329098</imdb>
	<content>movie</content>
	<title>Franklin's Magic Christmas</title>
	<year>2001</year>
	</meta>
	<link>
	<sublink>https://www.youtube.com/watch?v=AJKvTHemJCA&feature=youtu.be</sublink>
	<sublink>search</sublink>
	<sublink>searchsd</sublink>
	</link>
	<thumbnail>https://image.tmdb.org/t/p/w1280none</thumbnail>
	<fanart>https://image.tmdb.org/t/p/w1280none</fanart>
</item>
<item>
	<title>[B][COLOR=blue]The Berenstain Bears' Christmas Tree[/COLOR][/B]</title>
	<meta>
	<imdb>tt0356408</imdb>
	<content>movie</content>
	<title>The Berenstain Bears' Christmas Tree</title>
	<year>1979</year>
	</meta>
	<link>
	<sublink>https://www.youtube.com/watch?v=AJKvTHemJCA&feature=youtu.be</sublink>
	<sublink>search</sublink>
	<sublink>searchsd</sublink>
	</link>
	<thumbnail>https://image.tmdb.org/t/p/w1280none</thumbnail>
	<fanart>https://image.tmdb.org/t/p/w1280none</fanart>
</item>
<item>
	<title>[B][COLOR=blue]How the Grinch Stole Christmas! Documentary[/COLOR][/B]</title>
	<meta>
	<imdb>none</imdb>
	<content>movie</content>
	<title>How the Grinch Stole Christmas! Documentary</title>
	<year>1966</year>
	</meta>
	<link>
	<sublink>https://www.youtube.com/watch?v=AJKvTHemJCA&feature=youtu.be</sublink>
	<sublink>search</sublink>
	<sublink>searchsd</sublink>
	</link>
	<thumbnail>https://image.tmdb.org/t/p/w1280none</thumbnail>
	<fanart>https://image.tmdb.org/t/p/w1280none</fanart>
</item>
<item>
	<title>[B][COLOR=blue]Very Merry Christmas Sing Along Songs[/COLOR][/B]</title>
	<meta>
	<imdb>tt0285022</imdb>
	<content>movie</content>
	<title>Very Merry Christmas Sing Along Songs</title>
	<year>2002</year>
	</meta>
	<link>
	<sublink>https://www.youtube.com/watch?v=AJKvTHemJCA&feature=youtu.be</sublink>
	<sublink>search</sublink>
	<sublink>searchsd</sublink>
	</link>
	<thumbnail>https://image.tmdb.org/t/p/w1280none</thumbnail>
	<fanart>https://image.tmdb.org/t/p/w1280none</fanart>
</item>
<item>
	<title>[B][COLOR=blue]A Jetson Christmas Carol[/COLOR][/B]</title>
	<meta>
	<imdb>tt0290683</imdb>
	<content>movie</content>
	<title>A Jetson Christmas Carol</title>
	<year>1985</year>
	</meta>
	<link>
	<sublink>https://www.youtube.com/watch?v=AJKvTHemJCA&feature=youtu.be</sublink>
	<sublink>search</sublink>
	<sublink>searchsd</sublink>
	</link>
	<thumbnail>https://image.tmdb.org/t/p/w1280none</thumbnail>
	<fanart>https://image.tmdb.org/t/p/w1280none</fanart>
</item>
<item>
	<title>[B][COLOR=blue]Barbie in the Nutcracker[/COLOR][/B]</title>
	<meta>
	<imdb>tt0288441</imdb>
	<content>movie</content>
	<title>Barbie in the Nutcracker</title>
	<year>2001</year>
	</meta>
	<link>
	<sublink>https://www.youtube.com/watch?v=AJKvTHemJCA&feature=youtu.be</sublink>
	<sublink>search</sublink>
	<sublink>searchsd</sublink>
	</link>
	<thumbnail>https://image.tmdb.org/t/p/w1280none</thumbnail>
	<fanart>https://image.tmdb.org/t/p/w1280none</fanart>
</item>
<item>
	<title>[B][COLOR=blue]Donald Duck's Christmas Favourites[/COLOR][/B]</title>
	<meta>
	<imdb>none</imdb>
	<content>movie</content>
	<title>Donald Duck's Christmas Favourites</title>
	<year>2012</year>
	</meta>
	<link>
	<sublink>https://www.youtube.com/watch?v=AJKvTHemJCA&feature=youtu.be</sublink>
	<sublink>search</sublink>
	<sublink>searchsd</sublink>
	</link>
	<thumbnail>https://image.tmdb.org/t/p/w1280none</thumbnail>
	<fanart>https://image.tmdb.org/t/p/w1280none</fanart>
</item>
<item>
	<title>[B][COLOR=blue]Jingle & Bell's Christmas Star[/COLOR][/B]</title>
	<meta>
	<imdb>tt2306587</imdb>
	<content>movie</content>
	<title>Jingle & Bell's Christmas Star</title>
	<year>2012</year>
	</meta>
	<link>
	<sublink>https://www.youtube.com/watch?v=AJKvTHemJCA&feature=youtu.be</sublink>
	<sublink>search</sublink>
	<sublink>searchsd</sublink>
	</link>
	<thumbnail>https://image.tmdb.org/t/p/w1280none</thumbnail>
	<fanart>https://image.tmdb.org/t/p/w1280none</fanart>
</item>
<item>
	<title>[B][COLOR=blue]Bluetoes, the Christmas Elf[/COLOR][/B]</title>
	<meta>
	<imdb>tt0179682</imdb>
	<content>movie</content>
	<title>Bluetoes, the Christmas Elf</title>
	<year>1988</year>
	</meta>
	<link>
	<sublink>https://www.youtube.com/watch?v=AJKvTHemJCA&feature=youtu.be</sublink>
	<sublink>search</sublink>
	<sublink>searchsd</sublink>
	</link>
	<thumbnail>https://image.tmdb.org/t/p/w1280none</thumbnail>
	<fanart>https://image.tmdb.org/t/p/w1280none</fanart>
</item>
<item>
	<title>[B][COLOR=blue]Once Upon a Sesame Street Christmas[/COLOR][/B]</title>
	<meta>
	<imdb>tt6319942</imdb>
	<content>movie</content>
	<title>Once Upon a Sesame Street Christmas</title>
	<year>2016</year>
	</meta>
	<link>
	<sublink>https://www.youtube.com/watch?v=AJKvTHemJCA&feature=youtu.be</sublink>
	<sublink>search</sublink>
	<sublink>searchsd</sublink>
	</link>
	<thumbnail>https://image.tmdb.org/t/p/w1280none</thumbnail>
	<fanart>https://image.tmdb.org/t/p/w1280none</fanart>
</item>
<item>
	<title>[B][COLOR=blue]The Wiggles: Wiggly, Wiggly Christmas[/COLOR][/B]</title>
	<meta>
	<imdb>tt0847537</imdb>
	<content>movie</content>
	<title>The Wiggles: Wiggly, Wiggly Christmas</title>
	<year>2000</year>
	</meta>
	<link>
	<sublink>https://www.youtube.com/watch?v=AJKvTHemJCA&feature=youtu.be</sublink>
	<sublink>search</sublink>
	<sublink>searchsd</sublink>
	</link>
	<thumbnail>https://image.tmdb.org/t/p/w1280none</thumbnail>
	<fanart>https://image.tmdb.org/t/p/w1280none</fanart>
</item>
<item>
	<title>[B][COLOR=blue]Noddy Saves Christmas[/COLOR][/B]</title>
	<meta>
	<imdb>tt0495165</imdb>
	<content>movie</content>
	<title>Noddy Saves Christmas</title>
	<year>2004</year>
	</meta>
	<link>
	<sublink>https://www.youtube.com/watch?v=AJKvTHemJCA&feature=youtu.be</sublink>
	<sublink>search</sublink>
	<sublink>searchsd</sublink>
	</link>
	<thumbnail>https://image.tmdb.org/t/p/w1280none</thumbnail>
	<fanart>https://image.tmdb.org/t/p/w1280none</fanart>
</item>
<item>
	<title>[B][COLOR=blue]Merry Madagascar[/COLOR][/B]</title>
	<meta>
	<imdb>tt1526300</imdb>
	<content>movie</content>
	<title>Merry Madagascar</title>
	<year>2009</year>
	</meta>
	<link>
	<sublink>https://www.youtube.com/watch?v=SvjEHkYm4cY&feature=youtu.be</sublink>
	<sublink>search</sublink>
	<sublink>searchsd</sublink>
	</link>
	<thumbnail>https://image.tmdb.org/t/p/w1280/yb8X45eBtkcEWfcQLdVlTE82pLE.jpg</thumbnail>
	<fanart>https://image.tmdb.org/t/p/w1280/bIA6DNEf3luPT9T5RzLVkBkXMNq.jpg</fanart>
</item>
<item>
	<title>[B][COLOR=blue]Sesame Street: Elmo Saves Christmas[/COLOR][/B]</title>
	<meta>
	<imdb>tt0116189</imdb>
	<content>movie</content>
	<title>Sesame Street: Elmo Saves Christmas</title>
	<year>1997</year>
	</meta>
	<link>
	<sublink>https://www.youtube.com/watch?v=SvjEHkYm4cY&feature=youtu.be</sublink>
	<sublink>search</sublink>
	<sublink>searchsd</sublink>
	</link>
	<thumbnail>https://image.tmdb.org/t/p/w1280none</thumbnail>
	<fanart>https://image.tmdb.org/t/p/w1280none</fanart>
</item>
<item>
	<title>[B][COLOR=blue]VeggieTales: The Toy That Saved Christmas[/COLOR][/B]</title>
	<meta>
	<imdb>tt2145949</imdb>
	<content>movie</content>
	<title>VeggieTales: The Toy That Saved Christmas</title>
	<year>1996</year>
	</meta>
	<link>
	<sublink>https://www.youtube.com/watch?v=SvjEHkYm4cY&feature=youtu.be</sublink>
	<sublink>search</sublink>
	<sublink>searchsd</sublink>
	</link>
	<thumbnail>https://image.tmdb.org/t/p/w1280none</thumbnail>
	<fanart>https://image.tmdb.org/t/p/w1280none</fanart>
</item>
<item>
	<title>[B][COLOR=blue]Peppa Pig: Peppa's Christmas[/COLOR][/B]</title>
	<meta>
	<imdb>tt4055734</imdb>
	<content>movie</content>
	<title>Peppa Pig: Peppa's Christmas</title>
	<year>2015</year>
	</meta>
	<link>
	<sublink>https://www.youtube.com/watch?v=SvjEHkYm4cY&feature=youtu.be</sublink>
	<sublink>search</sublink>
	<sublink>searchsd</sublink>
	</link>
	<thumbnail>https://image.tmdb.org/t/p/w1280none</thumbnail>
	<fanart>https://image.tmdb.org/t/p/w1280none</fanart>
</item>
<item>
	<title>[B][COLOR=blue]Celebrate Christmas With Mickey, Donald & Friends[/COLOR][/B]</title>
	<meta>
	<imdb>none</imdb>
	<content>movie</content>
	<title>Celebrate Christmas With Mickey, Donald & Friends</title>
	<year>2000</year>
	</meta>
	<link>
	<sublink>https://www.youtube.com/watch?v=SvjEHkYm4cY&feature=youtu.be</sublink>
	<sublink>search</sublink>
	<sublink>searchsd</sublink>
	</link>
	<thumbnail>https://image.tmdb.org/t/p/w1280none</thumbnail>
	<fanart>https://image.tmdb.org/t/p/w1280none</fanart>
</item>
<item>
	<title>[B][COLOR=blue]A Sesame Street Christmas Carol[/COLOR][/B]</title>
	<meta>
	<imdb>tt1018930</imdb>
	<content>movie</content>
	<title>A Sesame Street Christmas Carol</title>
	<year>2006</year>
	</meta>
	<link>
	<sublink>https://www.youtube.com/watch?v=SvjEHkYm4cY&feature=youtu.be</sublink>
	<sublink>search</sublink>
	<sublink>searchsd</sublink>
	</link>
	<thumbnail>https://image.tmdb.org/t/p/w1280none</thumbnail>
	<fanart>https://image.tmdb.org/t/p/w1280none</fanart>
</item>
<item>
	<title>[B][COLOR=blue]A Fairy Tale Christmas[/COLOR][/B]</title>
	<meta>
	<imdb>tt0491718</imdb>
	<content>movie</content>
	<title>A Fairy Tale Christmas</title>
	<year>2005</year>
	</meta>
	<link>
	<sublink>https://www.youtube.com/watch?v=SvjEHkYm4cY&feature=youtu.be</sublink>
	<sublink>search</sublink>
	<sublink>searchsd</sublink>
	</link>
	<thumbnail>https://image.tmdb.org/t/p/w1280none</thumbnail>
	<fanart>https://image.tmdb.org/t/p/w1280none</fanart>
</item>
<item>
	<title>[B][COLOR=blue]Winnie the Pooh: A Very Merry Pooh Year[/COLOR][/B]</title>
	<meta>
	<imdb>tt0324572</imdb>
	<content>movie</content>
	<title>Winnie the Pooh: A Very Merry Pooh Year</title>
	<year>2002</year>
	</meta>
	<link>
	<sublink>https://www.youtube.com/watch?v=k2OiS7A8sWg&feature=youtu.be</sublink>
	<sublink>search</sublink>
	<sublink>searchsd</sublink>
	</link>
	<thumbnail>https://image.tmdb.org/t/p/w1280/1Xfh2PPZsjEwFyLqp6bisrbdxZs.jpg</thumbnail>
	<fanart>https://image.tmdb.org/t/p/w1280/bow7Bvllz9xBLk8iCgGwK96tH9m.jpg</fanart>
</item>
<item>
	<title>[B][COLOR=blue]Disney's Christmas Favorites[/COLOR][/B]</title>
	<meta>
	<imdb>tt1798141</imdb>
	<content>movie</content>
	<title>Disney's Christmas Favorites</title>
	<year>2005</year>
	</meta>
	<link>
	<sublink>https://www.youtube.com/watch?v=k2OiS7A8sWg&feature=youtu.be</sublink>
	<sublink>search</sublink>
	<sublink>searchsd</sublink>
	</link>
	<thumbnail>https://image.tmdb.org/t/p/w1280none</thumbnail>
	<fanart>https://image.tmdb.org/t/p/w1280none</fanart>
</item>
<item>
	<title>[B][COLOR=blue]Barney's Christmas Star[/COLOR][/B]</title>
	<meta>
	<imdb>tt1083987</imdb>
	<content>movie</content>
	<title>Barney's Christmas Star</title>
	<year>2002</year>
	</meta>
	<link>
	<sublink>https://www.youtube.com/watch?v=k2OiS7A8sWg&feature=youtu.be</sublink>
	<sublink>search</sublink>
	<sublink>searchsd</sublink>
	</link>
	<thumbnail>https://image.tmdb.org/t/p/w1280none</thumbnail>
	<fanart>https://image.tmdb.org/t/p/w1280none</fanart>
</item>
<item>
	<title>[B][COLOR=blue]Mickey Mouse Clubhouse: Mickey's Treat[/COLOR][/B]</title>
	<meta>
	<imdb>none</imdb>
	<content>movie</content>
	<title>Mickey Mouse Clubhouse: Mickey's Treat</title>
	<year>2007</year>
	</meta>
	<link>
	<sublink>https://www.youtube.com/watch?v=k2OiS7A8sWg&feature=youtu.be</sublink>
	<sublink>search</sublink>
	<sublink>searchsd</sublink>
	</link>
	<thumbnail>https://image.tmdb.org/t/p/w1280none</thumbnail>
	<fanart>https://image.tmdb.org/t/p/w1280none</fanart>
</item>
<item>
	<title>[B][COLOR=blue]Dr Seuss's Holidays on the Loose![/COLOR][/B]</title>
	<meta>
	<imdb>tt9999999</imdb>
	<content>movie</content>
	<title>Dr Seuss's Holidays on the Loose!</title>
	<year>2011</year>
	</meta>
	<link>
	<sublink>https://www.youtube.com/watch?v=k2OiS7A8sWg&feature=youtu.be</sublink>
	<sublink>search</sublink>
	<sublink>searchsd</sublink>
	</link>
	<thumbnail>https://image.tmdb.org/t/p/w1280none</thumbnail>
	<fanart>https://image.tmdb.org/t/p/w1280none</fanart>
</item>
<item>
	<title>[B][COLOR=blue]Super WHY!: 'Twas the Night Before Christmas and Other Fairytale Adventures[/COLOR][/B]</title>
	<meta>
	<imdb>none</imdb>
	<content>movie</content>
	<title>Super WHY!: 'Twas the Night Before Christmas and Other Fairytale Adventures</title>
	<year>2010</year>
	</meta>
	<link>
	<sublink>https://www.youtube.com/watch?v=k2OiS7A8sWg&feature=youtu.be</sublink>
	<sublink>search</sublink>
	<sublink>searchsd</sublink>
	</link>
	<thumbnail>https://image.tmdb.org/t/p/w1280none</thumbnail>
	<fanart>https://image.tmdb.org/t/p/w1280none</fanart>
</item>
