<plugin>
	<title>[B][COLOR ffffef00]• [COLORblue][B]Ryans World Channle[/B][/COLOR]</title>
	<link>plugin://plugin.video.youtube/channel/UChGJGhZ9SOOHvBB0Y4DOO_w/featured/</link>
	<thumbnail></thumbnail>
</plugin>
<plugin>
	<title>[B][COLOR ffffef00]• [COLORblue][B]DIY Crafting [/B][/COLOR]</title>
	<link>plugin://plugin.video.youtube/playlist/PLasCX3wfxLR0lRDeM-fwm_BY4ZLMiKBjn/</link>
	<thumbnail></thumbnail>
</plugin>
<plugin>
	<title>[B][COLOR ffffef00]• [COLORblue][B]Science Experiments[/B][/COLOR]</title>
	<link>plugin://plugin.video.youtube/playlist/PLasCX3wfxLR3nEKMhsCUjyi5f4W6Rg6wf/</link>
	<thumbnail></thumbnail>
</plugin>
<plugin>
	<title>[B][COLOR ffffef00]• [COLORblue][B]Educational Fun Learning[/B][/COLOR]</title>
	<link>plugin://plugin.video.youtube/playlist/PLasCX3wfxLR0r_HwUhDAw4GBz9-UiTvHB/</link>
	<thumbnail></thumbnail>
</plugin>
<plugin>
	<title>[B][COLOR ffffef00]• [COLORblue][B]Halloween[/B][/COLOR]</title>
	<link>plugin://plugin.video.youtube/playlist/PLasCX3wfxLR0fplSnD8ADMKKzXyZAN9Gf/</link>
	<thumbnail></thumbnail>
</plugin>
