<item>
	<title>[B][COLOR=green]Monsters, Inc[/COLOR][/B]</title>
	<meta>
	<imdb>tt0198781</imdb>
	<content>movie</content>
	<title>Monsters, Inc</title>
	<year>2001</year>
	</meta>
	<link>
	<sublink>https://www.youtube.com/watch?v=8IBNZ6O2kMk&feature=youtu.be</sublink>
	<sublink>search</sublink>
	<sublink>searchsd</sublink>
	</link>
	<thumbnail>https://image.tmdb.org/t/p/w1280/93Y9BGx8blzmZOPSoivkFfaifqU.jpg</thumbnail>
	<fanart>https://image.tmdb.org/t/p/w1280/eKBUYeSgGVvztO2MZxD5YMcz6kv.jpg</fanart>
</item>
<item>
	<title>[B][COLOR=green]The Nightmare Before Christmas[/COLOR][/B]</title>
	<meta>
	<imdb>tt0107688</imdb>
	<content>movie</content>
	<title>The Nightmare Before Christmas</title>
	<year>1993</year>
	</meta>
	<link>
	<sublink>https://www.youtube.com/watch?v=8qrB9I3DM80&feature=youtu.be</sublink>
	<sublink>search</sublink>
	<sublink>searchsd</sublink>
	</link>
	<thumbnail>https://image.tmdb.org/t/p/w1280/6oxkO1VgKCq74fNILKAg6t2dVEt.jpg</thumbnail>
	<fanart>https://image.tmdb.org/t/p/w1280/16lk65YfrDFIr6evkWRjSeOOSws.jpg</fanart>
</item>
<item>
	<title>[B][COLOR=green]Monster House[/COLOR][/B]</title>
	<meta>
	<imdb>tt0385880</imdb>
	<content>movie</content>
	<title>Monster House</title>
	<year>2006</year>
	</meta>
	<link>
	<sublink>https://www.youtube.com/watch?v=XEkeZhWbW7U&feature=youtu.be</sublink>
	<sublink>search</sublink>
	<sublink>searchsd</sublink>
	</link>
	<thumbnail>https://image.tmdb.org/t/p/w1280/vOhKyKxlmtRwRHqKGV2VrFhJjCG.jpg</thumbnail>
	<fanart>https://image.tmdb.org/t/p/w1280/pYiqbhfyz7QVik4JyImFbjYq5hM.jpg</fanart>
</item>
<item>
	<title>[B][COLOR=green]The Haunted World of El Superbeasto[/COLOR][/B]</title>
	<meta>
	<imdb>tt0419724</imdb>
	<content>movie</content>
	<title>The Haunted World of El Superbeasto</title>
	<year>2009</year>
	</meta>
	<link>
	<sublink>https://www.youtube.com/watch?v=XEkeZhWbW7U&feature=youtu.be</sublink>
	<sublink>search</sublink>
	<sublink>searchsd</sublink>
	</link>
	<thumbnail>https://image.tmdb.org/t/p/w1280</thumbnail>
	<fanart>https://image.tmdb.org/t/p/w1280</fanart>
</item>
<item>
	<title>[B][COLOR=green]Hotel Transylvania[/COLOR][/B]</title>
	<meta>
	<imdb>tt0837562</imdb>
	<content>movie</content>
	<title>Hotel Transylvania</title>
	<year>2012</year>
	</meta>
	<link>
	<sublink>https://www.youtube.com/watch?v=q4RK3jY7AVk&feature=youtu.be</sublink>
	<sublink>search</sublink>
	<sublink>searchsd</sublink>
	</link>
	<thumbnail>https://image.tmdb.org/t/p/w1280/9qugesYpAWHUpdrw2w8URSGkAPt.jpg</thumbnail>
	<fanart>https://image.tmdb.org/t/p/w1280/4cDrTs32R7GUwja7pdN8XwyR7UB.jpg</fanart>
</item>
<item>
	<title>[B][COLOR=green]Coraline[/COLOR][/B]</title>
	<meta>
	<imdb>tt0327597</imdb>
	<content>movie</content>
	<title>Coraline</title>
	<year>2009</year>
	</meta>
	<link>
	<sublink>https://www.youtube.com/watch?v=Js7wxoqeVK0&feature=youtu.be</sublink>
	<sublink>search</sublink>
	<sublink>searchsd</sublink>
	</link>
	<thumbnail>https://image.tmdb.org/t/p/w1280/ybOmHUVVXcwBQErjw7tmeE97fpO.jpg</thumbnail>
	<fanart>https://image.tmdb.org/t/p/w1280/rmFFIi14X1YjP0BuH9uP4Gb6TaB.jpg</fanart>
</item>
<item>
	<title>[B][COLOR=green]ParaNorman[/COLOR][/B]</title>
	<meta>
	<imdb>tt1623288</imdb>
	<content>movie</content>
	<title>ParaNorman</title>
	<year>2012</year>
	</meta>
	<link>
	<sublink>https://www.youtube.com/watch?v=B4cC3Q4dhNM&feature=youtu.be</sublink>
	<sublink>search</sublink>
	<sublink>searchsd</sublink>
	</link>
	<thumbnail>https://image.tmdb.org/t/p/w1280/pfGmWVyGHgdJrdKrZ5RWZpbAhkn.jpg</thumbnail>
	<fanart>https://image.tmdb.org/t/p/w1280/7GPemb4DkuxlicKiQP5V5f2Wwtg.jpg</fanart>
</item>
<item>
	<title>[B][COLOR=green]Frankenweenie[/COLOR][/B]</title>
	<meta>
	<imdb>tt1142977</imdb>
	<content>movie</content>
	<title>Frankenweenie</title>
	<year>2012</year>
	</meta>
	<link>
	<sublink>https://www.youtube.com/watch?v=XBfcGLBJ2Uc&feature=youtu.be</sublink>
	<sublink>search</sublink>
	<sublink>searchsd</sublink>
	</link>
	<thumbnail>https://image.tmdb.org/t/p/w1280/ssMQ5Q9qyJM6sHnjoghoHlOVOO5.jpg</thumbnail>
	<fanart>https://image.tmdb.org/t/p/w1280/dpkyNq8jBU7tR6n5sEd4Ep61EOP.jpg</fanart>
</item>
<item>
	<title>[B][COLOR=green]Corpse Bride[/COLOR][/B]</title>
	<meta>
	<imdb>tt0121164</imdb>
	<content>movie</content>
	<title>Corpse Bride</title>
	<year>2005</year>
	</meta>
	<link>
	<sublink>https://www.youtube.com/watch?v=AGACeWVdFqo&feature=youtu.be</sublink>
	<sublink>search</sublink>
	<sublink>searchsd</sublink>
	</link>
	<thumbnail>https://image.tmdb.org/t/p/w1280/o9GbcdP7rOg2m1NyUnUR3ZwNcTE.jpg</thumbnail>
	<fanart>https://image.tmdb.org/t/p/w1280/4brEMzPazQE3hv3mogj6k1a29RP.jpg</fanart>
</item>
<item>
	<title>[B][COLOR=green]Scooby Doo on Zombie Island[/COLOR][/B]</title>
	<meta>
	<imdb>tt0166792</imdb>
	<content>movie</content>
	<title>Scooby Doo on Zombie Island</title>
	<year>1998</year>
	</meta>
	<link>
	<sublink>https://www.youtube.com/watch?v=pxOxUpWE2n8&feature=youtu.be</sublink>
	<sublink>search</sublink>
	<sublink>searchsd</sublink>
	</link>
	<thumbnail>https://image.tmdb.org/t/p/w1280/u6FiJIIyQ3xLY26EMkwfHn1vwAt.jpg</thumbnail>
	<fanart>https://image.tmdb.org/t/p/w1280/woFsToiI9otSnanKfChq5VKsgFp.jpg</fanart>
</item>
