<item>
	<title>[B][COLOR=blue]Americano[/COLOR][/B]</title>
	<meta>
	<imdb>tt3181400</imdb>
	<content>movie</content>
	<title>Americano</title>
	<year>2016</year>
	</meta>
	<link>
	<sublink>https://www.youtube.com/watch?v=Cbys3lb2NJU&feature=youtu.be</sublink>
	<sublink>search</sublink>
	<sublink>searchsd</sublink>
	</link>
	<thumbnail>https://image.tmdb.org/t/p/w1280/vbG5SYyJLleFG6BcejQcyYttftE.jpg</thumbnail>
	<fanart>https://image.tmdb.org/t/p/w1280/cr1717qEKnErtt6XKx1bPO2BUq6.jpg</fanart>
</item>
<item>
	<title>[B][COLOR=blue]Angry Birds[/COLOR][/B]</title>
	<meta>
	<imdb>tt1985949</imdb>
	<content>movie</content>
	<title>Angry Birds</title>
	<year>2016</year>
	</meta>
	<link>
	<sublink>https://www.youtube.com/watch?v=0qJzWrq7les&feature=youtu.be</sublink>
	<sublink>search</sublink>
	<sublink>searchsd</sublink>
	</link>
	<thumbnail>https://image.tmdb.org/t/p/w1280/76KMEI1ZNU9HEZ4pmHTwgwa0u6d.jpg</thumbnail>
	<fanart>https://image.tmdb.org/t/p/w1280/k15COpeexV5Ad0tuLjBW2jQFoOz.jpg</fanart>
</item>
<item>
	<title>[B][COLOR=blue]Animal Crackers[/COLOR][/B]</title>
	<meta>
	<imdb>tt4155534</imdb>
	<content>movie</content>
	<title>Animal Crackers</title>
	<year>2017</year>
	</meta>
	<link>
	<sublink>https://www.youtube.com/watch?v=PVSrn52L4PY&feature=youtu.be</sublink>
	<sublink>search</sublink>
	<sublink>searchsd</sublink>
	</link>
	<thumbnail>https://image.tmdb.org/t/p/w1280/4Z80OqqLV9t5bFuE9itUN8YhgFa.jpg</thumbnail>
	<fanart>https://image.tmdb.org/t/p/w1280/vQaqXNUzhab6MoJdEjn2p2O2YMR.jpg</fanart>
</item>
<item>
	<title>[B][COLOR=blue]Arthur Christmas[/COLOR][/B]</title>
	<meta>
	<imdb>tt1430607</imdb>
	<content>movie</content>
	<title>Arthur Christmas</title>
	<year>2011</year>
	</meta>
	<link>
	<sublink>https://www.youtube.com/watch?v=7tk-WZSqIGQ&feature=youtu.be</sublink>
	<sublink>search</sublink>
	<sublink>searchsd</sublink>
	</link>
	<thumbnail>https://image.tmdb.org/t/p/w1280/crjzhg2T1sPL9yE7bFHkYp0OfXG.jpg</thumbnail>
	<fanart>https://image.tmdb.org/t/p/w1280/kJwJfSQht3QwpWka8JBnQ18IyDT.jpg</fanart>
</item>
<item>
	<title>[B][COLOR=blue]Big Hero 6[/COLOR][/B]</title>
	<meta>
	<imdb>tt2245084</imdb>
	<content>movie</content>
	<title>Big Hero 6</title>
	<year>2014</year>
	</meta>
	<link>
	<sublink>https://www.youtube.com/watch?v=OvgyXKDXdZY&feature=youtu.be</sublink>
	<sublink>search</sublink>
	<sublink>searchsd</sublink>
	</link>
	<thumbnail>https://image.tmdb.org/t/p/w1280/9gLu47Zw5ertuFTZaxXOvNfy78T.jpg</thumbnail>
	<fanart>https://image.tmdb.org/t/p/w1280/lv3NrraY2VRK6ImwNU3vfOPZyTi.jpg</fanart>
</item>
<item>
	<title>[B][COLOR=blue]Bilal A New Breed of Hero[/COLOR][/B]</title>
	<meta>
	<imdb>tt3576728</imdb>
	<content>movie</content>
	<title>Bilal A New Breed of Hero</title>
	<year>2016</year>
	</meta>
	<link>
	<sublink>https://www.youtube.com/watch?v=186eRogdnCg&feature=youtu.be</sublink>
	<sublink>search</sublink>
	<sublink>searchsd</sublink>
	</link>
	<thumbnail>https://image.tmdb.org/t/p/w1280/ncWuEzxnXqssxRfHghZuUAIezCo.jpg</thumbnail>
	<fanart>https://image.tmdb.org/t/p/w1280/4Fok4YhVDoFFBgYdoBurigu0rXl.jpg</fanart>
</item>
<item>
	<title>[B][COLOR=blue]Biohazard Damnation[/COLOR][/B]</title>
	<meta>
	<imdb>tt1753496</imdb>
	<content>movie</content>
	<title>Biohazard Damnation</title>
	<year>2012</year>
	</meta>
	<link>
	<sublink>https://www.youtube.com/watch?v=E_ZPb_Qf7JY&feature=youtu.be</sublink>
	<sublink>search</sublink>
	<sublink>searchsd</sublink>
	</link>
	<thumbnail>https://image.tmdb.org/t/p/w1280/hj2xHc35cEscP7oj6DqCK6IbNIC.jpg</thumbnail>
	<fanart>https://image.tmdb.org/t/p/w1280/6pRNDb0yStxlwhavn2ZqYRVFOJ5.jpg</fanart>
</item>
<item>
	<title>[B][COLOR=blue]Blinky Bill[/COLOR][/B]</title>
	<meta>
	<imdb>tt3700456</imdb>
	<content>movie</content>
	<title>Blinky Bill</title>
	<year>2015</year>
	</meta>
	<link>
	<sublink>https://www.youtube.com/watch?v=5x9Fxv_2F0o&feature=youtu.be</sublink>
	<sublink>search</sublink>
	<sublink>searchsd</sublink>
	</link>
	<thumbnail>https://image.tmdb.org/t/p/w1280/c7f5MjXeIRW4FSMEL82Spz8jacz.jpg</thumbnail>
	<fanart>https://image.tmdb.org/t/p/w1280/9ZrF8ZkGIcCbxfL1ZPr72k6aFGq.jpg</fanart>
</item>
<item>
	<title>[B][COLOR=blue]Brave[/COLOR][/B]</title>
	<meta>
	<imdb>tt1217209</imdb>
	<content>movie</content>
	<title>Brave</title>
	<year>2012</year>
	</meta>
	<link>
	<sublink>https://www.youtube.com/watch?v=TEHWDA_6e3M&feature=youtu.be</sublink>
	<sublink>search</sublink>
	<sublink>searchsd</sublink>
	</link>
	<thumbnail>https://image.tmdb.org/t/p/w1280/qhABv2d4NZLhsOOA4iBFM4rfuJC.jpg</thumbnail>
	<fanart>https://image.tmdb.org/t/p/w1280/sfRCA9g3CunpnZO3QurHSIRcsUq.jpg</fanart>
</item>
<item>
	<title>[B][COLOR=blue]Cars 2[/COLOR][/B]</title>
	<meta>
	<imdb>tt1216475</imdb>
	<content>movie</content>
	<title>Cars 2</title>
	<year>2011</year>
	</meta>
	<link>
	<sublink>https://www.youtube.com/watch?v=lg5hj2c5Nkk&feature=youtu.be</sublink>
	<sublink>search</sublink>
	<sublink>searchsd</sublink>
	</link>
	<thumbnail>https://image.tmdb.org/t/p/w1280/AblhtULOVtrkSnFxRPQ8gBemxw9.jpg</thumbnail>
	<fanart>https://image.tmdb.org/t/p/w1280/jEcmZhtJkZQc6ta2vzBd9CU7GIx.jpg</fanart>
</item>
<item>
	<title>[B][COLOR=blue]Cars 3[/COLOR][/B]</title>
	<meta>
	<imdb>tt3606752</imdb>
	<content>movie</content>
	<title>Cars 3</title>
	<year>2017</year>
	</meta>
	<link>
	<sublink>https://www.youtube.com/watch?v=2LeOH9AGJQM&feature=youtu.be</sublink>
	<sublink>search</sublink>
	<sublink>searchsd</sublink>
	</link>
	<thumbnail>https://image.tmdb.org/t/p/w1280/fyy1nDC8wm553FCiBDojkJmKLCs.jpg</thumbnail>
	<fanart>https://image.tmdb.org/t/p/w1280/h1gIXYOTYfYWToDHWWlC7g76guk.jpg</fanart>
</item>
<item>
	<title>[B][COLOR=blue]Chaar Sahibzaade 2 Rise of Banda Singh Bahadur[/COLOR][/B]</title>
	<meta>
	<imdb>tt6246170</imdb>
	<content>movie</content>
	<title>Chaar Sahibzaade 2 Rise of Banda Singh Bahadur</title>
	<year>2016</year>
	</meta>
	<link>
	<sublink>https://www.youtube.com/watch?v=tJWoyZf55vg&feature=youtu.be</sublink>
	<sublink>search</sublink>
	<sublink>searchsd</sublink>
	</link>
	<thumbnail>https://image.tmdb.org/t/p/w1280/82NzD53hr3NT4pc9t6CybJXabSG.jpg</thumbnail>
	<fanart>https://image.tmdb.org/t/p/w1280/eEUgVY6aEuRupRVBy3rCJQ0vPEp.jpg</fanart>
</item>
<item>
	<title>[B][COLOR=blue]Chaar Sahibzaade[/COLOR][/B]</title>
	<meta>
	<imdb>tt4168188</imdb>
	<content>movie</content>
	<title>Chaar Sahibzaade</title>
	<year>2014</year>
	</meta>
	<link>
	<sublink>https://www.youtube.com/watch?v=V60VT6WvHE4&feature=youtu.be</sublink>
	<sublink>search</sublink>
	<sublink>searchsd</sublink>
	</link>
	<thumbnail>https://image.tmdb.org/t/p/w1280/c3q6v5JbLxRcsmgHSBxsoxeLV5c.jpg</thumbnail>
	<fanart>https://image.tmdb.org/t/p/w1280/zQV8NG1NACtKauCJhQpnKFwgBWT.jpg</fanart>
</item>
<item>
	<title>[B][COLOR=blue]Cloudy with a Chance of Meatballs 2[/COLOR][/B]</title>
	<meta>
	<imdb>tt1985966</imdb>
	<content>movie</content>
	<title>Cloudy with a Chance of Meatballs 2</title>
	<year>2013</year>
	</meta>
	<link>
	<sublink>https://www.youtube.com/watch?v=3QCJTbHU60U&feature=youtu.be</sublink>
	<sublink>search</sublink>
	<sublink>searchsd</sublink>
	</link>
	<thumbnail>https://image.tmdb.org/t/p/w1280/oZjluB568NJVtRrny4rpeApGuNi.jpg</thumbnail>
	<fanart>https://image.tmdb.org/t/p/w1280/qlAeyqhKUfX1f4FWVoFZcHEDCAL.jpg</fanart>
</item>
<item>
	<title>[B][COLOR=blue]Coco[/COLOR][/B]</title>
	<meta>
	<imdb>tt2380307</imdb>
	<content>movie</content>
	<title>Coco</title>
	<year>2017</year>
	</meta>
	<link>
	<sublink>https://www.youtube.com/watch?v=zNCz4mQzfEI&feature=youtu.be</sublink>
	<sublink>search</sublink>
	<sublink>searchsd</sublink>
	</link>
	<thumbnail>https://image.tmdb.org/t/p/w1280/eKi8dIrr8voobbaGzDpe8w0PVbC.jpg</thumbnail>
	<fanart>https://image.tmdb.org/t/p/w1280/askg3SMvhqEl4OL52YuvdtY40Yb.jpg</fanart>
</item>
<item>
	<title>[B][COLOR=blue]Delhi Safari[/COLOR][/B]</title>
	<meta>
	<imdb>tt1172587</imdb>
	<content>movie</content>
	<title>Delhi Safari</title>
	<year>2012</year>
	</meta>
	<link>
	<sublink>https://www.youtube.com/watch?v=Iwc3c0FwEMY&feature=youtu.be</sublink>
	<sublink>search</sublink>
	<sublink>searchsd</sublink>
	</link>
	<thumbnail>https://image.tmdb.org/t/p/w1280/uSOZatdDKzO33IzIt0txcBwfaD3.jpg</thumbnail>
	<fanart>https://image.tmdb.org/t/p/w1280/6UzVZDUKDxcUa55eE4M8pqBCW8R.jpg</fanart>
</item>
<item>
	<title>[B][COLOR=blue]Despicable Me 2[/COLOR][/B]</title>
	<meta>
	<imdb>tt1690953</imdb>
	<content>movie</content>
	<title>Despicable Me 2</title>
	<year>2013</year>
	</meta>
	<link>
	<sublink>https://www.youtube.com/watch?v=6qsH_LFRr6k&feature=youtu.be</sublink>
	<sublink>search</sublink>
	<sublink>searchsd</sublink>
	</link>
	<thumbnail>https://image.tmdb.org/t/p/w1280/kQrYyZQHkwkUg2KlUDyvymj9FAp.jpg</thumbnail>
	<fanart>https://image.tmdb.org/t/p/w1280/rmgxcw8tGTmdhsWqdjGBS9uI1tO.jpg</fanart>
</item>
<item>
	<title>[B][COLOR=blue]Despicable Me 3[/COLOR][/B]</title>
	<meta>
	<imdb>tt3469046</imdb>
	<content>movie</content>
	<title>Despicable Me 3</title>
	<year>2017</year>
	</meta>
	<link>
	<sublink>https://www.youtube.com/watch?v=euz-KBBfAAo&feature=youtu.be</sublink>
	<sublink>search</sublink>
	<sublink>searchsd</sublink>
	</link>
	<thumbnail>https://image.tmdb.org/t/p/w1280/6t3YWl7hrr88lCEFlGVqW5yV99R.jpg</thumbnail>
	<fanart>https://image.tmdb.org/t/p/w1280/ftRkFtAGuHngHnLiOxktq0aCVMF.jpg</fanart>
</item>
<item>
	<title>[B][COLOR=blue]Dragon Age Dawn of the Seeker[/COLOR][/B]</title>
	<meta>
	<imdb>tt1709652</imdb>
	<content>movie</content>
	<title>Dragon Age Dawn of the Seeker</title>
	<year>2012</year>
	</meta>
	<link>
	<sublink>https://www.youtube.com/watch?v=0aQ1R90UAxQ&feature=youtu.be</sublink>
	<sublink>search</sublink>
	<sublink>searchsd</sublink>
	</link>
	<thumbnail>https://image.tmdb.org/t/p/w1280</thumbnail>
	<fanart>https://image.tmdb.org/t/p/w1280</fanart>
</item>
<item>
	<title>[B][COLOR=blue]Dragon Nest Warriors Dawn[/COLOR][/B]</title>
	<meta>
	<imdb>tt2911342</imdb>
	<content>movie</content>
	<title>Dragon Nest Warriors Dawn</title>
	<year>2014</year>
	</meta>
	<link>
	<sublink>https://www.youtube.com/watch?v=vbkA4a5N-Hc&feature=youtu.be</sublink>
	<sublink>search</sublink>
	<sublink>searchsd</sublink>
	</link>
	<thumbnail>https://image.tmdb.org/t/p/w1280/4gtrcEfXkMuVmQTUbELnfrA4Jqk.jpg</thumbnail>
	<fanart>https://image.tmdb.org/t/p/w1280/6i29AyCu1aKAbzbmQITTmOF2cVb.jpg</fanart>
</item>
<item>
	<title>[B][COLOR=blue]Duck Duck Goose[/COLOR][/B]</title>
	<meta>
	<imdb>tt4940416</imdb>
	<content>movie</content>
	<title>Duck Duck Goose</title>
	<year>2018</year>
	</meta>
	<link>
	<sublink>search</sublink>
	<sublink>searchsd</sublink>
	</link>
	<thumbnail>https://image.tmdb.org/t/p/w1280/7XURM64DYa9DpS70I2rM4suvq1s.jpg</thumbnail>
	<fanart>https://image.tmdb.org/t/p/w1280/6Js3hlL2R57R0ooFsFeeuj7JYU7.jpg</fanart>
</item>
<item>
	<title>[B][COLOR=blue]Epic[/COLOR][/B]</title>
	<meta>
	<imdb>tt0848537</imdb>
	<content>movie</content>
	<title>Epic</title>
	<year>2013</year>
	</meta>
	<link>
	<sublink>https://www.youtube.com/watch?v=_KqNCnd8AN4&feature=youtu.be</sublink>
	<sublink>search</sublink>
	<sublink>searchsd</sublink>
	</link>
	<thumbnail>https://image.tmdb.org/t/p/w1280/dUeXOJCpfWmZd9KaPkq2122J1ji.jpg</thumbnail>
	<fanart>https://image.tmdb.org/t/p/w1280/v6w2o3ji8aVLph6zNgR5yDGQfmS.jpg</fanart>
</item>
<item>
	<title>[B][COLOR=blue]Escape from Planet Earth[/COLOR][/B]</title>
	<meta>
	<imdb>tt0765446</imdb>
	<content>movie</content>
	<title>Escape from Planet Earth</title>
	<year>2013</year>
	</meta>
	<link>
	<sublink>https://www.youtube.com/watch?v=Q1NhAUsyslk&feature=youtu.be</sublink>
	<sublink>search</sublink>
	<sublink>searchsd</sublink>
	</link>
	<thumbnail>https://image.tmdb.org/t/p/w1280/ql8q3VrEWQ7h0zdrUj0NF9IAm5i.jpg</thumbnail>
	<fanart>https://image.tmdb.org/t/p/w1280/iGGOHUWIef5QEAIcVrJ1ZvIlj3y.jpg</fanart>
</item>
<item>
	<title>[B][COLOR=blue]Ferdinand[/COLOR][/B]</title>
	<meta>
	<imdb>tt3411444</imdb>
	<content>movie</content>
	<title>Ferdinand</title>
	<year>2017</year>
	</meta>
	<link>
	<sublink>https://www.youtube.com/watch?v=HBXVM7oUPVk&feature=youtu.be</sublink>
	<sublink>search</sublink>
	<sublink>searchsd</sublink>
	</link>
	<thumbnail>https://image.tmdb.org/t/p/w1280/rMm94JsRfcOPiPVsTRcBiiVBOhz.jpg</thumbnail>
	<fanart>https://image.tmdb.org/t/p/w1280/sTOhZruocNubL0HxjvdouwCEL9I.jpg</fanart>
</item>
<item>
	<title>[B][COLOR=blue]Finding Dory[/COLOR][/B]</title>
	<meta>
	<imdb>tt2277860</imdb>
	<content>movie</content>
	<title>Finding Dory</title>
	<year>2016</year>
	</meta>
	<link>
	<sublink>https://www.youtube.com/watch?v=JhvrQeY3doI&feature=youtu.be</sublink>
	<sublink>search</sublink>
	<sublink>searchsd</sublink>
	</link>
	<thumbnail>https://image.tmdb.org/t/p/w1280/z09QAf8WbZncbitewNk6lKYMZsh.jpg</thumbnail>
	<fanart>https://image.tmdb.org/t/p/w1280/3iSCdXjDmY3DuEOUYsElu35vQU6.jpg</fanart>
</item>
<item>
	<title>[B][COLOR=blue]Free Birds[/COLOR][/B]</title>
	<meta>
	<imdb>tt1621039</imdb>
	<content>movie</content>
	<title>Free Birds</title>
	<year>2013</year>
	</meta>
	<link>
	<sublink>https://www.youtube.com/watch?v=UhxSOkTFGvo&feature=youtu.be</sublink>
	<sublink>search</sublink>
	<sublink>searchsd</sublink>
	</link>
	<thumbnail>https://image.tmdb.org/t/p/w1280/c5Gwex2oQPaMkgZPTzhdkMMSrwW.jpg</thumbnail>
	<fanart>https://image.tmdb.org/t/p/w1280/kMQHV8A0jOl4eRkBFP7dy6Jt5Gv.jpg</fanart>
</item>
<item>
	<title>[B][COLOR=blue]Frozen[/COLOR][/B]</title>
	<meta>
	<imdb>tt2294629</imdb>
	<content>movie</content>
	<title>Frozen</title>
	<year>2013</year>
	</meta>
	<link>
	<sublink>https://www.youtube.com/watch?v=TbQm5doF_Uc&feature=youtu.be</sublink>
	<sublink>search</sublink>
	<sublink>searchsd</sublink>
	</link>
	<thumbnail>https://image.tmdb.org/t/p/w1280/eFnGmj63QPUpK7QUWSOUhypIQOT.jpg</thumbnail>
	<fanart>https://image.tmdb.org/t/p/w1280/cN9Nbwh66TRcj2gBE8cSEZulsx3.jpg</fanart>
</item>
<item>
	<title>[B][COLOR=blue]Gantz O[/COLOR][/B]</title>
	<meta>
	<imdb>tt5923962</imdb>
	<content>movie</content>
	<title>Gantz O</title>
	<year>2016</year>
	</meta>
	<link>
	<sublink>https://www.youtube.com/watch?v=ZSUw4rVb9BM&feature=youtu.be</sublink>
	<sublink>search</sublink>
	<sublink>searchsd</sublink>
	</link>
	<thumbnail>https://image.tmdb.org/t/p/w1280/fF33nRbgvxNgTTPUuNqNsRPYmxZ.jpg</thumbnail>
	<fanart>https://image.tmdb.org/t/p/w1280/auRjbGCUWUBFtFcjx6YHe2wg7W5.jpg</fanart>
</item>
<item>
	<title>[B][COLOR=blue]Gnome Alone[/COLOR][/B]</title>
	<meta>
	<imdb>tt5851786</imdb>
	<content>movie</content>
	<title>Gnome Alone</title>
	<year>2017</year>
	</meta>
	<link>
	<sublink>https://www.youtube.com/watch?v=cAtcc6SXWE0&feature=youtu.be</sublink>
	<sublink>search</sublink>
	<sublink>searchsd</sublink>
	</link>
	<thumbnail>https://image.tmdb.org/t/p/w1280/jWB0zhk1Rj1tIWUM98Wsh15gkiW.jpg</thumbnail>
	<fanart>https://image.tmdb.org/t/p/w1280/dUYaqvQQHzGXuxfIUygXVIh8F1l.jpg</fanart>
</item>
<item>
	<title>[B][COLOR=blue]Guardianes de Oz[/COLOR][/B]</title>
	<meta>
	<imdb>tt3633118</imdb>
	<content>movie</content>
	<title>Guardianes de Oz</title>
	<year>2015</year>
	</meta>
	<link>
	<sublink>https://www.youtube.com/watch?v=yRUAzGQ3nSY&feature=youtu.be</sublink>
	<sublink>search</sublink>
	<sublink>searchsd</sublink>
	</link>
	<thumbnail>https://image.tmdb.org/t/p/w1280</thumbnail>
	<fanart>https://image.tmdb.org/t/p/w1280</fanart>
</item>
<item>
	<title>[B][COLOR=blue]Happy Feet Two[/COLOR][/B]</title>
	<meta>
	<imdb>tt1402488</imdb>
	<content>movie</content>
	<title>Happy Feet Two</title>
	<year>2011</year>
	</meta>
	<link>
	<sublink>https://www.youtube.com/watch?v=gKWNUyTGqss&feature=youtu.be</sublink>
	<sublink>search</sublink>
	<sublink>searchsd</sublink>
	</link>
	<thumbnail>https://image.tmdb.org/t/p/w1280/2gWiQ4mn85jcXtREVePlVViupeV.jpg</thumbnail>
	<fanart>https://image.tmdb.org/t/p/w1280/dUy3Kh5DIl1CkuMmTP58gOMGxU6.jpg</fanart>
</item>
<item>
	<title>[B][COLOR=blue]Hell and Back[/COLOR][/B]</title>
	<meta>
	<imdb>tt2141773</imdb>
	<content>movie</content>
	<title>Hell and Back</title>
	<year>2015</year>
	</meta>
	<link>
	<sublink>https://www.youtube.com/watch?v=HtWHUpRXl2E&feature=youtu.be</sublink>
	<sublink>search</sublink>
	<sublink>searchsd</sublink>
	</link>
	<thumbnail>https://image.tmdb.org/t/p/w1280/lNEjSuF8ZtYPxYHurtovXDxkobG.jpg</thumbnail>
	<fanart>https://image.tmdb.org/t/p/w1280/8SqznXDc9TFUDSKjcUSCFHtPeLr.jpg</fanart>
</item>
<item>
	<title>[B][COLOR=blue]Hetjur Valhallar xc3 x9e xc3 xb3r[/COLOR][/B]</title>
	<meta>
	<imdb>tt1241721</imdb>
	<content>movie</content>
	<title>Hetjur Valhallar xc3 x9e xc3 xb3r</title>
	<year>2011</year>
	</meta>
	<link>
	<sublink>https://www.youtube.com/watch?v=LTnCE_SaU38&feature=youtu.be</sublink>
	<sublink>search</sublink>
	<sublink>searchsd</sublink>
	</link>
	<thumbnail>https://image.tmdb.org/t/p/w1280</thumbnail>
	<fanart>https://image.tmdb.org/t/p/w1280</fanart>
</item>
<item>
	<title>[B][COLOR=blue]Holy Night![/COLOR][/B]</title>
	<meta>
	<imdb>tt2023519</imdb>
	<content>movie</content>
	<title>Holy Night!</title>
	<year>2011</year>
	</meta>
	<link>
	<sublink>https://www.youtube.com/watch?v=0aQ1R90UAxQ&feature=youtu.be</sublink>
	<sublink>search</sublink>
	<sublink>searchsd</sublink>
	</link>
	<thumbnail>https://image.tmdb.org/t/p/w1280</thumbnail>
	<fanart>https://image.tmdb.org/t/p/w1280</fanart>
</item>
<item>
	<title>[B][COLOR=blue]Home[/COLOR][/B]</title>
	<meta>
	<imdb>tt2224026</imdb>
	<content>movie</content>
	<title>Home</title>
	<year>2015</year>
	</meta>
	<link>
	<sublink>https://www.youtube.com/watch?v=G9F6VhFY4wY&feature=youtu.be</sublink>
	<sublink>search</sublink>
	<sublink>searchsd</sublink>
	</link>
	<thumbnail>https://image.tmdb.org/t/p/w1280/b7czgMTk5txqLr2UczBb0Wez77E.jpg</thumbnail>
	<fanart>https://image.tmdb.org/t/p/w1280/6HoS2Hzcye4xGowSLTf0Pox43QW.jpg</fanart>
</item>
<item>
	<title>[B][COLOR=blue]Hotel Transylvania 2[/COLOR][/B]</title>
	<meta>
	<imdb>tt2510894</imdb>
	<content>movie</content>
	<title>Hotel Transylvania 2</title>
	<year>2015</year>
	</meta>
	<link>
	<sublink>https://www.youtube.com/watch?v=T3nqmGgnJe8&feature=youtu.be</sublink>
	<sublink>search</sublink>
	<sublink>searchsd</sublink>
	</link>
	<thumbnail>https://image.tmdb.org/t/p/w1280/cFQHMUmxaO3PEDo5lxuQC8MCRIH.jpg</thumbnail>
	<fanart>https://image.tmdb.org/t/p/w1280/h3t4zZPteUPqyDBrmz5Z2zzGM61.jpg</fanart>
</item>
<item>
	<title>[B][COLOR=blue]Hotel Transylvania 3 A Monster Vacation[/COLOR][/B]</title>
	<meta>
	<imdb>tt5220122</imdb>
	<content>movie</content>
	<title>Hotel Transylvania 3 A Monster Vacation</title>
	<year>2018</year>
	</meta>
	<link>
	<sublink>https://www.youtube.com/watch?v=Ku52zNnft8k&feature=youtu.be</sublink>
	<sublink>search</sublink>
	<sublink>searchsd</sublink>
	</link>
	<thumbnail>https://image.tmdb.org/t/p/w1280/gjAFM4xhA5vyLxxKMz38ujlUfDL.jpg</thumbnail>
	<fanart>https://image.tmdb.org/t/p/w1280/m03jul0YdVEOFXEQVUv6pOVQYGL.jpg</fanart>
</item>
<item>
	<title>[B][COLOR=blue]Hotel Transylvania[/COLOR][/B]</title>
	<meta>
	<imdb>tt0837562</imdb>
	<content>movie</content>
	<title>Hotel Transylvania</title>
	<year>2012</year>
	</meta>
	<link>
	<sublink>https://www.youtube.com/watch?v=q4RK3jY7AVk&feature=youtu.be</sublink>
	<sublink>search</sublink>
	<sublink>searchsd</sublink>
	</link>
	<thumbnail>https://image.tmdb.org/t/p/w1280/9qugesYpAWHUpdrw2w8URSGkAPt.jpg</thumbnail>
	<fanart>https://image.tmdb.org/t/p/w1280/sETTal2HPPkUC3lWc27HL1AFu9C.jpg</fanart>
</item>
<item>
	<title>[B][COLOR=blue]How to Train Your Dragon 2[/COLOR][/B]</title>
	<meta>
	<imdb>tt1646971</imdb>
	<content>movie</content>
	<title>How to Train Your Dragon 2</title>
	<year>2014</year>
	</meta>
	<link>
	<sublink>https://www.youtube.com/watch?v=68AqHwgk2s8&feature=youtu.be</sublink>
	<sublink>search</sublink>
	<sublink>searchsd</sublink>
	</link>
	<thumbnail>https://image.tmdb.org/t/p/w1280/lRjOR4uclMQijUav4OjeZprlehu.jpg</thumbnail>
	<fanart>https://image.tmdb.org/t/p/w1280/mrxKRSlf0iY0T2BLKpSSmu86X9t.jpg</fanart>
</item>
<item>
	<title>[B][COLOR=blue]How to Train Your Dragon The Hidden World[/COLOR][/B]</title>
	<meta>
	<imdb>tt2386490</imdb>
	<content>movie</content>
	<title>How to Train Your Dragon The Hidden World</title>
	<year>2019</year>
	</meta>
	<link>
	<sublink>https://www.youtube.com/watch?v=qLTDtbYmdWM&feature=youtu.be</sublink>
	<sublink>search</sublink>
	<sublink>searchsd</sublink>
	</link>
	<thumbnail>https://image.tmdb.org/t/p/w1280/xvx4Yhf0DVH8G4LzNISpMfFBDy2.jpg</thumbnail>
	<fanart>https://image.tmdb.org/t/p/w1280/lFwykSz3Ykj1Q3JXJURnGUTNf1o.jpg</fanart>
</item>
<item>
	<title>[B][COLOR=blue]Ice Age Collision Course[/COLOR][/B]</title>
	<meta>
	<imdb>tt3416828</imdb>
	<content>movie</content>
	<title>Ice Age Collision Course</title>
	<year>2016</year>
	</meta>
	<link>
	<sublink>https://www.youtube.com/watch?v=eJaYnvydNyM&feature=youtu.be</sublink>
	<sublink>search</sublink>
	<sublink>searchsd</sublink>
	</link>
	<thumbnail>https://image.tmdb.org/t/p/w1280/gRi7lTBBiRBhn9aJID5MdldcJEJ.jpg</thumbnail>
	<fanart>https://image.tmdb.org/t/p/w1280/o29BFNqgXOUT1yHNYusnITsH7P9.jpg</fanart>
</item>
<item>
	<title>[B][COLOR=blue]Ice Age Continental Drift[/COLOR][/B]</title>
	<meta>
	<imdb>tt1667889</imdb>
	<content>movie</content>
	<title>Ice Age Continental Drift</title>
	<year>2012</year>
	</meta>
	<link>
	<sublink>https://www.youtube.com/watch?v=DjGf2v2Z-3E&feature=youtu.be</sublink>
	<sublink>search</sublink>
	<sublink>searchsd</sublink>
	</link>
	<thumbnail>https://image.tmdb.org/t/p/w1280/u30xsZd3mijrdBKA6CeDsozx48g.jpg</thumbnail>
	<fanart>https://image.tmdb.org/t/p/w1280/tZGKKeWGejt63jiSdi7MTAjCFE9.jpg</fanart>
</item>
<item>
	<title>[B][COLOR=blue]Inside Out[/COLOR][/B]</title>
	<meta>
	<imdb>tt2096673</imdb>
	<content>movie</content>
	<title>Inside Out</title>
	<year>2015</year>
	</meta>
	<link>
	<sublink>https://www.youtube.com/watch?v=yRUAzGQ3nSY&feature=youtu.be</sublink>
	<sublink>search</sublink>
	<sublink>searchsd</sublink>
	</link>
	<thumbnail>https://image.tmdb.org/t/p/w1280/aAmfIX3TT40zUHGcCKrlOZRKC7u.jpg</thumbnail>
	<fanart>https://image.tmdb.org/t/p/w1280/szytSpLAyBh3ULei3x663mAv5ZT.jpg</fanart>
</item>
<item>
	<title>[B][COLOR=blue]Jock[/COLOR][/B]</title>
	<meta>
	<imdb>tt1822239</imdb>
	<content>movie</content>
	<title>Jock</title>
	<year>2011</year>
	</meta>
	<link>
	<sublink>https://www.youtube.com/watch?v=zG7nIP30ioM&feature=youtu.be</sublink>
	<sublink>search</sublink>
	<sublink>searchsd</sublink>
	</link>
	<thumbnail>https://image.tmdb.org/t/p/w1280/pWs486QjGRp6Nnjk039XhU12yrw.jpg</thumbnail>
	<fanart>https://image.tmdb.org/t/p/w1280/6muNYHCvORDlDT3GKqQC3qyCRJc.jpg</fanart>
</item>
<item>
	<title>[B][COLOR=blue]Kingsglaive Final Fantasy XV[/COLOR][/B]</title>
	<meta>
	<imdb>tt5595168</imdb>
	<content>movie</content>
	<title>Kingsglaive Final Fantasy XV</title>
	<year>2016</year>
	</meta>
	<link>
	<sublink>https://www.youtube.com/watch?v=iP8EgMUVmwk&feature=youtu.be</sublink>
	<sublink>search</sublink>
	<sublink>searchsd</sublink>
	</link>
	<thumbnail>https://image.tmdb.org/t/p/w1280/xGMgspge6uYoypRiasAmlluDlXH.jpg</thumbnail>
	<fanart>https://image.tmdb.org/t/p/w1280/foxgxCt3JSmHevCXUJfQ9ZGB4K5.jpg</fanart>
</item>
<item>
	<title>[B][COLOR=blue]Kung Fu Panda 3[/COLOR][/B]</title>
	<meta>
	<imdb>tt2267968</imdb>
	<content>movie</content>
	<title>Kung Fu Panda 3</title>
	<year>2016</year>
	</meta>
	<link>
	<sublink>https://www.youtube.com/watch?v=10r9ozshGVE&feature=youtu.be</sublink>
	<sublink>search</sublink>
	<sublink>searchsd</sublink>
	</link>
	<thumbnail>https://image.tmdb.org/t/p/w1280/MZFPacfKzgisnPoJIPEFZUXBBT.jpg</thumbnail>
	<fanart>https://image.tmdb.org/t/p/w1280/eHWmEUP4fa7h1Fe7TXfTL7ncDl8.jpg</fanart>
</item>
<item>
	<title>[B][COLOR=blue]Le Petit Prince[/COLOR][/B]</title>
	<meta>
	<imdb>tt1754656</imdb>
	<content>movie</content>
	<title>Le Petit Prince</title>
	<year>2015</year>
	</meta>
	<link>
	<sublink>https://www.youtube.com/watch?v=ihi491RQo5A&feature=youtu.be</sublink>
	<sublink>search</sublink>
	<sublink>searchsd</sublink>
	</link>
	<thumbnail>https://image.tmdb.org/t/p/w1280/uUNd8rVnHxhl2DOtaU7itT2vv78.jpg</thumbnail>
	<fanart>https://image.tmdb.org/t/p/w1280/f5gs9YKhwdYNTaOKP7ePfu7V1HD.jpg</fanart>
</item>
<item>
	<title>[B][COLOR=blue]Legends of Oz Dorothy s Return[/COLOR][/B]</title>
	<meta>
	<imdb>tt0884726</imdb>
	<content>movie</content>
	<title>Legends of Oz Dorothy s Return</title>
	<year>2013</year>
	</meta>
	<link>
	<sublink>https://www.youtube.com/watch?v=HN7xNSNsWGA&feature=youtu.be</sublink>
	<sublink>search</sublink>
	<sublink>searchsd</sublink>
	</link>
	<thumbnail>https://image.tmdb.org/t/p/w1280/hkYhAxbDmGctgaqo6EHKQMb79PM.jpg</thumbnail>
	<fanart>https://image.tmdb.org/t/p/w1280/8p6rewgpJsB13JfvBeFo4Nj0B0e.jpg</fanart>
</item>
<item>
	<title>[B][COLOR=blue]Madagascar 3 Europe s Most Wanted[/COLOR][/B]</title>
	<meta>
	<imdb>tt1277953</imdb>
	<content>movie</content>
	<title>Madagascar 3 Europe s Most Wanted</title>
	<year>2012</year>
	</meta>
	<link>
	<sublink>https://www.youtube.com/watch?v=PlkWVkpP59U&feature=youtu.be</sublink>
	<sublink>search</sublink>
	<sublink>searchsd</sublink>
	</link>
	<thumbnail>https://image.tmdb.org/t/p/w1280/wd7NcMifnuf66gD2Fm7Tzz3yJ54.jpg</thumbnail>
	<fanart>https://image.tmdb.org/t/p/w1280/alkQ9DQJdZutBCKdEHXUVCZnuAF.jpg</fanart>
</item>
<item>
	<title>[B][COLOR=blue]Minions[/COLOR][/B]</title>
	<meta>
	<imdb>tt2293640</imdb>
	<content>movie</content>
	<title>Minions</title>
	<year>2015</year>
	</meta>
	<link>
	<sublink>https://www.youtube.com/watch?v=jc86EFjLFV4&feature=youtu.be</sublink>
	<sublink>search</sublink>
	<sublink>searchsd</sublink>
	</link>
	<thumbnail>https://image.tmdb.org/t/p/w1280/q0R4crx2SehcEEQEkYObktdeFy.jpg</thumbnail>
	<fanart>https://image.tmdb.org/t/p/w1280/wiSIfl9FnXYGXzUKji7Muc3Oj3o.jpg</fanart>
</item>
<item>
	<title>[B][COLOR=blue]Moana[/COLOR][/B]</title>
	<meta>
	<imdb>tt3521164</imdb>
	<content>movie</content>
	<title>Moana</title>
	<year>2016</year>
	</meta>
	<link>
	<sublink>https://www.youtube.com/watch?v=C6PbWhWGUrY&feature=youtu.be</sublink>
	<sublink>search</sublink>
	<sublink>searchsd</sublink>
	</link>
	<thumbnail>https://image.tmdb.org/t/p/w1280/z4x0Bp48ar3Mda8KiPD1vwSY3D8.jpg</thumbnail>
	<fanart>https://image.tmdb.org/t/p/w1280/1qGzqGUd1pa05aqYXGSbLkiBlLB.jpg</fanart>
</item>
<item>
	<title>[B][COLOR=blue]Monster Family[/COLOR][/B]</title>
	<meta>
	<imdb>tt6572702</imdb>
	<content>movie</content>
	<title>Monster Family</title>
	<year>2017</year>
	</meta>
	<link>
	<sublink>https://www.youtube.com/watch?v=7Wdkg-x5FsU&feature=youtu.be</sublink>
	<sublink>search</sublink>
	<sublink>searchsd</sublink>
	</link>
	<thumbnail>https://image.tmdb.org/t/p/w1280/r3xY0tCI05iUmm8M7fAkKtqGPXM.jpg</thumbnail>
	<fanart>https://image.tmdb.org/t/p/w1280/t5ZTLzn0ASdOhY3S8o3vzj57Myg.jpg</fanart>
</item>
<item>
	<title>[B][COLOR=blue]Monsters University[/COLOR][/B]</title>
	<meta>
	<imdb>tt1453405</imdb>
	<content>movie</content>
	<title>Monsters University</title>
	<year>2013</year>
	</meta>
	<link>
	<sublink>https://www.youtube.com/watch?v=JbeFIfS8uno&feature=youtu.be</sublink>
	<sublink>search</sublink>
	<sublink>searchsd</sublink>
	</link>
	<thumbnail>https://image.tmdb.org/t/p/w1280/a05xQU9huY3P5uurLcGGHmsf2Vh.jpg</thumbnail>
	<fanart>https://image.tmdb.org/t/p/w1280/5mDCKKS7M8aUZKdShnCa7lLbzmH.jpg</fanart>
</item>
<item>
	<title>[B][COLOR=blue]Mr Peabody & Sherman[/COLOR][/B]</title>
	<meta>
	<imdb>tt0864835</imdb>
	<content>movie</content>
	<title>Mr Peabody & Sherman</title>
	<year>2014</year>
	</meta>
	<link>
	<sublink>https://www.youtube.com/watch?v=aMl2tTVwsZA&feature=youtu.be</sublink>
	<sublink>search</sublink>
	<sublink>searchsd</sublink>
	</link>
	<thumbnail>https://image.tmdb.org/t/p/w1280/q4FQXK4a4HSb4pajZL4ZFKHVsjC.jpg</thumbnail>
	<fanart>https://image.tmdb.org/t/p/w1280/hpIUiHIyNKWsid3Tz4adtYsUqo1.jpg</fanart>
</item>
<item>
	<title>[B][COLOR=blue]Norm of the North[/COLOR][/B]</title>
	<meta>
	<imdb>tt1594972</imdb>
	<content>movie</content>
	<title>Norm of the North</title>
	<year>2016</year>
	</meta>
	<link>
	<sublink>https://www.youtube.com/watch?v=u8A_F5oYJGI&feature=youtu.be</sublink>
	<sublink>search</sublink>
	<sublink>searchsd</sublink>
	</link>
	<thumbnail>https://image.tmdb.org/t/p/w1280/qv09dxeJoNQIbalsl47yObGgcc5.jpg</thumbnail>
	<fanart>https://image.tmdb.org/t/p/w1280/v1zDOkk97wrX40QXm2mArs6fnP0.jpg</fanart>
</item>
<item>
	<title>[B][COLOR=blue]Penguins of Madagascar[/COLOR][/B]</title>
	<meta>
	<imdb>tt1911658</imdb>
	<content>movie</content>
	<title>Penguins of Madagascar</title>
	<year>2014</year>
	</meta>
	<link>
	<sublink>https://www.youtube.com/watch?v=KHGHEpUeUwo&feature=youtu.be</sublink>
	<sublink>search</sublink>
	<sublink>searchsd</sublink>
	</link>
	<thumbnail>https://image.tmdb.org/t/p/w1280/pRer59eyY4rjkLPeKXKo7fPxCHH.jpg</thumbnail>
	<fanart>https://image.tmdb.org/t/p/w1280/fBYnaVOcc2Ghfkv473z0xdBRQ0m.jpg</fanart>
</item>
<item>
	<title>[B][COLOR=blue]Planes Fire & Rescue[/COLOR][/B]</title>
	<meta>
	<imdb>tt2980706</imdb>
	<content>movie</content>
	<title>Planes Fire & Rescue</title>
	<year>2014</year>
	</meta>
	<link>
	<sublink>https://www.youtube.com/watch?v=Uk0D5L0TT30&feature=youtu.be</sublink>
	<sublink>search</sublink>
	<sublink>searchsd</sublink>
	</link>
	<thumbnail>https://image.tmdb.org/t/p/w1280/b5Xn7UQf7s6ZPsDTVT0NeLqiiHY.jpg</thumbnail>
	<fanart>https://image.tmdb.org/t/p/w1280/3MET6hEfk8n8i0KFRq9BHnJq7ju.jpg</fanart>
</item>
<item>
	<title>[B][COLOR=blue]Planes[/COLOR][/B]</title>
	<meta>
	<imdb>tt1691917</imdb>
	<content>movie</content>
	<title>Planes</title>
	<year>2013</year>
	</meta>
	<link>
	<sublink>https://www.youtube.com/watch?v=YRjztG65XgI&feature=youtu.be</sublink>
	<sublink>search</sublink>
	<sublink>searchsd</sublink>
	</link>
	<thumbnail>https://image.tmdb.org/t/p/w1280/c8ALtmmmtofVYOxSJG0S5ZcP2pF.jpg</thumbnail>
	<fanart>https://image.tmdb.org/t/p/w1280/jUe7RbnkLXGYC9MPhdN9cruy4L0.jpg</fanart>
</item>
<item>
	<title>[B][COLOR=blue]Polar Squad[/COLOR][/B]</title>
	<meta>
	<imdb>tt4426464</imdb>
	<content>movie</content>
	<title>Polar Squad</title>
	<year>2019</year>
	</meta>
	<link>
	<sublink>https://www.youtube.com/watch?v=LpGJiRa_Kug&feature=youtu.be</sublink>
	<sublink>search</sublink>
	<sublink>searchsd</sublink>
	</link>
	<thumbnail>https://image.tmdb.org/t/p/w1280/gS95M2jMS29zTyc9Aq7Vxx6eXPZ.jpg</thumbnail>
	<fanart>https://image.tmdb.org/t/p/w1280/uTfdOozort4sp9kukWxEmdmRsqJ.jpg</fanart>
</item>
<item>
	<title>[B][COLOR=blue]Puss in Boots[/COLOR][/B]</title>
	<meta>
	<imdb>tt0448694</imdb>
	<content>movie</content>
	<title>Puss in Boots</title>
	<year>2011</year>
	</meta>
	<link>
	<sublink>https://www.youtube.com/watch?v=Znuq-daWfLE&feature=youtu.be</sublink>
	<sublink>search</sublink>
	<sublink>searchsd</sublink>
	</link>
	<thumbnail>https://image.tmdb.org/t/p/w1280/7r57xOw0zSCW59pys29KyPrDS3t.jpg</thumbnail>
	<fanart>https://image.tmdb.org/t/p/w1280/bGcVQQrTE7tJ4jxKhmPn3z3nc5N.jpg</fanart>
</item>
<item>
	<title>[B][COLOR=blue]Ralph Breaks the Internet[/COLOR][/B]</title>
	<meta>
	<imdb>tt5848272</imdb>
	<content>movie</content>
	<title>Ralph Breaks the Internet</title>
	<year>2018</year>
	</meta>
	<link>
	<sublink>https://www.youtube.com/watch?v=_BcYBFC6zfY&feature=youtu.be</sublink>
	<sublink>search</sublink>
	<sublink>searchsd</sublink>
	</link>
	<thumbnail>https://image.tmdb.org/t/p/w1280/qEnH5meR381iMpmCumAIMswcQw2.jpg</thumbnail>
	<fanart>https://image.tmdb.org/t/p/w1280/88poTBTafMXaz73vYi3c74g0y2k.jpg</fanart>
</item>
<item>
	<title>[B][COLOR=blue]Ratchet & Clank[/COLOR][/B]</title>
	<meta>
	<imdb>tt2865120</imdb>
	<content>movie</content>
	<title>Ratchet & Clank</title>
	<year>2016</year>
	</meta>
	<link>
	<sublink>https://www.youtube.com/watch?v=6rVZKNJO5Cw&feature=youtu.be</sublink>
	<sublink>search</sublink>
	<sublink>searchsd</sublink>
	</link>
	<thumbnail>https://image.tmdb.org/t/p/w1280/q4KgzBRorknuSeQN1q8jxlyg8ux.jpg</thumbnail>
	<fanart>https://image.tmdb.org/t/p/w1280/uCDW54qYqiw9Gonc10cEgOb4tc5.jpg</fanart>
</item>
<item>
	<title>[B][COLOR=blue]Rio 2[/COLOR][/B]</title>
	<meta>
	<imdb>tt2357291</imdb>
	<content>movie</content>
	<title>Rio 2</title>
	<year>2014</year>
	</meta>
	<link>
	<sublink>https://www.youtube.com/watch?v=hUWsKkMKZBc&feature=youtu.be</sublink>
	<sublink>search</sublink>
	<sublink>searchsd</sublink>
	</link>
	<thumbnail>https://image.tmdb.org/t/p/w1280/jZcF7xZVvrX2A4qNOqeHpmtbdBT.jpg</thumbnail>
	<fanart>https://image.tmdb.org/t/p/w1280/bRQPOVpvBmvep9WYnGcKguxjlg2.jpg</fanart>
</item>
<item>
	<title>[B][COLOR=blue]Rise of the Guardians[/COLOR][/B]</title>
	<meta>
	<imdb>tt1446192</imdb>
	<content>movie</content>
	<title>Rise of the Guardians</title>
	<year>2012</year>
	</meta>
	<link>
	<sublink>https://www.youtube.com/watch?v=aPLiBxhoug0&feature=youtu.be</sublink>
	<sublink>search</sublink>
	<sublink>searchsd</sublink>
	</link>
	<thumbnail>https://image.tmdb.org/t/p/w1280/sIZr3pWcnLTjMkOaTkBrV967lTK.jpg</thumbnail>
	<fanart>https://image.tmdb.org/t/p/w1280/uLAzeXooxaCJvxltbEqZQHLxniP.jpg</fanart>
</item>
<item>
	<title>[B][COLOR=blue]Ronal Barbaren[/COLOR][/B]</title>
	<meta>
	<imdb>tt1629374</imdb>
	<content>movie</content>
	<title>Ronal Barbaren</title>
	<year>2011</year>
	</meta>
	<link>
	<sublink>https://www.youtube.com/watch?v=4N26u0cPdk4&feature=youtu.be</sublink>
	<sublink>search</sublink>
	<sublink>searchsd</sublink>
	</link>
	<thumbnail>https://image.tmdb.org/t/p/w1280/wGtPpl8n3zOP5HsWMqUZNOhKM5c.jpg</thumbnail>
	<fanart>https://image.tmdb.org/t/p/w1280/y2sKCA9fxgUYE3IUsQrJbD1EO2T.jpg</fanart>
</item>
<item>
	<title>[B][COLOR=blue]Rudorufu to Ippaiattena[/COLOR][/B]</title>
	<meta>
	<imdb>tt5912052</imdb>
	<content>movie</content>
	<title>Rudorufu to Ippaiattena</title>
	<year>2016</year>
	</meta>
	<link>
	<sublink>https://www.youtube.com/watch?v=wNAnW6asWEQ&feature=youtu.be</sublink>
	<sublink>search</sublink>
	<sublink>searchsd</sublink>
	</link>
	<thumbnail>https://image.tmdb.org/t/p/w1280</thumbnail>
	<fanart>https://image.tmdb.org/t/p/w1280</fanart>
</item>
<item>
	<title>[B][COLOR=blue]Sausage Party[/COLOR][/B]</title>
	<meta>
	<imdb>tt1700841</imdb>
	<content>movie</content>
	<title>Sausage Party</title>
	<year>2016</year>
	</meta>
	<link>
	<sublink>https://www.youtube.com/watch?v=wNAnW6asWEQ&feature=youtu.be</sublink>
	<sublink>search</sublink>
	<sublink>searchsd</sublink>
	</link>
	<thumbnail>https://image.tmdb.org/t/p/w1280/w90cORtNWQAd2k93aFlIBbpQYTC.jpg</thumbnail>
	<fanart>https://image.tmdb.org/t/p/w1280/zpF8ufiB9mG6IwctoD5ONRjXXv1.jpg</fanart>
</item>
<item>
	<title>[B][COLOR=blue]Sgt Stubby An American Hero[/COLOR][/B]</title>
	<meta>
	<imdb>tt5314190</imdb>
	<content>movie</content>
	<title>Sgt Stubby An American Hero</title>
	<year>2018</year>
	</meta>
	<link>
	<sublink>https://www.youtube.com/watch?v=L2rekx-k5X0&feature=youtu.be</sublink>
	<sublink>search</sublink>
	<sublink>searchsd</sublink>
	</link>
	<thumbnail>https://image.tmdb.org/t/p/w1280/l7MiBAz8QlqKPuUfH5Uxxjo33AT.jpg</thumbnail>
	<fanart>https://image.tmdb.org/t/p/w1280/4pEbf7P2xlifhNmwAemcdAbomyZ.jpg</fanart>
</item>
<item>
	<title>[B][COLOR=blue]Sherlock Gnomes[/COLOR][/B]</title>
	<meta>
	<imdb>tt2296777</imdb>
	<content>movie</content>
	<title>Sherlock Gnomes</title>
	<year>2018</year>
	</meta>
	<link>
	<sublink>https://www.youtube.com/watch?v=gwcdJXhngBw&feature=youtu.be</sublink>
	<sublink>search</sublink>
	<sublink>searchsd</sublink>
	</link>
	<thumbnail>https://image.tmdb.org/t/p/w1280/wqnzpJR3PwS4doVkAkt9seSEpoX.jpg</thumbnail>
	<fanart>https://image.tmdb.org/t/p/w1280/a8yYZd7vECN3myX8dJiXOlN2bgf.jpg</fanart>
</item>
<item>
	<title>[B][COLOR=blue]Smallfoot[/COLOR][/B]</title>
	<meta>
	<imdb>tt6182908</imdb>
	<content>movie</content>
	<title>Smallfoot</title>
	<year>2018</year>
	</meta>
	<link>
	<sublink>https://www.youtube.com/watch?v=34cHO5_LX9g&feature=youtu.be</sublink>
	<sublink>search</sublink>
	<sublink>searchsd</sublink>
	</link>
	<thumbnail>https://image.tmdb.org/t/p/w1280/zfaiO7QgpcvR8XDOMokWLRfKeTE.jpg</thumbnail>
	<fanart>https://image.tmdb.org/t/p/w1280/7t88SoT3Dd8DhGnQuVoSbMNUl3W.jpg</fanart>
</item>
<item>
	<title>[B][COLOR=blue]Snoopy and Charlie Brown The Peanuts Movie[/COLOR][/B]</title>
	<meta>
	<imdb>tt2452042</imdb>
	<content>movie</content>
	<title>Snoopy and Charlie Brown The Peanuts Movie</title>
	<year>2015</year>
	</meta>
	<link>
	<sublink>https://www.youtube.com/watch?v=fVR4E6Q6u5g&feature=youtu.be</sublink>
	<sublink>search</sublink>
	<sublink>searchsd</sublink>
	</link>
	<thumbnail>https://image.tmdb.org/t/p/w1280/8Riryt5HqjAjLDeIayBSAOtxUKL.jpg</thumbnail>
	<fanart>https://image.tmdb.org/t/p/w1280/yVDp8IjrZOp8MrAHc6ruWtNTsOC.jpg</fanart>
</item>
<item>
	<title>[B][COLOR=blue]Spider Man Into the Spider Verse[/COLOR][/B]</title>
	<meta>
	<imdb>tt4633694</imdb>
	<content>movie</content>
	<title>Spider Man Into the Spider Verse</title>
	<year>2018</year>
	</meta>
	<link>
	<sublink>https://www.youtube.com/watch?v=g4Hbz2jLxvQ&feature=youtu.be</sublink>
	<sublink>search</sublink>
	<sublink>searchsd</sublink>
	</link>
	<thumbnail>https://image.tmdb.org/t/p/w1280/iiZZdoQBEYBv6id8su7ImL0oCbD.jpg</thumbnail>
	<fanart>https://image.tmdb.org/t/p/w1280/uUiId6cG32JSRI6RyBQSvQtLjz2.jpg</fanart>
</item>
<item>
	<title>[B][COLOR=blue]Starship Troopers Invasion[/COLOR][/B]</title>
	<meta>
	<imdb>tt2085930</imdb>
	<content>movie</content>
	<title>Starship Troopers Invasion</title>
	<year>2012</year>
	</meta>
	<link>
	<sublink>https://www.youtube.com/watch?v=q4RK3jY7AVk&feature=youtu.be</sublink>
	<sublink>search</sublink>
	<sublink>searchsd</sublink>
	</link>
	<thumbnail>https://image.tmdb.org/t/p/w1280</thumbnail>
	<fanart>https://image.tmdb.org/t/p/w1280</fanart>
</item>
<item>
	<title>[B][COLOR=blue]Storks[/COLOR][/B]</title>
	<meta>
	<imdb>tt4624424</imdb>
	<content>movie</content>
	<title>Storks</title>
	<year>2016</year>
	</meta>
	<link>
	<sublink>https://www.youtube.com/watch?v=yPoJiGMwsVE&feature=youtu.be</sublink>
	<sublink>search</sublink>
	<sublink>searchsd</sublink>
	</link>
	<thumbnail>https://image.tmdb.org/t/p/w1280/5qVD5TD1CiALR5vUsMzh2BschVU.jpg</thumbnail>
	<fanart>https://image.tmdb.org/t/p/w1280/yziCg46YIvmWAvPdztuZQqNBinW.jpg</fanart>
</item>
<item>
	<title>[B][COLOR=blue]Strange Magic[/COLOR][/B]</title>
	<meta>
	<imdb>tt4191054</imdb>
	<content>movie</content>
	<title>Strange Magic</title>
	<year>2015</year>
	</meta>
	<link>
	<sublink>https://www.youtube.com/watch?v=Xr9iLfD6xus&feature=youtu.be</sublink>
	<sublink>search</sublink>
	<sublink>searchsd</sublink>
	</link>
	<thumbnail>https://image.tmdb.org/t/p/w1280/ixB8bO1sFo5eLPqjsyd3u9UVzDD.jpg</thumbnail>
	<fanart>https://image.tmdb.org/t/p/w1280/yFAvLoOl4313nkV9wuOyTTq9bJ.jpg</fanart>
</item>
<item>
	<title>[B][COLOR=blue]Tarzan[/COLOR][/B]</title>
	<meta>
	<imdb>tt1705952</imdb>
	<content>movie</content>
	<title>Tarzan</title>
	<year>2013</year>
	</meta>
	<link>
	<sublink>https://www.youtube.com/watch?v=eah80eMZMgc&feature=youtu.be</sublink>
	<sublink>search</sublink>
	<sublink>searchsd</sublink>
	</link>
	<thumbnail>https://image.tmdb.org/t/p/w1280/p0Ut3h7Sx6GlsVltt2ZAp8XDFmi.jpg</thumbnail>
	<fanart>https://image.tmdb.org/t/p/w1280/mWpUKAaJHjckIPFdEFEpeMTjjki.jpg</fanart>
</item>
<item>
	<title>[B][COLOR=blue]Tekken Buraddo benjensu[/COLOR][/B]</title>
	<meta>
	<imdb>tt2005363</imdb>
	<content>movie</content>
	<title>Tekken Buraddo benjensu</title>
	<year>2011</year>
	</meta>
	<link>
	<sublink>https://www.youtube.com/watch?v=IPT_qqJ12s4&feature=youtu.be</sublink>
	<sublink>search</sublink>
	<sublink>searchsd</sublink>
	</link>
	<thumbnail>https://image.tmdb.org/t/p/w1280/7Q8uqpqtwAZIQlNUXMDhHn5PsJO.jpg</thumbnail>
	<fanart>https://image.tmdb.org/t/p/w1280/bish2R7eWff3qt0BnDVuSQhPJwj.jpg</fanart>
</item>
<item>
	<title>[B][COLOR=blue]The Adventures of Tintin The Secret of the Unicorn[/COLOR][/B]</title>
	<meta>
	<imdb>tt0983193</imdb>
	<content>movie</content>
	<title>The Adventures of Tintin The Secret of the Unicorn</title>
	<year>2011</year>
	</meta>
	<link>
	<sublink>https://www.youtube.com/watch?v=LTnCE_SaU38&feature=youtu.be</sublink>
	<sublink>search</sublink>
	<sublink>searchsd</sublink>
	</link>
	<thumbnail>https://image.tmdb.org/t/p/w1280/3XOaHJARdZIXcd7sgJV24Txp3gf.jpg</thumbnail>
	<fanart>https://image.tmdb.org/t/p/w1280/m3xgF9JiTlfN1rO9hcvTd4PTIQy.jpg</fanart>
</item>
<item>
	<title>[B][COLOR=blue]The Book of Life[/COLOR][/B]</title>
	<meta>
	<imdb>tt2262227</imdb>
	<content>movie</content>
	<title>The Book of Life</title>
	<year>2014</year>
	</meta>
	<link>
	<sublink>https://www.youtube.com/watch?v=mP01tEMzt40&feature=youtu.be</sublink>
	<sublink>search</sublink>
	<sublink>searchsd</sublink>
	</link>
	<thumbnail>https://image.tmdb.org/t/p/w1280/puTDvsUADxCA5NjJuwgEWqQ3xGA.jpg</thumbnail>
	<fanart>https://image.tmdb.org/t/p/w1280/lVshZpxU5EB8zXJrnXxblaDps6m.jpg</fanart>
</item>
<item>
	<title>[B][COLOR=blue]The Croods[/COLOR][/B]</title>
	<meta>
	<imdb>tt0481499</imdb>
	<content>movie</content>
	<title>The Croods</title>
	<year>2013</year>
	</meta>
	<link>
	<sublink>https://www.youtube.com/watch?v=4fVCKy69zUY&feature=youtu.be</sublink>
	<sublink>search</sublink>
	<sublink>searchsd</sublink>
	</link>
	<thumbnail>https://image.tmdb.org/t/p/w1280/eHi3Nbgh6Cs2KiIyEMF4Ig4CdjX.jpg</thumbnail>
	<fanart>https://image.tmdb.org/t/p/w1280/vg2hf8eAZhULxtQRS87CbrH2WMQ.jpg</fanart>
</item>
<item>
	<title>[B][COLOR=blue]The Good Dinosaur[/COLOR][/B]</title>
	<meta>
	<imdb>tt1979388</imdb>
	<content>movie</content>
	<title>The Good Dinosaur</title>
	<year>2015</year>
	</meta>
	<link>
	<sublink>https://www.youtube.com/watch?v=8lsIrASLD-Q&feature=youtu.be</sublink>
	<sublink>search</sublink>
	<sublink>searchsd</sublink>
	</link>
	<thumbnail>https://image.tmdb.org/t/p/w1280/2ZckiMTfSkCep2JTtZbr73tnQbN.jpg</thumbnail>
	<fanart>https://image.tmdb.org/t/p/w1280/pDuD96Fz0ZZXf9buEvRu1UQsmFT.jpg</fanart>
</item>
<item>
	<title>[B][COLOR=blue]The Grinch[/COLOR][/B]</title>
	<meta>
	<imdb>tt2709692</imdb>
	<content>movie</content>
	<title>The Grinch</title>
	<year>2018</year>
	</meta>
	<link>
	<sublink>https://www.youtube.com/watch?v=2mNMvz85NG8&feature=youtu.be</sublink>
	<sublink>search</sublink>
	<sublink>searchsd</sublink>
	</link>
	<thumbnail>https://image.tmdb.org/t/p/w1280/smxA8yvZ0LzDPer9BIRd4pyOpx1.jpg</thumbnail>
	<fanart>https://image.tmdb.org/t/p/w1280/juc9wt7Eh2IarLL5S1yQ1a21O1A.jpg</fanart>
</item>
<item>
	<title>[B][COLOR=blue]The Incredibles 2[/COLOR][/B]</title>
	<meta>
	<imdb>tt3606756</imdb>
	<content>movie</content>
	<title>The Incredibles 2</title>
	<year>2018</year>
	</meta>
	<link>
	<sublink>https://www.youtube.com/watch?v=ZJDMWVZta3M&feature=youtu.be</sublink>
	<sublink>search</sublink>
	<sublink>searchsd</sublink>
	</link>
	<thumbnail>https://image.tmdb.org/t/p/w1280/9lFKBtaVIhP7E2Pk0IY1CwTKTMZ.jpg</thumbnail>
	<fanart>https://image.tmdb.org/t/p/w1280/mabuNsGJgRuCTuGqjFkWe1xdu19.jpg</fanart>
</item>
<item>
	<title>[B][COLOR=blue]The Lego Batman Movie[/COLOR][/B]</title>
	<meta>
	<imdb>tt4116284</imdb>
	<content>movie</content>
	<title>The Lego Batman Movie</title>
	<year>2017</year>
	</meta>
	<link>
	<sublink>https://www.youtube.com/watch?v=aBJyp2LFHgk&feature=youtu.be</sublink>
	<sublink>search</sublink>
	<sublink>searchsd</sublink>
	</link>
	<thumbnail>https://image.tmdb.org/t/p/w1280/1pHOqpdCYNmtRVJs6pGKQKttrPm.jpg</thumbnail>
	<fanart>https://image.tmdb.org/t/p/w1280/jqnbac3oind5VOcAN0mTXyapOGh.jpg</fanart>
</item>
<item>
	<title>[B][COLOR=blue]The Lego Movie[/COLOR][/B]</title>
	<meta>
	<imdb>tt1490017</imdb>
	<content>movie</content>
	<title>The Lego Movie</title>
	<year>2014</year>
	</meta>
	<link>
	<sublink>https://www.youtube.com/watch?v=VQA8kJLTJHs&feature=youtu.be</sublink>
	<sublink>search</sublink>
	<sublink>searchsd</sublink>
	</link>
	<thumbnail>https://image.tmdb.org/t/p/w1280/lMHbadNmznKs5vgBAkHxKGHulOa.jpg</thumbnail>
	<fanart>https://image.tmdb.org/t/p/w1280/wPRiV4TVpRCV2es81q0S1eRaUbm.jpg</fanart>
</item>
<item>
	<title>[B][COLOR=blue]The Lego Ninjago Movie[/COLOR][/B]</title>
	<meta>
	<imdb>tt3014284</imdb>
	<content>movie</content>
	<title>The Lego Ninjago Movie</title>
	<year>2017</year>
	</meta>
	<link>
	<sublink>https://www.youtube.com/watch?v=sZSYYiATFTI&feature=youtu.be</sublink>
	<sublink>search</sublink>
	<sublink>searchsd</sublink>
	</link>
	<thumbnail>https://image.tmdb.org/t/p/w1280/vUo0pNXGhp2ffTJxiStWt6fHL7F.jpg</thumbnail>
	<fanart>https://image.tmdb.org/t/p/w1280/3DPuzZmkBD9vbMpLvQcrymYoDBk.jpg</fanart>
</item>
<item>
	<title>[B][COLOR=blue]The Lorax[/COLOR][/B]</title>
	<meta>
	<imdb>tt1482459</imdb>
	<content>movie</content>
	<title>The Lorax</title>
	<year>2012</year>
	</meta>
	<link>
	<sublink>https://www.youtube.com/watch?v=0aQ1R90UAxQ&feature=youtu.be</sublink>
	<sublink>search</sublink>
	<sublink>searchsd</sublink>
	</link>
	<thumbnail>https://image.tmdb.org/t/p/w1280/6FuYtjegxaUv7n7C733hUEOQytR.jpg</thumbnail>
	<fanart>https://image.tmdb.org/t/p/w1280/7CuXAFUWcOlR5kt07ln1fZDxdHX.jpg</fanart>
</item>
<item>
	<title>[B][COLOR=blue]The Nut Job[/COLOR][/B]</title>
	<meta>
	<imdb>tt1821658</imdb>
	<content>movie</content>
	<title>The Nut Job</title>
	<year>2014</year>
	</meta>
	<link>
	<sublink>https://www.youtube.com/watch?v=fq4qP2oSpIA&feature=youtu.be</sublink>
	<sublink>search</sublink>
	<sublink>searchsd</sublink>
	</link>
	<thumbnail>https://image.tmdb.org/t/p/w1280/rXdSfDu08cs0fU9S6l3AK1bJqy8.jpg</thumbnail>
	<fanart>https://image.tmdb.org/t/p/w1280/TCtQLLO9PRqCcPCFgpx77a3Pct.jpg</fanart>
</item>
<item>
	<title>[B][COLOR=blue]The Secret Life of Pets[/COLOR][/B]</title>
	<meta>
	<imdb>tt2709768</imdb>
	<content>movie</content>
	<title>The Secret Life of Pets</title>
	<year>2016</year>
	</meta>
	<link>
	<sublink>https://www.youtube.com/watch?v=UZJVc_JTI_w&feature=youtu.be</sublink>
	<sublink>search</sublink>
	<sublink>searchsd</sublink>
	</link>
	<thumbnail>https://image.tmdb.org/t/p/w1280/WLQN5aiQG8wc9SeKwixW7pAR8K.jpg</thumbnail>
	<fanart>https://image.tmdb.org/t/p/w1280/3DrUqTAPjriEasoGrz5G8sPJtDU.jpg</fanart>
</item>
<item>
	<title>[B][COLOR=blue]The Star[/COLOR][/B]</title>
	<meta>
	<imdb>tt4587656</imdb>
	<content>movie</content>
	<title>The Star</title>
	<year>2017</year>
	</meta>
	<link>
	<sublink>https://www.youtube.com/watch?v=drWWjIhugik&feature=youtu.be</sublink>
	<sublink>search</sublink>
	<sublink>searchsd</sublink>
	</link>
	<thumbnail>https://image.tmdb.org/t/p/w1280/tEbDvivUfsCupngKIfMJJ725eAD.jpg</thumbnail>
	<fanart>https://image.tmdb.org/t/p/w1280/orpnKsu7t1CLDNYgzevgsz67xRq.jpg</fanart>
</item>
<item>
	<title>[B][COLOR=blue]The Unbeatables[/COLOR][/B]</title>
	<meta>
	<imdb>tt1634003</imdb>
	<content>movie</content>
	<title>The Unbeatables</title>
	<year>2013</year>
	</meta>
	<link>
	<sublink>https://www.youtube.com/watch?v=aymhLsyy3TY&feature=youtu.be</sublink>
	<sublink>search</sublink>
	<sublink>searchsd</sublink>
	</link>
	<thumbnail>https://image.tmdb.org/t/p/w1280/rKnfNwbRGd6p7SidQYlGemCE8wb.jpg</thumbnail>
	<fanart>https://image.tmdb.org/t/p/w1280/aFJI3yhV8HGJ7yo6MUNL2aoy9Aj.jpg</fanart>
</item>
<item>
	<title>[B][COLOR=blue]Throne of Elves[/COLOR][/B]</title>
	<meta>
	<imdb>tt5425264</imdb>
	<content>movie</content>
	<title>Throne of Elves</title>
	<year>2016</year>
	</meta>
	<link>
	<sublink>https://www.youtube.com/watch?v=Uc2mYQayFfQ&feature=youtu.be</sublink>
	<sublink>search</sublink>
	<sublink>searchsd</sublink>
	</link>
	<thumbnail>https://image.tmdb.org/t/p/w1280/3uDlD6Emo02JxXarE5hwD0vNZ5y.jpg</thumbnail>
	<fanart>https://image.tmdb.org/t/p/w1280/9vHcIFK6mj0TSwVr6cmqlceJVkJ.jpg</fanart>
</item>
<item>
	<title>[B][COLOR=blue]TinkerBell and the Secret of the Wings[/COLOR][/B]</title>
	<meta>
	<imdb>tt1217213</imdb>
	<content>movie</content>
	<title>TinkerBell and the Secret of the Wings</title>
	<year>2012</year>
	</meta>
	<link>
	<sublink>https://www.youtube.com/watch?v=UpFv8M2HdQ4&feature=youtu.be</sublink>
	<sublink>search</sublink>
	<sublink>searchsd</sublink>
	</link>
	<thumbnail>https://image.tmdb.org/t/p/w1280/4oBoAsIGEw9z4R5XqhtuVmpznGk.jpg</thumbnail>
	<fanart>https://image.tmdb.org/t/p/w1280/wMpL6qA67gTupcwXV8w6VIJzLxa.jpg</fanart>
</item>
<item>
	<title>[B][COLOR=blue]Toy Story 4[/COLOR][/B]</title>
	<meta>
	<imdb>tt1979376</imdb>
	<content>movie</content>
	<title>Toy Story 4</title>
	<year>2019</year>
	</meta>
	<link>
	<sublink>https://www.youtube.com/watch?v=LDXYRzerjzU&feature=youtu.be</sublink>
	<sublink>search</sublink>
	<sublink>searchsd</sublink>
	</link>
	<thumbnail>https://image.tmdb.org/t/p/w1280/w9kR8qbmQ01HwnvK4alvnQ2ca0L.jpg</thumbnail>
	<fanart>https://image.tmdb.org/t/p/w1280/m67smI1IIMmYzCl9axvKNULVKLr.jpg</fanart>
</item>
<item>
	<title>[B][COLOR=blue]Trolls[/COLOR][/B]</title>
	<meta>
	<imdb>tt1679335</imdb>
	<content>movie</content>
	<title>Trolls</title>
	<year>2016</year>
	</meta>
	<link>
	<sublink>https://www.youtube.com/watch?v=xyjm5VQ11TQ&feature=youtu.be</sublink>
	<sublink>search</sublink>
	<sublink>searchsd</sublink>
	</link>
	<thumbnail>https://image.tmdb.org/t/p/w1280/zKu5MNy9QW1a5ZHgv7iAp3kRZpE.jpg</thumbnail>
	<fanart>https://image.tmdb.org/t/p/w1280/rsqgeBVoirEmlHpNsLr00u5sctk.jpg</fanart>
</item>
<item>
	<title>[B][COLOR=blue]Turbo[/COLOR][/B]</title>
	<meta>
	<imdb>tt1860353</imdb>
	<content>movie</content>
	<title>Turbo</title>
	<year>2013</year>
	</meta>
	<link>
	<sublink>https://www.youtube.com/watch?v=QULzGYRThH8&feature=youtu.be</sublink>
	<sublink>search</sublink>
	<sublink>searchsd</sublink>
	</link>
	<thumbnail>https://image.tmdb.org/t/p/w1280/kajPlPUgobxci8ME5oqvzjN430q.jpg</thumbnail>
	<fanart>https://image.tmdb.org/t/p/w1280/dvdKrICCKP8Uh1Xqkn60oQXnYer.jpg</fanart>
</item>
<item>
	<title>[B][COLOR=blue]Two by Two[/COLOR][/B]</title>
	<meta>
	<imdb>tt3411432</imdb>
	<content>movie</content>
	<title>Two by Two</title>
	<year>2015</year>
	</meta>
	<link>
	<sublink>https://www.youtube.com/watch?v=spcghvLHXdk&feature=youtu.be</sublink>
	<sublink>search</sublink>
	<sublink>searchsd</sublink>
	</link>
	<thumbnail>https://image.tmdb.org/t/p/w1280/y1sW14KiKMHQbQCIZiUDha7lkR3.jpg</thumbnail>
	<fanart>https://image.tmdb.org/t/p/w1280/aVcpJiLFpvPkoHgE54R4FaI40If.jpg</fanart>
</item>
<item>
	<title>[B][COLOR=blue]Wreck It Ralph[/COLOR][/B]</title>
	<meta>
	<imdb>tt1772341</imdb>
	<content>movie</content>
	<title>Wreck It Ralph</title>
	<year>2012</year>
	</meta>
	<link>
	<sublink>https://www.youtube.com/watch?v=JPSQOomMWro&feature=youtu.be</sublink>
	<sublink>search</sublink>
	<sublink>searchsd</sublink>
	</link>
	<thumbnail>https://image.tmdb.org/t/p/w1280/gaJbCRPjzQ7JPsr8b14FHmE2He9.jpg</thumbnail>
	<fanart>https://image.tmdb.org/t/p/w1280/mLJNZhoySaaloskNrfYAmIVN9iA.jpg</fanart>
</item>
<item>
	<title>[B][COLOR=blue]Zambezia[/COLOR][/B]</title>
	<meta>
	<imdb>tt1488181</imdb>
	<content>movie</content>
	<title>Zambezia</title>
	<year>2012</year>
	</meta>
	<link>
	<sublink>https://www.youtube.com/watch?v=YwVcjdEe0c8&feature=youtu.be</sublink>
	<sublink>search</sublink>
	<sublink>searchsd</sublink>
	</link>
	<thumbnail>https://image.tmdb.org/t/p/w1280/dLZTSTe4czdJ3Fr6vwy8XwVzLF5.jpg</thumbnail>
	<fanart>https://image.tmdb.org/t/p/w1280/5xPTAstcnDpZWmai8mocGUHChKF.jpg</fanart>
</item>
<item>
	<title>[B][COLOR=blue]Zootropolis[/COLOR][/B]</title>
	<meta>
	<imdb>tt2948356</imdb>
	<content>movie</content>
	<title>Zootropolis</title>
	<year>2016</year>
	</meta>
	<link>
	<sublink>https://www.youtube.com/watch?v=zQ2XkyDTW34&feature=youtu.be</sublink>
	<sublink>search</sublink>
	<sublink>searchsd</sublink>
	</link>
	<thumbnail>https://image.tmdb.org/t/p/w1280/sM33SANp9z6rXW8Itn7NnG1GOEs.jpg</thumbnail>
	<fanart>https://image.tmdb.org/t/p/w1280/mhdeE1yShHTaDbJVdWyTlzFvNkr.jpg</fanart>
</item>
