<item>
	<title>[B][COLOR=green]Toy Story 4[/COLOR][/B]</title>
	<meta>
	<imdb>tt1979376</imdb>
	<content>movie</content>
	<title>Toy Story 4</title>
	<year>2019</year>
	</meta>
	<link>
	<sublink>https://www.youtube.com/watch?v=LDXYRzerjzU&feature=youtu.be</sublink>
	<sublink>search</sublink>
	<sublink>searchsd</sublink>
	</link>
	<thumbnail>https://image.tmdb.org/t/p/w1280/w9kR8qbmQ01HwnvK4alvnQ2ca0L.jpg</thumbnail>
	<fanart>https://image.tmdb.org/t/p/w1280/m67smI1IIMmYzCl9axvKNULVKLr.jpg</fanart>
</item>
<item>
	<title>[B][COLOR=green]The Incredibles 2[/COLOR][/B]</title>
	<meta>
	<imdb>tt3606756</imdb>
	<content>movie</content>
	<title>The Incredibles 2</title>
	<year>2018</year>
	</meta>
	<link>
	<sublink>https://www.youtube.com/watch?v=ZJDMWVZta3M&feature=youtu.be</sublink>
	<sublink>search</sublink>
	<sublink>searchsd</sublink>
	</link>
	<thumbnail>https://image.tmdb.org/t/p/w1280/9lFKBtaVIhP7E2Pk0IY1CwTKTMZ.jpg</thumbnail>
	<fanart>https://image.tmdb.org/t/p/w1280/mabuNsGJgRuCTuGqjFkWe1xdu19.jpg</fanart>
</item>
<item>
	<title>[B][COLOR=green]Coco[/COLOR][/B]</title>
	<meta>
	<imdb>tt2380307</imdb>
	<content>movie</content>
	<title>Coco</title>
	<year>2017</year>
	</meta>
	<link>
	<sublink>https://www.youtube.com/watch?v=zNCz4mQzfEI&feature=youtu.be</sublink>
	<sublink>search</sublink>
	<sublink>searchsd</sublink>
	</link>
	<thumbnail>https://image.tmdb.org/t/p/w1280/eKi8dIrr8voobbaGzDpe8w0PVbC.jpg</thumbnail>
	<fanart>https://image.tmdb.org/t/p/w1280/askg3SMvhqEl4OL52YuvdtY40Yb.jpg</fanart>
</item>
<item>
	<title>[B][COLOR=green]Finding Dory[/COLOR][/B]</title>
	<meta>
	<imdb>tt2277860</imdb>
	<content>movie</content>
	<title>Finding Dory</title>
	<year>2016</year>
	</meta>
	<link>
	<sublink>https://www.youtube.com/watch?v=JhvrQeY3doI&feature=youtu.be</sublink>
	<sublink>search</sublink>
	<sublink>searchsd</sublink>
	</link>
	<thumbnail>https://image.tmdb.org/t/p/w1280/z09QAf8WbZncbitewNk6lKYMZsh.jpg</thumbnail>
	<fanart>https://image.tmdb.org/t/p/w1280/3iSCdXjDmY3DuEOUYsElu35vQU6.jpg</fanart>
</item>
<item>
	<title>[B][COLOR=green]Inside Out[/COLOR][/B]</title>
	<meta>
	<imdb>tt2096673</imdb>
	<content>movie</content>
	<title>Inside Out</title>
	<year>2015</year>
	</meta>
	<link>
	<sublink>https://www.youtube.com/watch?v=yRUAzGQ3nSY&feature=youtu.be</sublink>
	<sublink>search</sublink>
	<sublink>searchsd</sublink>
	</link>
	<thumbnail>https://image.tmdb.org/t/p/w1280/aAmfIX3TT40zUHGcCKrlOZRKC7u.jpg</thumbnail>
	<fanart>https://image.tmdb.org/t/p/w1280/szytSpLAyBh3ULei3x663mAv5ZT.jpg</fanart>
</item>
<item>
	<title>[B][COLOR=green]The Good Dinosaur[/COLOR][/B]</title>
	<meta>
	<imdb>tt1979388</imdb>
	<content>movie</content>
	<title>The Good Dinosaur</title>
	<year>2015</year>
	</meta>
	<link>
	<sublink>https://www.youtube.com/watch?v=8lsIrASLD-Q&feature=youtu.be</sublink>
	<sublink>search</sublink>
	<sublink>searchsd</sublink>
	</link>
	<thumbnail>https://image.tmdb.org/t/p/w1280/2ZckiMTfSkCep2JTtZbr73tnQbN.jpg</thumbnail>
	<fanart>https://image.tmdb.org/t/p/w1280/pDuD96Fz0ZZXf9buEvRu1UQsmFT.jpg</fanart>
</item>
<item>
	<title>[B][COLOR=green]Monsters University[/COLOR][/B]</title>
	<meta>
	<imdb>tt1453405</imdb>
	<content>movie</content>
	<title>Monsters University</title>
	<year>2013</year>
	</meta>
	<link>
	<sublink>https://www.youtube.com/watch?v=JbeFIfS8uno&feature=youtu.be</sublink>
	<sublink>search</sublink>
	<sublink>searchsd</sublink>
	</link>
	<thumbnail>https://image.tmdb.org/t/p/w1280/a05xQU9huY3P5uurLcGGHmsf2Vh.jpg</thumbnail>
	<fanart>https://image.tmdb.org/t/p/w1280/5mDCKKS7M8aUZKdShnCa7lLbzmH.jpg</fanart>
</item>
<item>
	<title>[B][COLOR=green]Brave[/COLOR][/B]</title>
	<meta>
	<imdb>tt1217209</imdb>
	<content>movie</content>
	<title>Brave</title>
	<year>2012</year>
	</meta>
	<link>
	<sublink>https://www.youtube.com/watch?v=TEHWDA_6e3M&feature=youtu.be</sublink>
	<sublink>search</sublink>
	<sublink>searchsd</sublink>
	</link>
	<thumbnail>https://image.tmdb.org/t/p/w1280/qhABv2d4NZLhsOOA4iBFM4rfuJC.jpg</thumbnail>
	<fanart>https://image.tmdb.org/t/p/w1280/sfRCA9g3CunpnZO3QurHSIRcsUq.jpg</fanart>
</item>
<item>
	<title>[B][COLOR=green]Cars 2[/COLOR][/B]</title>
	<meta>
	<imdb>tt1216475</imdb>
	<content>movie</content>
	<title>Cars 2</title>
	<year>2011</year>
	</meta>
	<link>
	<sublink>https://www.youtube.com/watch?v=lg5hj2c5Nkk&feature=youtu.be</sublink>
	<sublink>search</sublink>
	<sublink>searchsd</sublink>
	</link>
	<thumbnail>https://image.tmdb.org/t/p/w1280/AblhtULOVtrkSnFxRPQ8gBemxw9.jpg</thumbnail>
	<fanart>https://image.tmdb.org/t/p/w1280/jEcmZhtJkZQc6ta2vzBd9CU7GIx.jpg</fanart>
</item>
<item>
	<title>[B][COLOR=green]Toy Story 3[/COLOR][/B]</title>
	<meta>
	<imdb>tt0435761</imdb>
	<content>movie</content>
	<title>Toy Story 3</title>
	<year>2010</year>
	</meta>
	<link>
	<sublink>https://www.youtube.com/watch?v=TNMpa5yBf5o&feature=youtu.be</sublink>
	<sublink>search</sublink>
	<sublink>searchsd</sublink>
	</link>
	<thumbnail>https://image.tmdb.org/t/p/w1280/mMltbSxwEdNE4Cv8QYLpzkHWTDo.jpg</thumbnail>
	<fanart>https://image.tmdb.org/t/p/w1280/y2qAjM37QgatWeG84DDtwsZuMW.jpg</fanart>
</item>
<item>
	<title>[B][COLOR=green]Up[/COLOR][/B]</title>
	<meta>
	<imdb>tt1049413</imdb>
	<content>movie</content>
	<title>Up</title>
	<year>2009</year>
	</meta>
	<link>
	<sublink>https://www.youtube.com/watch?v=ORFWdXl_zJ4&feature=youtu.be</sublink>
	<sublink>search</sublink>
	<sublink>searchsd</sublink>
	</link>
	<thumbnail>https://image.tmdb.org/t/p/w1280/nk11pvocdb5zbFhX5oq5YiLPYMo.jpg</thumbnail>
	<fanart>https://image.tmdb.org/t/p/w1280/6fX7NF6IUJCTVssei7Shgl9J6LL.jpg</fanart>
</item>
<item>
	<title>[B][COLOR=green]WALL E[/COLOR][/B]</title>
	<meta>
	<imdb>tt0910970</imdb>
	<content>movie</content>
	<title>WALL E</title>
	<year>2008</year>
	</meta>
	<link>
	<sublink>https://www.youtube.com/watch?v=8-_9n5DtKOc&feature=youtu.be</sublink>
	<sublink>search</sublink>
	<sublink>searchsd</sublink>
	</link>
	<thumbnail>https://image.tmdb.org/t/p/w1280/9cJETuLMc6R0bTWRA5i7ctY9bxk.jpg</thumbnail>
	<fanart>https://image.tmdb.org/t/p/w1280/2nFyTvssbtJMLC6eyYwwZ88gALD.jpg</fanart>
</item>
<item>
	<title>[B][COLOR=green]Ratatouille[/COLOR][/B]</title>
	<meta>
	<imdb>tt0382932</imdb>
	<content>movie</content>
	<title>Ratatouille</title>
	<year>2007</year>
	</meta>
	<link>
	<sublink>https://www.youtube.com/watch?v=jOGDozdW9Yo&feature=youtu.be</sublink>
	<sublink>search</sublink>
	<sublink>searchsd</sublink>
	</link>
	<thumbnail>https://image.tmdb.org/t/p/w1280/xVxxSYHAfrEbllyWFQG5df5nwH4.jpg</thumbnail>
	<fanart>https://image.tmdb.org/t/p/w1280/sFpGI08aeHIRKlLi9SxLyYrRyZ8.jpg</fanart>
</item>
<item>
	<title>[B][COLOR=green]Cars[/COLOR][/B]</title>
	<meta>
	<imdb>tt0317219</imdb>
	<content>movie</content>
	<title>Cars</title>
	<year>2006</year>
	</meta>
	<link>
	<sublink>https://www.youtube.com/watch?v=SbXIj2T-_uk&feature=youtu.be</sublink>
	<sublink>search</sublink>
	<sublink>searchsd</sublink>
	</link>
	<thumbnail>https://image.tmdb.org/t/p/w1280/jpfkzbIXgKZqCZAkEkFH2VYF63s.jpg</thumbnail>
	<fanart>https://image.tmdb.org/t/p/w1280/a1MlbLBk5Sy6YvMbSuKfwGlDVlb.jpg</fanart>
</item>
<item>
	<title>[B][COLOR=green]The Incredibles[/COLOR][/B]</title>
	<meta>
	<imdb>tt0317705</imdb>
	<content>movie</content>
	<title>The Incredibles</title>
	<year>2004</year>
	</meta>
	<link>
	<sublink>https://www.youtube.com/watch?v=6Uk7D3hILF4&feature=youtu.be</sublink>
	<sublink>search</sublink>
	<sublink>searchsd</sublink>
	</link>
	<thumbnail>https://image.tmdb.org/t/p/w1280/2LqaLgk4Z226KkgPJuiOQ58wvrm.jpg</thumbnail>
	<fanart>https://image.tmdb.org/t/p/w1280/wiDGnsn9RtNglgKQy4J1jZQBG5v.jpg</fanart>
</item>
<item>
	<title>[B][COLOR=green]Finding Nemo[/COLOR][/B]</title>
	<meta>
	<imdb>tt0266543</imdb>
	<content>movie</content>
	<title>Finding Nemo</title>
	<year>2003</year>
	</meta>
	<link>
	<sublink>https://www.youtube.com/watch?v=SPHfeNgogVs&feature=youtu.be</sublink>
	<sublink>search</sublink>
	<sublink>searchsd</sublink>
	</link>
	<thumbnail>https://image.tmdb.org/t/p/w1280/syPWyeeqzTQIxjIUaIFI7d0TyEY.jpg</thumbnail>
	<fanart>https://image.tmdb.org/t/p/w1280/2Vv4suw1ja7RpnR6FaXAOihI68g.jpg</fanart>
</item>
<item>
	<title>[B][COLOR=green]Monsters, Inc[/COLOR][/B]</title>
	<meta>
	<imdb>tt0198781</imdb>
	<content>movie</content>
	<title>Monsters, Inc</title>
	<year>2001</year>
	</meta>
	<link>
	<sublink>https://www.youtube.com/watch?v=8IBNZ6O2kMk&feature=youtu.be</sublink>
	<sublink>search</sublink>
	<sublink>searchsd</sublink>
	</link>
	<thumbnail>https://image.tmdb.org/t/p/w1280/93Y9BGx8blzmZOPSoivkFfaifqU.jpg</thumbnail>
	<fanart>https://image.tmdb.org/t/p/w1280/eKBUYeSgGVvztO2MZxD5YMcz6kv.jpg</fanart>
</item>
<item>
	<title>[B][COLOR=green]Toy Story 2[/COLOR][/B]</title>
	<meta>
	<imdb>tt0120363</imdb>
	<content>movie</content>
	<title>Toy Story 2</title>
	<year>1999</year>
	</meta>
	<link>
	<sublink>https://www.youtube.com/watch?v=b75lZw8nkvo&feature=youtu.be</sublink>
	<sublink>search</sublink>
	<sublink>searchsd</sublink>
	</link>
	<thumbnail>https://image.tmdb.org/t/p/w1280/3CmK3XurcLeUyMifCR28ibzupbB.jpg</thumbnail>
	<fanart>https://image.tmdb.org/t/p/w1280/9Kjxr4VCU0Y4DAuXkzR2moAy7DK.jpg</fanart>
</item>
<item>
	<title>[B][COLOR=green]A Bug s Life[/COLOR][/B]</title>
	<meta>
	<imdb>tt0120623</imdb>
	<content>movie</content>
	<title>A Bug s Life</title>
	<year>1998</year>
	</meta>
	<link>
	<sublink>https://www.youtube.com/watch?v=Ljk2YJ53_WI&feature=youtu.be</sublink>
	<sublink>search</sublink>
	<sublink>searchsd</sublink>
	</link>
	<thumbnail>https://image.tmdb.org/t/p/w1280/u9qGMRwcPwP0WETxulS5hKUsEum.jpg</thumbnail>
	<fanart>https://image.tmdb.org/t/p/w1280/bHMHpXNjeKRxcjWcpbIAD5f0aIK.jpg</fanart>
</item>
<item>
	<title>[B][COLOR=green]Toy Story[/COLOR][/B]</title>
	<meta>
	<imdb>tt0114709</imdb>
	<content>movie</content>
	<title>Toy Story</title>
	<year>1995</year>
	</meta>
	<link>
	<sublink>https://www.youtube.com/watch?v=u9y2tXnjP_E&feature=youtu.be</sublink>
	<sublink>search</sublink>
	<sublink>searchsd</sublink>
	</link>
	<thumbnail>https://image.tmdb.org/t/p/w1280/rhIRbceoE9lR4veEXuwCC2wARtG.jpg</thumbnail>
	<fanart>https://image.tmdb.org/t/p/w1280/dji4Fm0gCDVb9DQQMRvAI8YNnTz.jpg</fanart>
</item>
