
<item>
	<title>[B][COLOR=green]A Goofy Movie[/COLOR][/B]</title>
	<meta>
	<imdb>tt0113198</imdb>
	<content>movie</content>
	<title>A Goofy Movie</title>
	<year>1995</year>
	</meta>
	<link>
	<sublink>https://www.youtube.com/watch?v=I9Tkp-JBIwc&feature=youtu.be</sublink>
	<sublink>search</sublink>
	<sublink>searchsd</sublink>
	</link>
	<thumbnail>https://image.tmdb.org/t/p/w1280/bycmMhO3iIoEDzP768sUjq2RV4T.jpg</thumbnail>
	<fanart>https://image.tmdb.org/t/p/w1280/ijDUMFmb34Fv7jBwxzhNc3lbVP3.jpg</fanart>
</item>

<item>
	<title>[B][COLOR=green]Mickey's Once Upon a Christmas[/COLOR][/B]</title>
	<meta>
	<imdb>tt0238414</imdb>
	<content>movie</content>
	<title>Mickey's Once Upon a Christmas</title>
	<year>1999</year>
	</meta>
	<link>
	<sublink>https://www.youtube.com/watch?v=yKOeF8v67OI&feature=youtu.be</sublink>
	<sublink>search</sublink>
	<sublink>searchsd</sublink>
	</link>
	<thumbnail>https://image.tmdb.org/t/p/w1280/hPXSWiuYdJXHtcDS5wluYWgZldE.jpg</thumbnail>
	<fanart>https://image.tmdb.org/t/p/w1280/txLoYcQtKKyGmqik1HRyW2Uv6CY.jpg</fanart>
</item>

<item>
	<title>[B][COLOR=green]An Extremely Goofy Movie[/COLOR][/B]</title>
	<meta>
	<imdb>tt0208185</imdb>
	<content>movie</content>
	<title>An Extremely Goofy Movie</title>
	<year>2000</year>
	</meta>
	<link>
	<sublink>https://www.youtube.com/watch?v=1NtcAwY9HSw&feature=youtu.be</sublink>
	<sublink>search</sublink>
	<sublink>searchsd</sublink>
	</link>
	<thumbnail>https://image.tmdb.org/t/p/w1280/kHV9ABnZtDeDtSQfTNIveSoxS9m.jpg</thumbnail>
	<fanart>https://image.tmdb.org/t/p/w1280/nxhsdq7g8FzuFUG218q0CrUsqVq.jpg</fanart>
</item>

<item>
	<title>[B][COLOR=green]Recess: School's Out[/COLOR][/B]</title>
	<meta>
	<imdb>tt0265632</imdb>
	<content>movie</content>
	<title>Recess: School's Out</title>
	<year>2001</year>
	</meta>
	<link>
	<sublink>https://www.youtube.com/watch?v=9cRn-bV5vdc&feature=youtu.be</sublink>
	<sublink>search</sublink>
	<sublink>searchsd</sublink>
	</link>
	<thumbnail>https://image.tmdb.org/t/p/w1280/eclW5yA0X2A4F4qDlqJ354phBr1.jpg</thumbnail>
	<fanart>https://image.tmdb.org/t/p/w1280/fuRd2fUHbhj56xpyhGQ7HGP2Hil.jpg</fanart>
</item>
<item>
	<title>[B][COLOR=green]Mickey's Twice Upon a Christmas[/COLOR][/B]</title>
	<meta>
	<imdb>tt0424279</imdb>
	<content>movie</content>
	<title>Mickey's Twice Upon a Christmas</title>
	<year>2004</year>
	</meta>
	<link>
	<sublink>https://www.youtube.com/watch?v=u_3lbGK8hoU&feature=youtu.be</sublink>
	<sublink>search</sublink>
	<sublink>searchsd</sublink>
	</link>
	<thumbnail>https://image.tmdb.org/t/p/w1280/oHpHkLwLaZTdLIRgzTjvKljcpgE.jpg</thumbnail>
	<fanart>https://image.tmdb.org/t/p/w1280/it2VjKfMblvKA9Jf9Qy4msgXvZw.jpg</fanart>
</item>


<item>
	<title>[B][COLOR=green]Tinker Bell[/COLOR][/B]</title>
	<meta>
	<imdb>tt0823671</imdb>
	<content>movie</content>
	<title>Tinker Bell</title>
	<year>2008</year>
	</meta>
	<link>
	<sublink>https://www.youtube.com/watch?v=g0CTqqTkXH8&feature=youtu.be</sublink>
	<sublink>search</sublink>
	<sublink>searchsd</sublink>
	</link>
	<thumbnail>https://image.tmdb.org/t/p/w1280/wQYXOKYLImMk79eceoqtuK9Jre8.jpg</thumbnail>
	<fanart>https://image.tmdb.org/t/p/w1280/j7r0HwdQibJYPxmStqqucqWaX7u.jpg</fanart>
</item>
<item>
	<title>[B][COLOR=green]Tinker Bell and the Lost Treasure[/COLOR][/B]</title>
	<meta>
	<imdb>tt1216516</imdb>
	<content>movie</content>
	<title>Tinker Bell and the Lost Treasure</title>
	<year>2009</year>
	</meta>
	<link>
	<sublink>https://www.youtube.com/watch?v=NpY25tI3s9M&feature=youtu.be</sublink>
	<sublink>search</sublink>
	<sublink>searchsd</sublink>
	</link>
	<thumbnail>https://image.tmdb.org/t/p/w1280/c695u6KN4E42DMbzzvq3UHLI47S.jpg</thumbnail>
	<fanart>https://image.tmdb.org/t/p/w1280/fNzWr09uCmRSIPBxPNHa2r8pasZ.jpg</fanart>
</item>
<item>
	<title>[B][COLOR=green]A Christmas Carol[/COLOR][/B]</title>
	<meta>
	<imdb>tt1067106</imdb>
	<content>movie</content>
	<title>A Christmas Carol</title>
	<year>2009</year>
	</meta>
	<link>
	<sublink>https://www.youtube.com/watch?v=VZ3lr3urgDU&feature=youtu.be</sublink>
	<sublink>search</sublink>
	<sublink>searchsd</sublink>
	</link>
	<thumbnail>https://image.tmdb.org/t/p/w1280/jeOCcjUAcSYleVwhsaKEPT4CYwF.jpg</thumbnail>
	<fanart>https://image.tmdb.org/t/p/w1280/GtwSStViUdhKGf0d7tCkR7alKV.jpg</fanart>
</item>
<item>
	<title>[B][COLOR=green]Phineas und Ferb - Der langste Sommertag[/COLOR][/B]</title>
	<meta>
	<imdb>none</imdb>
	<content>movie</content>
	<title>Phineas und Ferb - Der langste Sommertag</title>
	<year>2010</year>
	</meta>
	<link>
	<sublink>https://www.youtube.com/watch?v=VZ3lr3urgDU&feature=youtu.be</sublink>
	<sublink>search</sublink>
	<sublink>searchsd</sublink>
	</link>
	<thumbnail>https://image.tmdb.org/t/p/w1280none</thumbnail>
	<fanart>https://image.tmdb.org/t/p/w1280none</fanart>
</item>
<item>
	<title>[B][COLOR=green]Tinker Bell and the Great Fairy Rescue[/COLOR][/B]</title>
	<meta>
	<imdb>tt1216515</imdb>
	<content>movie</content>
	<title>Tinker Bell and the Great Fairy Rescue</title>
	<year>2010</year>
	</meta>
	<link>
	<sublink>https://www.youtube.com/watch?v=5ztzhchMcsY&feature=youtu.be</sublink>
	<sublink>search</sublink>
	<sublink>searchsd</sublink>
	</link>
	<thumbnail>https://image.tmdb.org/t/p/w1280/ggr8yq0YRaBAdLUODvdOZhgH8Um.jpg</thumbnail>
	<fanart>https://image.tmdb.org/t/p/w1280/iYwfyTfYoazgyH8agO6mA5tDwPE.jpg</fanart>
</item>
<item>
	<title>[B][COLOR=green]Mars Needs Moms[/COLOR][/B]</title>
	<meta>
	<imdb>tt1305591</imdb>
	<content>movie</content>
	<title>Mars Needs Moms</title>
	<year>2011</year>
	</meta>
	<link>
	<sublink>https://www.youtube.com/watch?v=JWYVQzG0rYk&feature=youtu.be</sublink>
	<sublink>search</sublink>
	<sublink>searchsd</sublink>
	</link>
	<thumbnail>https://image.tmdb.org/t/p/w1280/6S7pkMjLrtmzn8uU5vRyTn5Az2A.jpg</thumbnail>
	<fanart>https://image.tmdb.org/t/p/w1280/3TTP2qVda479YgtOLDWxhzaASXU.jpg</fanart>
</item>

<item>
	<title>[B][COLOR=green]Phineas and Ferb the Movie: Across the 2nd Dimension[/COLOR][/B]</title>
	<meta>
	<imdb>tt1825918</imdb>
	<content>movie</content>
	<title>Phineas and Ferb the Movie: Across the 2nd Dimension</title>
	<year>2011</year>
	</meta>
	<link>
	<sublink>https://www.youtube.com/watch?v=jwfNAPIfip4&feature=youtu.be</sublink>
	<sublink>search</sublink>
	<sublink>searchsd</sublink>
	</link>
	<thumbnail>https://image.tmdb.org/t/p/w1280/e8BU8p2fA0snRQMs3EtvsxCtfFZ.jpg</thumbnail>
	<fanart>https://image.tmdb.org/t/p/w1280/byrpqY5OHkrLCO88aAkrv7evHEr.jpg</fanart>
</item>


<item>
	<title>[B][COLOR=green]Planes[/COLOR][/B]</title>
	<meta>
	<imdb>tt1691917</imdb>
	<content>movie</content>
	<title>Planes</title>
	<year>2013</year>
	</meta>
	<link>
	<sublink>https://www.youtube.com/watch?v=YRjztG65XgI&feature=youtu.be</sublink>
	<sublink>search</sublink>
	<sublink>searchsd</sublink>
	</link>
	<thumbnail>https://image.tmdb.org/t/p/w1280/c8ALtmmmtofVYOxSJG0S5ZcP2pF.jpg</thumbnail>
	<fanart>https://image.tmdb.org/t/p/w1280/jUe7RbnkLXGYC9MPhdN9cruy4L0.jpg</fanart>
</item>



<item>
	<title>[B][COLOR=green]Planes: Fire & Rescue[/COLOR][/B]</title>
	<meta>
	<imdb>tt2980706</imdb>
	<content>movie</content>
	<title>Planes: Fire & Rescue</title>
	<year>2014</year>
	</meta>
	<link>
	<sublink>https://www.youtube.com/watch?v=Uk0D5L0TT30&feature=youtu.be</sublink>
	<sublink>search</sublink>
	<sublink>searchsd</sublink>
	</link>
	<thumbnail>https://image.tmdb.org/t/p/w1280/b5Xn7UQf7s6ZPsDTVT0NeLqiiHY.jpg</thumbnail>
	<fanart>https://image.tmdb.org/t/p/w1280/3MET6hEfk8n8i0KFRq9BHnJq7ju.jpg</fanart>
</item>

<item>
	<title>[B][COLOR=green]Tinker Bell and the Legend of the NeverBeast[/COLOR][/B]</title>
	<meta>
	<imdb>tt3120408</imdb>
	<content>movie</content>
	<title>Tinker Bell and the Legend of the NeverBeast</title>
	<year>2014</year>
	</meta>
	<link>
	<sublink>https://www.youtube.com/watch?v=ofvJ7KyulPA&feature=youtu.be</sublink>
	<sublink>search</sublink>
	<sublink>searchsd</sublink>
	</link>
	<thumbnail>https://image.tmdb.org/t/p/w1280/lKNYRlJ9jJAPU7yNYU0qTSQ4AYa.jpg</thumbnail>
	<fanart>https://image.tmdb.org/t/p/w1280/sH4J1XiOx4PJ2cZ6toEDOcFeGOl.jpg</fanart>
</item>
<item>
	<title>[B][COLOR=green]The Lion Guard: Return of the Roar[/COLOR][/B]</title>
	<meta>
	<imdb>tt4938602</imdb>
	<content>movie</content>
	<title>The Lion Guard: Return of the Roar</title>
	<year>2015</year>
	</meta>
	<link>
	<sublink>https://www.youtube.com/watch?v=ofvJ7KyulPA&feature=youtu.be</sublink>
	<sublink>search</sublink>
	<sublink>searchsd</sublink>
	</link>
	<thumbnail>https://image.tmdb.org/t/p/w1280none</thumbnail>
	<fanart>https://image.tmdb.org/t/p/w1280none</fanart>
</item>



<item>
	<title>[B][COLOR=green]Kim Possible: A Sitch In Time[/COLOR][/B]</title>
	<meta>
	<imdb>tt0389074</imdb>
	<content>movie</content>
	<title>Kim Possible: A Sitch In Time</title>
	<year>2003</year>
	</meta>
	<link>
	<sublink>https://www.youtube.com/watch?v=QK28PIsZJNg&feature=youtu.be</sublink>
	<sublink>search</sublink>
	<sublink>searchsd</sublink>
	</link>
	<thumbnail>https://image.tmdb.org/t/p/w1280/817PTtqvxBGLuRlGqgnyXY9NVj3.jpg</thumbnail>
	<fanart>https://image.tmdb.org/t/p/w1280/vkyiRXgIAKFNVBYmauTF1a7u4wj.jpg</fanart>
</item>

<item>
	<title>[B][COLOR=green]The Proud Family Movie[/COLOR][/B]</title>
	<meta>
	<imdb>tt0448090</imdb>
	<content>movie</content>
	<title>The Proud Family Movie</title>
	<year>2005</year>
	</meta>
	<link>
	<sublink>https://www.youtube.com/watch?v=odSm5oecY9M&feature=youtu.be</sublink>
	<sublink>search</sublink>
	<sublink>searchsd</sublink>
	</link>
	<thumbnail>https://image.tmdb.org/t/p/w1280none</thumbnail>
	<fanart>https://image.tmdb.org/t/p/w1280none</fanart>
</item>

<item>
	<title>[B][COLOR=green]Elena and the Secret of Avalor[/COLOR][/B]</title>
	<meta>
	<imdb>tt6082228</imdb>
	<content>movie</content>
	<title>Elena and the Secret of Avalor</title>
	<year>2016</year>
	</meta>
	<link>
	<sublink>https://www.youtube.com/watch?v=s7OzWnhmQWs&feature=youtu.be</sublink>
	<sublink>search</sublink>
	<sublink>searchsd</sublink>
	</link>
	<thumbnail>https://image.tmdb.org/t/p/w1280none</thumbnail>
	<fanart>https://image.tmdb.org/t/p/w1280none</fanart>
</item>

<item>
	<title>[B][COLOR=green]Buzz Lightyear of Star Command: The Adventure Begins[/COLOR][/B]</title>
	<meta>
	<imdb>tt0181196</imdb>
	<content>movie</content>
	<title>Buzz Lightyear of Star Command: The Adventure Begins</title>
	<year>2000</year>
	</meta>
	<link>
	<sublink>https://www.youtube.com/watch?v=qGQ4TucPSys&feature=youtu.be</sublink>
	<sublink>search</sublink>
	<sublink>searchsd</sublink>
	</link>
	<thumbnail>https://image.tmdb.org/t/p/w1280/mr43sXx7PRmwPmLgMYha7qLVAMn.jpg</thumbnail>
	<fanart>https://image.tmdb.org/t/p/w1280/evkhbIi0kLKrhkWhN05fZweWf0k.jpg</fanart>
</item>

<item>
	<title>[B][COLOR=green]Mickey's Magical Christmas: Snowed in at the House of Mouse[/COLOR][/B]</title>
	<meta>
	<imdb>tt0300195</imdb>
	<content>movie</content>
	<title>Mickey's Magical Christmas: Snowed in at the House of Mouse</title>
	<year>2001</year>
	</meta>
	<link>
	<sublink>https://www.youtube.com/watch?v=PAQF9iiCTHU&feature=youtu.be</sublink>
	<sublink>search</sublink>
	<sublink>searchsd</sublink>
	</link>
	<thumbnail>https://image.tmdb.org/t/p/w1280/3yIvYvNvarfvwc9YnC0ZbAHhfRK.jpg</thumbnail>
	<fanart>https://image.tmdb.org/t/p/w1280/zK2Z40YMpJXrdjtB87hLC4r07QS.jpg</fanart>
</item>
<item>
	<title>[B][COLOR=green]Mickey's House of Villains[/COLOR][/B]</title>
	<meta>
	<imdb>tt0329374</imdb>
	<content>movie</content>
	<title>Mickey's House of Villains</title>
	<year>2002</year>
	</meta>
	<link>
	<sublink>https://www.youtube.com/watch?v=PAQF9iiCTHU&feature=youtu.be</sublink>
	<sublink>search</sublink>
	<sublink>searchsd</sublink>
	</link>
	<thumbnail>https://image.tmdb.org/t/p/w1280none</thumbnail>
	<fanart>https://image.tmdb.org/t/p/w1280none</fanart>
</item>
