


<item>
	<title>[B][COLOR=green]How to Train Your Dragon The Hidden World[/COLOR][/B]</title>
	<meta>
	<imdb>tt2386490</imdb>
	<content>movie</content>
	<title>How to Train Your Dragon The Hidden World</title>
	<year>2019</year>
	</meta>
	<link>
	<sublink>https://www.youtube.com/watch?v=qLTDtbYmdWM&feature=youtu.be</sublink>
	<sublink>search</sublink>
	<sublink>searchsd</sublink>
	</link>
	<thumbnail>https://image.tmdb.org/t/p/w1280/xvx4Yhf0DVH8G4LzNISpMfFBDy2.jpg</thumbnail>
	<fanart>https://image.tmdb.org/t/p/w1280/lFwykSz3Ykj1Q3JXJURnGUTNf1o.jpg</fanart>
</item>
<item>
	<title>[B][COLOR=green]Abominable[/COLOR][/B]</title>
	<meta>
	<imdb>tt6324278</imdb>
	<content>movie</content>
	<title>Abominable</title>
	<year>2019</year>
	</meta>
	<link>
	<sublink>https://www.youtube.com/watch?v=Ap0NRJD-2ts&feature=youtu.be</sublink>
	<sublink>search</sublink>
	<sublink>searchsd</sublink>
	</link>
	<thumbnail>https://image.tmdb.org/t/p/w1280/20djTLqppfBx5WYA67Y300S6aPD.jpg</thumbnail>
	<fanart>https://image.tmdb.org/t/p/w1280/tLCDKsXo6D84IVFanoElosSEKdp.jpg</fanart>
</item>
<item>
	<title>[B][COLOR=green]The Boss Baby[/COLOR][/B]</title>
	<meta>
	<imdb>tt3874544</imdb>
	<content>movie</content>
	<title>The Boss Baby</title>
	<year>2017</year>
	</meta>
	<link>
	<sublink>https://www.youtube.com/watch?v=Ud8j5GaqH3c&feature=youtu.be</sublink>
	<sublink>search</sublink>
	<sublink>searchsd</sublink>
	</link>
	<thumbnail>https://image.tmdb.org/t/p/w1280/unPB1iyEeTBcKiLg8W083rlViFH.jpg</thumbnail>
	<fanart>https://image.tmdb.org/t/p/w1280/8keMlLuzB9XIUBnbdEq5DCqZdHQ.jpg</fanart>
</item>
<item>
	<title>[B][COLOR=green]Captain Underpants The First Epic Movie[/COLOR][/B]</title>
	<meta>
	<imdb>tt2091256</imdb>
	<content>movie</content>
	<title>Captain Underpants The First Epic Movie</title>
	<year>2017</year>
	</meta>
	<link>
	<sublink>https://www.youtube.com/watch?v=zs2SrqLum1M&feature=youtu.be</sublink>
	<sublink>search</sublink>
	<sublink>searchsd</sublink>
	</link>
	<thumbnail>https://image.tmdb.org/t/p/w1280/AjHZIkzhPXrRNE4VSLVWx6dirK9.jpg</thumbnail>
	<fanart>https://image.tmdb.org/t/p/w1280/5ceIqlRzWH4x1IPU9OfjXHO2Kz6.jpg</fanart>
</item>
<item>
	<title>[B][COLOR=green]Trolls Holiday[/COLOR][/B]</title>
	<meta>
	<imdb>tt6645614</imdb>
	<content>movie</content>
	<title>Trolls Holiday</title>
	<year>2017</year>
	</meta>
	<link>
	<sublink>https://www.youtube.com/watch?v=PMZBhO9JuUM&feature=youtu.be</sublink>
	<sublink>search</sublink>
	<sublink>searchsd</sublink>
	</link>
	<thumbnail>https://image.tmdb.org/t/p/w1280/ioEv9lRn2IXIu0Dbfo9Qyo2IKhD.jpg</thumbnail>
	<fanart>https://image.tmdb.org/t/p/w1280/wACAzDetLg6HRaL98SJQ1sk4HTf.jpg</fanart>
</item>
<item>
	<title>[B][COLOR=green]Kung Fu Panda 3[/COLOR][/B]</title>
	<meta>
	<imdb>tt2267968</imdb>
	<content>movie</content>
	<title>Kung Fu Panda 3</title>
	<year>2016</year>
	</meta>
	<link>
	<sublink>https://www.youtube.com/watch?v=10r9ozshGVE&feature=youtu.be</sublink>
	<sublink>search</sublink>
	<sublink>searchsd</sublink>
	</link>
	<thumbnail>https://image.tmdb.org/t/p/w1280/MZFPacfKzgisnPoJIPEFZUXBBT.jpg</thumbnail>
	<fanart>https://image.tmdb.org/t/p/w1280/eHWmEUP4fa7h1Fe7TXfTL7ncDl8.jpg</fanart>
</item>
<item>
	<title>[B][COLOR=green]Kung Fu Panda Secrets of the Scroll[/COLOR][/B]</title>
	<meta>
	<imdb>tt5513770</imdb>
	<content>movie</content>
	<title>Kung Fu Panda Secrets of the Scroll</title>
	<year>2016</year>
	</meta>
	<link>
	<sublink>https://www.youtube.com/watch?v=aJ2UYchHC_I&feature=youtu.be</sublink>
	<sublink>search</sublink>
	<sublink>searchsd</sublink>
	</link>
	<thumbnail>https://image.tmdb.org/t/p/w1280/8UvKl3SZhE6McLK4Yv5w7fRIg9Y.jpg</thumbnail>
	<fanart>https://image.tmdb.org/t/p/w1280/hQNmguvYsu3VJmQWs10rYTnSMAb.jpg</fanart>
</item>
<item>
	<title>[B][COLOR=green]Panda Paws[/COLOR][/B]</title>
	<meta>
	<imdb>tt5981706</imdb>
	<content>movie</content>
	<title>Panda Paws</title>
	<year>2016</year>
	</meta>
	<link>
	<sublink>https://www.youtube.com/watch?v=aJ2UYchHC_I&feature=youtu.be</sublink>
	<sublink>search</sublink>
	<sublink>searchsd</sublink>
	</link>
	<thumbnail>https://image.tmdb.org/t/p/w1280</thumbnail>
	<fanart>https://image.tmdb.org/t/p/w1280</fanart>
</item>
<item>
	<title>[B][COLOR=green]Trolls[/COLOR][/B]</title>
	<meta>
	<imdb>tt1679335</imdb>
	<content>movie</content>
	<title>Trolls</title>
	<year>2016</year>
	</meta>
	<link>
	<sublink>https://www.youtube.com/watch?v=xyjm5VQ11TQ&feature=youtu.be</sublink>
	<sublink>search</sublink>
	<sublink>searchsd</sublink>
	</link>
	<thumbnail>https://image.tmdb.org/t/p/w1280/zKu5MNy9QW1a5ZHgv7iAp3kRZpE.jpg</thumbnail>
	<fanart>https://image.tmdb.org/t/p/w1280/rsqgeBVoirEmlHpNsLr00u5sctk.jpg</fanart>
</item>
<item>
	<title>[B][COLOR=green]Home[/COLOR][/B]</title>
	<meta>
	<imdb>tt2224026</imdb>
	<content>movie</content>
	<title>Home</title>
	<year>2015</year>
	</meta>
	<link>
	<sublink>https://www.youtube.com/watch?v=G9F6VhFY4wY&feature=youtu.be</sublink>
	<sublink>search</sublink>
	<sublink>searchsd</sublink>
	</link>
	<thumbnail>https://image.tmdb.org/t/p/w1280/b7czgMTk5txqLr2UczBb0Wez77E.jpg</thumbnail>
	<fanart>https://image.tmdb.org/t/p/w1280/6HoS2Hzcye4xGowSLTf0Pox43QW.jpg</fanart>
</item>
<item>
	<title>[B][COLOR=green]Almost Home[/COLOR][/B]</title>
	<meta>
	<imdb>tt3597380</imdb>
	<content>movie</content>
	<title>Almost Home</title>
	<year>2014</year>
	</meta>
	<link>
	<sublink>https://www.youtube.com/watch?v=FavW-Y1kaxs&feature=youtu.be</sublink>
	<sublink>search</sublink>
	<sublink>searchsd</sublink>
	</link>
	<thumbnail>https://image.tmdb.org/t/p/w1280/k8QSwXfIZ4crIrv6GMDPqOotaaj.jpg</thumbnail>
	<fanart>https://image.tmdb.org/t/p/w1280/4LQUpJf6nNjSFc3hQVqtWHs3RHg.jpg</fanart>
</item>
<item>
	<title>[B][COLOR=green]Dragons Dawn of the Dragon Racers[/COLOR][/B]</title>
	<meta>
	<imdb>tt4191768</imdb>
	<content>movie</content>
	<title>Dragons Dawn of the Dragon Racers</title>
	<year>2014</year>
	</meta>
	<link>
	<sublink>https://www.youtube.com/watch?v=1qYzsp6AEW8&feature=youtu.be</sublink>
	<sublink>search</sublink>
	<sublink>searchsd</sublink>
	</link>
	<thumbnail>https://image.tmdb.org/t/p/w1280/sgOXOQyPIjeMi1bnWu1r0CzLsZD.jpg</thumbnail>
	<fanart>https://image.tmdb.org/t/p/w1280/t54RGpDjuGyQbJfhIibUnYUnqbB.jpg</fanart>
</item>
<item>
	<title>[B][COLOR=green]How to Train Your Dragon 2[/COLOR][/B]</title>
	<meta>
	<imdb>tt1646971</imdb>
	<content>movie</content>
	<title>How to Train Your Dragon 2</title>
	<year>2014</year>
	</meta>
	<link>
	<sublink>https://www.youtube.com/watch?v=68AqHwgk2s8&feature=youtu.be</sublink>
	<sublink>search</sublink>
	<sublink>searchsd</sublink>
	</link>
	<thumbnail>https://image.tmdb.org/t/p/w1280/lRjOR4uclMQijUav4OjeZprlehu.jpg</thumbnail>
	<fanart>https://image.tmdb.org/t/p/w1280/mrxKRSlf0iY0T2BLKpSSmu86X9t.jpg</fanart>
</item>
<item>
	<title>[B][COLOR=green]Mr Peabody & Sherman[/COLOR][/B]</title>
	<meta>
	<imdb>tt0864835</imdb>
	<content>movie</content>
	<title>Mr Peabody & Sherman</title>
	<year>2014</year>
	</meta>
	<link>
	<sublink>https://www.youtube.com/watch?v=aMl2tTVwsZA&feature=youtu.be</sublink>
	<sublink>search</sublink>
	<sublink>searchsd</sublink>
	</link>
	<thumbnail>https://image.tmdb.org/t/p/w1280/q4FQXK4a4HSb4pajZL4ZFKHVsjC.jpg</thumbnail>
	<fanart>https://image.tmdb.org/t/p/w1280/hpIUiHIyNKWsid3Tz4adtYsUqo1.jpg</fanart>
</item>
<item>
	<title>[B][COLOR=green]Penguins of Madagascar[/COLOR][/B]</title>
	<meta>
	<imdb>tt1911658</imdb>
	<content>movie</content>
	<title>Penguins of Madagascar</title>
	<year>2014</year>
	</meta>
	<link>
	<sublink>https://www.youtube.com/watch?v=KHGHEpUeUwo&feature=youtu.be</sublink>
	<sublink>search</sublink>
	<sublink>searchsd</sublink>
	</link>
	<thumbnail>https://image.tmdb.org/t/p/w1280/pRer59eyY4rjkLPeKXKo7fPxCHH.jpg</thumbnail>
	<fanart>https://image.tmdb.org/t/p/w1280/fBYnaVOcc2Ghfkv473z0xdBRQ0m.jpg</fanart>
</item>
<item>
	<title>[B][COLOR=green]Rocky and Bullwinkle[/COLOR][/B]</title>
	<meta>
	<imdb>tt3276714</imdb>
	<content>movie</content>
	<title>Rocky and Bullwinkle</title>
	<year>2014</year>
	</meta>
	<link>
	<sublink>https://www.youtube.com/watch?v=KHGHEpUeUwo&feature=youtu.be</sublink>
	<sublink>search</sublink>
	<sublink>searchsd</sublink>
	</link>
	<thumbnail>https://image.tmdb.org/t/p/w1280</thumbnail>
	<fanart>https://image.tmdb.org/t/p/w1280</fanart>
</item>
<item>
	<title>[B][COLOR=green]The Croods[/COLOR][/B]</title>
	<meta>
	<imdb>tt0481499</imdb>
	<content>movie</content>
	<title>The Croods</title>
	<year>2013</year>
	</meta>
	<link>
	<sublink>https://www.youtube.com/watch?v=4fVCKy69zUY&feature=youtu.be</sublink>
	<sublink>search</sublink>
	<sublink>searchsd</sublink>
	</link>
	<thumbnail>https://image.tmdb.org/t/p/w1280/eHi3Nbgh6Cs2KiIyEMF4Ig4CdjX.jpg</thumbnail>
	<fanart>https://image.tmdb.org/t/p/w1280/vg2hf8eAZhULxtQRS87CbrH2WMQ.jpg</fanart>
</item>
<item>
	<title>[B][COLOR=green]Madly Madagascar[/COLOR][/B]</title>
	<meta>
	<imdb>tt2702348</imdb>
	<content>movie</content>
	<title>Madly Madagascar</title>
	<year>2013</year>
	</meta>
	<link>
	<sublink>https://www.youtube.com/watch?v=M0a-_4Mz68c&feature=youtu.be</sublink>
	<sublink>search</sublink>
	<sublink>searchsd</sublink>
	</link>
	<thumbnail>https://image.tmdb.org/t/p/w1280/2BryHTAzdSPi7KR9B9UnkDLCkm8.jpg</thumbnail>
	<fanart>https://image.tmdb.org/t/p/w1280/fTBhQtwxqi7skX5hQ6fvjl8H1H6.jpg</fanart>
</item>
<item>
	<title>[B][COLOR=green]Turbo[/COLOR][/B]</title>
	<meta>
	<imdb>tt1860353</imdb>
	<content>movie</content>
	<title>Turbo</title>
	<year>2013</year>
	</meta>
	<link>
	<sublink>https://www.youtube.com/watch?v=QULzGYRThH8&feature=youtu.be</sublink>
	<sublink>search</sublink>
	<sublink>searchsd</sublink>
	</link>
	<thumbnail>https://image.tmdb.org/t/p/w1280/kajPlPUgobxci8ME5oqvzjN430q.jpg</thumbnail>
	<fanart>https://image.tmdb.org/t/p/w1280/dvdKrICCKP8Uh1Xqkn60oQXnYer.jpg</fanart>
</item>
<item>
	<title>[B][COLOR=green]Madagascar 3 Europe s Most Wanted[/COLOR][/B]</title>
	<meta>
	<imdb>tt1277953</imdb>
	<content>movie</content>
	<title>Madagascar 3 Europe s Most Wanted</title>
	<year>2012</year>
	</meta>
	<link>
	<sublink>https://www.youtube.com/watch?v=PlkWVkpP59U&feature=youtu.be</sublink>
	<sublink>search</sublink>
	<sublink>searchsd</sublink>
	</link>
	<thumbnail>https://image.tmdb.org/t/p/w1280/wd7NcMifnuf66gD2Fm7Tzz3yJ54.jpg</thumbnail>
	<fanart>https://image.tmdb.org/t/p/w1280/alkQ9DQJdZutBCKdEHXUVCZnuAF.jpg</fanart>
</item>
<item>
	<title>[B][COLOR=green]Puss in Boots The Three Diablos[/COLOR][/B]</title>
	<meta>
	<imdb>tt2268617</imdb>
	<content>movie</content>
	<title>Puss in Boots The Three Diablos</title>
	<year>2012</year>
	</meta>
	<link>
	<sublink>https://www.youtube.com/watch?v=Gn-IGOy0N_4&feature=youtu.be</sublink>
	<sublink>search</sublink>
	<sublink>searchsd</sublink>
	</link>
	<thumbnail>https://image.tmdb.org/t/p/w1280/bs0pgkNsuyBGIPr5k4kaOwZpmJz.jpg</thumbnail>
	<fanart>https://image.tmdb.org/t/p/w1280/f6Y2FXfowesJj4b62geo12355U9.jpg</fanart>
</item>
<item>
	<title>[B][COLOR=green]Rise of the Guardians[/COLOR][/B]</title>
	<meta>
	<imdb>tt1446192</imdb>
	<content>movie</content>
	<title>Rise of the Guardians</title>
	<year>2012</year>
	</meta>
	<link>
	<sublink>https://www.youtube.com/watch?v=aPLiBxhoug0&feature=youtu.be</sublink>
	<sublink>search</sublink>
	<sublink>searchsd</sublink>
	</link>
	<thumbnail>https://image.tmdb.org/t/p/w1280/sIZr3pWcnLTjMkOaTkBrV967lTK.jpg</thumbnail>
	<fanart>https://image.tmdb.org/t/p/w1280/uLAzeXooxaCJvxltbEqZQHLxniP.jpg</fanart>
</item>
<item>
	<title>[B][COLOR=green]Dreamworks Spooky Stories[/COLOR][/B]</title>
	<meta>
	<imdb>tt3608838</imdb>
	<content>movie</content>
	<title>Dreamworks Spooky Stories</title>
	<year>2012</year>
	</meta>
	<link>
	<sublink>https://www.youtube.com/watch?v=PMZBhO9JuUM&feature=youtu.be</sublink>
	<sublink>search</sublink>
	<sublink>searchsd</sublink>
	</link>
	<thumbnail>https://image.tmdb.org/t/p/w1280</thumbnail>
	<fanart>https://image.tmdb.org/t/p/w1280</fanart>
</item>
<item>
	<title>[B][COLOR=green]Dreamworks How to Train Your Dragon Legends[/COLOR][/B]</title>
	<meta>
	<imdb>tt6963396</imdb>
	<content>movie</content>
	<title>Dreamworks How to Train Your Dragon Legends</title>
	<year>2012</year>
	</meta>
	<link>
	<sublink>https://www.youtube.com/watch?v=PMZBhO9JuUM&feature=youtu.be</sublink>
	<sublink>search</sublink>
	<sublink>searchsd</sublink>
	</link>
	<thumbnail>https://image.tmdb.org/t/p/w1280</thumbnail>
	<fanart>https://image.tmdb.org/t/p/w1280</fanart>
</item>
<item>
	<title>[B][COLOR=green]Shrek s Thrilling Tales[/COLOR][/B]</title>
	<meta>
	<imdb>tt2486724</imdb>
	<content>movie</content>
	<title>Shrek s Thrilling Tales</title>
	<year>2012</year>
	</meta>
	<link>
	<sublink>https://www.youtube.com/watch?v=PMZBhO9JuUM&feature=youtu.be</sublink>
	<sublink>search</sublink>
	<sublink>searchsd</sublink>
	</link>
	<thumbnail>https://image.tmdb.org/t/p/w1280</thumbnail>
	<fanart>https://image.tmdb.org/t/p/w1280</fanart>
</item>
<item>
	<title>[B][COLOR=green]Book of Dragons[/COLOR][/B]</title>
	<meta>
	<imdb>tt2113625</imdb>
	<content>movie</content>
	<title>Book of Dragons</title>
	<year>2011</year>
	</meta>
	<link>
	<sublink>https://www.youtube.com/watch?v=yYA40CPsHAo&feature=youtu.be</sublink>
	<sublink>search</sublink>
	<sublink>searchsd</sublink>
	</link>
	<thumbnail>https://image.tmdb.org/t/p/w1280/yDHcJcMV28IaLLikRETxuHjKMVt.jpg</thumbnail>
	<fanart>https://image.tmdb.org/t/p/w1280/ggAipUIL71Zp4QixySvWqx6kqg9.jpg</fanart>
</item>
<item>
	<title>[B][COLOR=green]Dragons Gift of the Night Fury[/COLOR][/B]</title>
	<meta>
	<imdb>tt2065968</imdb>
	<content>movie</content>
	<title>Dragons Gift of the Night Fury</title>
	<year>2011</year>
	</meta>
	<link>
	<sublink>https://www.youtube.com/watch?v=hXT5yAthfQM&feature=youtu.be</sublink>
	<sublink>search</sublink>
	<sublink>searchsd</sublink>
	</link>
	<thumbnail>https://image.tmdb.org/t/p/w1280/kYeAnW22uS9wxOkyHZuk7C2YGGx.jpg</thumbnail>
	<fanart>https://image.tmdb.org/t/p/w1280/s4NJh9hLa9ZbgiXfJpjsZ5i47ug.jpg</fanart>
</item>
<item>
	<title>[B][COLOR=green]Kung Fu Panda 2[/COLOR][/B]</title>
	<meta>
	<imdb>tt1302011</imdb>
	<content>movie</content>
	<title>Kung Fu Panda 2</title>
	<year>2011</year>
	</meta>
	<link>
	<sublink>https://www.youtube.com/watch?v=TIA6KNfpRqs&feature=youtu.be</sublink>
	<sublink>search</sublink>
	<sublink>searchsd</sublink>
	</link>
	<thumbnail>https://image.tmdb.org/t/p/w1280/Fzyy2dauoKxjUzUPYYo3kJkJAW.jpg</thumbnail>
	<fanart>https://image.tmdb.org/t/p/w1280/eyiE1vuizMKVu8MoZkg2xsramFl.jpg</fanart>
</item>
<item>
	<title>[B][COLOR=green]Kung Fu Panda Secrets of the Masters[/COLOR][/B]</title>
	<meta>
	<imdb>tt1980162</imdb>
	<content>movie</content>
	<title>Kung Fu Panda Secrets of the Masters</title>
	<year>2011</year>
	</meta>
	<link>
	<sublink>https://www.youtube.com/watch?v=gjatThLKLak&feature=youtu.be</sublink>
	<sublink>search</sublink>
	<sublink>searchsd</sublink>
	</link>
	<thumbnail>https://image.tmdb.org/t/p/w1280</thumbnail>
	<fanart>https://image.tmdb.org/t/p/w1280</fanart>
</item>
<item>
	<title>[B][COLOR=green]Megamind The Button of Doom[/COLOR][/B]</title>
	<meta>
	<imdb>tt1847645</imdb>
	<content>movie</content>
	<title>Megamind The Button of Doom</title>
	<year>2011</year>
	</meta>
	<link>
	<sublink>https://www.youtube.com/watch?v=dd4DxbNdexw&feature=youtu.be</sublink>
	<sublink>search</sublink>
	<sublink>searchsd</sublink>
	</link>
	<thumbnail>https://image.tmdb.org/t/p/w1280/71r6JHbTJ9rYmezdYCrc2eZD1Dm.jpg</thumbnail>
	<fanart>https://image.tmdb.org/t/p/w1280/sazSeew60k0frLs4LUsK70PgJzG.jpg</fanart>
</item>
<item>
	<title>[B][COLOR=green]Night of the Living Carrots[/COLOR][/B]</title>
	<meta>
	<imdb>tt2090578</imdb>
	<content>movie</content>
	<title>Night of the Living Carrots</title>
	<year>2011</year>
	</meta>
	<link>
	<sublink>https://www.youtube.com/watch?v=dd4DxbNdexw&feature=youtu.be</sublink>
	<sublink>search</sublink>
	<sublink>searchsd</sublink>
	</link>
	<thumbnail>https://image.tmdb.org/t/p/w1280</thumbnail>
	<fanart>https://image.tmdb.org/t/p/w1280</fanart>
</item>
<item>
	<title>[B][COLOR=green]The Pig Who Cried Werewolf[/COLOR][/B]</title>
	<meta>
	<imdb>tt2087984</imdb>
	<content>movie</content>
	<title>The Pig Who Cried Werewolf</title>
	<year>2011</year>
	</meta>
	<link>
	<sublink>https://www.youtube.com/watch?v=dd4DxbNdexw&feature=youtu.be</sublink>
	<sublink>search</sublink>
	<sublink>searchsd</sublink>
	</link>
	<thumbnail>https://image.tmdb.org/t/p/w1280</thumbnail>
	<fanart>https://image.tmdb.org/t/p/w1280</fanart>
</item>
<item>
	<title>[B][COLOR=green]Puss in Boots[/COLOR][/B]</title>
	<meta>
	<imdb>tt0448694</imdb>
	<content>movie</content>
	<title>Puss in Boots</title>
	<year>2011</year>
	</meta>
	<link>
	<sublink>https://www.youtube.com/watch?v=Znuq-daWfLE&feature=youtu.be</sublink>
	<sublink>search</sublink>
	<sublink>searchsd</sublink>
	</link>
	<thumbnail>https://image.tmdb.org/t/p/w1280/7r57xOw0zSCW59pys29KyPrDS3t.jpg</thumbnail>
	<fanart>https://image.tmdb.org/t/p/w1280/bGcVQQrTE7tJ4jxKhmPn3z3nc5N.jpg</fanart>
</item>
<item>
	<title>[B][COLOR=green]Thriller Night[/COLOR][/B]</title>
	<meta>
	<imdb>tt2051999</imdb>
	<content>movie</content>
	<title>Thriller Night</title>
	<year>2011</year>
	</meta>
	<link>
	<sublink>https://www.youtube.com/watch?v=Znuq-daWfLE&feature=youtu.be</sublink>
	<sublink>search</sublink>
	<sublink>searchsd</sublink>
	</link>
	<thumbnail>https://image.tmdb.org/t/p/w1280</thumbnail>
	<fanart>https://image.tmdb.org/t/p/w1280</fanart>
</item>
<item>
	<title>[B][COLOR=green]Kung Fu Panda Holiday[/COLOR][/B]</title>
	<meta>
	<imdb>tt1702433</imdb>
	<content>movie</content>
	<title>Kung Fu Panda Holiday</title>
	<year>2010</year>
	</meta>
	<link>
	<sublink>https://www.youtube.com/watch?v=S2JQJVdV8HQ&feature=youtu.be</sublink>
	<sublink>search</sublink>
	<sublink>searchsd</sublink>
	</link>
	<thumbnail>https://image.tmdb.org/t/p/w1280/gp18R42TbSUlw9VnXFqyecm52lq.jpg</thumbnail>
	<fanart>https://image.tmdb.org/t/p/w1280/a14RyRGC3kz7YeQtvphuYMtou9v.jpg</fanart>
</item>
<item>
	<title>[B][COLOR=green]How to Train Your Dragon[/COLOR][/B]</title>
	<meta>
	<imdb>tt0892769</imdb>
	<content>movie</content>
	<title>How to Train Your Dragon</title>
	<year>2010</year>
	</meta>
	<link>
	<sublink>https://www.youtube.com/watch?v=IT_ufPxiXl8&feature=youtu.be</sublink>
	<sublink>search</sublink>
	<sublink>searchsd</sublink>
	</link>
	<thumbnail>https://image.tmdb.org/t/p/w1280/hIXX3IRFy0InUOmYeWjvhCAgQNj.jpg</thumbnail>
	<fanart>https://image.tmdb.org/t/p/w1280/mxPvA8cj0Eqa1A13DcT5NzFq7Ta.jpg</fanart>
</item>
<item>
	<title>[B][COLOR=green]Legend of the Boneknapper Dragon[/COLOR][/B]</title>
	<meta>
	<imdb>tt1744776</imdb>
	<content>movie</content>
	<title>Legend of the Boneknapper Dragon</title>
	<year>2010</year>
	</meta>
	<link>
	<sublink>https://www.youtube.com/watch?v=mNfjztfcsJA&feature=youtu.be</sublink>
	<sublink>search</sublink>
	<sublink>searchsd</sublink>
	</link>
	<thumbnail>https://image.tmdb.org/t/p/w1280/oS2f3aKtiVr1bOxFOD2VqRgJQgH.jpg</thumbnail>
	<fanart>https://image.tmdb.org/t/p/w1280/7ZAUeJEbkTsFchCbHPuTQiyzAUi.jpg</fanart>
</item>
<item>
	<title>[B][COLOR=green]Megamind[/COLOR][/B]</title>
	<meta>
	<imdb>tt1001526</imdb>
	<content>movie</content>
	<title>Megamind</title>
	<year>2010</year>
	</meta>
	<link>
	<sublink>https://www.youtube.com/watch?v=6CJUQr4Vs40&feature=youtu.be</sublink>
	<sublink>search</sublink>
	<sublink>searchsd</sublink>
	</link>
	<thumbnail>https://image.tmdb.org/t/p/w1280/mws4hcv746iKsTv81sY393LY4YI.jpg</thumbnail>
	<fanart>https://image.tmdb.org/t/p/w1280/2NMbbt8PgSeXG49pm31ibhW8op6.jpg</fanart>
</item>
<item>
	<title>[B][COLOR=green]The Penguins of Madagascar Operation Get Ducky[/COLOR][/B]</title>
	<meta>
	<imdb>tt1700493</imdb>
	<content>movie</content>
	<title>The Penguins of Madagascar Operation Get Ducky</title>
	<year>2010</year>
	</meta>
	<link>
	<sublink>https://www.youtube.com/watch?v=6CJUQr4Vs40&feature=youtu.be</sublink>
	<sublink>search</sublink>
	<sublink>searchsd</sublink>
	</link>
	<thumbnail>https://image.tmdb.org/t/p/w1280</thumbnail>
	<fanart>https://image.tmdb.org/t/p/w1280</fanart>
</item>
<item>
	<title>[B][COLOR=green]Shrek Forever After[/COLOR][/B]</title>
	<meta>
	<imdb>tt0892791</imdb>
	<content>movie</content>
	<title>Shrek Forever After</title>
	<year>2010</year>
	</meta>
	<link>
	<sublink>https://www.youtube.com/watch?v=WV8bbMxPBdc&feature=youtu.be</sublink>
	<sublink>search</sublink>
	<sublink>searchsd</sublink>
	</link>
	<thumbnail>https://image.tmdb.org/t/p/w1280/enqVwbUu6OX5LHq0fuk7sLT35zy.jpg</thumbnail>
	<fanart>https://image.tmdb.org/t/p/w1280/aD8iOuLlEiMfVlHTnAe15fZLo0S.jpg</fanart>
</item>
<item>
	<title>[B][COLOR=green]Donkey s Christmas Shrektacular[/COLOR][/B]</title>
	<meta>
	<imdb>tt1830577</imdb>
	<content>movie</content>
	<title>Donkey s Christmas Shrektacular</title>
	<year>2010</year>
	</meta>
	<link>
	<sublink>https://www.youtube.com/watch?v=WV8bbMxPBdc&feature=youtu.be</sublink>
	<sublink>search</sublink>
	<sublink>searchsd</sublink>
	</link>
	<thumbnail>https://image.tmdb.org/t/p/w1280</thumbnail>
	<fanart>https://image.tmdb.org/t/p/w1280</fanart>
</item>
<item>
	<title>[B][COLOR=green]Scared Shrekless[/COLOR][/B]</title>
	<meta>
	<imdb>tt1725156</imdb>
	<content>movie</content>
	<title>Scared Shrekless</title>
	<year>2010</year>
	</meta>
	<link>
	<sublink>https://www.youtube.com/watch?v=ZIbHKKXz-BE&feature=youtu.be</sublink>
	<sublink>search</sublink>
	<sublink>searchsd</sublink>
	</link>
	<thumbnail>https://image.tmdb.org/t/p/w1280/tDoLNXLKoEUoLOL0FPjpBE0SGaV.jpg</thumbnail>
	<fanart>https://image.tmdb.org/t/p/w1280/w6LakNLInxevoDbq3chl4huqpUl.jpg</fanart>
</item>
<item>
	<title>[B][COLOR=green]The Penguins of Madagascar[/COLOR][/B]</title>
	<meta>
	<imdb>tt0892700</imdb>
	<content>movie</content>
	<title>The Penguins of Madagascar</title>
	<year>2009</year>
	</meta>
	<link>
	<sublink>https://www.youtube.com/watch?v=cSo0k5a0l0w&feature=youtu.be</sublink>
	<sublink>search</sublink>
	<sublink>searchsd</sublink>
	</link>
	<thumbnail>https://image.tmdb.org/t/p/w1280</thumbnail>
	<fanart>https://image.tmdb.org/t/p/w1280</fanart>
</item>
<item>
	<title>[B][COLOR=green]B O B s Big Break[/COLOR][/B]</title>
	<meta>
	<imdb>tt1542599</imdb>
	<content>movie</content>
	<title>B O B s Big Break</title>
	<year>2009</year>
	</meta>
	<link>
	<sublink>https://www.youtube.com/watch?v=cSo0k5a0l0w&feature=youtu.be</sublink>
	<sublink>search</sublink>
	<sublink>searchsd</sublink>
	</link>
	<thumbnail>https://image.tmdb.org/t/p/w1280</thumbnail>
	<fanart>https://image.tmdb.org/t/p/w1280</fanart>
</item>
<item>
	<title>[B][COLOR=green]Merry Madagascar[/COLOR][/B]</title>
	<meta>
	<imdb>tt1526300</imdb>
	<content>movie</content>
	<title>Merry Madagascar</title>
	<year>2009</year>
	</meta>
	<link>
	<sublink>https://www.youtube.com/watch?v=SvjEHkYm4cY&feature=youtu.be</sublink>
	<sublink>search</sublink>
	<sublink>searchsd</sublink>
	</link>
	<thumbnail>https://image.tmdb.org/t/p/w1280/yb8X45eBtkcEWfcQLdVlTE82pLE.jpg</thumbnail>
	<fanart>https://image.tmdb.org/t/p/w1280/bIA6DNEf3luPT9T5RzLVkBkXMNq.jpg</fanart>
</item>
<item>
	<title>[B][COLOR=green]Monsters vs Aliens[/COLOR][/B]</title>
	<meta>
	<imdb>tt0892782</imdb>
	<content>movie</content>
	<title>Monsters vs Aliens</title>
	<year>2009</year>
	</meta>
	<link>
	<sublink>https://www.youtube.com/watch?v=bxLAH3M3ywM&feature=youtu.be</sublink>
	<sublink>search</sublink>
	<sublink>searchsd</sublink>
	</link>
	<thumbnail>https://image.tmdb.org/t/p/w1280/uNGGJQR82y7z9uTRaSj6UQUqxOl.jpg</thumbnail>
	<fanart>https://image.tmdb.org/t/p/w1280/kuxddWKUJY589C1Hj5iCqVzSf7i.jpg</fanart>
</item>
<item>
	<title>[B][COLOR=green]Monsters vs Aliens Mutant Pumpkins from Outer Space[/COLOR][/B]</title>
	<meta>
	<imdb>tt1482967</imdb>
	<content>movie</content>
	<title>Monsters vs Aliens Mutant Pumpkins from Outer Space</title>
	<year>2009</year>
	</meta>
	<link>
	<sublink>https://www.youtube.com/watch?v=BdH8Ix0Md3Q&feature=youtu.be</sublink>
	<sublink>search</sublink>
	<sublink>searchsd</sublink>
	</link>
	<thumbnail>https://image.tmdb.org/t/p/w1280/pLjxyEFbdYAuKHc5rFHMHm2MWvh.jpg</thumbnail>
	<fanart>https://image.tmdb.org/t/p/w1280/wWx2Kj1Me2h5e60o38n24UwUXe8.jpg</fanart>
</item>
<item>
	<title>[B][COLOR=green]Kung Fu Panda[/COLOR][/B]</title>
	<meta>
	<imdb>tt0441773</imdb>
	<content>movie</content>
	<title>Kung Fu Panda</title>
	<year>2008</year>
	</meta>
	<link>
	<sublink>https://www.youtube.com/watch?v=PXi3Mv6KMzY&feature=youtu.be</sublink>
	<sublink>search</sublink>
	<sublink>searchsd</sublink>
	</link>
	<thumbnail>https://image.tmdb.org/t/p/w1280/mk3UyyaLyXhgIhmLji25OUPXvGR.jpg</thumbnail>
	<fanart>https://image.tmdb.org/t/p/w1280/pmLEmMLYCreFAxfdCt5uO1wDgSi.jpg</fanart>
</item>
<item>
	<title>[B][COLOR=green]Kung Fu Panda Secrets of the Furious Five[/COLOR][/B]</title>
	<meta>
	<imdb>tt1287845</imdb>
	<content>movie</content>
	<title>Kung Fu Panda Secrets of the Furious Five</title>
	<year>2008</year>
	</meta>
	<link>
	<sublink>https://www.youtube.com/watch?v=PXi3Mv6KMzY&feature=youtu.be</sublink>
	<sublink>search</sublink>
	<sublink>searchsd</sublink>
	</link>
	<thumbnail>https://image.tmdb.org/t/p/w1280</thumbnail>
	<fanart>https://image.tmdb.org/t/p/w1280</fanart>
</item>
<item>
	<title>[B][COLOR=green]Madagascar Escape 2 Africa[/COLOR][/B]</title>
	<meta>
	<imdb>tt0479952</imdb>
	<content>movie</content>
	<title>Madagascar Escape 2 Africa</title>
	<year>2008</year>
	</meta>
	<link>
	<sublink>https://www.youtube.com/watch?v=cSo0k5a0l0w&feature=youtu.be</sublink>
	<sublink>search</sublink>
	<sublink>searchsd</sublink>
	</link>
	<thumbnail>https://image.tmdb.org/t/p/w1280/9mohxwknsHcwFBSAAhoQXwFV5zn.jpg</thumbnail>
	<fanart>https://image.tmdb.org/t/p/w1280/anxiz37Z9FPKeuCsJcxViSWmPxg.jpg</fanart>
</item>
<item>
	<title>[B][COLOR=green]Bee Movie[/COLOR][/B]</title>
	<meta>
	<imdb>tt0389790</imdb>
	<content>movie</content>
	<title>Bee Movie</title>
	<year>2007</year>
	</meta>
	<link>
	<sublink>https://www.youtube.com/watch?v=FFGaS6MDknY&feature=youtu.be</sublink>
	<sublink>search</sublink>
	<sublink>searchsd</sublink>
	</link>
	<thumbnail>https://image.tmdb.org/t/p/w1280/QhbOzpYfBOwrRiuTu9otPk919R.jpg</thumbnail>
	<fanart>https://image.tmdb.org/t/p/w1280/2lBpQZevIJdL4vPrZ7Nnm7mrVlm.jpg</fanart>
</item>
<item>
	<title>[B][COLOR=green]Shrek the Third[/COLOR][/B]</title>
	<meta>
	<imdb>tt0413267</imdb>
	<content>movie</content>
	<title>Shrek the Third</title>
	<year>2007</year>
	</meta>
	<link>
	<sublink>https://www.youtube.com/watch?v=InR865IDDjU&feature=youtu.be</sublink>
	<sublink>search</sublink>
	<sublink>searchsd</sublink>
	</link>
	<thumbnail>https://image.tmdb.org/t/p/w1280/lA17Mlz8hXVZsW5Y3WuUa8KPilQ.jpg</thumbnail>
	<fanart>https://image.tmdb.org/t/p/w1280/7fT1IogBbxM6S7SOIGSe7BXLEMq.jpg</fanart>
</item>
<item>
	<title>[B][COLOR=green]Shrek the Halls[/COLOR][/B]</title>
	<meta>
	<imdb>tt0897387</imdb>
	<content>movie</content>
	<title>Shrek the Halls</title>
	<year>2007</year>
	</meta>
	<link>
	<sublink>https://www.youtube.com/watch?v=AJKvTHemJCA&feature=youtu.be</sublink>
	<sublink>search</sublink>
	<sublink>searchsd</sublink>
	</link>
	<thumbnail>https://image.tmdb.org/t/p/w1280/zq8UaoqVgpwOVOW1xfIYUekgyNl.jpg</thumbnail>
	<fanart>https://image.tmdb.org/t/p/w1280/deIB7BNbJT37GuFcDyUzPh8uqyO.jpg</fanart>
</item>
<item>
	<title>[B][COLOR=green]First Flight[/COLOR][/B]</title>
	<meta>
	<imdb>tt0783521</imdb>
	<content>movie</content>
	<title>First Flight</title>
	<year>2006</year>
	</meta>
	<link>
	<sublink>https://www.youtube.com/watch?v=adPvbscBK_8&feature=youtu.be</sublink>
	<sublink>search</sublink>
	<sublink>searchsd</sublink>
	</link>
	<thumbnail>https://image.tmdb.org/t/p/w1280</thumbnail>
	<fanart>https://image.tmdb.org/t/p/w1280</fanart>
</item>
<item>
	<title>[B][COLOR=green]Flushed Away[/COLOR][/B]</title>
	<meta>
	<imdb>tt0424095</imdb>
	<content>movie</content>
	<title>Flushed Away</title>
	<year>2006</year>
	</meta>
	<link>
	<sublink>https://www.youtube.com/watch?v=RLJxoJM_ZbY&feature=youtu.be</sublink>
	<sublink>search</sublink>
	<sublink>searchsd</sublink>
	</link>
	<thumbnail>https://image.tmdb.org/t/p/w1280/oCdPDusnJvIZN6OpaF2Yj7211w.jpg</thumbnail>
	<fanart>https://image.tmdb.org/t/p/w1280/7gvhqD2l8T6qKlD0ec4nysh077y.jpg</fanart>
</item>
<item>
	<title>[B][COLOR=green]Hammy s Boomerang Adventure[/COLOR][/B]</title>
	<meta>
	<imdb>tt0937397</imdb>
	<content>movie</content>
	<title>Hammy s Boomerang Adventure</title>
	<year>2006</year>
	</meta>
	<link>
	<sublink>https://www.youtube.com/watch?v=RLJxoJM_ZbY&feature=youtu.be</sublink>
	<sublink>search</sublink>
	<sublink>searchsd</sublink>
	</link>
	<thumbnail>https://image.tmdb.org/t/p/w1280</thumbnail>
	<fanart>https://image.tmdb.org/t/p/w1280</fanart>
</item>
<item>
	<title>[B][COLOR=green]Over the Hedge[/COLOR][/B]</title>
	<meta>
	<imdb>tt0327084</imdb>
	<content>movie</content>
	<title>Over the Hedge</title>
	<year>2006</year>
	</meta>
	<link>
	<sublink>https://www.youtube.com/watch?v=BE77igZczlI&feature=youtu.be</sublink>
	<sublink>search</sublink>
	<sublink>searchsd</sublink>
	</link>
	<thumbnail>https://image.tmdb.org/t/p/w1280/fGvoD6n6blbFprgbl3BJ2U8YHSF.jpg</thumbnail>
	<fanart>https://image.tmdb.org/t/p/w1280/vZSJZZ178D40pwzRXkKqQKjLU7X.jpg</fanart>
</item>
<item>
	<title>[B][COLOR=green]Club Oscar[/COLOR][/B]</title>
	<meta>
	<imdb>tt5091774</imdb>
	<content>movie</content>
	<title>Club Oscar</title>
	<year>2005</year>
	</meta>
	<link>
	<sublink>https://www.youtube.com/watch?v=dB7a9utApIQ&feature=youtu.be</sublink>
	<sublink>search</sublink>
	<sublink>searchsd</sublink>
	</link>
	<thumbnail>https://image.tmdb.org/t/p/w1280</thumbnail>
	<fanart>https://image.tmdb.org/t/p/w1280</fanart>
</item>
<item>
	<title>[B][COLOR=green]The Curse of the Were Rabbit[/COLOR][/B]</title>
	<meta>
	<imdb>tt0312004</imdb>
	<content>movie</content>
	<title>The Curse of the Were Rabbit</title>
	<year>2005</year>
	</meta>
	<link>
	<sublink>https://www.youtube.com/watch?v=BXYNHHj4KDw&feature=youtu.be</sublink>
	<sublink>search</sublink>
	<sublink>searchsd</sublink>
	</link>
	<thumbnail>https://image.tmdb.org/t/p/w1280/tLryx0x9TDV5rifA9W8yUvDZFHB.jpg</thumbnail>
	<fanart>https://image.tmdb.org/t/p/w1280/v45E1vDhPp2hc1dEZx5KZuRsSxX.jpg</fanart>
</item>
<item>
	<title>[B][COLOR=green]Madagascar[/COLOR][/B]</title>
	<meta>
	<imdb>tt0351283</imdb>
	<content>movie</content>
	<title>Madagascar</title>
	<year>2005</year>
	</meta>
	<link>
	<sublink>https://www.youtube.com/watch?v=adPvbscBK_8&feature=youtu.be</sublink>
	<sublink>search</sublink>
	<sublink>searchsd</sublink>
	</link>
	<thumbnail>https://image.tmdb.org/t/p/w1280/2YiESGB68BGQSAFvfJxBi774sc4.jpg</thumbnail>
	<fanart>https://image.tmdb.org/t/p/w1280/wUetiqu2EFhHW94yTP0pWABfyUG.jpg</fanart>
</item>
<item>
	<title>[B][COLOR=green]The Madagascar Penguins in a Christmas Caper[/COLOR][/B]</title>
	<meta>
	<imdb>tt0484439</imdb>
	<content>movie</content>
	<title>The Madagascar Penguins in a Christmas Caper</title>
	<year>2005</year>
	</meta>
	<link>
	<sublink>https://www.youtube.com/watch?v=adPvbscBK_8&feature=youtu.be</sublink>
	<sublink>search</sublink>
	<sublink>searchsd</sublink>
	</link>
	<thumbnail>https://image.tmdb.org/t/p/w1280</thumbnail>
	<fanart>https://image.tmdb.org/t/p/w1280</fanart>
</item>
<item>
	<title>[B][COLOR=green]Shark Tale[/COLOR][/B]</title>
	<meta>
	<imdb>tt0307453</imdb>
	<content>movie</content>
	<title>Shark Tale</title>
	<year>2004</year>
	</meta>
	<link>
	<sublink>https://www.youtube.com/watch?v=mp2SbaK8dDg&feature=youtu.be</sublink>
	<sublink>search</sublink>
	<sublink>searchsd</sublink>
	</link>
	<thumbnail>https://image.tmdb.org/t/p/w1280/r08DpyPyhXcJTfNZAICNGMzcQ8l.jpg</thumbnail>
	<fanart>https://image.tmdb.org/t/p/w1280/v3RnhCEMu9MVxA5aHWPgVzFGdSG.jpg</fanart>
</item>
<item>
	<title>[B][COLOR=green]Shrek 2[/COLOR][/B]</title>
	<meta>
	<imdb>tt0298148</imdb>
	<content>movie</content>
	<title>Shrek 2</title>
	<year>2004</year>
	</meta>
	<link>
	<sublink>https://www.youtube.com/watch?v=dB7a9utApIQ&feature=youtu.be</sublink>
	<sublink>search</sublink>
	<sublink>searchsd</sublink>
	</link>
	<thumbnail>https://image.tmdb.org/t/p/w1280/eVBH2nDYbLWiUXYotADRAWK6sm6.jpg</thumbnail>
	<fanart>https://image.tmdb.org/t/p/w1280/gdFAYLb5NR5HqcEKnPloOM6fX4B.jpg</fanart>
</item>
<item>
	<title>[B][COLOR=green]Far Far Away Idol[/COLOR][/B]</title>
	<meta>
	<imdb>tt0438844</imdb>
	<content>movie</content>
	<title>Far Far Away Idol</title>
	<year>2004</year>
	</meta>
	<link>
	<sublink>https://www.youtube.com/watch?v=dB7a9utApIQ&feature=youtu.be</sublink>
	<sublink>search</sublink>
	<sublink>searchsd</sublink>
	</link>
	<thumbnail>https://image.tmdb.org/t/p/w1280</thumbnail>
	<fanart>https://image.tmdb.org/t/p/w1280</fanart>
</item>
<item>
	<title>[B][COLOR=green]Shrek 4 D[/COLOR][/B]</title>
	<meta>
	<imdb>tt0360985</imdb>
	<content>movie</content>
	<title>Shrek 4 D</title>
	<year>2003</year>
	</meta>
	<link>
	<sublink>https://www.youtube.com/watch?v=RPJ4EQ2Eh9I&feature=youtu.be</sublink>
	<sublink>search</sublink>
	<sublink>searchsd</sublink>
	</link>
	<thumbnail>https://image.tmdb.org/t/p/w1280</thumbnail>
	<fanart>https://image.tmdb.org/t/p/w1280</fanart>
</item>
<item>
	<title>[B][COLOR=green]Sinbad Legend of the Seven Seas[/COLOR][/B]</title>
	<meta>
	<imdb>tt0165982</imdb>
	<content>movie</content>
	<title>Sinbad Legend of the Seven Seas</title>
	<year>2003</year>
	</meta>
	<link>
	<sublink>https://www.youtube.com/watch?v=bRsdyOck9IY&feature=youtu.be</sublink>
	<sublink>search</sublink>
	<sublink>searchsd</sublink>
	</link>
	<thumbnail>https://image.tmdb.org/t/p/w1280/6LELf4ZzVBJwR9mNq86Mf5QVERS.jpg</thumbnail>
	<fanart>https://image.tmdb.org/t/p/w1280/2lKUGOdK88w6G80giTqlnJKDetN.jpg</fanart>
</item>
<item>
	<title>[B][COLOR=green]Sinbad and the Cyclops Island[/COLOR][/B]</title>
	<meta>
	<imdb>tt3419296</imdb>
	<content>movie</content>
	<title>Sinbad and the Cyclops Island</title>
	<year>2003</year>
	</meta>
	<link>
	<sublink>https://www.youtube.com/watch?v=bRsdyOck9IY&feature=youtu.be</sublink>
	<sublink>search</sublink>
	<sublink>searchsd</sublink>
	</link>
	<thumbnail>https://image.tmdb.org/t/p/w1280</thumbnail>
	<fanart>https://image.tmdb.org/t/p/w1280</fanart>
</item>
<item>
	<title>[B][COLOR=green]Spirit Stallion of the Cimarron[/COLOR][/B]</title>
	<meta>
	<imdb>tt0166813</imdb>
	<content>movie</content>
	<title>Spirit Stallion of the Cimarron</title>
	<year>2002</year>
	</meta>
	<link>
	<sublink>https://www.youtube.com/watch?v=RPJ4EQ2Eh9I&feature=youtu.be</sublink>
	<sublink>search</sublink>
	<sublink>searchsd</sublink>
	</link>
	<thumbnail>https://image.tmdb.org/t/p/w1280/nhrcR2KtVjXxJNSrPvcxVSyEf4c.jpg</thumbnail>
	<fanart>https://image.tmdb.org/t/p/w1280/7UzVI4BepB9g8822H7UCXPjrMan.jpg</fanart>
</item>
<item>
	<title>[B][COLOR=green]Shrek[/COLOR][/B]</title>
	<meta>
	<imdb>tt0126029</imdb>
	<content>movie</content>
	<title>Shrek</title>
	<year>2001</year>
	</meta>
	<link>
	<sublink>https://www.youtube.com/watch?v=W37DlG1i61s&feature=youtu.be</sublink>
	<sublink>search</sublink>
	<sublink>searchsd</sublink>
	</link>
	<thumbnail>https://image.tmdb.org/t/p/w1280/140ewbWv8qHStD3mlBDvvGd0Zvu.jpg</thumbnail>
	<fanart>https://image.tmdb.org/t/p/w1280/2l5UHZBcp9cx1PwKLdisJ0gV9jB.jpg</fanart>
</item>
<item>
	<title>[B][COLOR=green]Shrek in the Swamp Karaoke Dance Party[/COLOR][/B]</title>
	<meta>
	<imdb>tt0307461</imdb>
	<content>movie</content>
	<title>Shrek in the Swamp Karaoke Dance Party</title>
	<year>2001</year>
	</meta>
	<link>
	<sublink>https://www.youtube.com/watch?v=W37DlG1i61s&feature=youtu.be</sublink>
	<sublink>search</sublink>
	<sublink>searchsd</sublink>
	</link>
	<thumbnail>https://image.tmdb.org/t/p/w1280</thumbnail>
	<fanart>https://image.tmdb.org/t/p/w1280</fanart>
</item>
<item>
	<title>[B][COLOR=green]Chicken Run[/COLOR][/B]</title>
	<meta>
	<imdb>tt0120630</imdb>
	<content>movie</content>
	<title>Chicken Run</title>
	<year>2000</year>
	</meta>
	<link>
	<sublink>https://www.youtube.com/watch?v=jevaUcKLoMY&feature=youtu.be</sublink>
	<sublink>search</sublink>
	<sublink>searchsd</sublink>
	</link>
	<thumbnail>https://image.tmdb.org/t/p/w1280/z0MafJgUnVyVbczicYMkPKKHkBi.jpg</thumbnail>
	<fanart>https://image.tmdb.org/t/p/w1280/b0Zlbk19oTLjKPvb807suPFKBtN.jpg</fanart>
</item>
<item>
	<title>[B][COLOR=green]Joseph King of Dreams[/COLOR][/B]</title>
	<meta>
	<imdb>tt0264734</imdb>
	<content>movie</content>
	<title>Joseph King of Dreams</title>
	<year>2000</year>
	</meta>
	<link>
	<sublink>https://www.youtube.com/watch?v=00srDTJp51I&feature=youtu.be</sublink>
	<sublink>search</sublink>
	<sublink>searchsd</sublink>
	</link>
	<thumbnail>https://image.tmdb.org/t/p/w1280/dsL5nngGY8qTmXxtAamMUYVQDY3.jpg</thumbnail>
	<fanart>https://image.tmdb.org/t/p/w1280/p5WF1vmFwTrdNlx6Z7mt5ksnG7W.jpg</fanart>
</item>
<item>
	<title>[B][COLOR=green]The Road to El Dorado[/COLOR][/B]</title>
	<meta>
	<imdb>tt0138749</imdb>
	<content>movie</content>
	<title>The Road to El Dorado</title>
	<year>2000</year>
	</meta>
	<link>
	<sublink>https://www.youtube.com/watch?v=JcOfJwN0bdY&feature=youtu.be</sublink>
	<sublink>search</sublink>
	<sublink>searchsd</sublink>
	</link>
	<thumbnail>https://image.tmdb.org/t/p/w1280/lQnNNjT4yW3i2rmQhGibiPBnc6e.jpg</thumbnail>
	<fanart>https://image.tmdb.org/t/p/w1280/vHWoapGhI3thn3TyBu4qtH8W15f.jpg</fanart>
</item>
<item>
	<title>[B][COLOR=green]Antz[/COLOR][/B]</title>
	<meta>
	<imdb>tt0120587</imdb>
	<content>movie</content>
	<title>Antz</title>
	<year>1998</year>
	</meta>
	<link>
	<sublink>https://www.youtube.com/watch?v=6kqGO1c70ak&feature=youtu.be</sublink>
	<sublink>search</sublink>
	<sublink>searchsd</sublink>
	</link>
	<thumbnail>https://image.tmdb.org/t/p/w1280/3biVcPu5hrfKUMC73sTFq17dmmS.jpg</thumbnail>
	<fanart>https://image.tmdb.org/t/p/w1280/kMfLkbVTsALj5eIu72jtwzDhVsV.jpg</fanart>
</item>
<item>
	<title>[B][COLOR=green]The Prince of Egypt[/COLOR][/B]</title>
	<meta>
	<imdb>tt0120794</imdb>
	<content>movie</content>
	<title>The Prince of Egypt</title>
	<year>1998</year>
	</meta>
	<link>
	<sublink>https://www.youtube.com/watch?v=zmBDY-fSlIs&feature=youtu.be</sublink>
	<sublink>search</sublink>
	<sublink>searchsd</sublink>
	</link>
	<thumbnail>https://image.tmdb.org/t/p/w1280/wD34ls2faCrj8YvFViEaPfBtBEe.jpg</thumbnail>
	<fanart>https://image.tmdb.org/t/p/w1280/1yB6o6L5DLteeraLhz5Q0buBm6i.jpg</fanart>
</item>
