<item>
	<title>[B][COLOR=green]The Lego Movie[/COLOR][/B]</title>
	<meta>
	<imdb>tt1490017</imdb>
	<content>movie</content>
	<title>The Lego Movie</title>
	<year>2014</year>
	</meta>
	<link>
	<sublink>https://www.youtube.com/watch?v=VQA8kJLTJHs&feature=youtu.be</sublink>
	<sublink>search</sublink>
	<sublink>searchsd</sublink>
	</link>
	<thumbnail>https://image.tmdb.org/t/p/w1280/lMHbadNmznKs5vgBAkHxKGHulOa.jpg</thumbnail>
	<fanart>https://image.tmdb.org/t/p/w1280/wPRiV4TVpRCV2es81q0S1eRaUbm.jpg</fanart>
</item>
<item>
	<title>[B][COLOR=green]The Lego Batman Movie[/COLOR][/B]</title>
	<meta>
	<imdb>tt4116284</imdb>
	<content>movie</content>
	<title>The Lego Batman Movie</title>
	<year>2017</year>
	</meta>
	<link>
	<sublink>https://www.youtube.com/watch?v=aBJyp2LFHgk&feature=youtu.be</sublink>
	<sublink>search</sublink>
	<sublink>searchsd</sublink>
	</link>
	<thumbnail>https://image.tmdb.org/t/p/w1280/1pHOqpdCYNmtRVJs6pGKQKttrPm.jpg</thumbnail>
	<fanart>https://image.tmdb.org/t/p/w1280/jqnbac3oind5VOcAN0mTXyapOGh.jpg</fanart>
</item>




<item>
	<title>[B][COLOR=green]LEGO DC Comics Super Heroes: Justice League vs. Bizarro League[/COLOR][/B]</title>
	<meta>
	<imdb>tt4189260</imdb>
	<content>movie</content>
	<title>LEGO DC Comics Super Heroes: Justice League vs. Bizarro League</title>
	<year>2015</year>
	</meta>
	<link>
	<sublink>https://www.youtube.com/watch?v=0uCLKanLOo8&feature=youtu.be</sublink>
	<sublink>search</sublink>
	<sublink>searchsd</sublink>
	</link>
	<thumbnail>https://image.tmdb.org/t/p/w1280/eyaGDrV1ScVGiXrBifb8AuoQ3ko.jpg</thumbnail>
	<fanart>https://image.tmdb.org/t/p/w1280/mkzpFIJmndBOfUteS7n3fI04lX3.jpg</fanart>
</item>





<item>
	<title>[B][COLOR=green]LEGO Marvel Super Heroes: Maximum Overload[/COLOR][/B]</title>
	<meta>
	<imdb>tt3322904</imdb>
	<content>movie</content>
	<title>LEGO Marvel Super Heroes: Maximum Overload</title>
	<year>2013</year>
	</meta>
	<link>
	<sublink>https://www.youtube.com/watch?v=lHsdttD9j1Y&feature=youtu.be</sublink>
	<sublink>search</sublink>
	<sublink>searchsd</sublink>
	</link>
	<thumbnail>https://image.tmdb.org/t/p/w1280/soCc0d65LDKFaJwooamj4IHjfIE.jpg</thumbnail>
	<fanart>https://image.tmdb.org/t/p/w1280/k39ctNu53NMJIPl2Qaivd7sQFLL.jpg</fanart>
</item>


<item>
	<title>[B][COLOR=green]The Lego Movie 2: The Second Part[/COLOR][/B]</title>
	<meta>
	<imdb>tt3513498</imdb>
	<content>movie</content>
	<title>The Lego Movie 2: The Second Part</title>
	<year>2019</year>
	</meta>
	<link>
	<sublink>https://www.youtube.com/watch?v=XvHSlHhh1gk&feature=youtu.be</sublink>
	<sublink>search</sublink>
	<sublink>searchsd</sublink>
	</link>
	<thumbnail>https://image.tmdb.org/t/p/w1280/QTESAsBVZwjtGJNDP7utiGV37z.jpg</thumbnail>
	<fanart>https://image.tmdb.org/t/p/w1280/8kPozGb4BDrcWBSsGPrkULG2tP9.jpg</fanart>
</item>


<item>
	<title>[B][COLOR=green]The Lego Ninjago Movie[/COLOR][/B]</title>
	<meta>
	<imdb>tt3014284</imdb>
	<content>movie</content>
	<title>The Lego Ninjago Movie</title>
	<year>2017</year>
	</meta>
	<link>
	<sublink>https://www.youtube.com/watch?v=sZSYYiATFTI&feature=youtu.be</sublink>
	<sublink>search</sublink>
	<sublink>searchsd</sublink>
	</link>
	<thumbnail>https://image.tmdb.org/t/p/w1280/vUo0pNXGhp2ffTJxiStWt6fHL7F.jpg</thumbnail>
	<fanart>https://image.tmdb.org/t/p/w1280/3DPuzZmkBD9vbMpLvQcrymYoDBk.jpg</fanart>
</item>
<item>
	<title>[B][COLOR=green]LEGO DC Super Hero Girls: Super-Villain High[/COLOR][/B]</title>
	<meta>
	<imdb>tt8050266</imdb>
	<content>movie</content>
	<title>LEGO DC Super Hero Girls: Super-Villain High</title>
	<year>2018</year>
	</meta>
	<link>
	<sublink>https://www.youtube.com/watch?v=tQkxYywhhbI&feature=youtu.be</sublink>
	<sublink>search</sublink>
	<sublink>searchsd</sublink>
	</link>
	<thumbnail>https://image.tmdb.org/t/p/w1280/pGvGOvCtFGFobwYldE6u8hWcusV.jpg</thumbnail>
	<fanart>https://image.tmdb.org/t/p/w1280/lNEb9p9GOfYOkWBHMiHHoL9p5mT.jpg</fanart>
</item>
<item>
	<title>[B][COLOR=green]Lego DC Comics Super Heroes: The Flash[/COLOR][/B]</title>
	<meta>
	<imdb>tt7877382</imdb>
	<content>movie</content>
	<title>Lego DC Comics Super Heroes: The Flash</title>
	<year>2018</year>
	</meta>
	<link>
	<sublink>https://www.youtube.com/watch?v=AGKDZNU_HNo&feature=youtu.be</sublink>
	<sublink>search</sublink>
	<sublink>searchsd</sublink>
	</link>
	<thumbnail>https://image.tmdb.org/t/p/w1280/u27j3CiMEtNdDRleYwnruQ5Ktkm.jpg</thumbnail>
	<fanart>https://image.tmdb.org/t/p/w1280/1BAjSZoB2oyGsPSjGSJE0k4hf8e.jpg</fanart>
</item>
<item>
	<title>[B][COLOR=green]LEGO DC Super Hero Girls: Brain Drain[/COLOR][/B]</title>
	<meta>
	<imdb>tt7158814</imdb>
	<content>movie</content>
	<title>LEGO DC Super Hero Girls: Brain Drain</title>
	<year>2017</year>
	</meta>
	<link>
	<sublink>https://www.youtube.com/watch?v=1YDVbiKIeJ4&feature=youtu.be</sublink>
	<sublink>search</sublink>
	<sublink>searchsd</sublink>
	</link>
	<thumbnail>https://image.tmdb.org/t/p/w1280/8wz61l4LytNSg1sdlNN8ebQYkud.jpg</thumbnail>
	<fanart>https://image.tmdb.org/t/p/w1280/czMJC00MQs2ZOteJ0iTCzMpJF8o.jpg</fanart>
</item>
<item>
	<title>[B][COLOR=green]LEGO Scooby-Doo! Blowout Beach Bash[/COLOR][/B]</title>
	<meta>
	<imdb>tt6946580</imdb>
	<content>movie</content>
	<title>LEGO Scooby-Doo! Blowout Beach Bash</title>
	<year>2017</year>
	</meta>
	<link>
	<sublink>https://www.youtube.com/watch?v=P4TomLSVr0I&feature=youtu.be</sublink>
	<sublink>search</sublink>
	<sublink>searchsd</sublink>
	</link>
	<thumbnail>https://image.tmdb.org/t/p/w1280/1jV2qGhuX1Cyb8WkCLhGpXROIOM.jpg</thumbnail>
	<fanart>https://image.tmdb.org/t/p/w1280/tRVmAmq6Jzbx7OoGXSUUGlguokB.jpg</fanart>
</item>
<item>
	<title>[B][COLOR=green]LEGO Friends: Girlz 4 Life[/COLOR][/B]</title>
	<meta>
	<imdb>tt5424368</imdb>
	<content>movie</content>
	<title>LEGO Friends: Girlz 4 Life</title>
	<year>2016</year>
	</meta>
	<link>
	<sublink>https://www.youtube.com/watch?v=f9JkrEcaZts&feature=youtu.be</sublink>
	<sublink>search</sublink>
	<sublink>searchsd</sublink>
	</link>
	<thumbnail>https://image.tmdb.org/t/p/w1280/iVcwSDfkxXbnBAixNcS4DgopU9x.jpg</thumbnail>
	<fanart>https://image.tmdb.org/t/p/w1280/wQxSUIG32MqIcVrG8mJ69MUxVwA.jpg</fanart>
</item>



<item>
	<title>[B][COLOR=green]LEGO Jurassic World: The Indominus Escape[/COLOR][/B]</title>
	<meta>
	<imdb>tt6101862</imdb>
	<content>movie</content>
	<title>LEGO Jurassic World: The Indominus Escape</title>
	<year>2016</year>
	</meta>
	<link>
	<sublink>https://www.youtube.com/watch?v=l9EkK8yjFGU&feature=youtu.be</sublink>
	<sublink>search</sublink>
	<sublink>searchsd</sublink>
	</link>
	<thumbnail>https://image.tmdb.org/t/p/w1280/xQkA5oOMNDyeSIKDyIwh1wgstpr.jpg</thumbnail>
	<fanart>https://image.tmdb.org/t/p/w1280/w1W8Ukf6Kx8q2oVSwwG10kOvqCi.jpg</fanart>
</item>
<item>
	<title>[B][COLOR=green]Lego Scooby-Doo! Knight Time Terror[/COLOR][/B]</title>
	<meta>
	<imdb>tt5377164</imdb>
	<content>movie</content>
	<title>Lego Scooby-Doo! Knight Time Terror</title>
	<year>2015</year>
	</meta>
	<link>
	<sublink>https://www.youtube.com/watch?v=VvFhqNc-ziQ&feature=youtu.be</sublink>
	<sublink>search</sublink>
	<sublink>searchsd</sublink>
	</link>
	<thumbnail>https://image.tmdb.org/t/p/w1280/A2DTc2QGOkKlEhEg3CKJtXOv5bI.jpg</thumbnail>
	<fanart>https://image.tmdb.org/t/p/w1280/iX2rlAxLzx5z4O6LCE102czWKS1.jpg</fanart>
</item>
<item>
	<title>[B][COLOR=green]LEGO DC Super Heroes - Aquaman: Rage Of Atlantis[/COLOR][/B]</title>
	<meta>
	<imdb>tt8457394</imdb>
	<content>movie</content>
	<title>LEGO DC Super Heroes - Aquaman: Rage Of Atlantis</title>
	<year>2018</year>
	</meta>
	<link>
	<sublink>https://www.youtube.com/watch?v=LzyJpiio-zU&feature=youtu.be</sublink>
	<sublink>search</sublink>
	<sublink>searchsd</sublink>
	</link>
	<thumbnail>https://image.tmdb.org/t/p/w1280/fNayc14I8UH9rywBXAp2Eh81za3.jpg</thumbnail>
	<fanart>https://image.tmdb.org/t/p/w1280/qoBKQC28B1F6dKCPAMqBGQwJdM7.jpg</fanart>
</item>
<item>
	<title>[B][COLOR=green]LEGO Marvel Super Heroes: Maximum Overload[/COLOR][/B]</title>
	<meta>
	<imdb>tt3322904</imdb>
	<content>movie</content>
	<title>LEGO Marvel Super Heroes: Maximum Overload</title>
	<year>2013</year>
	</meta>
	<link>
	<sublink>https://www.youtube.com/watch?v=lHsdttD9j1Y&feature=youtu.be</sublink>
	<sublink>search</sublink>
	<sublink>searchsd</sublink>
	</link>
	<thumbnail>https://image.tmdb.org/t/p/w1280/soCc0d65LDKFaJwooamj4IHjfIE.jpg</thumbnail>
	<fanart>https://image.tmdb.org/t/p/w1280/k39ctNu53NMJIPl2Qaivd7sQFLL.jpg</fanart>
</item>





