<item>
    <title>[COLORlime][B]*** Your In Kingdom Kids Zone ***[/B][/COLOR]</title>
    <link>nolink</link>
    <thumbnail></thumbnail>
    
</item>



<dir>
    <title>[B][COLOR ff304ffe]• [COLORyellow][B]Marvel Movies[/B][/COLOR]</title>
      <imdburl>/list/ls071217506/</imdburl>
	 <thumbnail>https://i.imgur.com/MABGsmP.png</thumbnail>
	<summary>Marvel Movies</summary>
  </dir>

<dir>
  <title>[B][COLOR ff304ffe]• [COLORyellow][B]Animated Movies[/B][/COLOR] </title>
  <tmdb>genre/movies/16</tmdb>
   <thumbnail>https://i.imgur.com/hgtDAPp.png</thumbnail>
	<summary>TMDB Animated Movies</summary>
</dir>
         
<dir>
  <title>[B][COLOR ff304ffe]• [COLORyellow][B]Walt Disney Animated Feature Films[/B][/COLOR]</title>
  <trakt>https://api.trakt.tv/users/movistapp/lists/walt-disney-animated-feature-films/items</trakt>
  <thumbnail>https://i.imgur.com/MABGsmP.png</thumbnail>
	<summary>Walt Disney Animated Feature Films</summary>
</dir>

<dir>
    <title>[B][COLOR ff304ffe]• [COLORyellow][B]Pixar Movies[/B][/COLOR]</title>
    <link>file://movies/All_Pixar_Films_by year.xml</link>
	<thumbnail>https://i.imgur.com/MABGsmP.png</thumbnail>
	<summary>Pixar Movies</summary>
  </dir>
  
  <dir>
    <title>[B][COLOR ff304ffe]• [COLORyellow][B]Dreamworks Movies[/B][/COLOR]</title>
    <link>file://movies/Dreamworks_Animation_by year.xml</link>
	<thumbnail>https://i.imgur.com/MABGsmP.png</thumbnail>
	<summary>Dreamworks Movies</summary>
  </dir>
 
 
<dir>
  <title>[B][COLOR ff304ffe]• [COLORyellow][B]D C Comics[/B][/COLOR]</title>
  <trakt>https://api.trakt.tv/users/movistapp/lists/dc-comics/items</trakt>
  <thumbnail>https://i.imgur.com/MABGsmP.png</thumbnail>
	<summary>D C Comics</summary>
</dir>

<dir>
<title>[B][COLOR ffc51162]• [COLORblue][B]Disney Toon Animations[/B][/COLOR]</title>
<trakt>https://api.trakt.tv/users/donxy/lists/disneytoon-studios-animation-films/items</trakt>
<thumbnail>https://i.imgur.com/MABGsmP.png</thumbnail>
	<summary>Kids TV Shows</summary>
</dir>


<dir>
<title>[B][COLOR ffc51162]• [COLORblue][B]Disney Direct-To-Video Animation[/B][/COLOR]</title>
<trakt>https://api.trakt.tv/users/pandako/lists/disney-direct-to-video-animation/items</trakt>
<thumbnail>https://i.imgur.com/MABGsmP.png</thumbnail>
	<summary>Kids TV Shows</summary>
</dir>


<dir>
<title>[B][COLOR ffc51162]• [COLORblue][B]Blue Sky Animations[/B][/COLOR]</title>
<trakt>https://api.trakt.tv/users/donxy/lists/blue-sky-studios/items</trakt>
<thumbnail>https://i.imgur.com/MABGsmP.png</thumbnail>
	<summary>Kids TV Shows</summary>
</dir>

<dir>
<title>[B][COLOR ffc51162]• [COLORblue][B]Sony Pictures Animation[/B][/COLOR]</title>
<trakt>https://api.trakt.tv/users/donxy/lists/sony-pictures-animation/items</trakt>
<thumbnail>https://i.imgur.com/MABGsmP.png</thumbnail>
	<summary>Kids TV Shows</summary>
</dir>

<dir>
<title>[B][COLOR ffc51162]• [COLORblue][B]Family Halloween[/B][/COLOR]</title>
<trakt>https://api.trakt.tv/users/donxy/lists/family-halloween/items</trakt>
<thumbnail>https://i.imgur.com/MABGsmP.png</thumbnail>
	<summary>Kids TV Shows</summary>
</dir>

 <dir>
    <title>[B][COLOR ff304ffe]• [COLORblue][B]Lego Movies[/B][/COLOR]</title>
    <link>file://movies/legomovies.xml</link>
	<thumbnail>https://i.imgur.com/MABGsmP.png</thumbnail>
	<summary>Dreamworks Movies</summary>
  </dir>
 
<dir>
  <title>[B][COLOR ff304ffe]• [COLORyellow][B]Batman Movies[/B][/COLOR]</title>
  <trakt>https://api.trakt.tv/users/movistapp/lists/batman/items</trakt>
  <thumbnail>https://i.imgur.com/MABGsmP.png</thumbnail>
	<summary>Batman Movies</summary>
</dir>
 
<dir>
  <title>[B][COLOR ff304ffe]• [COLORyellow][B]Superman Movies[/B][/COLOR]</title>
  <trakt>https://api.trakt.tv/users/movistapp/lists/superman/items</trakt>
  <thumbnail>https://i.imgur.com/MABGsmP.png</thumbnail>
	<summary>Superman Movies</summary>
</dir>
 
<dir>
  <title>[B][COLOR ff304ffe]• [COLORyellow][B]Animation[/B][/COLOR]</title>
  <trakt>https://api.trakt.tv/users/giladg/lists/animation/items</trakt>
  <thumbnail>https://i.imgur.com/MABGsmP.png</thumbnail>
	<summary>Animation</summary>
</dir>
 
<dir>
  <title>[B][COLOR ff304ffe]• [COLORyellow][B]Family Movies[/B][/COLOR]</title>
  <trakt>https://api.trakt.tv/users/movistapp/lists/family/items</trakt>
   <thumbnail>https://i.imgur.com/MABGsmP.png</thumbnail>
	<summary>Family Movies</summary>
</dir>

<dir>
    <title>[B][COLOR ff304ffe]• [COLORyellow][B]3D Animated Movies[/B][/COLOR]</title>
    <link>file://movies/3D_Animated_Movies.xml</link>
	<thumbnail>https://i.imgur.com/MABGsmP.png</thumbnail>
	<summary>Dreamworks Movies</summary>
  </dir>
  
  <item>
    <title>[COLORlime][B]*** Movies on Youtube ***[/B][/COLOR]</title>
    <link>nolink</link>
    <thumbnail></thumbnail>
    
</item>
  
  <plugin>
	<title>[B][COLOR ffffef00]• [COLORblue][B]Cloud  5 Movie Channel[/B][/COLOR]</title>
	<link>plugin://plugin.video.youtube/channel/UCCYhvWD88Mbd2M14GqpPM9A/</link>
	<thumbnail></thumbnail>
</plugin>


