<dir>
	<title>[B][COLOR=green]Batman The Animated Series[/COLOR][/B]</title>
	<meta>
	<imdb>tt0103359</imdb>
	<content>tv</content>
	<title>Batman The Animated Series</title>
	<year>1992</year>
	</meta>
	<link>
	<sublink>https://www.youtube.com/watch?v=-XJ3HJXxDwc&feature=youtu.be</sublink>
	</link>
	<thumbnail>https://image.tmdb.org/t/p/w1280/ePf3sBX5FjnUEtXERVWZJGsSPu7.jpg</thumbnail>
	<fanart>https://image.tmdb.org/t/p/w1280/vbQk48WQzuGWgTGDedaY3UZea12.jpg</fanart>
</dir>
<dir>
	<title>[B][COLOR=green]Rick and Morty[/COLOR][/B]</title>
	<meta>
	<imdb>tt2861424</imdb>
	<content>tv</content>
	<title>Rick and Morty</title>
	<year>2013</year>
	</meta>
	<link>
	<sublink>https://www.youtube.com/watch?v=-PVNKvIDRwI&feature=youtu.be</sublink>
	</link>
	<thumbnail>https://image.tmdb.org/t/p/w1280/qJdfO3ahgAMf2rcmhoqngjBBZW1.jpg</thumbnail>
	<fanart>https://image.tmdb.org/t/p/w1280/mzzHr6g1yvZ05Mc7hNj3tUdy2bM.jpg</fanart>
</dir>
<dir>
	<title>[B][COLOR=green]Over the Garden Wall[/COLOR][/B]</title>
	<meta>
	<imdb>tt3718778</imdb>
	<content>tv</content>
	<title>Over the Garden Wall</title>
	<year>2014</year>
	</meta>
	<link>
	<sublink>https://www.youtube.com/watch?v=36mAsVSH_-s&feature=youtu.be</sublink>
	</link>
	<thumbnail>https://image.tmdb.org/t/p/w1280/Ae08TtclKzZG1w5UzFfqPN8Zf7u.jpg</thumbnail>
	<fanart>https://image.tmdb.org/t/p/w1280/nQ0EZKbC2YtczfVLwyU5Hm9ESGe.jpg</fanart>
</dir>
<dir>
	<title>[B][COLOR=green]Gravity Falls[/COLOR][/B]</title>
	<meta>
	<imdb>tt1865718</imdb>
	<content>tv</content>
	<title>Gravity Falls</title>
	<year>2012</year>
	</meta>
	<link>
	<sublink>https://www.youtube.com/watch?v=645xo1qyLW8&feature=youtu.be</sublink>
	</link>
	<thumbnail>https://image.tmdb.org/t/p/w1280/oGsgxjeZ9rd20eCJsGSMGgWvl4P.jpg</thumbnail>
	<fanart>https://image.tmdb.org/t/p/w1280/sJjrJWsOCUUeVMexxANNC6s3dWV.jpg</fanart>
</dir>
<dir>
	<title>[B][COLOR=green]BoJack Horseman[/COLOR][/B]</title>
	<meta>
	<imdb>tt3398228</imdb>
	<content>tv</content>
	<title>BoJack Horseman</title>
	<year>2014</year>
	</meta>
	<link>
	<sublink>https://www.youtube.com/watch?v=i1eJMig5Ik4&feature=youtu.be</sublink>
	</link>
	<thumbnail>https://image.tmdb.org/t/p/w1280/1bnrSsJNejoQq8lGBDECQroGjPz.jpg</thumbnail>
	<fanart>https://image.tmdb.org/t/p/w1280/qFYDJUIFh8zgEDy3EvnHwhgOl0S.jpg</fanart>
</dir>
<dir>
	<title>[B][COLOR=green]Samurai Jack[/COLOR][/B]</title>
	<meta>
	<imdb>tt0278238</imdb>
	<content>tv</content>
	<title>Samurai Jack</title>
	<year>2001</year>
	</meta>
	<link>
	<sublink>https://www.youtube.com/watch?v=i1eJMig5Ik4&feature=youtu.be</sublink>
	</link>
	<thumbnail>https://image.tmdb.org/t/p/w1280</thumbnail>
	<fanart>https://image.tmdb.org/t/p/w1280</fanart>
</dir>
<dir>
	<title>[B][COLOR=green]Justice League[/COLOR][/B]</title>
	<meta>
	<imdb>tt0275137</imdb>
	<content>tv</content>
	<title>Justice League</title>
	<year>2001</year>
	</meta>
	<link>
	<sublink>https://www.youtube.com/watch?v=ZAsDL7f3veM&feature=youtu.be</sublink>
	</link>
	<thumbnail>https://image.tmdb.org/t/p/w1280/1JszDEGLI6s5HjoGhe3VnfX2ez8.jpg</thumbnail>
	<fanart>https://image.tmdb.org/t/p/w1280/iQd8vbCrdnb6i9Dm9eHOvXyeXBY.jpg</fanart>
</dir>
<dir>
	<title>[B][COLOR=green]Futurama[/COLOR][/B]</title>
	<meta>
	<imdb>tt0149460</imdb>
	<content>tv</content>
	<title>Futurama</title>
	<year>1999</year>
	</meta>
	<link>
	<sublink>https://www.youtube.com/watch?v=oEiJ3QA4kKs&feature=youtu.be</sublink>
	</link>
	<thumbnail>https://image.tmdb.org/t/p/w1280/iN0LOeE2JnJpIy4jF7imUjO6jwn.jpg</thumbnail>
	<fanart>https://image.tmdb.org/t/p/w1280/r91cDHXENXwjG0eoGka0A4TtGjf.jpg</fanart>
</dir>
<dir>
	<title>[B][COLOR=green]The Adventures of Tintin[/COLOR][/B]</title>
	<meta>
	<imdb>tt0179552</imdb>
	<content>tv</content>
	<title>The Adventures of Tintin</title>
	<year>1991</year>
	</meta>
	<link>
	<sublink>https://www.youtube.com/watch?v=Sd8KZFdv54A&feature=youtu.be</sublink>
	</link>
	<thumbnail>https://image.tmdb.org/t/p/w1280/AmzCzeLB9IGboReaGGRmbvU28xr.jpg</thumbnail>
	<fanart>https://image.tmdb.org/t/p/w1280/eDtzlY6eqA2LRjZLgRzI5VDFatS.jpg</fanart>
</dir>
<dir>
	<title>[B][COLOR=green]The Simpsons[/COLOR][/B]</title>
	<meta>
	<imdb>tt0096697</imdb>
	<content>tv</content>
	<title>The Simpsons</title>
	<year>1989</year>
	</meta>
	<link>
	<sublink>https://www.youtube.com/watch?v=DX1iplQQJTo&feature=youtu.be</sublink>
	</link>
	<thumbnail>https://image.tmdb.org/t/p/w1280/qcr9bBY6MVeLzriKCmJOv1562uY.jpg</thumbnail>
	<fanart>https://image.tmdb.org/t/p/w1280/f5uNbUC76oowt5mt5J9QlqrIYQ6.jpg</fanart>
</dir>
<dir>
	<title>[B][COLOR=green]Megas XLR[/COLOR][/B]</title>
	<meta>
	<imdb>tt0361201</imdb>
	<content>tv</content>
	<title>Megas XLR</title>
	<year>2004</year>
	</meta>
	<link>
	<sublink>https://www.youtube.com/watch?v=DX1iplQQJTo&feature=youtu.be</sublink>
	</link>
	<thumbnail>https://image.tmdb.org/t/p/w1280</thumbnail>
	<fanart>https://image.tmdb.org/t/p/w1280</fanart>
</dir>
<dir>
	<title>[B][COLOR=green]Hey Arnold![/COLOR][/B]</title>
	<meta>
	<imdb>tt0115200</imdb>
	<content>tv</content>
	<title>Hey Arnold!</title>
	<year>1996</year>
	</meta>
	<link>
	<sublink>https://www.youtube.com/watch?v=CWviLPQ-snU&feature=youtu.be</sublink>
	</link>
	<thumbnail>https://image.tmdb.org/t/p/w1280/7Itk0xlgTvichzJf6IPjqGPka0b.jpg</thumbnail>
	<fanart>https://image.tmdb.org/t/p/w1280/kuwpxs2AWzQn0UDiWBsGUA9ySIS.jpg</fanart>
</dir>
<dir>
	<title>[B][COLOR=green]The Spectacular Spider Man[/COLOR][/B]</title>
	<meta>
	<imdb>tt0976192</imdb>
	<content>tv</content>
	<title>The Spectacular Spider Man</title>
	<year>2008</year>
	</meta>
	<link>
	<sublink>https://www.youtube.com/watch?v=CWviLPQ-snU&feature=youtu.be</sublink>
	</link>
	<thumbnail>https://image.tmdb.org/t/p/w1280</thumbnail>
	<fanart>https://image.tmdb.org/t/p/w1280</fanart>
</dir>
<dir>
	<title>[B][COLOR=green]Avatar The Last Airbender[/COLOR][/B]</title>
	<meta>
	<imdb>tt0417299</imdb>
	<content>tv</content>
	<title>Avatar The Last Airbender</title>
	<year>2005</year>
	</meta>
	<link>
	<sublink>https://www.youtube.com/watch?v=d1EnW4kn1kg&feature=youtu.be</sublink>
	</link>
	<thumbnail>https://image.tmdb.org/t/p/w1280/sB8V0pQtJZ17v8FLXMOcYz6045c.jpg</thumbnail>
	<fanart>https://image.tmdb.org/t/p/w1280/732azfQ0xUAJNQ48pPfVtCCLVlZ.jpg</fanart>
</dir>
<dir>
	<title>[B][COLOR=green]Regular Show[/COLOR][/B]</title>
	<meta>
	<imdb>tt1710308</imdb>
	<content>tv</content>
	<title>Regular Show</title>
	<year>2010</year>
	</meta>
	<link>
	<sublink>https://www.youtube.com/watch?v=Mm-Zc1_I1_8&feature=youtu.be</sublink>
	</link>
	<thumbnail>https://image.tmdb.org/t/p/w1280/vp4Jk2fg45tRcX53w4AeYsTS75u.jpg</thumbnail>
	<fanart>https://image.tmdb.org/t/p/w1280/bhF63Jd90gRYyTHd4y5GCGA2vX6.jpg</fanart>
</dir>
<dir>
	<title>[B][COLOR=green]Infinity Train[/COLOR][/B]</title>
	<meta>
	<imdb>tt8146754</imdb>
	<content>tv</content>
	<title>Infinity Train</title>
	<year>2019</year>
	</meta>
	<link>
	<sublink>https://www.youtube.com/watch?v=bXPZzXeGD6s&feature=youtu.be</sublink>
	</link>
	<thumbnail>https://image.tmdb.org/t/p/w1280/wEhc48kGjoWw8qcHu2Lar7NFrgG.jpg</thumbnail>
	<fanart>https://image.tmdb.org/t/p/w1280/xMFRoCMrpEeS5cl7gXpJqC4PhIN.jpg</fanart>
</dir>
<item>
	<title>[B][COLOR=green]Adventure Time[/COLOR][/B]</title>
	<meta>
	<imdb>tt1305826</imdb>
	<content>movie</content>
	<title>Adventure Time</title>
	<year>2017</year>
	</meta>
	<link>
	<sublink>https://www.youtube.com/watch?v=68dkSmglu4Y&feature=youtu.be</sublink>
	<sublink>search</sublink>
	<sublink>searchsd</sublink>
	</link>
	<thumbnail>https://image.tmdb.org/t/p/w1280/aGK3nb2e1q9yrkQvHBTItSTBsmB.jpg</thumbnail>
	<fanart>https://image.tmdb.org/t/p/w1280/yYp3LAwNn0QvvgUytpL9s6tWlKA.jpg</fanart>
</item>
<dir>
	<title>[B][COLOR=green]Young Justice[/COLOR][/B]</title>
	<meta>
	<imdb>tt1641384</imdb>
	<content>tv</content>
	<title>Young Justice</title>
	<year>2010</year>
	</meta>
	<link>
	<sublink>https://www.youtube.com/watch?v=21NWXlB-E2o&feature=youtu.be</sublink>
	</link>
	<thumbnail>https://image.tmdb.org/t/p/w1280/oL31ADgSgVdgoJPRAdWISQBIO0w.jpg</thumbnail>
	<fanart>https://image.tmdb.org/t/p/w1280/3Yjbb4g4yJoXY12zYfV8bUm8C92.jpg</fanart>
</dir>
<dir>
	<title>[B][COLOR=green]Taiy xc3 xb4 no ko Esteban[/COLOR][/B]</title>
	<meta>
	<imdb>tt0122356</imdb>
	<content>tv</content>
	<title>Taiy xc3 xb4 no ko Esteban</title>
	<year>1982</year>
	</meta>
	<link>
	<sublink>https://www.youtube.com/watch?v=21NWXlB-E2o&feature=youtu.be</sublink>
	</link>
	<thumbnail>https://image.tmdb.org/t/p/w1280</thumbnail>
	<fanart>https://image.tmdb.org/t/p/w1280</fanart>
</dir>
<dir>
	<title>[B][COLOR=green]Gargoyles[/COLOR][/B]</title>
	<meta>
	<imdb>tt0108783</imdb>
	<content>tv</content>
	<title>Gargoyles</title>
	<year>1994</year>
	</meta>
	<link>
	<sublink>https://www.youtube.com/watch?v=iNGdN4YRnsM&feature=youtu.be</sublink>
	</link>
	<thumbnail>https://image.tmdb.org/t/p/w1280/2yMyU2X1D4i4zRAgCCeCwalodBi.jpg</thumbnail>
	<fanart>https://image.tmdb.org/t/p/w1280/zS0rQEyLV2Um0zitLbarRBJ9EQs.jpg</fanart>
</dir>
<dir>
	<title>[B][COLOR=green]Daria[/COLOR][/B]</title>
	<meta>
	<imdb>tt0118298</imdb>
	<content>tv</content>
	<title>Daria</title>
	<year>1997</year>
	</meta>
	<link>
	<sublink>https://www.youtube.com/watch?v=iNGdN4YRnsM&feature=youtu.be</sublink>
	</link>
	<thumbnail>https://image.tmdb.org/t/p/w1280</thumbnail>
	<fanart>https://image.tmdb.org/t/p/w1280</fanart>
</dir>
<dir>
	<title>[B][COLOR=green]Animaniacs[/COLOR][/B]</title>
	<meta>
	<imdb>tt0105941</imdb>
	<content>tv</content>
	<title>Animaniacs</title>
	<year>1993</year>
	</meta>
	<link>
	<sublink>https://www.youtube.com/watch?v=BgiZuRUTIlA&feature=youtu.be</sublink>
	</link>
	<thumbnail>https://image.tmdb.org/t/p/w1280/bYCnPVwFbpjjZC5daEuQh2NcGJz.jpg</thumbnail>
	<fanart>https://image.tmdb.org/t/p/w1280/3g6hME3OdvjW5OVh2Kv6Skw3uVe.jpg</fanart>
</dir>
<dir>
	<title>[B][COLOR=green]South Park[/COLOR][/B]</title>
	<meta>
	<imdb>tt0121955</imdb>
	<content>tv</content>
	<title>South Park</title>
	<year>1997</year>
	</meta>
	<link>
	<sublink>https://www.youtube.com/watch?v=FLYHRErz8Zo&feature=youtu.be</sublink>
	</link>
	<thumbnail>https://image.tmdb.org/t/p/w1280/v9zc0cZpy5aPSfAy6Tgb6I1zWgV.jpg</thumbnail>
	<fanart>https://image.tmdb.org/t/p/w1280/mSDKNVvDfitFE6Fb6fSSl5DQmgS.jpg</fanart>
</dir>
<dir>
	<title>[B][COLOR=green]The Critic[/COLOR][/B]</title>
	<meta>
	<imdb>tt0108734</imdb>
	<content>tv</content>
	<title>The Critic</title>
	<year>1994</year>
	</meta>
	<link>
	<sublink>https://www.youtube.com/watch?v=FLYHRErz8Zo&feature=youtu.be</sublink>
	</link>
	<thumbnail>https://image.tmdb.org/t/p/w1280</thumbnail>
	<fanart>https://image.tmdb.org/t/p/w1280</fanart>
</dir>
<dir>
	<title>[B][COLOR=green]The Maxx[/COLOR][/B]</title>
	<meta>
	<imdb>tt0112065</imdb>
	<content>tv</content>
	<title>The Maxx</title>
	<year>1995</year>
	</meta>
	<link>
	<sublink>https://www.youtube.com/watch?v=FLYHRErz8Zo&feature=youtu.be</sublink>
	</link>
	<thumbnail>https://image.tmdb.org/t/p/w1280</thumbnail>
	<fanart>https://image.tmdb.org/t/p/w1280</fanart>
</dir>
<dir>
	<title>[B][COLOR=green]Swat Kats The Radical Squadron[/COLOR][/B]</title>
	<meta>
	<imdb>tt0126173</imdb>
	<content>tv</content>
	<title>Swat Kats The Radical Squadron</title>
	<year>1993</year>
	</meta>
	<link>
	<sublink>https://www.youtube.com/watch?v=KdyJoJz4iI0&feature=youtu.be</sublink>
	</link>
	<thumbnail>https://image.tmdb.org/t/p/w1280/vk60r1R9kD3ZastlVb7AY7hhAv7.jpg</thumbnail>
	<fanart>https://image.tmdb.org/t/p/w1280/pmBSUaEw0Tz0UwvAbCBWbhkfNpR.jpg</fanart>
</dir>
<dir>
	<title>[B][COLOR=green]Cybersix[/COLOR][/B]</title>
	<meta>
	<imdb>tt0211793</imdb>
	<content>tv</content>
	<title>Cybersix</title>
	<year>1993</year>
	</meta>
	<link>
	<sublink>https://www.youtube.com/watch?v=KdyJoJz4iI0&feature=youtu.be</sublink>
	</link>
	<thumbnail>https://image.tmdb.org/t/p/w1280/vk60r1R9kD3ZastlVb7AY7hhAv7.jpg</thumbnail>
	<fanart>https://image.tmdb.org/t/p/w1280/pmBSUaEw0Tz0UwvAbCBWbhkfNpR.jpg</fanart>
</dir>
<dir>
	<title>[B][COLOR=green]DuckTales[/COLOR][/B]</title>
	<meta>
	<imdb>tt5531466</imdb>
	<content>tv</content>
	<title>DuckTales</title>
	<year>2017</year>
	</meta>
	<link>
	<sublink>https://www.youtube.com/watch?v=0-LNgU4e1rE&feature=youtu.be</sublink>
	</link>
	<thumbnail>https://image.tmdb.org/t/p/w1280/2THLokQ6Ce914l4b3rYvvbEPJpz.jpg</thumbnail>
	<fanart>https://image.tmdb.org/t/p/w1280/vQi8foJKdvefFdW2GuxuqKxUEt5.jpg</fanart>
</dir>
<dir>
	<title>[B][COLOR=green]Courage the Cowardly Dog[/COLOR][/B]</title>
	<meta>
	<imdb>tt0220880</imdb>
	<content>tv</content>
	<title>Courage the Cowardly Dog</title>
	<year>1999</year>
	</meta>
	<link>
	<sublink>https://www.youtube.com/watch?v=0-LNgU4e1rE&feature=youtu.be</sublink>
	</link>
	<thumbnail>https://image.tmdb.org/t/p/w1280</thumbnail>
	<fanart>https://image.tmdb.org/t/p/w1280</fanart>
</dir>
<item>
	<title>[B][COLOR=green]The Adventures of Jimmy Neutron Boy Genius[/COLOR][/B]</title>
	<meta>
	<imdb>tt0320808</imdb>
	<content>movie</content>
	<title>The Adventures of Jimmy Neutron Boy Genius</title>
	<year>2002</year>
	</meta>
	<link>
	<sublink>https://www.youtube.com/watch?v=0-LNgU4e1rE&feature=youtu.be</sublink>
	<sublink>search</sublink>
	<sublink>searchsd</sublink>
	</link>
	<thumbnail>https://image.tmdb.org/t/p/w1280</thumbnail>
	<fanart>https://image.tmdb.org/t/p/w1280</fanart>
</item>
<dir>
	<title>[B][COLOR=green]Hilda[/COLOR][/B]</title>
	<meta>
	<imdb>tt6385540</imdb>
	<content>tv</content>
	<title>Hilda</title>
	<year>2018</year>
	</meta>
	<link>
	<sublink>https://www.youtube.com/watch?v=XCojP2Ubuto&feature=youtu.be</sublink>
	</link>
	<thumbnail>https://image.tmdb.org/t/p/w1280/7VTOyLdvVvaYnxeWa4oEbMSZ1GK.jpg</thumbnail>
	<fanart>https://image.tmdb.org/t/p/w1280/lrL8tGNpDscK01xnOou4IBdMtoG.jpg</fanart>
</dir>
<dir>
	<title>[B][COLOR=green]The Tick[/COLOR][/B]</title>
	<meta>
	<imdb>tt0112196</imdb>
	<content>tv</content>
	<title>The Tick</title>
	<year>1994</year>
	</meta>
	<link>
	<sublink>https://www.youtube.com/watch?v=XCojP2Ubuto&feature=youtu.be</sublink>
	</link>
	<thumbnail>https://image.tmdb.org/t/p/w1280</thumbnail>
	<fanart>https://image.tmdb.org/t/p/w1280</fanart>
</dir>
<dir>
	<title>[B][COLOR=green]Archer[/COLOR][/B]</title>
	<meta>
	<imdb>tt1486217</imdb>
	<content>tv</content>
	<title>Archer</title>
	<year>2009</year>
	</meta>
	<link>
	<sublink>https://www.youtube.com/watch?v=EB-mWJ7f0_I&feature=youtu.be</sublink>
	</link>
	<thumbnail>https://image.tmdb.org/t/p/w1280/oSn0NGPsVeT7D6KnzPAcQemg9rJ.jpg</thumbnail>
	<fanart>https://image.tmdb.org/t/p/w1280/c2KqUoOjfjZsC3DWr1FFERK8FWN.jpg</fanart>
</dir>
<dir>
	<title>[B][COLOR=green]The Dragon Prince[/COLOR][/B]</title>
	<meta>
	<imdb>tt8688814</imdb>
	<content>tv</content>
	<title>The Dragon Prince</title>
	<year>2018</year>
	</meta>
	<link>
	<sublink>https://www.youtube.com/watch?v=7HWcff0YEPM&feature=youtu.be</sublink>
	</link>
	<thumbnail>https://image.tmdb.org/t/p/w1280/d7PIRa6ez7ZEl9D4JUrnSsmcnVD.jpg</thumbnail>
	<fanart>https://image.tmdb.org/t/p/w1280/8g1RGeVfKjxU4jKj7XpLCz489cE.jpg</fanart>
</dir>
<dir>
	<title>[B][COLOR=green]Dexter s Laboratory[/COLOR][/B]</title>
	<meta>
	<imdb>tt0115157</imdb>
	<content>tv</content>
	<title>Dexter s Laboratory</title>
	<year>1996</year>
	</meta>
	<link>
	<sublink>https://www.youtube.com/watch?v=W7-e2SgsyLk&feature=youtu.be</sublink>
	</link>
	<thumbnail>https://image.tmdb.org/t/p/w1280/fIK7MiVnbgB1tHOn0E9EhXa6iuK.jpg</thumbnail>
	<fanart>https://image.tmdb.org/t/p/w1280/pI76Uyw14aE407UVKhdfRC1gUD0.jpg</fanart>
</dir>
<dir>
	<title>[B][COLOR=green]Time Squad[/COLOR][/B]</title>
	<meta>
	<imdb>tt0291672</imdb>
	<content>tv</content>
	<title>Time Squad</title>
	<year>2001</year>
	</meta>
	<link>
	<sublink>https://www.youtube.com/watch?v=W7-e2SgsyLk&feature=youtu.be</sublink>
	</link>
	<thumbnail>https://image.tmdb.org/t/p/w1280</thumbnail>
	<fanart>https://image.tmdb.org/t/p/w1280</fanart>
</dir>
<dir>
	<title>[B][COLOR=green]The Legend of Korra[/COLOR][/B]</title>
	<meta>
	<imdb>tt1695360</imdb>
	<content>tv</content>
	<title>The Legend of Korra</title>
	<year>2012</year>
	</meta>
	<link>
	<sublink>https://www.youtube.com/watch?v=E7pZvihpgyA&feature=youtu.be</sublink>
	</link>
	<thumbnail>https://image.tmdb.org/t/p/w1280/qsp8RtGvPHQ55ukKImVu0aWBCWk.jpg</thumbnail>
	<fanart>https://image.tmdb.org/t/p/w1280/5oFP15MGaVjdmkrbAUp6IjSFLB0.jpg</fanart>
</dir>
<dir>
	<title>[B][COLOR=green]The Venture Bros[/COLOR][/B]</title>
	<meta>
	<imdb>tt0417373</imdb>
	<content>tv</content>
	<title>The Venture Bros</title>
	<year>2004</year>
	</meta>
	<link>
	<sublink>https://www.youtube.com/watch?v=66v6q7V26oM&feature=youtu.be</sublink>
	</link>
	<thumbnail>https://image.tmdb.org/t/p/w1280/kitrMOR2OdZK8cZi0TAEC4g60hD.jpg</thumbnail>
	<fanart>https://image.tmdb.org/t/p/w1280/40kbGPyGCMDVPedYrJsCVXH79Co.jpg</fanart>
</dir>
<dir>
	<title>[B][COLOR=green]Batman of the Future[/COLOR][/B]</title>
	<meta>
	<imdb>tt0147746</imdb>
	<content>tv</content>
	<title>Batman of the Future</title>
	<year>1999</year>
	</meta>
	<link>
	<sublink>https://www.youtube.com/watch?v=WHPzntyVPJk&feature=youtu.be</sublink>
	</link>
	<thumbnail>https://image.tmdb.org/t/p/w1280/uC5a5SCy9siQejcSGpIehmm4Sya.jpg</thumbnail>
	<fanart>https://image.tmdb.org/t/p/w1280/2Div7i8CyfOVOXUr5jTv5ymhxcL.jpg</fanart>
</dir>
<dir>
	<title>[B][COLOR=green]Rocko s Modern Life[/COLOR][/B]</title>
	<meta>
	<imdb>tt0106115</imdb>
	<content>tv</content>
	<title>Rocko s Modern Life</title>
	<year>1993</year>
	</meta>
	<link>
	<sublink>https://www.youtube.com/watch?v=WHPzntyVPJk&feature=youtu.be</sublink>
	</link>
	<thumbnail>https://image.tmdb.org/t/p/w1280</thumbnail>
	<fanart>https://image.tmdb.org/t/p/w1280</fanart>
</dir>
<dir>
	<title>[B][COLOR=green]Bob s Burgers[/COLOR][/B]</title>
	<meta>
	<imdb>tt1561755</imdb>
	<content>tv</content>
	<title>Bob s Burgers</title>
	<year>2011</year>
	</meta>
	<link>
	<sublink>https://www.youtube.com/watch?v=GDcOfvVVyzE&feature=youtu.be</sublink>
	</link>
	<thumbnail>https://image.tmdb.org/t/p/w1280/joPhJJblNtFDOpp6zQlx0xJWsmM.jpg</thumbnail>
	<fanart>https://image.tmdb.org/t/p/w1280/rUABoTPO0OLq2wlHiFWezxpV6fo.jpg</fanart>
</dir>
<dir>
	<title>[B][COLOR=green]Steven Universe[/COLOR][/B]</title>
	<meta>
	<imdb>tt3061046</imdb>
	<content>tv</content>
	<title>Steven Universe</title>
	<year>2013</year>
	</meta>
	<link>
	<sublink>https://www.youtube.com/watch?v=JPcnUOd_AgM&feature=youtu.be</sublink>
	</link>
	<thumbnail>https://image.tmdb.org/t/p/w1280/g31ZPZSjv8ySPbclyYZZU50XhZy.jpg</thumbnail>
	<fanart>https://image.tmdb.org/t/p/w1280/9daKewVsUrEldMz4M2bTj3PQY2Y.jpg</fanart>
</dir>
<dir>
	<title>[B][COLOR=green]Clone High[/COLOR][/B]</title>
	<meta>
	<imdb>tt0305011</imdb>
	<content>tv</content>
	<title>Clone High</title>
	<year>2002</year>
	</meta>
	<link>
	<sublink>https://www.youtube.com/watch?v=JPcnUOd_AgM&feature=youtu.be</sublink>
	</link>
	<thumbnail>https://image.tmdb.org/t/p/w1280</thumbnail>
	<fanart>https://image.tmdb.org/t/p/w1280</fanart>
</dir>
<dir>
	<title>[B][COLOR=green]Darkwing Duck[/COLOR][/B]</title>
	<meta>
	<imdb>tt0101076</imdb>
	<content>tv</content>
	<title>Darkwing Duck</title>
	<year>1991</year>
	</meta>
	<link>
	<sublink>https://www.youtube.com/watch?v=JPcnUOd_AgM&feature=youtu.be</sublink>
	</link>
	<thumbnail>https://image.tmdb.org/t/p/w1280</thumbnail>
	<fanart>https://image.tmdb.org/t/p/w1280</fanart>
</dir>
<dir>
	<title>[B][COLOR=green]We Bare Bears[/COLOR][/B]</title>
	<meta>
	<imdb>tt4839610</imdb>
	<content>tv</content>
	<title>We Bare Bears</title>
	<year>2015</year>
	</meta>
	<link>
	<sublink>https://www.youtube.com/watch?v=Pc7_-y4g2Lc&feature=youtu.be</sublink>
	</link>
	<thumbnail>https://image.tmdb.org/t/p/w1280/cC499yjerLFgs3VNAYBF2alzbTm.jpg</thumbnail>
	<fanart>https://image.tmdb.org/t/p/w1280/3L8nLXCHVuN7qJbXb8vJgfXlmNp.jpg</fanart>
</dir>
<dir>
	<title>[B][COLOR=green]The Amazing World of Gumball[/COLOR][/B]</title>
	<meta>
	<imdb>tt1942683</imdb>
	<content>tv</content>
	<title>The Amazing World of Gumball</title>
	<year>2011</year>
	</meta>
	<link>
	<sublink>https://www.youtube.com/watch?v=v27QcfOoonI&feature=youtu.be</sublink>
	</link>
	<thumbnail>https://image.tmdb.org/t/p/w1280/xREVVOOErNokQhHHcEfsv3bZigF.jpg</thumbnail>
	<fanart>https://image.tmdb.org/t/p/w1280/l5pFSS9E6SSFA8QZ8mjTVB3OrNf.jpg</fanart>
</dir>
<dir>
	<title>[B][COLOR=green]The Pink Panther Show[/COLOR][/B]</title>
	<meta>
	<imdb>tt0063939</imdb>
	<content>tv</content>
	<title>The Pink Panther Show</title>
	<year>1964</year>
	</meta>
	<link>
	<sublink>https://www.youtube.com/watch?v=59lKdaXX6Eo&feature=youtu.be</sublink>
	</link>
	<thumbnail>https://image.tmdb.org/t/p/w1280/7WFNlLwLTTo5GDS5cYszisBFPMf.jpg</thumbnail>
	<fanart>https://image.tmdb.org/t/p/w1280/yA2epdd9ceZCKWNJXdtaoowqpmI.jpg</fanart>
</dir>
<dir>
	<title>[B][COLOR=green]Pinky and the Brain[/COLOR][/B]</title>
	<meta>
	<imdb>tt0112123</imdb>
	<content>tv</content>
	<title>Pinky and the Brain</title>
	<year>1995</year>
	</meta>
	<link>
	<sublink>https://www.youtube.com/watch?v=59lKdaXX6Eo&feature=youtu.be</sublink>
	</link>
	<thumbnail>https://image.tmdb.org/t/p/w1280</thumbnail>
	<fanart>https://image.tmdb.org/t/p/w1280</fanart>
</dir>
<dir>
	<title>[B][COLOR=green]Roswell Conspiracies Aliens, Myths & Legends[/COLOR][/B]</title>
	<meta>
	<imdb>tt0217772</imdb>
	<content>tv</content>
	<title>Roswell Conspiracies Aliens, Myths & Legends</title>
	<year>1999</year>
	</meta>
	<link>
	<sublink>https://www.youtube.com/watch?v=59lKdaXX6Eo&feature=youtu.be</sublink>
	</link>
	<thumbnail>https://image.tmdb.org/t/p/w1280</thumbnail>
	<fanart>https://image.tmdb.org/t/p/w1280</fanart>
</dir>
<dir>
	<title>[B][COLOR=green]Chowder[/COLOR][/B]</title>
	<meta>
	<imdb>tt1140100</imdb>
	<content>tv</content>
	<title>Chowder</title>
	<year>2007</year>
	</meta>
	<link>
	<sublink>https://www.youtube.com/watch?v=59lKdaXX6Eo&feature=youtu.be</sublink>
	</link>
	<thumbnail>https://image.tmdb.org/t/p/w1280</thumbnail>
	<fanart>https://image.tmdb.org/t/p/w1280</fanart>
</dir>
