<item>
	<title>[B][COLOR=green]Eric Goldberg: Animator[/COLOR][/B]</title>
	<meta>
	<imdb>tt10854760</imdb>
	<content>episode</content>
	<tvshowtitle>One Day at Disney</tvshowtitle>
	<year>2019</year>
	<season>1</season>
	<episode>1</episode>
	</meta>
	<link>
	<sublink>search</sublink>
	<sublink>searchsd</sublink>
	</link>
	<thumbnail>https://image.tmdb.org/t/p/w1280</thumbnail>
	<fanart>https://image.tmdb.org/t/p/w1280/kMBCnAMH6VvqGENRxrjGe4YzWrQ.jpg</fanart>
</item>
<item>
	<title>[B][COLOR=green]Thom Self: Machinist/Scuba Diver[/COLOR][/B]</title>
	<meta>
	<imdb>tt10854760</imdb>
	<content>episode</content>
	<tvshowtitle>One Day at Disney</tvshowtitle>
	<year>2019</year>
	<season>1</season>
	<episode>2</episode>
	</meta>
	<link>
	<sublink>search</sublink>
	<sublink>searchsd</sublink>
	</link>
	<thumbnail>https://image.tmdb.org/t/p/w1280</thumbnail>
	<fanart>https://image.tmdb.org/t/p/w1280/kMBCnAMH6VvqGENRxrjGe4YzWrQ.jpg</fanart>
</item>
<item>
	<title>[B][COLOR=green]Episode 3[/COLOR][/B]</title>
	<meta>
	<imdb>tt10854760</imdb>
	<content>episode</content>
	<tvshowtitle>One Day at Disney</tvshowtitle>
	<year>2019</year>
	<season>1</season>
	<episode>3</episode>
	</meta>
	<link>
	<sublink>search</sublink>
	<sublink>searchsd</sublink>
	</link>
	<thumbnail>https://image.tmdb.org/t/p/w1280</thumbnail>
	<fanart>https://image.tmdb.org/t/p/w1280/kMBCnAMH6VvqGENRxrjGe4YzWrQ.jpg</fanart>
</item>
<item>
	<title>[B][COLOR=green]Episode 4[/COLOR][/B]</title>
	<meta>
	<imdb>tt10854760</imdb>
	<content>episode</content>
	<tvshowtitle>One Day at Disney</tvshowtitle>
	<year>2019</year>
	<season>1</season>
	<episode>4</episode>
	</meta>
	<link>
	<sublink>search</sublink>
	<sublink>searchsd</sublink>
	</link>
	<thumbnail>https://image.tmdb.org/t/p/w1280</thumbnail>
	<fanart>https://image.tmdb.org/t/p/w1280/kMBCnAMH6VvqGENRxrjGe4YzWrQ.jpg</fanart>
</item>
