
<plugin>
	<title>[B][COLOR ffffef00]• [COLORblue][B]COUNTING[/B][/COLOR]</title>
	<link>plugin://plugin.video.youtube/playlist/PLFq2YEzLx0LlTvBU8S-SP3uol4CMBoRaG/</link>
	<thumbnail>https://i.imgur.com/3rPr7GX.jpg</thumbnail>
</plugin>
<plugin>
	<title>[B][COLOR ffffef00]• [COLORblue][B]SPELLING TRAIN[/B][/COLOR]</title>
	<link>plugin://plugin.video.youtube/playlist/PLB4F6038182FA74BD/</link>
	<thumbnail>https://i.imgur.com/XAPPBeh.png</thumbnail>
</plugin>
<plugin>
	<title>[B][COLOR ffffef00]• [COLORblue][B]SPELLING[/B][/COLOR]</title>
	<link>plugin://plugin.video.youtube/playlist/PLFq2YEzLx0LkXGiTV6MIgfcigUQj8aJPC/</link>
	<thumbnail>https://i.imgur.com/12ZXP8E.jpg</thumbnail>
</plugin>
<plugin>
	<title>[B][COLOR ffffef00]• [COLORblue][B]PHONICS[/B][/COLOR]</title>
	<link>plugin://plugin.video.youtube/playlist/PL-PtrQaHMOvTcx05O_yXz94WkZN2Tr_0v/</link>
	<thumbnail>https://i.imgur.com/XrpwmhB.jpg</thumbnail>
</plugin>

<plugin>
	<title>[B][COLOR ffffef00]• [COLORblue][B]ALPHABET[/B][/COLOR]</title>
	<link>plugin://plugin.video.youtube/playlist/PLFq2YEzLx0LlC_pkWk8WOWV_9xQ5y4Lrf/</link>
	<thumbnail>https://i.imgur.com/w8GMb4U.png</thumbnail>
</plugin>
<plugin>
	<title>[B][COLOR ffffef00]• [COLORblue][B]COLOURS[/B][/COLOR]</title>
	<link>plugin://plugin.video.youtube/playlist/PLFq2YEzLx0Llqdb4y68g_fcS6DbcU52KO/</link>
	<thumbnail>https://i.imgur.com/bxsGlEV.jpg</thumbnail>
</plugin>
<plugin>
	<title>[B][COLOR ffffef00]• [COLORblue][B]ANIMAL SOUNDS[/B][/COLOR]</title>
	<link>plugin://plugin.video.youtube/playlist/PLFq2YEzLx0LkR4W7eJL9Dm4c0MY7GAxXT/</link>
	<thumbnail>https://i.imgur.com/CGR015m.png</thumbnail>
</plugin>
<plugin>
	<title>[B][COLOR ffffef00]• [COLORblue][B]NURSERY RHYMES[/B][/COLOR]</title>
	<link>plugin://plugin.video.youtube/playlist/PLFOllrD7uK9FY81h9nlwD2B7m3B4r8ys2/</link>
	<thumbnail>https://i.imgur.com/xFNlcmK.png</thumbnail>
</plugin>
<plugin>
	<title>[B][COLOR ffffef00]• [COLORblue][B]LITTLE BABY BUM NURSERY RHYMES & 123s[/B][/COLOR]</title>
	<link>plugin://plugin.video.youtube/playlist/PL0VE_cI7-AYSE_8KkDCTc_SPIVB4M7I_O/</link>
	<thumbnail>https://i.imgur.com/WGQQR6r.png</thumbnail>
</plugin>
<plugin>
	<title>[B][COLOR ffffef00]• [COLORblue][B]LEARN HOW TO ![/B][/COLOR]</title>
	<link>plugin://plugin.video.youtube/playlist/PLFq2YEzLx0LlDbQkj_np14wU5EO_Eip8y/</link>
	<thumbnail>https://i.imgur.com/6u53TBx.png</thumbnail>
</plugin>
<plugin>
	<title>[B][COLOR ffffef00]• [COLORblue][B]Science | Science documentary for kid[/B][/COLOR]</title>
	<link>plugin://plugin.video.youtube/playlist/PL25EqZUGaqcBp3MoHd4XwRr9xaiUsYuDh/</link>
	<thumbnail>https://i.imgur.com/WGQQR6r.png</thumbnail>
</plugin>
<plugin>
	<title>[B][COLOR ffffef00]• [COLORblue][B]All About Dinosaurs  for kids[/B][/COLOR]</title>
	<link>plugin://plugin.video.youtube/playlist/PLZQSY1Bbq9go8Uq80G1h_QWlGUcwh5mj9/</link>
	<thumbnail>https://i.imgur.com/WGQQR6r.png</thumbnail>
</plugin>
<plugin>
	<title>[B][COLOR ffffef00]• [COLORblue][B]Amazing Animals: Mammals - Nat Geo Kids[/B][/COLOR]</title>
	<link>plugin://plugin.video.youtube/playlist/PLQlnTldJs0ZSjGHk8lsyV4Sdrs73wUv3Y/</link>
	<thumbnail>https://i.imgur.com/WGQQR6r.png</thumbnail>
</plugin>
<plugin>
	<title>[B][COLOR ffffef00]• [COLORblue][B]National Geographic Kids [/B][/COLOR]</title>
	<link>plugin://plugin.video.youtube/channel/UCXVCgDuD_QCkI7gTKU7-tpg/</link>
	<thumbnail>https://i.imgur.com/WGQQR6r.png</thumbnail>
</plugin>
<plugin>
	<title>[B][COLOR ffffef00]• [COLORblue][B]Planets For Kids[/B][/COLOR]</title>
	<link>plugin://plugin.video.youtube/playlist/PLl1SWXhLagg9QYdFGx4rm2lhfxVab2N-O/</link>
	<thumbnail>https://i.imgur.com/WGQQR6r.png</thumbnail>
</plugin>
<plugin>
	<title>[B][COLOR ffffef00]• [COLORblue][B]All about Animals [/B][/COLOR]</title>
	<link>plugin://plugin.video.youtube/playlist/PLnNj5Rsoa7cOOM4aUwzVcLm1GpqEd2o_l/</link>
	<thumbnail></thumbnail>
</plugin>
<plugin>
	<title>[B][COLOR ffffef00]• [COLORblue][B]Insects & Bugs [/B][/COLOR]</title>
	<link>plugin://plugin.video.youtube/playlist/PLfiOjUK3Asw4W6ZZsPVt3B9h1irdv4HQM/</link>
	<thumbnail></thumbnail>
</plugin>
<plugin>
	<title>[B][COLOR ffffef00]• [COLORblue][B]KidsClassroom - Nursery Rhymes & Kids Songs[/B][/COLOR]</title>
	<link>plugin://plugin.video.youtube/user/KidsClassroom/</link>
	<thumbnail></thumbnail>
</plugin>


