<plugin>
	<title>[B][COLOR ffffef00]• [COLORwhite][B]Ben and Holly's Little Kingdom [/B][/COLOR]</title>
	<link>plugin://plugin.video.youtube/playlist/PL6um4JyGrH5oe9UGIlUUB2efBS_erzvL1/</link>
	<thumbnail>https://i.imgur.com/hghcaFP.jpg</thumbnail>
</plugin>
<plugin>
	<title>[B][COLOR ffffef00]• [COLORwhite][B]Bob The Builder[/B][/COLOR]</title>
	<link>plugin://plugin.video.youtube/playlist/PLEj3aJAnFKwOR9Oa0PjyUBg1aUXCPfQaS/</link>
	<thumbnail>https://i.imgur.com/iVV9Kdk.png</thumbnail>
</plugin>
<plugin>
	<title>[B][COLOR ffffef00]• [COLORwhite][B]Polly Pocket[/B][/COLOR]</title>
	<link>plugin://plugin.video.youtube/playlist/PLaMYkEirCtUnil9yIiKVGmf5qv9zAxi0u/</link>
	<thumbnail>https://i.imgur.com/FDoJuGf.png</thumbnail>
</plugin>
<plugin>
	<title>[B][COLOR ffffef00]• [COLORblue][B]Justin Time[/B][/COLOR]</title>
	<link>plugin://plugin.video.youtube/playlist/PLFq2YEzLx0Llo7h0zSSiFcFJ_fA2X6H6E/</link>
	<thumbnail>https://i.imgur.com/zb2Cbsw.png</thumbnail>
</plugin>
<plugin>
	<title>[B][COLOR ffffef00]• [COLORblue][B]Teletubbies[/B][/COLOR]</title>
	<link>plugin://plugin.video.youtube/playlist/PLmdZ3yaBIVIW-OxGcVRCtD63thztEGK4_/</link>
	<thumbnail>https://i.imgur.com/45X02q2.jpg</thumbnail>
</plugin>

<plugin>
	<title>[B][COLOR ffffef00]• [COLORblue][B]Angelina Ballerina[/B][/COLOR]</title>
	<link>plugin://plugin.video.youtube/playlist/PLkT-KT93R52NcOKeknS45hORuXZwgCbU6/</link>
	<thumbnail>https://i.imgur.com/SgzzzQ7.jpg</thumbnail>
</plugin>
<plugin>
	<title>[B][COLOR ffffef00]• [COLORorange][B]Horrid Henry[/B][/COLOR]</title>
	<link>plugin://plugin.video.youtube/playlist/PLmKJ7fS6NKjg3vMKEHZeJkUM31OEwU8wv/</link>
	<thumbnail>https://i.imgur.com/SwTOfJM.jpg</thumbnail>
</plugin>
<plugin>
	<title>[B][COLOR ffffef00]• [COLORorange][B]Try Not To Laugh[/B][/COLOR]</title>
	<link>plugin://plugin.video.youtube/playlist/PLFq2YEzLx0LmfNa5jzY02AdnjBzUZ6WGR/</link>
	<thumbnail>https://i.imgur.com/PxiQyMz.png</thumbnail>
</plugin>
<plugin>
	<title>[B][COLOR ffffef00]• [COLORorange][B]Disney Theme Songs[/B][/COLOR]</title>
	<link>plugin://plugin.video.youtube/playlist/PLFq2YEzLx0LlW9krqfuBjSCUmkxTr4aek/</link>
	<thumbnail>https://i.imgur.com/Hu9lApA.png</thumbnail>
</plugin>
<plugin>
	<title>[B][COLOR ffffef00]• [COLORpink][B]Peppa Pig[/B][/COLOR]</title>
	<link>plugin://plugin.video.youtube/playlist/PL_OVlzi87KEh4MqTWhm_zK6QK2CzChrVp/</link>
	<thumbnail>https://i.imgur.com/RGs91Qg.jpg</thumbnail>
</plugin>
<plugin>
	<title>[B][COLOR ffffef00]• [COLORpink][B]Sesame Street[/B][/COLOR]</title>
	<link>plugin://plugin.video.youtube/playlist/PL-y7oEorY-55Ak0KyAT2i5O-xj3OKZvbq/</link>
	<thumbnail>https://i.imgur.com/MspYLJs.jpg</thumbnail>
</plugin>
<plugin>
	<title>[B][COLOR ffffef00]• [COLORpink][B]Baby Shark Songs[/B][/COLOR]</title>
	<link>plugin://plugin.video.youtube/playlist/PLQiKLJnked44gBRBlNZuzcP081oFlaGj1/</link>
	<thumbnail>https://i.imgur.com/bwQoBIM.png</thumbnail>
</plugin>
<plugin>
	<title>[B][COLOR ffffef00]• [COLORwhite][B]Too Too Boy[/B][/COLOR]</title>
	<link>plugin://plugin.video.youtube/playlist/PL1PxpXe_CgQpDvsj61hrw0Q2FKvDZ_LLT/</link>
	<thumbnail>https://i.imgur.com/uFRrULC.png</thumbnail>
</plugin>
<plugin>
	<title>[B][COLOR ffffef00]• [COLORwhite][B]Mash And The Bear[/B][/COLOR]</title>
	<link>plugin://plugin.video.youtube/playlist/PLtJO1Ejl86D_-f8M06a96hqw0FdZEbUUj/</link>
	<thumbnail>https://i.imgur.com/IO4x0n7.png</thumbnail>
</plugin>
<plugin>
	<title>[B][COLOR ffffef00]• [COLORwhite][B]Casper's Scare School][/B][/COLOR]</title>
	<link>plugin://plugin.video.youtube/playlist/PL_OVlzi87KEgJzUyvPvsfbHOtD3wIjM4b/</link>
	<thumbnail>https://i.imgur.com/EkhVfMB.jpg</thumbnail>
</plugin>
<plugin>
	<title>[B][COLOR ffffef00]• [COLORblue][B]Harry The Bunny[/B][/COLOR]</title>
	<link>plugin://plugin.video.youtube/playlist/PLSjgzJsFKm1c303x6OLJfSPRnnTnW-bqi/</link>
	<thumbnail>https://i.imgur.com/ogNGTnq.jpg</thumbnail>
</plugin>
<plugin>
	<title>[B][COLOR ffffef00]• [COLORblue][B]Little Einsteins[/B][/COLOR]</title>
	<link>plugin://plugin.video.youtube/playlist/PLFq2YEzLx0LmY_hAn-MJfONmGpZExXeXJ/</link>
	<thumbnail>https://i.imgur.com/sVNj8sB.png</thumbnail>
</plugin>
<plugin>
	<title>[B][COLOR ffffef00]• [COLORblue][B]Fairy Tales and Bedtime Stories[/B][/COLOR]</title>
	<link>plugin://plugin.video.youtube/playlist/PLmVd2BGjSEsjuG-ui2mR8V98Newmnkwxw/</link>
	<thumbnail>https://i.imgur.com/3GRC0h3.png</thumbnail>
</plugin>

 <item>
    <title>[B][COLOR ffffef00]• [COLOR lime][B]****Kids TV Official Channels****[/COLOR][/B]</title>
    <heading></heading>
</item>

<plugin>
	<title>[B][COLOR ffffef00]• [COLORcrimson][B]Kids TV[/B][/COLOR]</title>
	<link>plugin://plugin.video.youtube/channel/UC7Pq3Ko42YpkCB_Q4E981jw/</link>
	<thumbnail>https://i.imgur.com/R9xLgtV.jpg</thumbnail>
</plugin>
<plugin>
	<title>[B][COLOR ffffef00]• [COLORcrimson][B]Little Baby Bum[/B][/COLOR]</title>
	<link>plugin://plugin.video.youtube/channel/UCKAqou7V9FAWXpZd9xtOg3Q/</link>
	<thumbnail>https://i.imgur.com/BTOeZv4.jpg</thumbnail>
</plugin>
<plugin>
	<title>[B][COLOR ffffef00]• [COLORcrimson][B]Blippi Toys[/B][/COLOR]</title>
	<link>plugin://plugin.video.youtube/channel/UC-Gm4EN7nNNR3k67J8ywF4g/videos/</link>
	<thumbnail>https://i.imgur.com/dzD9Nxu.png</thumbnail>
</plugin>
<plugin>
	<title>[B][COLOR ffffef00]• [COLORcrimson][B]Bounce Patrol - Kids Songs[/B][/COLOR]</title>
	<link>plugin://plugin.video.youtube/channel/UC56cowXhoqRWHeqfSJkIQaA/</link>
	<thumbnail>https://i.imgur.com/S2NMbGs.jpg</thumbnail>
</plugin>
<plugin>
	<title>[B][COLOR ffffef00]• [COLORyellow][B]ChuChu TV[/B][/COLOR]</title>
	<link>plugin://plugin.video.youtube/channel/UCBnZ16ahKA2DZ_T5W0FPUXg/</link>
	<thumbnail>https://i.imgur.com/WyPdJvk.png</thumbnail>
</plugin>
<plugin>
	<title>[B][COLOR ffffef00]• [COLORyellow][B]Kids Channel[/B][/COLOR]</title>
	<link>plugin://plugin.video.youtube/user/thekydstv/</link>
	<thumbnail>https://i.imgur.com/3zYVHha.jpg</thumbnail>
</plugin>
<plugin>
	<title>[B][COLOR ffffef00]• [COLORyellow][B]PBS KIDS[/B][/COLOR]</title>
	<link>plugin://plugin.video.youtube/channel/UCrNnk0wFBnCS1awGjq_ijGQ/</link>
	<thumbnail>https://i.imgur.com/B29dJSF.png</thumbnail>
</plugin>
<plugin>
	<title>[B][COLOR ffffef00]• [COLORyellow][B]WB Kids - (Warner Brothers)[/B][/COLOR]</title>
	<link>plugin://plugin.video.youtube/channel/UC9trsD1jCTXXtN3xIOIU8gg/</link>
	<thumbnail>https://i.imgur.com/qRpaeEx.jpg</thumbnail>
</plugin>
<plugin>
	<title>[B][COLOR ffffef00]• [COLORskyblue][B]PJ Masks[/B][/COLOR]</title>
	<link>plugin://plugin.video.youtube/channel/UCY2jUnU118sVkdj2xafiJ0g/</link>
	<thumbnail>https://i.imgur.com/x9qRN9U.png</thumbnail>
</plugin>
<plugin>
	<title>[B][COLOR ffffef00]• [COLORskyblue][B]Mickey Mouse[/B][/COLOR]</title>
	<link>plugin://plugin.video.youtube/channel/UC5K8SEF_7GQBedXIjtXLCRg/</link>
	<thumbnail>https://i.imgur.com/Lpjj9le.jpg</thumbnail>
</plugin>
<plugin>
	<title>[B][COLOR ffffef00]• [COLORskyblue][B]Nick Jr[/B][/COLOR]</title>
	<link>plugin://plugin.video.youtube/user/nickelodeonjuniorfr/</link>
	<thumbnail>https://i.imgur.com/0XSbZwE.jpg</thumbnail>
</plugin>
<plugin>
	<title>[B][COLOR ffffef00]• [COLORskyblue][B]Colors with Baby[/B][/COLOR]</title>
	<link>plugin://plugin.video.youtube/channel/UCm5dW77nYWsm-QLOm0x1L3g/</link>
	<thumbnail>https://i.imgur.com/tLAtx1g.jpg</thumbnail>
</plugin>
<plugin>
	<title>[B][COLOR ffffef00]• [COLORgold][B]TreehouseDirect[/B][/COLOR]</title>
	<link>plugin://plugin.video.youtube/user/TreehouseDirect/</link>
	<thumbnail>https://i.imgur.com/JtU8o6Z.png</thumbnail>
</plugin>
<plugin>
	<title>[B][COLOR ffffef00]• [COLORgold][B]Busy Beavers[/B][/COLOR]</title>
	<link>plugin://plugin.video.youtube/user/wearebusybeavers/</link>
	<thumbnail>https://i.imgur.com/rWRcFzi.png</thumbnail>
</plugin>
<plugin>
	<title>[B][COLOR ffffef00]• [COLORgold][B]Fluffy Jet Toys[/B][/COLOR]</title>
	<link>plugin://plugin.video.youtube/user/FluffyJetProductions/</link>
	<thumbnail>https://i.imgur.com/maw1kHJ.png</thumbnail>
</plugin>
<plugin>
	<title>[B][COLOR ffffef00]• [COLORgold][B]Postman Pat Channel[/B][/COLOR]</title>
	<link>plugin://plugin.video.youtube/user/PostmanPatSDS/</link>
	<thumbnail>https://i.imgur.com/nxX7VhU.png</thumbnail>
</plugin>
<plugin>
	<title>[B][COLOR ffffef00]• [COLORhotpink][B]Little Charlie Bear[/B][/COLOR]</title>
	<link>plugin://plugin.video.youtube/channel/UCydekQV_GkprQFYMdgc8e6A/</link>
	<thumbnail>https://i.imgur.com/l9b5ZN1.png</thumbnail>
</plugin>
<plugin>
	<title>[B][COLOR ffffef00]• [COLORhotpink][B]Noddy In Toyland[/B][/COLOR]</title>
	<link>plugin://plugin.video.youtube/channel/UCO0vPDAqN7BTK9kNAeP3sKw/</link>
	<thumbnail>https://i.imgur.com/MAltnRG.png</thumbnail>
</plugin>
<plugin>
	<title>[B][COLOR ffffef00]• [COLORhotpink][B]Vids4Kids.tv[/B][/COLOR]</title>
	<link>plugin://plugin.video.youtube/user/vids4kidstv/</link>
	<thumbnail>https://i.imgur.com/gTKPIC9.png</thumbnail>
</plugin>

<plugin>
	<title>[B][COLOR ffffef00]• [COLORblue][B]Larva TUBA[/B][/COLOR]</title>
	<link>plugin://plugin.video.youtube/user/Larva2011ani/</link>
	<thumbnail>https://i.imgur.com/a4a65Pv.png</thumbnail>
</plugin>
<plugin>
	<title>[B][COLOR ffffef00]• [COLORblue][B]Bananas In Pyjamas[/B][/COLOR]</title>
	<link>plugin://plugin.video.youtube/user/bananasinpyjamas/</link>
	<thumbnail>https://i.imgur.com/4DUp7Ek.png</thumbnail>
</plugin>
<plugin>
	<title>[B][COLOR ffffef00]• [COLORblue][B]Hot Wheels[/B][/COLOR]</title>
	<link>plugin://plugin.video.youtube/user/HOTWHEELS/</link>
	<thumbnail>https://i.imgur.com/dEdrJGm.png</thumbnail>
</plugin>
<plugin>
	<title>[B][COLOR ffffef00]• [COLORblue][B]Woody Woodpecker[/B][/COLOR]</title>
	<link>plugin://plugin.video.youtube/channel/UCB2aeGGPNj7l5Z71bYNqX-Q/</link>
	<thumbnail>https://i.imgur.com/Lv53WKS.png</thumbnail>
</plugin>

<plugin>
	<title>[B][COLOR ffffef00]• [COLORblue][B]Car patrol City[/B][/COLOR]</title>
	<link>plugin://plugin.video.youtube/playlist/UCk4yvGr6PTBjE5rgPTmjB4Q/</link>
	<thumbnail>https://i.imgur.com/Ek9vBPs.png</thumbnail>
</plugin>





