<?xml version="1.0" encoding="UTF-8" standalone="yes"?>
<addon id="repository.lk" name="Last Kingdom Repo" version="1.0.0" provider-name="Pedro Kingdom">
	<extension point="xbmc.addon.repository" name="LK Repository">
		<dir>
			<info compressed="false">https://raw.githubusercontent.com/pedroscotty/lkrepo/master/__zips/addons.xml</info>
			<checksum>https://raw.githubusercontent.com/pedroscotty/lkrepo/master/__zips/addons.xml.md5</checksum>
			<datadir zip="true">https://raw.githubusercontent.com/pedroscotty/lkrepo/master/__zips</datadir>
		</dir>
		<dir>
			<info compressed="false">https://raw.githubusercontent.com/jsergio123/zips/master/addons.xml</info>
			<checksum>https://raw.githubusercontent.com/jsergio123/zips/master/addons.xml.md5</checksum>
			<datadir zip="true">https://raw.githubusercontent.com/jsergio123/zips/master/</datadir>
		</dir>
      	<dir>
            <info compressed="false">https://raw.githubusercontent.com/teamuniversal/scrapers/master/_modules4all/zips/addons.xml</info>
            <checksum>https://raw.githubusercontent.com/teamuniversal/scrapers/master/_modules4all/zips/addons.xml.md5</checksum>
            <datadir zip="true">https://raw.githubusercontent.com/teamuniversal/scrapers/master/_modules4all/zips/</datadir>
        </dir>
		<dir>
			<info compressed="false">https://raw.githubusercontent.com/totalrevolution/python-koding/master/zips/addons.xml</info>
            <checksum>https://raw.githubusercontent.com/totalrevolution/python-koding/master/zips/addons.xml.md5</checksum>
            <datadir zip="true">https://raw.githubusercontent.com/totalrevolution/python-koding/master/zips/</datadir>
		</dir>
	</extension>
	<extension point="xbmc.addon.metadata">
		<summary lang="en">Last Kingdom Repo</summary>
		<description lang="en">Home of Last Kingdom add-ons</description>
		<genre></genre>
	</extension>
</addon>