 <xml>

<item>
    <title>[COLOR lime][B]*****  Kingdom Kids  Main Menu  *****[/COLOR][/B]</title>
    <heading></heading>
</item>




<dir>
    <title>[B][COLOR ffc51162]• [COLORindigo][B]TO[/B][/COLOR][COLORorange][B]TS[/B][/COLOR]   </title>
    <link>file://tots/tots.xml</link>
	<thumbnail>https://i.imgur.com/wdMI9ha.png</thumbnail> 
	<summary></summary>
  </dir>
  
  <dir>
    <title>[B][COLOR ffc51162]• [COLORwhite][B]LEAR[/B][/COLOR][COLORlightgreen][B]NING[/B][/COLOR]   </title>
    <link>file://tots/learning.xml</link>
	<thumbnail>https://i.imgur.com/WGQQR6r.png</thumbnail> 
	<summary></summary>
  </dir>
  
  <dir>
    <title>[B][COLOR ffc51162]• [COLORcyan][B]DISNEY DIRECT TO[/B][/COLOR][COLORwhite][B] DVD ANIMATIONS[/B][/COLOR]   </title>
    <link>file://movies/Disney-Direct-To-Video-Animation.xml</link>
	<thumbnail>https://i.imgur.com/u9MPvfN.png</thumbnail> 
	<summary></summary>
  </dir>
  
   <dir>
    <title>[B][COLOR ffc51162]• [COLORwhite][B]MOV[/B][/COLOR][COLORyellow][B]IES[/B][/COLOR]   </title>
    <link>file://movies/moviesall.xml</link>
	<thumbnail>https://i.imgur.com/u9MPvfN.png</thumbnail> 
	<summary></summary>
  </dir>
  
  <dir>
    <title>[B][COLOR ffc51162]• [COLORorange][B]CART[/B][/COLOR][COLORwhite][B]OONS (Youtube)[/B][/COLOR]   </title>
    <link>file://tv/ctoons.xml</link>
	<thumbnail>https://i.imgur.com/FVEU4os.png</thumbnail> 
	<summary></summary>
  </dir>
  
 
	
 <dir>
    <title>[B][COLOR ffc51162]• [COLORwhite][B]IT'S[/B][/COLOR][COLORcoral][B] SATURDAY [/B][/COLOR]</title>
    <itsat>toons/1</itsat>
	<thumbnail>https://i.imgur.com/imjpVf6.png</thumbnail>
	<summary>It's saturday Cartoons</summary>
    </dir>
	
  
  <dir>
    <title>[B][COLOR ffc51162]• [COLORorchid][B]TV[/B][/COLOR][COLORwhite][B]SHOWS[/B][/COLOR]   </title>
    <link>file://tv/tvshows.xml</link>
	<thumbnail>https://i.imgur.com/r9aKeIQ.png</thumbnail> 
	<summary></summary>
  </dir>
   
  
    <dir>
    <title>[B][COLOR ffc51162]• [COLORwhite][B]GAM[/B][/COLOR][COLORgold][B]ING[/B][/COLOR]   </title>
    <link>file://tv/gaming.xml</link>
	<thumbnail>https://i.imgur.com/2lROJEy.png</thumbnail> 
	<summary></summary>
  </dir>
   
    <dir>
    <title>[B][COLOR ffc51162]• [COLORaqua][B]MUSIC [/B][/COLOR][COLORwhite][B] HEAVEN[/B][/COLOR]   </title>
    <link>file://music/music.xml</link>
	<thumbnail>https://i.imgur.com/bDZeDFH.png</thumbnail> 
	<summary></summary>
  </dir>
  
   <dir>
    <title>[B][COLOR ffc51162]• [COLORwhite][B]ANIME[/B][/COLOR][COLORseagreen][B] SECTION [/B][/COLOR]</title>
 <link>file://anime/anime.xml</link>
	<thumbnail>https://i.imgur.com/HinoXmH.png</thumbnail>
	<summary>ANIME</summary>
    </dir>
  
  <dir>
    <title>[COLORlimegreen][B]*   Spooky Corner   *[/B][/COLOR]</title>
    <link>file://spook/spookycorner.xml</link>
    <thumbnail>https://i.imgur.com/raNGi8h.png</thumbnail>
	<summary>Spooky Corner</summary>
</dir> 

<plugin>
	<title>[B][COLOR ffc51162]• [COLORaqua][B]@ WHEN YOU [/B][/COLOR][COLORwhite][B] NEED SOME HELP @[/B][/COLOR] </title>
	<link>plugin://plugin.video.youtube/playlist/PLFq2YEzLx0LlHVK-Fs1fHO9012vxzyqqc/</link>
	<thumbnail>https://i.imgur.com/bgmlNHj.png</thumbnail>
</plugin>

     
  
  
  
   
              
      
</xml>
