<item>
	<title>[COLOR=blue]Southbound[/COLOR]</title>
	<meta>
	<imdb>tt4935334</imdb>
	<content>movie</content>
	<title>Southbound</title>
	<year>2015</year>
	</meta>
	<link>
	<sublink>https://www.youtube.com/watch?v=skNeUjtjD6Y&feature=youtu.be</sublink>
	<sublink>search</sublink>
	<sublink>searchsd</sublink>
	</link>
	<thumbnail>https://image.tmdb.org/t/p/w1280/u4jDG1ANfVoCs7GChgafqkve3v8.jpg</thumbnail>
	<fanart>https://image.tmdb.org/t/p/w1280/cJg0tjpHPaXcKZvon1fJyM0pXG5.jpg</fanart>
</item>
<item>
	<title>[COLOR=blue]The Witch[/COLOR]</title>
	<meta>
	<imdb>tt4263482</imdb>
	<content>movie</content>
	<title>The Witch</title>
	<year>2016</year>
	</meta>
	<link>
	<sublink>https://www.youtube.com/watch?v=TIkW4StMAPE&feature=youtu.be</sublink>
	<sublink>search</sublink>
	<sublink>searchsd</sublink>
	</link>
	<thumbnail>https://image.tmdb.org/t/p/w1280/cNNK6OHWNJdvIgWceV0iK83MPbb.jpg</thumbnail>
	<fanart>https://image.tmdb.org/t/p/w1280/k06hljqysdm9cvHGZk6Meiv81e6.jpg</fanart>
</item>
<item>
	<title>[COLOR=blue]Baskin[/COLOR]</title>
	<meta>
	<imdb>tt4935418</imdb>
	<content>movie</content>
	<title>Baskin</title>
	<year>2015</year>
	</meta>
	<link>
	<sublink>https://www.youtube.com/watch?v=y9SfWmXQY3o&feature=youtu.be</sublink>
	<sublink>search</sublink>
	<sublink>searchsd</sublink>
	</link>
	<thumbnail>https://image.tmdb.org/t/p/w1280/s2Roj8ZnGOvWBKBEs1NMZvtP3Vs.jpg</thumbnail>
	<fanart>https://image.tmdb.org/t/p/w1280/uxrsznMDPgsGDqiZ7UkkFgBEglM.jpg</fanart>
</item>
<item>
	<title>[COLOR=blue]The Invitation[/COLOR]</title>
	<meta>
	<imdb>tt2400463</imdb>
	<content>movie</content>
	<title>The Invitation</title>
	<year>2015</year>
	</meta>
	<link>
	<sublink>https://www.youtube.com/watch?v=wcFaLtnx43w&feature=youtu.be</sublink>
	<sublink>search</sublink>
	<sublink>searchsd</sublink>
	</link>
	<thumbnail>https://image.tmdb.org/t/p/w1280/v5Bdti2w5sqKNPge6I9jF2YpAqF.jpg</thumbnail>
	<fanart>https://image.tmdb.org/t/p/w1280/lc6Tpns2k5PBEvaSciXJFYUVmJm.jpg</fanart>
</item>
<item>
	<title>[COLOR=blue]Green Room[/COLOR]</title>
	<meta>
	<imdb>tt4062536</imdb>
	<content>movie</content>
	<title>Green Room</title>
	<year>2016</year>
	</meta>
	<link>
	<sublink>https://www.youtube.com/watch?v=4shPu_mnyL4&feature=youtu.be</sublink>
	<sublink>search</sublink>
	<sublink>searchsd</sublink>
	</link>
	<thumbnail>https://image.tmdb.org/t/p/w1280/sTlPvjdQrrv5cLH410aMlSxqi0x.jpg</thumbnail>
	<fanart>https://image.tmdb.org/t/p/w1280/w5TW2cLJknpWRYjmyuwfsQ1jFDA.jpg</fanart>
</item>
<item>
	<title>[COLOR=blue]Emelie[/COLOR]</title>
	<meta>
	<imdb>tt4503598</imdb>
	<content>movie</content>
	<title>Emelie</title>
	<year>2016</year>
	</meta>
	<link>
	<sublink>https://www.youtube.com/watch?v=XZoLut2Ti0U&feature=youtu.be</sublink>
	<sublink>search</sublink>
	<sublink>searchsd</sublink>
	</link>
	<thumbnail>https://image.tmdb.org/t/p/w1280/r7xCjCE8gza6xQKC4IMUh3bxct3.jpg</thumbnail>
	<fanart>https://image.tmdb.org/t/p/w1280/5QQ4nNfs1ANq12mvRldIzqdhiY9.jpg</fanart>
</item>
<item>
	<title>[COLOR=blue]The Neon Demon[/COLOR]</title>
	<meta>
	<imdb>tt1974419</imdb>
	<content>movie</content>
	<title>The Neon Demon</title>
	<year>2016</year>
	</meta>
	<link>
	<sublink>https://www.youtube.com/watch?v=YqFhKdRFPvA&feature=youtu.be</sublink>
	<sublink>search</sublink>
	<sublink>searchsd</sublink>
	</link>
	<thumbnail>https://image.tmdb.org/t/p/w1280/pksGBk7yJqSuQ2F47S9eoqbtjWt.jpg</thumbnail>
	<fanart>https://image.tmdb.org/t/p/w1280/wwFP2C8zVRHWhtG9HRGhFImIcHm.jpg</fanart>
</item>
<item>
	<title>[COLOR=blue]Under the Shadow[/COLOR]</title>
	<meta>
	<imdb>tt4273292</imdb>
	<content>movie</content>
	<title>Under the Shadow</title>
	<year>2016</year>
	</meta>
	<link>
	<sublink>https://www.youtube.com/watch?v=en2qJVL-Rqk&feature=youtu.be</sublink>
	<sublink>search</sublink>
	<sublink>searchsd</sublink>
	</link>
	<thumbnail>https://image.tmdb.org/t/p/w1280/qfOcumtK6tvFdtE1dyJjGiLUetr.jpg</thumbnail>
	<fanart>https://image.tmdb.org/t/p/w1280/ojwF0E3Dm2WLxqYPQ0a6aFZIfS6.jpg</fanart>
</item>
<item>
	<title>[COLOR=blue]Demon[/COLOR]</title>
	<meta>
	<imdb>tt4935158</imdb>
	<content>movie</content>
	<title>Demon</title>
	<year>2015</year>
	</meta>
	<link>
	<sublink>https://www.youtube.com/watch?v=6ETONJchYkM&feature=youtu.be</sublink>
	<sublink>search</sublink>
	<sublink>searchsd</sublink>
	</link>
	<thumbnail>https://image.tmdb.org/t/p/w1280/mAIRNNPzBBONMntjzTE9TsvOAGu.jpg</thumbnail>
	<fanart>https://image.tmdb.org/t/p/w1280/oZHatl0urw8P4doLGUhkmNG76ae.jpg</fanart>
</item>
<item>
	<title>[COLOR=blue]The Blackcoat's Daughter[/COLOR]</title>
	<meta>
	<imdb>tt3286052</imdb>
	<content>movie</content>
	<title>The Blackcoat's Daughter</title>
	<year>2017</year>
	</meta>
	<link>
	<sublink>https://www.youtube.com/watch?v=pRc_-iK3RVE&feature=youtu.be</sublink>
	<sublink>search</sublink>
	<sublink>searchsd</sublink>
	</link>
	<thumbnail>https://image.tmdb.org/t/p/w1280/gW5MnkQ9zHtyVPzdDDHPEDCrZ57.jpg</thumbnail>
	<fanart>https://image.tmdb.org/t/p/w1280/pe1yqTDWXGdCB81q3lKmaDiKFRs.jpg</fanart>
</item>
