<item>
	<title>[COLOR=blue]The Vault of Horror[/COLOR]</title>
	<meta>
	<imdb>tt0070868</imdb>
	<content>movie</content>
	<title>The Vault of Horror</title>
	<year>1973</year>
	</meta>
	<link>
	<sublink>https://www.youtube.com/watch?v=2QekOjRaEaw&feature=youtu.be</sublink>
	<sublink>search</sublink>
	<sublink>searchsd</sublink>
	</link>
	<thumbnail>https://image.tmdb.org/t/p/w1280/g8OmiX8pPRBToSmcT5zNPEhfFpj.jpg</thumbnail>
	<fanart>https://image.tmdb.org/t/p/w1280/r5xFJvSw3oEaRQxeYlFVEYA6KwU.jpg</fanart>
</item>
<item>
	<title>[COLOR=blue]Tales from the Crypt[/COLOR]</title>
	<meta>
	<imdb>tt0069341</imdb>
	<content>movie</content>
	<title>Tales from the Crypt</title>
	<year>1972</year>
	</meta>
	<link>
	<sublink>https://www.youtube.com/watch?v=-3FpZEkaIS4&feature=youtu.be</sublink>
	<sublink>search</sublink>
	<sublink>searchsd</sublink>
	</link>
	<thumbnail>https://image.tmdb.org/t/p/w1280/1aAGMI4DUzOlvKTVi9tnLYAyL58.jpg</thumbnail>
	<fanart>https://image.tmdb.org/t/p/w1280/uHxgETBBjTPHFBfy8IU4jwEatkz.jpg</fanart>
</item>
<item>
	<title>[COLOR=blue]Asylum[/COLOR]</title>
	<meta>
	<imdb>tt0068230</imdb>
	<content>movie</content>
	<title>Asylum</title>
	<year>1972</year>
	</meta>
	<link>
	<sublink>https://www.youtube.com/watch?v=LofVW0QBLYw&feature=youtu.be</sublink>
	<sublink>search</sublink>
	<sublink>searchsd</sublink>
	</link>
	<thumbnail>https://image.tmdb.org/t/p/w1280/8FXESe9NCN20ln2hW10M73CtCfH.jpg</thumbnail>
	<fanart>https://image.tmdb.org/t/p/w1280/sB93UG8TGoEHhmP4iPKgSgLIadD.jpg</fanart>
</item>
<item>
	<title>[COLOR=blue]The Vampire Lovers[/COLOR]</title>
	<meta>
	<imdb>tt0066518</imdb>
	<content>movie</content>
	<title>The Vampire Lovers</title>
	<year>1970</year>
	</meta>
	<link>
	<sublink>https://www.youtube.com/watch?v=StTTfl8SU5k&feature=youtu.be</sublink>
	<sublink>search</sublink>
	<sublink>searchsd</sublink>
	</link>
	<thumbnail>https://image.tmdb.org/t/p/w1280/6MTiYnp62i2kdweHjhchwJscQrj.jpg</thumbnail>
	<fanart>https://image.tmdb.org/t/p/w1280/v5wkrG5Fcwt1U667yisAi78IA2D.jpg</fanart>
</item>
<item>
	<title>[COLOR=blue]From Beyond the Grave[/COLOR]</title>
	<meta>
	<imdb>tt0070078</imdb>
	<content>movie</content>
	<title>From Beyond the Grave</title>
	<year>1974</year>
	</meta>
	<link>
	<sublink>https://www.youtube.com/watch?v=b9HycyIq0is&feature=youtu.be</sublink>
	<sublink>search</sublink>
	<sublink>searchsd</sublink>
	</link>
	<thumbnail>https://image.tmdb.org/t/p/w1280/8oePNgUwrVGXwykTGxC9vk7dvPX.jpg</thumbnail>
	<fanart>https://image.tmdb.org/t/p/w1280/mUdzUfti7frLNusn39vvZITMz7s.jpg</fanart>
</item>
<item>
	<title>[COLOR=blue]The Skull[/COLOR]</title>
	<meta>
	<imdb>tt0059727</imdb>
	<content>movie</content>
	<title>The Skull</title>
	<year>1965</year>
	</meta>
	<link>
	<sublink>https://www.youtube.com/watch?v=CRDpuhpUpAk&feature=youtu.be</sublink>
	<sublink>search</sublink>
	<sublink>searchsd</sublink>
	</link>
	<thumbnail>https://image.tmdb.org/t/p/w1280/zBMT4WHMk4xdYv3puiHTa663Kd5.jpg</thumbnail>
	<fanart>https://image.tmdb.org/t/p/w1280/gAM6bRWBxdiXWVPe7I67S1qMjmf.jpg</fanart>
</item>
<item>
	<title>[COLOR=blue]The Omen[/COLOR]</title>
	<meta>
	<imdb>tt0075005</imdb>
	<content>movie</content>
	<title>The Omen</title>
	<year>1976</year>
	</meta>
	<link>
	<sublink>https://www.youtube.com/watch?v=cvrv8U5MfS4&feature=youtu.be</sublink>
	<sublink>search</sublink>
	<sublink>searchsd</sublink>
	</link>
	<thumbnail>https://image.tmdb.org/t/p/w1280/uY14zS4Sm2DdvFXeczFKgLgkQUP.jpg</thumbnail>
	<fanart>https://image.tmdb.org/t/p/w1280/gwGqOoYUVFBlNsuqM5OEtgC8KL2.jpg</fanart>
</item>
<item>
	<title>[COLOR=blue]The Company of Wolves[/COLOR]</title>
	<meta>
	<imdb>tt0087075</imdb>
	<content>movie</content>
	<title>The Company of Wolves</title>
	<year>1984</year>
	</meta>
	<link>
	<sublink>https://www.youtube.com/watch?v=cvrv8U5MfS4&feature=youtu.be</sublink>
	<sublink>search</sublink>
	<sublink>searchsd</sublink>
	</link>
	<thumbnail>https://image.tmdb.org/t/p/w1280</thumbnail>
	<fanart>https://image.tmdb.org/t/p/w1280</fanart>
</item>
<item>
	<title>[COLOR=blue]You re Next[/COLOR]</title>
	<meta>
	<imdb>tt1853739</imdb>
	<content>movie</content>
	<title>You re Next</title>
	<year>2011</year>
	</meta>
	<link>
	<sublink>https://www.youtube.com/watch?v=ufUQWpEkbf0&feature=youtu.be</sublink>
	<sublink>search</sublink>
	<sublink>searchsd</sublink>
	</link>
	<thumbnail>https://image.tmdb.org/t/p/w1280/tCQowhMukynSnIPJAh4zNdyDulG.jpg</thumbnail>
	<fanart>https://image.tmdb.org/t/p/w1280/knyJGCOYB1yjDU5OkFzuipuLIsv.jpg</fanart>
</item>
<item>
	<title>[COLOR=blue]House on Haunted Hill[/COLOR]</title>
	<meta>
	<imdb>tt0051744</imdb>
	<content>movie</content>
	<title>House on Haunted Hill</title>
	<year>1959</year>
	</meta>
	<link>
	<sublink>https://www.youtube.com/watch?v=F1wVvWL0pJU&feature=youtu.be</sublink>
	<sublink>search</sublink>
	<sublink>searchsd</sublink>
	</link>
	<thumbnail>https://image.tmdb.org/t/p/w1280/fnlPkYlVXrWUkQsVa8Y2tkFoPQq.jpg</thumbnail>
	<fanart>https://image.tmdb.org/t/p/w1280/5Wi2IrO0787hhYjsBVzXUFHN1KJ.jpg</fanart>
</item>
<item>
	<title>[COLOR=blue]The Shining[/COLOR]</title>
	<meta>
	<imdb>tt0081505</imdb>
	<content>movie</content>
	<title>The Shining</title>
	<year>1980</year>
	</meta>
	<link>
	<sublink>https://www.youtube.com/watch?v=S014oGZiSdI&feature=youtu.be</sublink>
	<sublink>search</sublink>
	<sublink>searchsd</sublink>
	</link>
	<thumbnail>https://image.tmdb.org/t/p/w1280/9fgh3Ns1iRzlQNYuJyK0ARQZU7w.jpg</thumbnail>
	<fanart>https://image.tmdb.org/t/p/w1280/h4DcDCOkQBENWBJZjNlPv3adQfM.jpg</fanart>
</item>
<item>
	<title>[COLOR=blue]28 Days Later[/COLOR]</title>
	<meta>
	<imdb>tt0289043</imdb>
	<content>movie</content>
	<title>28 Days Later</title>
	<year>2002</year>
	</meta>
	<link>
	<sublink>https://www.youtube.com/watch?v=MHMdWUeYudk&feature=youtu.be</sublink>
	<sublink>search</sublink>
	<sublink>searchsd</sublink>
	</link>
	<thumbnail>https://image.tmdb.org/t/p/w1280/xaYdxi1PBEAYvqknvAmMPK5Eff3.jpg</thumbnail>
	<fanart>https://image.tmdb.org/t/p/w1280/nESF8Tw4BYnDy8PUDkF5SLIlzTJ.jpg</fanart>
</item>
<item>
	<title>[COLOR=blue]The Descent[/COLOR]</title>
	<meta>
	<imdb>tt0435625</imdb>
	<content>movie</content>
	<title>The Descent</title>
	<year>2005</year>
	</meta>
	<link>
	<sublink>https://www.youtube.com/watch?v=uT17cBrUKjg&feature=youtu.be</sublink>
	<sublink>search</sublink>
	<sublink>searchsd</sublink>
	</link>
	<thumbnail>https://image.tmdb.org/t/p/w1280/ldzNyitGjBLjjOzLTaQyYDMVDF1.jpg</thumbnail>
	<fanart>https://image.tmdb.org/t/p/w1280/yiJonnQUW5luTsQy2KuUuOZqtjM.jpg</fanart>
</item>
<item>
	<title>[COLOR=blue]Dr Terror s House of Horrors[/COLOR]</title>
	<meta>
	<imdb>tt0059125</imdb>
	<content>movie</content>
	<title>Dr Terror s House of Horrors</title>
	<year>1965</year>
	</meta>
	<link>
	<sublink>https://www.youtube.com/watch?v=NNDgzamNZRg&feature=youtu.be</sublink>
	<sublink>search</sublink>
	<sublink>searchsd</sublink>
	</link>
	<thumbnail>https://image.tmdb.org/t/p/w1280/3cT0TqEKA6VyqNeDTqEGTlmCxDx.jpg</thumbnail>
	<fanart>https://image.tmdb.org/t/p/w1280/659LZAjV84GY0GVLDUskrkOSqcl.jpg</fanart>
</item>
<item>
	<title>[COLOR=blue]Torture Garden[/COLOR]</title>
	<meta>
	<imdb>tt0062384</imdb>
	<content>movie</content>
	<title>Torture Garden</title>
	<year>1967</year>
	</meta>
	<link>
	<sublink>https://www.youtube.com/watch?v=ISP8E2AO7fo&feature=youtu.be</sublink>
	<sublink>search</sublink>
	<sublink>searchsd</sublink>
	</link>
	<thumbnail>https://image.tmdb.org/t/p/w1280/lz6CnAWFYIsJ9vE7EafP0Xc3mIS.jpg</thumbnail>
	<fanart>https://image.tmdb.org/t/p/w1280/9FutuTTPYm0I9aCXZy9xN23ZSA9.jpg</fanart>
</item>
<item>
	<title>[COLOR=blue]Vampyres[/COLOR]</title>
	<meta>
	<imdb>tt0072354</imdb>
	<content>movie</content>
	<title>Vampyres</title>
	<year>1974</year>
	</meta>
	<link>
	<sublink>https://www.youtube.com/watch?v=SFfqlgnpWHU&feature=youtu.be</sublink>
	<sublink>search</sublink>
	<sublink>searchsd</sublink>
	</link>
	<thumbnail>https://image.tmdb.org/t/p/w1280/xPA3n6HGiZccrkygDPq6tzeEDbU.jpg</thumbnail>
	<fanart>https://image.tmdb.org/t/p/w1280/1fljMvYc1Bq9DfPyYkkMhgWGLvN.jpg</fanart>
</item>
<item>
	<title>[COLOR=blue]Twice Told Tales[/COLOR]</title>
	<meta>
	<imdb>tt0057608</imdb>
	<content>movie</content>
	<title>Twice Told Tales</title>
	<year>1963</year>
	</meta>
	<link>
	<sublink>https://www.youtube.com/watch?v=WisM3hw0Sd4&feature=youtu.be</sublink>
	<sublink>search</sublink>
	<sublink>searchsd</sublink>
	</link>
	<thumbnail>https://image.tmdb.org/t/p/w1280/fZ3YgbD52N62gIcKppicdm9Lbl1.jpg</thumbnail>
	<fanart>https://image.tmdb.org/t/p/w1280/nuJPRXfUmLLqHZYCo7uCQQ1jY2F.jpg</fanart>
</item>
<item>
	<title>[COLOR=blue]Premature Burial[/COLOR]</title>
	<meta>
	<imdb>tt0056368</imdb>
	<content>movie</content>
	<title>Premature Burial</title>
	<year>1962</year>
	</meta>
	<link>
	<sublink>https://www.youtube.com/watch?v=S9UWVwi2vDg&feature=youtu.be</sublink>
	<sublink>search</sublink>
	<sublink>searchsd</sublink>
	</link>
	<thumbnail>https://image.tmdb.org/t/p/w1280/mdkCk6P9FXWcE1MyIB9RZGVtpCD.jpg</thumbnail>
	<fanart>https://image.tmdb.org/t/p/w1280/zMP9JynlxV2EVRbRQyYLvXziyxF.jpg</fanart>
</item>
<item>
	<title>[COLOR=blue]Exam[/COLOR]</title>
	<meta>
	<imdb>tt1258197</imdb>
	<content>movie</content>
	<title>Exam</title>
	<year>2009</year>
	</meta>
	<link>
	<sublink>https://www.youtube.com/watch?v=f8bTs6HKiqI&feature=youtu.be</sublink>
	<sublink>search</sublink>
	<sublink>searchsd</sublink>
	</link>
	<thumbnail>https://image.tmdb.org/t/p/w1280/i1J2zBCyOQJKsQipqJ0qXERC1Ma.jpg</thumbnail>
	<fanart>https://image.tmdb.org/t/p/w1280/AtLHKulhe6VTsnU3pe4i0As5zOb.jpg</fanart>
</item>
<item>
	<title>[COLOR=blue]Berberian Sound Studio[/COLOR]</title>
	<meta>
	<imdb>tt1833844</imdb>
	<content>movie</content>
	<title>Berberian Sound Studio</title>
	<year>2012</year>
	</meta>
	<link>
	<sublink>https://www.youtube.com/watch?v=GlNCiGVQsd0&feature=youtu.be</sublink>
	<sublink>search</sublink>
	<sublink>searchsd</sublink>
	</link>
	<thumbnail>https://image.tmdb.org/t/p/w1280/pyUDGKZbT4qIwK80S0pHKRtFf5j.jpg</thumbnail>
	<fanart>https://image.tmdb.org/t/p/w1280/pFsTuSY34i1QVzr9cPVuTZX5opd.jpg</fanart>
</item>
<item>
	<title>[COLOR=blue]Vampire Circus[/COLOR]</title>
	<meta>
	<imdb>tt0067924</imdb>
	<content>movie</content>
	<title>Vampire Circus</title>
	<year>1972</year>
	</meta>
	<link>
	<sublink>https://www.youtube.com/watch?v=7APUM1rbEg4&feature=youtu.be</sublink>
	<sublink>search</sublink>
	<sublink>searchsd</sublink>
	</link>
	<thumbnail>https://image.tmdb.org/t/p/w1280/3JWXkd5hw2DTNwxGcAQc8COUs5R.jpg</thumbnail>
	<fanart>https://image.tmdb.org/t/p/w1280/a182TQinNkaEpop0l03N3flncdU.jpg</fanart>
</item>
<item>
	<title>[COLOR=blue]The House That Dripped Blood[/COLOR]</title>
	<meta>
	<imdb>tt0065854</imdb>
	<content>movie</content>
	<title>The House That Dripped Blood</title>
	<year>1971</year>
	</meta>
	<link>
	<sublink>https://www.youtube.com/watch?v=lCakE5WmaoM&feature=youtu.be</sublink>
	<sublink>search</sublink>
	<sublink>searchsd</sublink>
	</link>
	<thumbnail>https://image.tmdb.org/t/p/w1280/jP0G5M0MNEPKkcnjaMerO6AxelQ.jpg</thumbnail>
	<fanart>https://image.tmdb.org/t/p/w1280/ntwrZNBeYtGeRt7tbfYHT74g6MH.jpg</fanart>
</item>
<item>
	<title>[COLOR=blue]Night of the Eagle[/COLOR]</title>
	<meta>
	<imdb>tt0056279</imdb>
	<content>movie</content>
	<title>Night of the Eagle</title>
	<year>1962</year>
	</meta>
	<link>
	<sublink>https://www.youtube.com/watch?v=hYqStfjLk7Q&feature=youtu.be</sublink>
	<sublink>search</sublink>
	<sublink>searchsd</sublink>
	</link>
	<thumbnail>https://image.tmdb.org/t/p/w1280/ePHAyuC6RFA6dxmmHtkuxSvbj4K.jpg</thumbnail>
	<fanart>https://image.tmdb.org/t/p/w1280/aI3NA6YMIX2pdTteyqHRL7viNmh.jpg</fanart>
</item>
<item>
	<title>[COLOR=blue]Dracula A D 1972[/COLOR]</title>
	<meta>
	<imdb>tt0068505</imdb>
	<content>movie</content>
	<title>Dracula A D 1972</title>
	<year>1972</year>
	</meta>
	<link>
	<sublink>https://www.youtube.com/watch?v=KhBfI8_xPAk&feature=youtu.be</sublink>
	<sublink>search</sublink>
	<sublink>searchsd</sublink>
	</link>
	<thumbnail>https://image.tmdb.org/t/p/w1280/9H9wjdGUfJYEV88gPc7kre3gNlv.jpg</thumbnail>
	<fanart>https://image.tmdb.org/t/p/w1280/jIeaSbogd6MaBwThejadsCGvr24.jpg</fanart>
</item>
<item>
	<title>[COLOR=blue]The Lair of the White Worm[/COLOR]</title>
	<meta>
	<imdb>tt0095488</imdb>
	<content>movie</content>
	<title>The Lair of the White Worm</title>
	<year>1988</year>
	</meta>
	<link>
	<sublink>https://www.youtube.com/watch?v=Z4Q-PyZxZjw&feature=youtu.be</sublink>
	<sublink>search</sublink>
	<sublink>searchsd</sublink>
	</link>
	<thumbnail>https://image.tmdb.org/t/p/w1280/sSNQFYOHkey0Yke2qR3y1Y7KX6e.jpg</thumbnail>
	<fanart>https://image.tmdb.org/t/p/w1280/lzkaVwAQZNINuOmb261HJBZuXv0.jpg</fanart>
</item>
<item>
	<title>[COLOR=blue]The Raven[/COLOR]</title>
	<meta>
	<imdb>tt0057449</imdb>
	<content>movie</content>
	<title>The Raven</title>
	<year>1963</year>
	</meta>
	<link>
	<sublink>https://www.youtube.com/watch?v=Uy3ktfRztss&feature=youtu.be</sublink>
	<sublink>search</sublink>
	<sublink>searchsd</sublink>
	</link>
	<thumbnail>https://image.tmdb.org/t/p/w1280/tt7m22ki1raa0NrvesawJgsQ4Jn.jpg</thumbnail>
	<fanart>https://image.tmdb.org/t/p/w1280/f3dFwTEt1OixC2WL9C3tAV7okef.jpg</fanart>
</item>
<item>
	<title>[COLOR=blue]Braindead[/COLOR]</title>
	<meta>
	<imdb>tt0103873</imdb>
	<content>movie</content>
	<title>Braindead</title>
	<year>1992</year>
	</meta>
	<link>
	<sublink>https://www.youtube.com/watch?v=Ogj4f-V--h0&feature=youtu.be</sublink>
	<sublink>search</sublink>
	<sublink>searchsd</sublink>
	</link>
	<thumbnail>https://image.tmdb.org/t/p/w1280/zzgn2fBeKmIMDEuX7FqS2l1WGfu.jpg</thumbnail>
	<fanart>https://image.tmdb.org/t/p/w1280/3qgqAUA1JQT3o3CUxUhKQ3qZXBY.jpg</fanart>
</item>
<item>
	<title>[COLOR=blue]Images[/COLOR]</title>
	<meta>
	<imdb>tt0068732</imdb>
	<content>movie</content>
	<title>Images</title>
	<year>1972</year>
	</meta>
	<link>
	<sublink>https://www.youtube.com/watch?v=UNQUz4TYN00&feature=youtu.be</sublink>
	<sublink>search</sublink>
	<sublink>searchsd</sublink>
	</link>
	<thumbnail>https://image.tmdb.org/t/p/w1280/o9qfaNwjnqNBJ1uOLeC53r5eTzB.jpg</thumbnail>
	<fanart>https://image.tmdb.org/t/p/w1280/5GanF7O6O9eXnkUpWkLOGwYAOMs.jpg</fanart>
</item>
<item>
	<title>[COLOR=blue]Kill List[/COLOR]</title>
	<meta>
	<imdb>tt1788391</imdb>
	<content>movie</content>
	<title>Kill List</title>
	<year>2011</year>
	</meta>
	<link>
	<sublink>https://www.youtube.com/watch?v=aqkqF--v1tg&feature=youtu.be</sublink>
	<sublink>search</sublink>
	<sublink>searchsd</sublink>
	</link>
	<thumbnail>https://image.tmdb.org/t/p/w1280/y0mJcIW1qFtFhAFjzPmxI9zLqjj.jpg</thumbnail>
	<fanart>https://image.tmdb.org/t/p/w1280/ugTOWovCYRe99FPGmN1Bk9o2cEy.jpg</fanart>
</item>
<item>
	<title>[COLOR=blue]Shaun of the Dead[/COLOR]</title>
	<meta>
	<imdb>tt0365748</imdb>
	<content>movie</content>
	<title>Shaun of the Dead</title>
	<year>2004</year>
	</meta>
	<link>
	<sublink>https://www.youtube.com/watch?v=CfBewQPFdKE&feature=youtu.be</sublink>
	<sublink>search</sublink>
	<sublink>searchsd</sublink>
	</link>
	<thumbnail>https://image.tmdb.org/t/p/w1280/2evlcGnsfdFWLb7geNlIjIewc0Q.jpg</thumbnail>
	<fanart>https://image.tmdb.org/t/p/w1280/phFrA59NzB9TBkx9aoD3qwuXvs8.jpg</fanart>
</item>
<item>
	<title>[COLOR=blue]Virgin Witch[/COLOR]</title>
	<meta>
	<imdb>tt0069464</imdb>
	<content>movie</content>
	<title>Virgin Witch</title>
	<year>1972</year>
	</meta>
	<link>
	<sublink>https://www.youtube.com/watch?v=CfBewQPFdKE&feature=youtu.be</sublink>
	<sublink>search</sublink>
	<sublink>searchsd</sublink>
	</link>
	<thumbnail>https://image.tmdb.org/t/p/w1280</thumbnail>
	<fanart>https://image.tmdb.org/t/p/w1280</fanart>
</item>
<item>
	<title>[COLOR=blue]Gothic[/COLOR]</title>
	<meta>
	<imdb>tt0091142</imdb>
	<content>movie</content>
	<title>Gothic</title>
	<year>1986</year>
	</meta>
	<link>
	<sublink>https://www.youtube.com/watch?v=haS7s4MI0mI&feature=youtu.be</sublink>
	<sublink>search</sublink>
	<sublink>searchsd</sublink>
	</link>
	<thumbnail>https://image.tmdb.org/t/p/w1280/lsivD3aJXU3cfuotO1I1JIvCsKm.jpg</thumbnail>
	<fanart>https://image.tmdb.org/t/p/w1280/1fFjhxv8a0HrnPpbxVI9zCDAkFm.jpg</fanart>
</item>
<item>
	<title>[COLOR=blue]An American Werewolf in London[/COLOR]</title>
	<meta>
	<imdb>tt0082010</imdb>
	<content>movie</content>
	<title>An American Werewolf in London</title>
	<year>1981</year>
	</meta>
	<link>
	<sublink>https://www.youtube.com/watch?v=bRVH3z_erjA&feature=youtu.be</sublink>
	<sublink>search</sublink>
	<sublink>searchsd</sublink>
	</link>
	<thumbnail>https://image.tmdb.org/t/p/w1280/5LhU4gI8ltKYpLtI9X2DVFtwBrN.jpg</thumbnail>
	<fanart>https://image.tmdb.org/t/p/w1280/lFiEdW3zVjR2Wujxu3yZLpL2N8n.jpg</fanart>
</item>
<item>
	<title>[COLOR=blue]Dracula[/COLOR]</title>
	<meta>
	<imdb>tt0079073</imdb>
	<content>movie</content>
	<title>Dracula</title>
	<year>1979</year>
	</meta>
	<link>
	<sublink>https://www.youtube.com/watch?v=bBT41ANDh4c&feature=youtu.be</sublink>
	<sublink>search</sublink>
	<sublink>searchsd</sublink>
	</link>
	<thumbnail>https://image.tmdb.org/t/p/w1280/nS20AU8Iorb3nEJdIEpk4J0RR0j.jpg</thumbnail>
	<fanart>https://image.tmdb.org/t/p/w1280/uWF6NFQ8JySd4KSaX4JKEVYts06.jpg</fanart>
</item>
<item>
	<title>[COLOR=blue]Dracula[/COLOR]</title>
	<meta>
	<imdb>tt0051554</imdb>
	<content>movie</content>
	<title>Dracula</title>
	<year>1958</year>
	</meta>
	<link>
	<sublink>https://www.youtube.com/watch?v=4o0n9VWlCGE&feature=youtu.be</sublink>
	<sublink>search</sublink>
	<sublink>searchsd</sublink>
	</link>
	<thumbnail>https://image.tmdb.org/t/p/w1280/1L45hwUu1P4NRhbRRrE5d9oHamm.jpg</thumbnail>
	<fanart>https://image.tmdb.org/t/p/w1280/8Fi5uAQeOEKbgSYBnmN4FoIrO6O.jpg</fanart>
</item>
<item>
	<title>[COLOR=blue]The Brides of Dracula[/COLOR]</title>
	<meta>
	<imdb>tt0053677</imdb>
	<content>movie</content>
	<title>The Brides of Dracula</title>
	<year>1960</year>
	</meta>
	<link>
	<sublink>https://www.youtube.com/watch?v=QZ9hZNuk04w&feature=youtu.be</sublink>
	<sublink>search</sublink>
	<sublink>searchsd</sublink>
	</link>
	<thumbnail>https://image.tmdb.org/t/p/w1280/zO3v1I1CEGVoerS1nD0wTMULr6d.jpg</thumbnail>
	<fanart>https://image.tmdb.org/t/p/w1280/9OMSEzFWrqBNlF09DefYuGrFJqJ.jpg</fanart>
</item>
<item>
	<title>[COLOR=blue]The Satanic Rites of Dracula[/COLOR]</title>
	<meta>
	<imdb>tt0070634</imdb>
	<content>movie</content>
	<title>The Satanic Rites of Dracula</title>
	<year>1973</year>
	</meta>
	<link>
	<sublink>https://www.youtube.com/watch?v=eMAgmFScQvU&feature=youtu.be</sublink>
	<sublink>search</sublink>
	<sublink>searchsd</sublink>
	</link>
	<thumbnail>https://image.tmdb.org/t/p/w1280/7gjrXE3bI0W2CVw92b94I2qoUYb.jpg</thumbnail>
	<fanart>https://image.tmdb.org/t/p/w1280/i1v4ozDC2e7hVqBzR9VoPt7VXAh.jpg</fanart>
</item>
<item>
	<title>[COLOR=blue]The Devils[/COLOR]</title>
	<meta>
	<imdb>tt0066993</imdb>
	<content>movie</content>
	<title>The Devils</title>
	<year>1971</year>
	</meta>
	<link>
	<sublink>https://www.youtube.com/watch?v=eCF2S3vchE4&feature=youtu.be</sublink>
	<sublink>search</sublink>
	<sublink>searchsd</sublink>
	</link>
	<thumbnail>https://image.tmdb.org/t/p/w1280/7EWcEBzGYJusF01Jvw2C1EG6GG4.jpg</thumbnail>
	<fanart>https://image.tmdb.org/t/p/w1280/dmf3bLc9XI90yagC5800FvfXbj.jpg</fanart>
</item>
<item>
	<title>[COLOR=blue]Captain Kronos Vampire Hunter[/COLOR]</title>
	<meta>
	<imdb>tt0071276</imdb>
	<content>movie</content>
	<title>Captain Kronos Vampire Hunter</title>
	<year>1974</year>
	</meta>
	<link>
	<sublink>https://www.youtube.com/watch?v=lcv-KNAK7vI&feature=youtu.be</sublink>
	<sublink>search</sublink>
	<sublink>searchsd</sublink>
	</link>
	<thumbnail>https://image.tmdb.org/t/p/w1280/j2Vfuzh18uNHcgV7nzwLmldA7aL.jpg</thumbnail>
	<fanart>https://image.tmdb.org/t/p/w1280/vREH53N0Toun37OJ1UbvHgfDriB.jpg</fanart>
</item>
<item>
	<title>[COLOR=blue]Planet of the Vampires[/COLOR]</title>
	<meta>
	<imdb>tt0059792</imdb>
	<content>movie</content>
	<title>Planet of the Vampires</title>
	<year>1965</year>
	</meta>
	<link>
	<sublink>https://www.youtube.com/watch?v=Eu1VOmwuHag&feature=youtu.be</sublink>
	<sublink>search</sublink>
	<sublink>searchsd</sublink>
	</link>
	<thumbnail>https://image.tmdb.org/t/p/w1280/sjbT4u7qDASdLDNWT3dcKLi5Rdl.jpg</thumbnail>
	<fanart>https://image.tmdb.org/t/p/w1280/apwu77Pn12BU7o5EVq9wRmDUKei.jpg</fanart>
</item>
<item>
	<title>[COLOR=blue]Mumsy, Nanny, Sonny & Girly[/COLOR]</title>
	<meta>
	<imdb>tt0064704</imdb>
	<content>movie</content>
	<title>Mumsy, Nanny, Sonny & Girly</title>
	<year>1970</year>
	</meta>
	<link>
	<sublink>https://www.youtube.com/watch?v=zRJhYTc_-dw&feature=youtu.be</sublink>
	<sublink>search</sublink>
	<sublink>searchsd</sublink>
	</link>
	<thumbnail>https://image.tmdb.org/t/p/w1280/h1jWxqiJkhcn0TxyYd40MBjA2lJ.jpg</thumbnail>
	<fanart>https://image.tmdb.org/t/p/w1280/u3DLAoTgtPsGVblfAD6TU0h01mz.jpg</fanart>
</item>
<item>
	<title>[COLOR=blue]The Wicker Man[/COLOR]</title>
	<meta>
	<imdb>tt0070917</imdb>
	<content>movie</content>
	<title>The Wicker Man</title>
	<year>1973</year>
	</meta>
	<link>
	<sublink>https://www.youtube.com/watch?v=5FdV-O8o7ok&feature=youtu.be</sublink>
	<sublink>search</sublink>
	<sublink>searchsd</sublink>
	</link>
	<thumbnail>https://image.tmdb.org/t/p/w1280/9kHTypiwFGjqa6N4oT8fv3lB3VW.jpg</thumbnail>
	<fanart>https://image.tmdb.org/t/p/w1280/7cb8HXMXztytgv8xnglmhLRwBhk.jpg</fanart>
</item>
<item>
	<title>[COLOR=blue]Straw Dogs[/COLOR]</title>
	<meta>
	<imdb>tt0067800</imdb>
	<content>movie</content>
	<title>Straw Dogs</title>
	<year>1971</year>
	</meta>
	<link>
	<sublink>https://www.youtube.com/watch?v=IQjQIXzFCRA&feature=youtu.be</sublink>
	<sublink>search</sublink>
	<sublink>searchsd</sublink>
	</link>
	<thumbnail>https://image.tmdb.org/t/p/w1280/kn85ADdkCrL3I2uWfKKhxpjolU5.jpg</thumbnail>
	<fanart>https://image.tmdb.org/t/p/w1280/yL7uVOyvwZeP2U0zKIE3WQqoilA.jpg</fanart>
</item>
<item>
	<title>[COLOR=blue]The Legend of the 7 Golden Vampires[/COLOR]</title>
	<meta>
	<imdb>tt0070297</imdb>
	<content>movie</content>
	<title>The Legend of the 7 Golden Vampires</title>
	<year>1974</year>
	</meta>
	<link>
	<sublink>https://www.youtube.com/watch?v=zh6H7vmoDGQ&feature=youtu.be</sublink>
	<sublink>search</sublink>
	<sublink>searchsd</sublink>
	</link>
	<thumbnail>https://image.tmdb.org/t/p/w1280/gidYW1wR6Gd0TS00Dn3Np5l77VO.jpg</thumbnail>
	<fanart>https://image.tmdb.org/t/p/w1280/lGjrTjjxtzioyPcTJztZUiPejAu.jpg</fanart>
</item>
<item>
	<title>[COLOR=blue]The Curse of Frankenstein[/COLOR]</title>
	<meta>
	<imdb>tt0050280</imdb>
	<content>movie</content>
	<title>The Curse of Frankenstein</title>
	<year>1957</year>
	</meta>
	<link>
	<sublink>https://www.youtube.com/watch?v=qEz02uxCPOM&feature=youtu.be</sublink>
	<sublink>search</sublink>
	<sublink>searchsd</sublink>
	</link>
	<thumbnail>https://image.tmdb.org/t/p/w1280/f4dwXdeZFHzLKMNgKGe46RWsMmM.jpg</thumbnail>
	<fanart>https://image.tmdb.org/t/p/w1280/jBidAzvvwYWQMm5dxZwA49vErns.jpg</fanart>
</item>
