<item>
	<title>[COLOR=blue]2 Fast 2 Furious[/COLOR]</title>
	<meta>
	<imdb>tt0322259</imdb>
	<content>movie</content>
	<title>2 Fast 2 Furious</title>
	<year>2003</year>
	</meta>
	<link>
	<sublink>https://www.youtube.com/watch?v=ZZGkV_xWGw4&feature=youtu.be</sublink>
	<sublink>search</sublink>
	<sublink>searchsd</sublink>
	</link>
	<thumbnail>https://image.tmdb.org/t/p/w1280/hZVcmztCVo510FhBXyLqStiTAce.jpg</thumbnail>
	<fanart>https://image.tmdb.org/t/p/w1280/teEKGIZC25oJBQHXQwsGBMjW2bN.jpg</fanart>
</item>
<item>
	<title>[COLOR=blue]American Psycho[/COLOR]</title>
	<meta>
	<imdb>tt0144084</imdb>
	<content>movie</content>
	<title>American Psycho</title>
	<year>2000</year>
	</meta>
	<link>
	<sublink>https://www.youtube.com/watch?v=5YnGhW4UEhc&feature=youtu.be</sublink>
	<sublink>search</sublink>
	<sublink>searchsd</sublink>
	</link>
	<thumbnail>https://image.tmdb.org/t/p/w1280/qXsylPM4Lr5397R3eHrfqHhTUNc.jpg</thumbnail>
	<fanart>https://image.tmdb.org/t/p/w1280/2Tawvc0JMmR9nBXD3nhBThTQP2X.jpg</fanart>
</item>
<item>
	<title>[COLOR=blue]Cold in July[/COLOR]</title>
	<meta>
	<imdb>tt1179031</imdb>
	<content>movie</content>
	<title>Cold in July</title>
	<year>2014</year>
	</meta>
	<link>
	<sublink>https://www.youtube.com/watch?v=J5S7wFUvaCg&feature=youtu.be</sublink>
	<sublink>search</sublink>
	<sublink>searchsd</sublink>
	</link>
	<thumbnail>https://image.tmdb.org/t/p/w1280/zotsAuntzSFECpDWfkIWePcIJOq.jpg</thumbnail>
	<fanart>https://image.tmdb.org/t/p/w1280/61ZE6IO8gbkFmyAw6DBQfXWsK2w.jpg</fanart>
</item>
<item>
	<title>[COLOR=blue]Collateral[/COLOR]</title>
	<meta>
	<imdb>tt0369339</imdb>
	<content>movie</content>
	<title>Collateral</title>
	<year>2004</year>
	</meta>
	<link>
	<sublink>https://www.youtube.com/watch?v=J_oVvQJJ1r4&feature=youtu.be</sublink>
	<sublink>search</sublink>
	<sublink>searchsd</sublink>
	</link>
	<thumbnail>https://image.tmdb.org/t/p/w1280/fmkv2eRuYCTq7A5jzMBNgoNe1vA.jpg</thumbnail>
	<fanart>https://image.tmdb.org/t/p/w1280/hFcXrnmciPfIg8ZcXb1V7BeguF.jpg</fanart>
</item>
<item>
	<title>[COLOR=blue]Drive[/COLOR]</title>
	<meta>
	<imdb>tt0780504</imdb>
	<content>movie</content>
	<title>Drive</title>
	<year>2011</year>
	</meta>
	<link>
	<sublink>https://www.youtube.com/watch?v=0eup3tFOgbk&feature=youtu.be</sublink>
	<sublink>search</sublink>
	<sublink>searchsd</sublink>
	</link>
	<thumbnail>https://image.tmdb.org/t/p/w1280/nu7XIa67cXc2t7frXCE5voXUJcN.jpg</thumbnail>
	<fanart>https://image.tmdb.org/t/p/w1280/2qR5pJEMumBCKPxFrfx7RU25oVk.jpg</fanart>
</item>
<item>
	<title>[COLOR=blue]Eastern Promises[/COLOR]</title>
	<meta>
	<imdb>tt0765443</imdb>
	<content>movie</content>
	<title>Eastern Promises</title>
	<year>2007</year>
	</meta>
	<link>
	<sublink>https://www.youtube.com/watch?v=tNnkDFOD7J0&feature=youtu.be</sublink>
	<sublink>search</sublink>
	<sublink>searchsd</sublink>
	</link>
	<thumbnail>https://image.tmdb.org/t/p/w1280/AnYpxr2efiY1MEHGsSrwPF8pDFY.jpg</thumbnail>
	<fanart>https://image.tmdb.org/t/p/w1280/9KX4n538DJOXrvspKK5ZJI56RPt.jpg</fanart>
</item>
<item>
	<title>[COLOR=blue]The Equalizer[/COLOR]</title>
	<meta>
	<imdb>tt0455944</imdb>
	<content>movie</content>
	<title>The Equalizer</title>
	<year>2014</year>
	</meta>
	<link>
	<sublink>https://www.youtube.com/watch?v=qNggvk8QtaY&feature=youtu.be</sublink>
	<sublink>search</sublink>
	<sublink>searchsd</sublink>
	</link>
	<thumbnail>https://image.tmdb.org/t/p/w1280/2eQfjqlvPAxd9aLDs8DvsKLnfed.jpg</thumbnail>
	<fanart>https://image.tmdb.org/t/p/w1280/hEJ52KqwOmyRpcihs10h7xOwN7e.jpg</fanart>
</item>
<item>
	<title>[COLOR=blue]Fast & Furious[/COLOR]</title>
	<meta>
	<imdb>tt1013752</imdb>
	<content>movie</content>
	<title>Fast & Furious</title>
	<year>2009</year>
	</meta>
	<link>
	<sublink>https://www.youtube.com/watch?v=9c3-mpDxX-A&feature=youtu.be</sublink>
	<sublink>search</sublink>
	<sublink>searchsd</sublink>
	</link>
	<thumbnail>https://image.tmdb.org/t/p/w1280/ft8IqAGFs3V7i87z0t0EVRUjK1p.jpg</thumbnail>
	<fanart>https://image.tmdb.org/t/p/w1280/1R2ihQztuRTIqN3pFBR1yrBMd7w.jpg</fanart>
</item>
<item>
	<title>[COLOR=blue]The Fast and the Furious: Tokyo Drift[/COLOR]</title>
	<meta>
	<imdb>tt0463985</imdb>
	<content>movie</content>
	<title>The Fast and the Furious: Tokyo Drift</title>
	<year>2006</year>
	</meta>
	<link>
	<sublink>https://www.youtube.com/watch?v=xZ96tl5MrfU&feature=youtu.be</sublink>
	<sublink>search</sublink>
	<sublink>searchsd</sublink>
	</link>
	<thumbnail>https://image.tmdb.org/t/p/w1280/f9V0iTSYwnxW6tPIjSE7jrGC7eP.jpg</thumbnail>
	<fanart>https://image.tmdb.org/t/p/w1280/67Cvciv67nyJml3DjYIKVzYMLFV.jpg</fanart>
</item>
<item>
	<title>[COLOR=blue]The Fate of the Furious[/COLOR]</title>
	<meta>
	<imdb>tt4630562</imdb>
	<content>movie</content>
	<title>The Fate of the Furious</title>
	<year>2017</year>
	</meta>
	<link>
	<sublink>https://www.youtube.com/watch?v=JwMKRevYa_M&feature=youtu.be</sublink>
	<sublink>search</sublink>
	<sublink>searchsd</sublink>
	</link>
	<thumbnail>https://image.tmdb.org/t/p/w1280/dImWM7GJqryWJO9LHa3XQ8DD5NH.jpg</thumbnail>
	<fanart>https://image.tmdb.org/t/p/w1280/jzdnhRhG0dsuYorwvSqPqqnM1cV.jpg</fanart>
</item>
<item>
	<title>[COLOR=blue]Fracture[/COLOR]</title>
	<meta>
	<imdb>tt0488120</imdb>
	<content>movie</content>
	<title>Fracture</title>
	<year>2007</year>
	</meta>
	<link>
	<sublink>https://www.youtube.com/watch?v=yAar1EYxloQ&feature=youtu.be</sublink>
	<sublink>search</sublink>
	<sublink>searchsd</sublink>
	</link>
	<thumbnail>https://image.tmdb.org/t/p/w1280/sl5QYze20MclzDLxLDqe3sEJdiW.jpg</thumbnail>
	<fanart>https://image.tmdb.org/t/p/w1280/rf5j1avHtvLkVnBLdGmqh1LbIN0.jpg</fanart>
</item>
<item>
	<title>[COLOR=blue]Gangster Squad[/COLOR]</title>
	<meta>
	<imdb>tt1321870</imdb>
	<content>movie</content>
	<title>Gangster Squad</title>
	<year>2012</year>
	</meta>
	<link>
	<sublink>https://www.youtube.com/watch?v=9BiTx_eRRU4&feature=youtu.be</sublink>
	<sublink>search</sublink>
	<sublink>searchsd</sublink>
	</link>
	<thumbnail>https://image.tmdb.org/t/p/w1280/10yNEXaVBXp0mlnMrwwJ7Vvj6g5.jpg</thumbnail>
	<fanart>https://image.tmdb.org/t/p/w1280/ndtTFhwqCwhsTU6HjONR9bpwmED.jpg</fanart>
</item>
<item>
	<title>[COLOR=blue]Gone Girl[/COLOR]</title>
	<meta>
	<imdb>tt2267998</imdb>
	<content>movie</content>
	<title>Gone Girl</title>
	<year>2014</year>
	</meta>
	<link>
	<sublink>https://www.youtube.com/watch?v=2-_-1nJf8Vg&feature=youtu.be</sublink>
	<sublink>search</sublink>
	<sublink>searchsd</sublink>
	</link>
	<thumbnail>https://image.tmdb.org/t/p/w1280/gdiLTof3rbPDAmPaCf4g6op46bj.jpg</thumbnail>
	<fanart>https://image.tmdb.org/t/p/w1280/8ZNGBfGoN3uI5Akj5vEUDMxvmGO.jpg</fanart>
</item>
<item>
	<title>[COLOR=blue]Hannibal[/COLOR]</title>
	<meta>
	<imdb>tt0212985</imdb>
	<content>movie</content>
	<title>Hannibal</title>
	<year>2001</year>
	</meta>
	<link>
	<sublink>https://www.youtube.com/watch?v=Lr3OavheNu0&feature=youtu.be</sublink>
	<sublink>search</sublink>
	<sublink>searchsd</sublink>
	</link>
	<thumbnail>https://image.tmdb.org/t/p/w1280/v5wAZwRqpGWmyAaaJ8BBHYuNXnj.jpg</thumbnail>
	<fanart>https://image.tmdb.org/t/p/w1280/uq53wVM1DLRmKlgLmIs60mBvlP3.jpg</fanart>
</item>
<item>
	<title>[COLOR=blue]Hannibal Rising[/COLOR]</title>
	<meta>
	<imdb>tt0367959</imdb>
	<content>movie</content>
	<title>Hannibal Rising</title>
	<year>2007</year>
	</meta>
	<link>
	<sublink>https://www.youtube.com/watch?v=7LnMX1jgfRE&feature=youtu.be</sublink>
	<sublink>search</sublink>
	<sublink>searchsd</sublink>
	</link>
	<thumbnail>https://image.tmdb.org/t/p/w1280/k1QRG9qZzuuJe4JTTpe4jlnQ5tt.jpg</thumbnail>
	<fanart>https://image.tmdb.org/t/p/w1280/ruFuXoOhsnbr9VBC9aBYCR8KNlp.jpg</fanart>
</item>
<item>
	<title>[COLOR=blue]Identity[/COLOR]</title>
	<meta>
	<imdb>tt0309698</imdb>
	<content>movie</content>
	<title>Identity</title>
	<year>2003</year>
	</meta>
	<link>
	<sublink>https://www.youtube.com/watch?v=TQkG2x3qTf4&feature=youtu.be</sublink>
	<sublink>search</sublink>
	<sublink>searchsd</sublink>
	</link>
	<thumbnail>https://image.tmdb.org/t/p/w1280/xSNSp2wmCUwFavxdkMF417hBc39.jpg</thumbnail>
	<fanart>https://image.tmdb.org/t/p/w1280/arcpWGGnUkGkakOwZo7xfPsaz7h.jpg</fanart>
</item>
<item>
	<title>[COLOR=blue]In the Valley of Elah[/COLOR]</title>
	<meta>
	<imdb>tt0478134</imdb>
	<content>movie</content>
	<title>In the Valley of Elah</title>
	<year>2007</year>
	</meta>
	<link>
	<sublink>https://www.youtube.com/watch?v=jRu6m_3zmCU&feature=youtu.be</sublink>
	<sublink>search</sublink>
	<sublink>searchsd</sublink>
	</link>
	<thumbnail>https://image.tmdb.org/t/p/w1280/ccqymPOnylrkXpnvizW8d6n3dtt.jpg</thumbnail>
	<fanart>https://image.tmdb.org/t/p/w1280/dGBPaT4p2mOZ3xiETS4fcC5D6bA.jpg</fanart>
</item>
<item>
	<title>[COLOR=blue]Inside Man[/COLOR]</title>
	<meta>
	<imdb>tt0454848</imdb>
	<content>movie</content>
	<title>Inside Man</title>
	<year>2006</year>
	</meta>
	<link>
	<sublink>https://www.youtube.com/watch?v=3WRxsmqercg&feature=youtu.be</sublink>
	<sublink>search</sublink>
	<sublink>searchsd</sublink>
	</link>
	<thumbnail>https://image.tmdb.org/t/p/w1280/z6wYRuvk1lf60R4SmWETfdUvGsm.jpg</thumbnail>
	<fanart>https://image.tmdb.org/t/p/w1280/6sLQFh6VFxU8nIkVaYg2yyJ6FL.jpg</fanart>
</item>
<item>
	<title>[COLOR=blue]The Italian Job[/COLOR]</title>
	<meta>
	<imdb>tt0317740</imdb>
	<content>movie</content>
	<title>The Italian Job</title>
	<year>2003</year>
	</meta>
	<link>
	<sublink>https://www.youtube.com/watch?v=YT9VyEbUkCo&feature=youtu.be</sublink>
	<sublink>search</sublink>
	<sublink>searchsd</sublink>
	</link>
	<thumbnail>https://image.tmdb.org/t/p/w1280/jNRCNX1uDiUf6mteFxOBn30wL8Q.jpg</thumbnail>
	<fanart>https://image.tmdb.org/t/p/w1280/JyoJwSfcLvfLxCGHUQYlCxvU77.jpg</fanart>
</item>
<item>
	<title>[COLOR=blue]Jack Reacher[/COLOR]</title>
	<meta>
	<imdb>tt0790724</imdb>
	<content>movie</content>
	<title>Jack Reacher</title>
	<year>2012</year>
	</meta>
	<link>
	<sublink>https://www.youtube.com/watch?v=lvQzb1YMdtY&feature=youtu.be</sublink>
	<sublink>search</sublink>
	<sublink>searchsd</sublink>
	</link>
	<thumbnail>https://image.tmdb.org/t/p/w1280/mt0ELw83HIRgaKaDzhsDcIi0RnW.jpg</thumbnail>
	<fanart>https://image.tmdb.org/t/p/w1280/ezXodpP429qK0Av89pVNlaXWJkQ.jpg</fanart>
</item>
<item>
	<title>[COLOR=blue]Jack Reacher: Never Go Back[/COLOR]</title>
	<meta>
	<imdb>tt3393786</imdb>
	<content>movie</content>
	<title>Jack Reacher: Never Go Back</title>
	<year>2016</year>
	</meta>
	<link>
	<sublink>https://www.youtube.com/watch?v=fm9Ol-Cq7_s&feature=youtu.be</sublink>
	<sublink>search</sublink>
	<sublink>searchsd</sublink>
	</link>
	<thumbnail>https://image.tmdb.org/t/p/w1280/IfB9hy4JH1eH6HEfIgIGORXi5h.jpg</thumbnail>
	<fanart>https://image.tmdb.org/t/p/w1280/nDS8rddEK74HfAwCC5CoT6Cwzlt.jpg</fanart>
</item>
<item>
	<title>[COLOR=blue]John Wick[/COLOR]</title>
	<meta>
	<imdb>tt2911666</imdb>
	<content>movie</content>
	<title>John Wick</title>
	<year>2014</year>
	</meta>
	<link>
	<sublink>https://www.youtube.com/watch?v=2AUmvWm5ZDQ&feature=youtu.be</sublink>
	<sublink>search</sublink>
	<sublink>searchsd</sublink>
	</link>
	<thumbnail>https://image.tmdb.org/t/p/w1280/b9uYMMbm87IBFOq59pppvkkkgNg.jpg</thumbnail>
	<fanart>https://image.tmdb.org/t/p/w1280/mFb0ygcue4ITixDkdr7wm1Tdarx.jpg</fanart>
</item>
<item>
	<title>[COLOR=blue]John Wick: Chapter 2[/COLOR]</title>
	<meta>
	<imdb>tt4425200</imdb>
	<content>movie</content>
	<title>John Wick: Chapter 2</title>
	<year>2017</year>
	</meta>
	<link>
	<sublink>https://www.youtube.com/watch?v=Wp3EE71PINI&feature=youtu.be</sublink>
	<sublink>search</sublink>
	<sublink>searchsd</sublink>
	</link>
	<thumbnail>https://image.tmdb.org/t/p/w1280/zkXnKIwX5pYorKJp2fjFSfNyKT0.jpg</thumbnail>
	<fanart>https://image.tmdb.org/t/p/w1280/dQ6s3Ud2KoOs3LKw6xgZr1cw7Yq.jpg</fanart>
</item>
<item>
	<title>[COLOR=blue]Kill Bill: Vol. 1[/COLOR]</title>
	<meta>
	<imdb>tt0266697</imdb>
	<content>movie</content>
	<title>Kill Bill: Vol. 1</title>
	<year>2003</year>
	</meta>
	<link>
	<sublink>https://www.youtube.com/watch?v=c_dNIXwrbzY&feature=youtu.be</sublink>
	<sublink>search</sublink>
	<sublink>searchsd</sublink>
	</link>
	<thumbnail>https://image.tmdb.org/t/p/w1280/v7TaX8kXMXs5yFFGR41guUDNcnB.jpg</thumbnail>
	<fanart>https://image.tmdb.org/t/p/w1280/kkS8PKa8c134vXsj2fQkNqOaCXU.jpg</fanart>
</item>
<item>
	<title>[COLOR=blue]Kill Bill: Vol. 2[/COLOR]</title>
	<meta>
	<imdb>tt0378194</imdb>
	<content>movie</content>
	<title>Kill Bill: Vol. 2</title>
	<year>2004</year>
	</meta>
	<link>
	<sublink>https://www.youtube.com/watch?v=WTt8cCIvGYI&feature=youtu.be</sublink>
	<sublink>search</sublink>
	<sublink>searchsd</sublink>
	</link>
	<thumbnail>https://image.tmdb.org/t/p/w1280/2yhg0mZQMhDyvUQ4rG1IZ4oIA8L.jpg</thumbnail>
	<fanart>https://image.tmdb.org/t/p/w1280/33WfP01Pu8SMuuHYnoJXMRCMtmI.jpg</fanart>
</item>
<item>
	<title>[COLOR=blue]Lord of War[/COLOR]</title>
	<meta>
	<imdb>tt0399295</imdb>
	<content>movie</content>
	<title>Lord of War</title>
	<year>2005</year>
	</meta>
	<link>
	<sublink>https://www.youtube.com/watch?v=AXgyoER0aRc&feature=youtu.be</sublink>
	<sublink>search</sublink>
	<sublink>searchsd</sublink>
	</link>
	<thumbnail>https://image.tmdb.org/t/p/w1280/nwPUI9WlYtDmE5VO6eEFCfrNXWl.jpg</thumbnail>
	<fanart>https://image.tmdb.org/t/p/w1280/l31Gz3jLhDOlt3MRY7nbltwbptm.jpg</fanart>
</item>
<item>
	<title>[COLOR=blue]Lucy[/COLOR]</title>
	<meta>
	<imdb>tt2872732</imdb>
	<content>movie</content>
	<title>Lucy</title>
	<year>2014</year>
	</meta>
	<link>
	<sublink>https://www.youtube.com/watch?v=l7zAV_MDC68&feature=youtu.be</sublink>
	<sublink>search</sublink>
	<sublink>searchsd</sublink>
	</link>
	<thumbnail>https://image.tmdb.org/t/p/w1280/rwn876MeqienhOVSSjtUPnwxn0Z.jpg</thumbnail>
	<fanart>https://image.tmdb.org/t/p/w1280/eCgIoGvfNXrbSiQGqQHccuHjQHm.jpg</fanart>
</item>
<item>
	<title>[COLOR=blue]The Matador[/COLOR]</title>
	<meta>
	<imdb>tt0365485</imdb>
	<content>movie</content>
	<title>The Matador</title>
	<year>2005</year>
	</meta>
	<link>
	<sublink>https://www.youtube.com/watch?v=k3qUl2i9lVA&feature=youtu.be</sublink>
	<sublink>search</sublink>
	<sublink>searchsd</sublink>
	</link>
	<thumbnail>https://image.tmdb.org/t/p/w1280/u4Pfeuz52JPBdxwxpMpyMApWltB.jpg</thumbnail>
	<fanart>https://image.tmdb.org/t/p/w1280/gIDg3QGCfa0KE2f2VhozCldKafF.jpg</fanart>
</item>
<item>
	<title>[COLOR=blue]The Mexican[/COLOR]</title>
	<meta>
	<imdb>tt0236493</imdb>
	<content>movie</content>
	<title>The Mexican</title>
	<year>2001</year>
	</meta>
	<link>
	<sublink>https://www.youtube.com/watch?v=xfS4wPEIae0&feature=youtu.be</sublink>
	<sublink>search</sublink>
	<sublink>searchsd</sublink>
	</link>
	<thumbnail>https://image.tmdb.org/t/p/w1280/a7PuqWv0ENFg8dt9k51AID6P1kh.jpg</thumbnail>
	<fanart>https://image.tmdb.org/t/p/w1280/qz9sHMefRk8AqQEZSEYg81t6ZBZ.jpg</fanart>
</item>
<item>
	<title>[COLOR=blue]Mr. Brooks[/COLOR]</title>
	<meta>
	<imdb>tt0780571</imdb>
	<content>movie</content>
	<title>Mr. Brooks</title>
	<year>2007</year>
	</meta>
	<link>
	<sublink>https://www.youtube.com/watch?v=hXfbVIFc6t4&feature=youtu.be</sublink>
	<sublink>search</sublink>
	<sublink>searchsd</sublink>
	</link>
	<thumbnail>https://image.tmdb.org/t/p/w1280/atLwYVquG4YrGEk06tx9tJuTcN5.jpg</thumbnail>
	<fanart>https://image.tmdb.org/t/p/w1280/yJjvkbIZesG6ViXDsOLOufmTEIX.jpg</fanart>
</item>
<item>
	<title>[COLOR=blue]Mystic River[/COLOR]</title>
	<meta>
	<imdb>tt0327056</imdb>
	<content>movie</content>
	<title>Mystic River</title>
	<year>2003</year>
	</meta>
	<link>
	<sublink>https://www.youtube.com/watch?v=nmiA24jwlbM&feature=youtu.be</sublink>
	<sublink>search</sublink>
	<sublink>searchsd</sublink>
	</link>
	<thumbnail>https://image.tmdb.org/t/p/w1280/qeHasONCKH5sR9HcTWquXI5ZN5y.jpg</thumbnail>
	<fanart>https://image.tmdb.org/t/p/w1280/77SSqcbjWooVLUndqjhGugA8eln.jpg</fanart>
</item>
<item>
	<title>[COLOR=blue]The Next Three Days[/COLOR]</title>
	<meta>
	<imdb>tt1458175</imdb>
	<content>movie</content>
	<title>The Next Three Days</title>
	<year>2010</year>
	</meta>
	<link>
	<sublink>https://www.youtube.com/watch?v=Dwpw7HJ-XaU&feature=youtu.be</sublink>
	<sublink>search</sublink>
	<sublink>searchsd</sublink>
	</link>
	<thumbnail>https://image.tmdb.org/t/p/w1280/odZECgJpQSUUK1tOMrkT7LWxSkI.jpg</thumbnail>
	<fanart>https://image.tmdb.org/t/p/w1280/cGB5Z26ooEFwYdf3fEMZ71RuHGU.jpg</fanart>
</item>
<item>
	<title>[COLOR=blue]Nightcrawler[/COLOR]</title>
	<meta>
	<imdb>tt2872718</imdb>
	<content>movie</content>
	<title>Nightcrawler</title>
	<year>2014</year>
	</meta>
	<link>
	<sublink>https://www.youtube.com/watch?v=UXnKOuUHQAI&feature=youtu.be</sublink>
	<sublink>search</sublink>
	<sublink>searchsd</sublink>
	</link>
	<thumbnail>https://image.tmdb.org/t/p/w1280/8oPY6ULFOTbAEskySNhgsUIN4fW.jpg</thumbnail>
	<fanart>https://image.tmdb.org/t/p/w1280/gktL2rfE7d1xrwPSSTohxLOjLSs.jpg</fanart>
</item>
<item>
	<title>[COLOR=blue]No Country for Old Men[/COLOR]</title>
	<meta>
	<imdb>tt0477348</imdb>
	<content>movie</content>
	<title>No Country for Old Men</title>
	<year>2007</year>
	</meta>
	<link>
	<sublink>https://www.youtube.com/watch?v=_5lmI9EZUYA&feature=youtu.be</sublink>
	<sublink>search</sublink>
	<sublink>searchsd</sublink>
	</link>
	<thumbnail>https://image.tmdb.org/t/p/w1280/nBaqryObPuxmuAndWUjDE5rriTd.jpg</thumbnail>
	<fanart>https://image.tmdb.org/t/p/w1280/7hx7ANh11TbbvHLDXUuywYkg5rK.jpg</fanart>
</item>
<item>
	<title>[COLOR=blue]Ocean's Eleven[/COLOR]</title>
	<meta>
	<imdb>tt0240772</imdb>
	<content>movie</content>
	<title>Ocean's Eleven</title>
	<year>2001</year>
	</meta>
	<link>
	<sublink>https://www.youtube.com/watch?v=ImMGNQ2OEjo&feature=youtu.be</sublink>
	<sublink>search</sublink>
	<sublink>searchsd</sublink>
	</link>
	<thumbnail>https://image.tmdb.org/t/p/w1280/o0h76DVXvk5OKjmNez5YY0GODC2.jpg</thumbnail>
	<fanart>https://image.tmdb.org/t/p/w1280/z2fiN0tgkgOcAFl5gxvQlYXCn3l.jpg</fanart>
</item>
<item>
	<title>[COLOR=blue]Ocean's Thirteen[/COLOR]</title>
	<meta>
	<imdb>tt0496806</imdb>
	<content>movie</content>
	<title>Ocean's Thirteen</title>
	<year>2007</year>
	</meta>
	<link>
	<sublink>https://www.youtube.com/watch?v=YsqZosCj-qw&feature=youtu.be</sublink>
	<sublink>search</sublink>
	<sublink>searchsd</sublink>
	</link>
	<thumbnail>https://image.tmdb.org/t/p/w1280/5QTc2a782KkHwz4NntHMDgcp3PX.jpg</thumbnail>
	<fanart>https://image.tmdb.org/t/p/w1280/7ytb78OyijteFpFKKoZsYSvPw2u.jpg</fanart>
</item>
<item>
	<title>[COLOR=blue]Ocean's Twelve[/COLOR]</title>
	<meta>
	<imdb>tt0349903</imdb>
	<content>movie</content>
	<title>Ocean's Twelve</title>
	<year>2004</year>
	</meta>
	<link>
	<sublink>https://www.youtube.com/watch?v=YqcQv3dt_hY&feature=youtu.be</sublink>
	<sublink>search</sublink>
	<sublink>searchsd</sublink>
	</link>
	<thumbnail>https://image.tmdb.org/t/p/w1280/nS3iDLQuy13XY1JH58NNl1rCuNN.jpg</thumbnail>
	<fanart>https://image.tmdb.org/t/p/w1280/bYfM7W5bPTRLptXTItYExgTZLQV.jpg</fanart>
</item>
<item>
	<title>[COLOR=blue]The Pledge[/COLOR]</title>
	<meta>
	<imdb>tt0237572</imdb>
	<content>movie</content>
	<title>The Pledge</title>
	<year>2001</year>
	</meta>
	<link>
	<sublink>https://www.youtube.com/watch?v=jTf_2OKsXKk&feature=youtu.be</sublink>
	<sublink>search</sublink>
	<sublink>searchsd</sublink>
	</link>
	<thumbnail>https://image.tmdb.org/t/p/w1280/1SLCUsNThBezrLcXHZ7j0t1wRY4.jpg</thumbnail>
	<fanart>https://image.tmdb.org/t/p/w1280/2ll6GTHjrEHLfEvW3i7MFF8T18x.jpg</fanart>
</item>
<item>
	<title>[COLOR=blue]Prisoners[/COLOR]</title>
	<meta>
	<imdb>tt1392214</imdb>
	<content>movie</content>
	<title>Prisoners</title>
	<year>2013</year>
	</meta>
	<link>
	<sublink>https://www.youtube.com/watch?v=bpXfcTF6iVk&feature=youtu.be</sublink>
	<sublink>search</sublink>
	<sublink>searchsd</sublink>
	</link>
	<thumbnail>https://image.tmdb.org/t/p/w1280/yAhqW57pwMAsCgmZpM5zSIVQVTh.jpg</thumbnail>
	<fanart>https://image.tmdb.org/t/p/w1280/cLGKawjQ5tUJCuDyR0OnGYT4fyf.jpg</fanart>
</item>
<item>
	<title>[COLOR=blue]The Raid 2[/COLOR]</title>
	<meta>
	<imdb>tt2265171</imdb>
	<content>movie</content>
	<title>The Raid 2</title>
	<year>2014</year>
	</meta>
	<link>
	<sublink>https://www.youtube.com/watch?v=sZvkV-0jruA&feature=youtu.be</sublink>
	<sublink>search</sublink>
	<sublink>searchsd</sublink>
	</link>
	<thumbnail>https://image.tmdb.org/t/p/w1280/fVVU9hG6i6jeMv4HddeeTCAVzpF.jpg</thumbnail>
	<fanart>https://image.tmdb.org/t/p/w1280/1UVnDeeiN6IoJqgCJDfa1XTzB4N.jpg</fanart>
</item>
<item>
	<title>[COLOR=blue]Red Dragon[/COLOR]</title>
	<meta>
	<imdb>tt0289765</imdb>
	<content>movie</content>
	<title>Red Dragon</title>
	<year>2002</year>
	</meta>
	<link>
	<sublink>https://www.youtube.com/watch?v=VQvuC7_qgTE&feature=youtu.be</sublink>
	<sublink>search</sublink>
	<sublink>searchsd</sublink>
	</link>
	<thumbnail>https://image.tmdb.org/t/p/w1280/sULs7GLEM2tqNBwE5ac5d6FRlBR.jpg</thumbnail>
	<fanart>https://image.tmdb.org/t/p/w1280/kLWavbQnfAPE0s8BKtOhWVcJHvs.jpg</fanart>
</item>
<item>
	<title>[COLOR=blue]Redirected[/COLOR]</title>
	<meta>
	<imdb>tt2275946</imdb>
	<content>movie</content>
	<title>Redirected</title>
	<year>2014</year>
	</meta>
	<link>
	<sublink>https://www.youtube.com/watch?v=InKMG9Cckqw&feature=youtu.be</sublink>
	<sublink>search</sublink>
	<sublink>searchsd</sublink>
	</link>
	<thumbnail>https://image.tmdb.org/t/p/w1280/dbmXS7kEJxhAqVVmm5vpmDYpiqh.jpg</thumbnail>
	<fanart>https://image.tmdb.org/t/p/w1280/mZpuf2zIF2gyYZs6FlfbKBe2uvU.jpg</fanart>
</item>
<item>
	<title>[COLOR=blue]Road to Perdition[/COLOR]</title>
	<meta>
	<imdb>tt0257044</imdb>
	<content>movie</content>
	<title>Road to Perdition</title>
	<year>2002</year>
	</meta>
	<link>
	<sublink>https://www.youtube.com/watch?v=tGEveEqpjYk&feature=youtu.be</sublink>
	<sublink>search</sublink>
	<sublink>searchsd</sublink>
	</link>
	<thumbnail>https://image.tmdb.org/t/p/w1280/9C3VMy9HZ1VBhVHTadqg7pFh2ac.jpg</thumbnail>
	<fanart>https://image.tmdb.org/t/p/w1280/z1ePpG598FI2az9fZrvHmKbV5Tz.jpg</fanart>
</item>
<item>
	<title>[COLOR=blue]RockNRolla[/COLOR]</title>
	<meta>
	<imdb>tt1032755</imdb>
	<content>movie</content>
	<title>RockNRolla</title>
	<year>2008</year>
	</meta>
	<link>
	<sublink>https://www.youtube.com/watch?v=TdpR8VuvbCM&feature=youtu.be</sublink>
	<sublink>search</sublink>
	<sublink>searchsd</sublink>
	</link>
	<thumbnail>https://image.tmdb.org/t/p/w1280/9tnHUDuUDrNJxJ3raxpKIrnYXlH.jpg</thumbnail>
	<fanart>https://image.tmdb.org/t/p/w1280/g6FLR1fSleLUmYxufJNMTYiVpA4.jpg</fanart>
</item>
<item>
	<title>[COLOR=blue]The Raid[/COLOR]</title>
	<meta>
	<imdb>tt1899353</imdb>
	<content>movie</content>
	<title>The Raid</title>
	<year>2011</year>
	</meta>
	<link>
	<sublink>https://www.youtube.com/watch?v=m6Q7KnXpNOg&feature=youtu.be</sublink>
	<sublink>search</sublink>
	<sublink>searchsd</sublink>
	</link>
	<thumbnail>https://image.tmdb.org/t/p/w1280/mfDGRp19BcZUfPIhdqzdQ2uGZrf.jpg</thumbnail>
	<fanart>https://image.tmdb.org/t/p/w1280/dIyGEvgdqvk7PjQYqDJOy5bmOh4.jpg</fanart>
</item>
<item>
	<title>[COLOR=blue]Seven Psychopaths[/COLOR]</title>
	<meta>
	<imdb>tt1931533</imdb>
	<content>movie</content>
	<title>Seven Psychopaths</title>
	<year>2012</year>
	</meta>
	<link>
	<sublink>https://www.youtube.com/watch?v=jsHR77oQKEY&feature=youtu.be</sublink>
	<sublink>search</sublink>
	<sublink>searchsd</sublink>
	</link>
	<thumbnail>https://image.tmdb.org/t/p/w1280/3Zs6Ne6QAEOzQRz85VToH8ml6ab.jpg</thumbnail>
	<fanart>https://image.tmdb.org/t/p/w1280/4H6vE7fvB0gvaaSRJyguUu67FvF.jpg</fanart>
</item>
<item>
	<title>[COLOR=blue]Sicario[/COLOR]</title>
	<meta>
	<imdb>tt3397884</imdb>
	<content>movie</content>
	<title>Sicario</title>
	<year>2015</year>
	</meta>
	<link>
	<sublink>https://www.youtube.com/watch?v=ymx2jrknr3I&feature=youtu.be</sublink>
	<sublink>search</sublink>
	<sublink>searchsd</sublink>
	</link>
	<thumbnail>https://image.tmdb.org/t/p/w1280/p2SdfGmQRaw8xhFbexlHL7srMM8.jpg</thumbnail>
	<fanart>https://image.tmdb.org/t/p/w1280/zAHozevwbbsB2epEVpCkzqVccWW.jpg</fanart>
</item>
<item>
	<title>[COLOR=blue]Snatch[/COLOR]</title>
	<meta>
	<imdb>tt0208092</imdb>
	<content>movie</content>
	<title>Snatch</title>
	<year>2000</year>
	</meta>
	<link>
	<sublink>https://www.youtube.com/watch?v=ni4tEtuTccc&feature=youtu.be</sublink>
	<sublink>search</sublink>
	<sublink>searchsd</sublink>
	</link>
	<thumbnail>https://image.tmdb.org/t/p/w1280/on9JlbGEccLsYkjeEph2Whm1DIp.jpg</thumbnail>
	<fanart>https://image.tmdb.org/t/p/w1280/cNLZ7YGRikb4IsLblrzu86ndZPw.jpg</fanart>
</item>
<item>
	<title>[COLOR=blue]The Town[/COLOR]</title>
	<meta>
	<imdb>tt0840361</imdb>
	<content>movie</content>
	<title>The Town</title>
	<year>2010</year>
	</meta>
	<link>
	<sublink>https://www.youtube.com/watch?v=WcXt9aUMbBk&feature=youtu.be</sublink>
	<sublink>search</sublink>
	<sublink>searchsd</sublink>
	</link>
	<thumbnail>https://image.tmdb.org/t/p/w1280/zX4fKmDXKGt4hlzhAJirdlRKFgO.jpg</thumbnail>
	<fanart>https://image.tmdb.org/t/p/w1280/asMylckPVBXViRqxjDTzik0TpOh.jpg</fanart>
</item>
<item>
	<title>[COLOR=blue]Traffic[/COLOR]</title>
	<meta>
	<imdb>tt0181865</imdb>
	<content>movie</content>
	<title>Traffic</title>
	<year>2000</year>
	</meta>
	<link>
	<sublink>https://www.youtube.com/watch?v=g3Du7F7htXc&feature=youtu.be</sublink>
	<sublink>search</sublink>
	<sublink>searchsd</sublink>
	</link>
	<thumbnail>https://image.tmdb.org/t/p/w1280/9qPLd5hdXIlrAyknVWK38eZyUMo.jpg</thumbnail>
	<fanart>https://image.tmdb.org/t/p/w1280/ivAC8eZkzKoTf8EWQh7pkFD0AGS.jpg</fanart>
</item>
<item>
	<title>[COLOR=blue]Training Day[/COLOR]</title>
	<meta>
	<imdb>tt0139654</imdb>
	<content>movie</content>
	<title>Training Day</title>
	<year>2001</year>
	</meta>
	<link>
	<sublink>https://www.youtube.com/watch?v=gKTVQPOH8ZA&feature=youtu.be</sublink>
	<sublink>search</sublink>
	<sublink>searchsd</sublink>
	</link>
	<thumbnail>https://image.tmdb.org/t/p/w1280/sDT2biSB7wzBJdXq9o3ldr7VfvY.jpg</thumbnail>
	<fanart>https://image.tmdb.org/t/p/w1280/A1S9fBzc4Wepc6onnCd9eVR2FLp.jpg</fanart>
</item>
<item>
	<title>[COLOR=blue]Trance[/COLOR]</title>
	<meta>
	<imdb>tt1924429</imdb>
	<content>movie</content>
	<title>Trance</title>
	<year>2013</year>
	</meta>
	<link>
	<sublink>https://www.youtube.com/watch?v=976y9Xm6BkY&feature=youtu.be</sublink>
	<sublink>search</sublink>
	<sublink>searchsd</sublink>
	</link>
	<thumbnail>https://image.tmdb.org/t/p/w1280/jdVPz8ecjBRnboXQx4jmK7f5bLu.jpg</thumbnail>
	<fanart>https://image.tmdb.org/t/p/w1280/bsa7cusK4Uw7wX7szy8ilXiJavN.jpg</fanart>
</item>
<item>
	<title>[COLOR=blue]Wanted[/COLOR]</title>
	<meta>
	<imdb>tt0493464</imdb>
	<content>movie</content>
	<title>Wanted</title>
	<year>2008</year>
	</meta>
	<link>
	<sublink>https://www.youtube.com/watch?v=q9Mr-iYZRZk&feature=youtu.be</sublink>
	<sublink>search</sublink>
	<sublink>searchsd</sublink>
	</link>
	<thumbnail>https://image.tmdb.org/t/p/w1280/mUrkppyahzk6koYFekxeu0tmcPd.jpg</thumbnail>
	<fanart>https://image.tmdb.org/t/p/w1280/nUqFvwyLwZwT6Y3phbRNliTimZ5.jpg</fanart>
</item>
