<item>
	<title>[COLOR=blue]Black Hollow Cage[/COLOR]</title>
	<meta>
	<imdb>tt5687424</imdb>
	<content>movie</content>
	<title>Black Hollow Cage</title>
	<year>2017</year>
	</meta>
	<link>
	<sublink>https://www.youtube.com/watch?v=9KTHvKWUNOY&feature=youtu.be</sublink>
	<sublink>search</sublink>
	<sublink>searchsd</sublink>
	</link>
	<thumbnail>https://image.tmdb.org/t/p/w1280/AuWp3kfSCtXIOY3Cr2cBA9t9Sib.jpg</thumbnail>
	<fanart>https://image.tmdb.org/t/p/w1280/avKUthduOMhMwcQpXXyM8cUoEII.jpg</fanart>
</item>
<item>
	<title>[COLOR=blue]Salyut-7[/COLOR]</title>
	<meta>
	<imdb>tt6537238</imdb>
	<content>movie</content>
	<title>Salyut-7</title>
	<year>2017</year>
	</meta>
	<link>
	<sublink>https://www.youtube.com/watch?v=nuohk0jJ2Nc&feature=youtu.be</sublink>
	<sublink>search</sublink>
	<sublink>searchsd</sublink>
	</link>
	<thumbnail>https://image.tmdb.org/t/p/w1280/s2ktgF2ze4aVt9bXBUvxFJllqyd.jpg</thumbnail>
	<fanart>https://image.tmdb.org/t/p/w1280/iQmSFq30zjMJxXfb3GehRaFH5Fp.jpg</fanart>
</item>
<item>
	<title>[COLOR=blue]The Man with the Magic Box[/COLOR]</title>
	<meta>
	<imdb>tt5782146</imdb>
	<content>movie</content>
	<title>The Man with the Magic Box</title>
	<year>2017</year>
	</meta>
	<link>
	<sublink>https://www.youtube.com/watch?v=Aey-tx_dEaM&feature=youtu.be</sublink>
	<sublink>search</sublink>
	<sublink>searchsd</sublink>
	</link>
	<thumbnail>https://image.tmdb.org/t/p/w1280/5TtS4G89BHBBTNMWReTVasFlmVZ.jpg</thumbnail>
	<fanart>https://image.tmdb.org/t/p/w1280/xV0ks7S2GGerZHqmodDTj8hbr5w.jpg</fanart>
</item>
<item>
	<title>[COLOR=blue]Let the Corpses Tan[/COLOR]</title>
	<meta>
	<imdb>tt5827212</imdb>
	<content>movie</content>
	<title>Let the Corpses Tan</title>
	<year>2017</year>
	</meta>
	<link>
	<sublink>https://www.youtube.com/watch?v=ONMbWj8u-RA&feature=youtu.be</sublink>
	<sublink>search</sublink>
	<sublink>searchsd</sublink>
	</link>
	<thumbnail>https://image.tmdb.org/t/p/w1280/gpX8cHuwlQ6anmxkVZXG2oTt9Lv.jpg</thumbnail>
	<fanart>https://image.tmdb.org/t/p/w1280/2uSy6CaqpedLiYDCmjDDXCuu8B3.jpg</fanart>
</item>
<item>
	<title>[COLOR=blue]Love & Saucers[/COLOR]</title>
	<meta>
	<imdb>tt6152590</imdb>
	<content>movie</content>
	<title>Love & Saucers</title>
	<year>2017</year>
	</meta>
	<link>
	<sublink>https://www.youtube.com/watch?v=mRdxTk6BJvE&feature=youtu.be</sublink>
	<sublink>search</sublink>
	<sublink>searchsd</sublink>
	</link>
	<thumbnail>https://image.tmdb.org/t/p/w1280/lLC9Gj2DPwS17DTZPHQ5D9t9aQD.jpg</thumbnail>
	<fanart>https://image.tmdb.org/t/p/w1280/l1VwtI3EK45V6LBjrsgK1YOLJ25.jpg</fanart>
</item>
<item>
	<title>[COLOR=blue]Hagazussa[/COLOR]</title>
	<meta>
	<imdb>tt7323600</imdb>
	<content>movie</content>
	<title>Hagazussa</title>
	<year>2018</year>
	</meta>
	<link>
	<sublink>https://www.youtube.com/watch?v=_last886efA&feature=youtu.be</sublink>
	<sublink>search</sublink>
	<sublink>searchsd</sublink>
	</link>
	<thumbnail>https://image.tmdb.org/t/p/w1280/qxUiwpRKagcNHFlly5IpcbX0QPI.jpg</thumbnail>
	<fanart>https://image.tmdb.org/t/p/w1280/ase4rfs0t4yUOQDFhPxCyTgusi5.jpg</fanart>
</item>
<item>
	<title>[COLOR=blue]The Fly[/COLOR]</title>
	<meta>
	<imdb>tt0051622</imdb>
	<content>movie</content>
	<title>The Fly</title>
	<year>1958</year>
	</meta>
	<link>
	<sublink>https://www.youtube.com/watch?v=Hdv4QA-O1bg&feature=youtu.be</sublink>
	<sublink>search</sublink>
	<sublink>searchsd</sublink>
	</link>
	<thumbnail>https://image.tmdb.org/t/p/w1280/jA6GYQDuR0RV99sWcjCzz8gcbHB.jpg</thumbnail>
	<fanart>https://image.tmdb.org/t/p/w1280/xjZ3B2koYKziDJ6PilXvS3YTYKG.jpg</fanart>
</item>
<item>
	<title>[COLOR=blue]Thread[/COLOR]</title>
	<meta>
	<imdb>tt6250500</imdb>
	<content>movie</content>
	<title>Thread</title>
	<year>2017</year>
	</meta>
	<link>
	<sublink>https://www.youtube.com/watch?v=Hdv4QA-O1bg&feature=youtu.be</sublink>
	<sublink>search</sublink>
	<sublink>searchsd</sublink>
	</link>
	<thumbnail>https://image.tmdb.org/t/p/w1280none</thumbnail>
	<fanart>https://image.tmdb.org/t/p/w1280none</fanart>
</item>
<item>
	<title>[COLOR=blue]Akira[/COLOR]</title>
	<meta>
	<imdb>tt0094625</imdb>
	<content>movie</content>
	<title>Akira</title>
	<year>1988</year>
	</meta>
	<link>
	<sublink>https://www.youtube.com/watch?v=R2buISZP-a0&feature=youtu.be</sublink>
	<sublink>search</sublink>
	<sublink>searchsd</sublink>
	</link>
	<thumbnail>https://image.tmdb.org/t/p/w1280/5KlRFKKSbyCiyYpZSS3A6G5bW0K.jpg</thumbnail>
	<fanart>https://image.tmdb.org/t/p/w1280/ryEVf632AXyhAxLqDDY1eHtC72N.jpg</fanart>
</item>
<item>
	<title>[COLOR=blue]The Beast from 20,000 Fathoms[/COLOR]</title>
	<meta>
	<imdb>tt0045546</imdb>
	<content>movie</content>
	<title>The Beast from 20,000 Fathoms</title>
	<year>1953</year>
	</meta>
	<link>
	<sublink>https://www.youtube.com/watch?v=2UP0-Ne1aTs&feature=youtu.be</sublink>
	<sublink>search</sublink>
	<sublink>searchsd</sublink>
	</link>
	<thumbnail>https://image.tmdb.org/t/p/w1280/sHH78Wlxs51ApN2dZR9DuBHIw4v.jpg</thumbnail>
	<fanart>https://image.tmdb.org/t/p/w1280/gbbAotwXFDOovLr8puQFxTM7Sj9.jpg</fanart>
</item>
<item>
	<title>[COLOR=blue]Big Fish & Begonia[/COLOR]</title>
	<meta>
	<imdb>tt1920885</imdb>
	<content>movie</content>
	<title>Big Fish & Begonia</title>
	<year>2016</year>
	</meta>
	<link>
	<sublink>https://www.youtube.com/watch?v=5TgxS_BMu7w&feature=youtu.be</sublink>
	<sublink>search</sublink>
	<sublink>searchsd</sublink>
	</link>
	<thumbnail>https://image.tmdb.org/t/p/w1280/fRCdXh9MZutj1JJPZlUXMex6AuB.jpg</thumbnail>
	<fanart>https://image.tmdb.org/t/p/w1280/kNAzo7icHdFkF43JQa18mPEUtvf.jpg</fanart>
</item>
<item>
	<title>[COLOR=blue]Marjorie Prime[/COLOR]</title>
	<meta>
	<imdb>tt4978710</imdb>
	<content>movie</content>
	<title>Marjorie Prime</title>
	<year>2017</year>
	</meta>
	<link>
	<sublink>https://www.youtube.com/watch?v=_sBFbda7H4k&feature=youtu.be</sublink>
	<sublink>search</sublink>
	<sublink>searchsd</sublink>
	</link>
	<thumbnail>https://image.tmdb.org/t/p/w1280/rvTZFjcNvzPFYJnmdrvSrGvqx67.jpg</thumbnail>
	<fanart>https://image.tmdb.org/t/p/w1280/w1ER1Sf57M9QTU2pOEdP5cHeCxD.jpg</fanart>
</item>
<item>
	<title>[COLOR=blue]Instant Dreams[/COLOR]</title>
	<meta>
	<imdb>tt5458406</imdb>
	<content>movie</content>
	<title>Instant Dreams</title>
	<year>2017</year>
	</meta>
	<link>
	<sublink>https://www.youtube.com/watch?v=a5RqyYo_vBE&feature=youtu.be</sublink>
	<sublink>search</sublink>
	<sublink>searchsd</sublink>
	</link>
	<thumbnail>https://image.tmdb.org/t/p/w1280/5XGo4Nimn3QmN15ItMB4jXY9tzH.jpg</thumbnail>
	<fanart>https://image.tmdb.org/t/p/w1280/v18bV1vePUy2LlE7axlze1Hjy1y.jpg</fanart>
</item>
<item>
	<title>[COLOR=blue]Planet of the Apes[/COLOR]</title>
	<meta>
	<imdb>tt0063442</imdb>
	<content>movie</content>
	<title>Planet of the Apes</title>
	<year>1968</year>
	</meta>
	<link>
	<sublink>https://www.youtube.com/watch?v=VjcpRHuPjOI&feature=youtu.be</sublink>
	<sublink>search</sublink>
	<sublink>searchsd</sublink>
	</link>
	<thumbnail>https://image.tmdb.org/t/p/w1280/lkYLPBboomtDKK4e41BlwBVfsIS.jpg</thumbnail>
	<fanart>https://image.tmdb.org/t/p/w1280/u4s4b3xRz5gOHwzO2KneDqIl7Bf.jpg</fanart>
</item>
<item>
	<title>[COLOR=blue]They Live[/COLOR]</title>
	<meta>
	<imdb>tt0096256</imdb>
	<content>movie</content>
	<title>They Live</title>
	<year>1988</year>
	</meta>
	<link>
	<sublink>https://www.youtube.com/watch?v=iJC4R1uXDaE&feature=youtu.be</sublink>
	<sublink>search</sublink>
	<sublink>searchsd</sublink>
	</link>
	<thumbnail>https://image.tmdb.org/t/p/w1280/8N8BnBGwgsxXXwZ2q9eVFFIKFL1.jpg</thumbnail>
	<fanart>https://image.tmdb.org/t/p/w1280/i0kj8aVTZGKlOOjeAZkZprCEfGG.jpg</fanart>
</item>
