<item>
	<title>[COLOR=blue]The Baby's Room[/COLOR]</title>
	<meta>
	<imdb>tt0430164</imdb>
	<content>movie</content>
	<title>The Baby's Room</title>
	<year>2006</year>
	</meta>
	<link>
	<sublink>https://www.youtube.com/watch?v=doTD0AmfHok&feature=youtu.be</sublink>
	<sublink>search</sublink>
	<sublink>searchsd</sublink>
	</link>
	<thumbnail>https://image.tmdb.org/t/p/w1280/t5BtCJyju9ltoVUV0VmwKUt5N0S.jpg</thumbnail>
	<fanart>https://image.tmdb.org/t/p/w1280/gmSv6VxirTwMFu9kf2ELndP7QUg.jpg</fanart>
</item>
<item>
	<title>[COLOR=blue]Sauna[/COLOR]</title>
	<meta>
	<imdb>tt1124394</imdb>
	<content>movie</content>
	<title>Sauna</title>
	<year>2010</year>
	</meta>
	<link>
	<sublink>https://www.youtube.com/watch?v=Zl4NinKU6WA&feature=youtu.be</sublink>
	<sublink>search</sublink>
	<sublink>searchsd</sublink>
	</link>
	<thumbnail>https://image.tmdb.org/t/p/w1280/pkcbhWFz0AvHsTyiFfklpe5QIx8.jpg</thumbnail>
	<fanart>https://image.tmdb.org/t/p/w1280/efS0m4sybavolmtbW1iovxj3nie.jpg</fanart>
</item>
<item>
	<title>[COLOR=blue]Anatomy[/COLOR]</title>
	<meta>
	<imdb>tt0187696</imdb>
	<content>movie</content>
	<title>Anatomy</title>
	<year>2000</year>
	</meta>
	<link>
	<sublink>https://www.youtube.com/watch?v=Zl4NinKU6WA&feature=youtu.be</sublink>
	<sublink>search</sublink>
	<sublink>searchsd</sublink>
	</link>
	<thumbnail>https://image.tmdb.org/t/p/w1280none</thumbnail>
	<fanart>https://image.tmdb.org/t/p/w1280none</fanart>
</item>
<item>
	<title>[COLOR=blue]The Cottage[/COLOR]</title>
	<meta>
	<imdb>tt0465430</imdb>
	<content>movie</content>
	<title>The Cottage</title>
	<year>2008</year>
	</meta>
	<link>
	<sublink>https://www.youtube.com/watch?v=q1DIFtBcozI&feature=youtu.be</sublink>
	<sublink>search</sublink>
	<sublink>searchsd</sublink>
	</link>
	<thumbnail>https://image.tmdb.org/t/p/w1280/gh08eCKFWZC1gfYH6L3dKNu2HTr.jpg</thumbnail>
	<fanart>https://image.tmdb.org/t/p/w1280/1D0vEL7GUnf6GIa5aZQQNrHuWqf.jpg</fanart>
</item>
<item>
	<title>[COLOR=blue]Timecrimes[/COLOR]</title>
	<meta>
	<imdb>tt0480669</imdb>
	<content>movie</content>
	<title>Timecrimes</title>
	<year>2007</year>
	</meta>
	<link>
	<sublink>https://www.youtube.com/watch?v=N4ndXJnT8AM&feature=youtu.be</sublink>
	<sublink>search</sublink>
	<sublink>searchsd</sublink>
	</link>
	<thumbnail>https://image.tmdb.org/t/p/w1280/yaPwrv8c2ZKVHdUicUUnA9LvCCh.jpg</thumbnail>
	<fanart>https://image.tmdb.org/t/p/w1280/4bnk6fY6By5em5tFDiESo6gz5ln.jpg</fanart>
</item>
<item>
	<title>[COLOR=blue]Spiral[/COLOR]</title>
	<meta>
	<imdb>tt0244870</imdb>
	<content>movie</content>
	<title>Spiral</title>
	<year>2000</year>
	</meta>
	<link>
	<sublink>https://www.youtube.com/watch?v=j9U4JqO5hxo&feature=youtu.be</sublink>
	<sublink>search</sublink>
	<sublink>searchsd</sublink>
	</link>
	<thumbnail>https://image.tmdb.org/t/p/w1280/bT9dnJJ7kApqIwRKi3sLTJN4Uw1.jpg</thumbnail>
	<fanart>https://image.tmdb.org/t/p/w1280/7qkx92O2PvJNzRa8FLmOf8GQQvs.jpg</fanart>
</item>
<item>
	<title>[COLOR=blue]Shutter[/COLOR]</title>
	<meta>
	<imdb>tt0440803</imdb>
	<content>movie</content>
	<title>Shutter</title>
	<year>2004</year>
	</meta>
	<link>
	<sublink>https://www.youtube.com/watch?v=j9U4JqO5hxo&feature=youtu.be</sublink>
	<sublink>search</sublink>
	<sublink>searchsd</sublink>
	</link>
	<thumbnail>https://image.tmdb.org/t/p/w1280none</thumbnail>
	<fanart>https://image.tmdb.org/t/p/w1280none</fanart>
</item>
<item>
	<title>[COLOR=blue]Love Object[/COLOR]</title>
	<meta>
	<imdb>tt0328077</imdb>
	<content>movie</content>
	<title>Love Object</title>
	<year>2003</year>
	</meta>
	<link>
	<sublink>https://www.youtube.com/watch?v=kY391WsPZTc&feature=youtu.be</sublink>
	<sublink>search</sublink>
	<sublink>searchsd</sublink>
	</link>
	<thumbnail>https://image.tmdb.org/t/p/w1280/2ugM0JAxWTV6eAhYK9A7tbw5F2j.jpg</thumbnail>
	<fanart>https://image.tmdb.org/t/p/w1280/tpJQSwIgp1NF9XidlCp4iooB5ja.jpg</fanart>
</item>
<item>
	<title>[COLOR=blue]Triangle[/COLOR]</title>
	<meta>
	<imdb>tt1187064</imdb>
	<content>movie</content>
	<title>Triangle</title>
	<year>2009</year>
	</meta>
	<link>
	<sublink>https://www.youtube.com/watch?v=17XqBdCiHOI&feature=youtu.be</sublink>
	<sublink>search</sublink>
	<sublink>searchsd</sublink>
	</link>
	<thumbnail>https://image.tmdb.org/t/p/w1280/hjC00Wus7IoCywVTHt68W8QxcyW.jpg</thumbnail>
	<fanart>https://image.tmdb.org/t/p/w1280/cL1R5nz7BUVU3d2shLDTaDcU0Ga.jpg</fanart>
</item>
<item>
	<title>[COLOR=blue]Fragile[/COLOR]</title>
	<meta>
	<imdb>tt0422272</imdb>
	<content>movie</content>
	<title>Fragile</title>
	<year>2005</year>
	</meta>
	<link>
	<sublink>https://www.youtube.com/watch?v=Ux2TQ3hMEO0&feature=youtu.be</sublink>
	<sublink>search</sublink>
	<sublink>searchsd</sublink>
	</link>
	<thumbnail>https://image.tmdb.org/t/p/w1280/zNjjrfbI3gb1FcRPmr9FZX1zyrI.jpg</thumbnail>
	<fanart>https://image.tmdb.org/t/p/w1280/mU8PPtrSfkZ86t6ESi0uJTnM4yX.jpg</fanart>
</item>
