<item>
	<title>[COLOR=blue]Last Shift[/COLOR]</title>
	<meta>
	<imdb>tt2965466</imdb>
	<content>movie</content>
	<title>Last Shift</title>
	<year>2014</year>
	</meta>
	<link>
	<sublink>https://www.youtube.com/watch?v=IZ4bu2XiWwM&feature=youtu.be</sublink>
	<sublink>search</sublink>
	<sublink>searchsd</sublink>
	</link>
	<thumbnail>https://image.tmdb.org/t/p/w1280/fBrUODXYBb3lUoitnBzGz81Bo2D.jpg</thumbnail>
	<fanart>https://image.tmdb.org/t/p/w1280/pNfgVf5tgqDpycbQwMgt9OZK685.jpg</fanart>
</item>
<item>
	<title>[COLOR=blue]Bluebeard[/COLOR]</title>
	<meta>
	<imdb>tt0131934</imdb>
	<content>movie</content>
	<title>Bluebeard</title>
	<year>1901</year>
	</meta>
	<link>
	<sublink>https://www.youtube.com/watch?v=IZ4bu2XiWwM&feature=youtu.be</sublink>
	<sublink>search</sublink>
	<sublink>searchsd</sublink>
	</link>
	<thumbnail>https://image.tmdb.org/t/p/w1280none</thumbnail>
	<fanart>https://image.tmdb.org/t/p/w1280none</fanart>
</item>
<item>
	<title>[COLOR=blue]Carrie[/COLOR]</title>
	<meta>
	<imdb>tt0074285</imdb>
	<content>movie</content>
	<title>Carrie</title>
	<year>1976</year>
	</meta>
	<link>
	<sublink>https://www.youtube.com/watch?v=EB9TxhF08ng&feature=youtu.be</sublink>
	<sublink>search</sublink>
	<sublink>searchsd</sublink>
	</link>
	<thumbnail>https://image.tmdb.org/t/p/w1280/n9JxLthRHwTWwu5OjFHVplkVSUg.jpg</thumbnail>
	<fanart>https://image.tmdb.org/t/p/w1280/zwJFfKQdfiptK2GY6N8GkZFrAxJ.jpg</fanart>
</item>
<item>
	<title>[COLOR=blue]Black Christmas[/COLOR]</title>
	<meta>
	<imdb>tt0071222</imdb>
	<content>movie</content>
	<title>Black Christmas</title>
	<year>1974</year>
	</meta>
	<link>
	<sublink>https://www.youtube.com/watch?v=ufCj6iUM_zY&feature=youtu.be</sublink>
	<sublink>search</sublink>
	<sublink>searchsd</sublink>
	</link>
	<thumbnail>https://image.tmdb.org/t/p/w1280/qqO98sdPgptFgCua3Z4uZDuPcmP.jpg</thumbnail>
	<fanart>https://image.tmdb.org/t/p/w1280/zfs9QuKkZL6ZCluGvjo5Pk49aMv.jpg</fanart>
</item>
<item>
	<title>[COLOR=blue]The Conjuring[/COLOR]</title>
	<meta>
	<imdb>tt1457767</imdb>
	<content>movie</content>
	<title>The Conjuring</title>
	<year>2013</year>
	</meta>
	<link>
	<sublink>https://www.youtube.com/watch?v=ejMMn0t58Lc&feature=youtu.be</sublink>
	<sublink>search</sublink>
	<sublink>searchsd</sublink>
	</link>
	<thumbnail>https://image.tmdb.org/t/p/w1280/ejrD1lkCIQX26TO8k4gePsFpcyX.jpg</thumbnail>
	<fanart>https://image.tmdb.org/t/p/w1280/ksV4twEYj9HUjq2MP6q2dM0rxWX.jpg</fanart>
</item>
<item>
	<title>[COLOR=blue]The Addams Family[/COLOR]</title>
	<meta>
	<imdb>tt0101272</imdb>
	<content>movie</content>
	<title>The Addams Family</title>
	<year>1991</year>
	</meta>
	<link>
	<sublink>https://www.youtube.com/watch?v=4t2tdKD9tPs&feature=youtu.be</sublink>
	<sublink>search</sublink>
	<sublink>searchsd</sublink>
	</link>
	<thumbnail>https://image.tmdb.org/t/p/w1280/ajiQj0jbacMAmPxDU3fP9TeIfTi.jpg</thumbnail>
	<fanart>https://image.tmdb.org/t/p/w1280/5ZVG87nRXvzTv8VXdcYE5GzLg4K.jpg</fanart>
</item>
<item>
	<title>[COLOR=blue]Zombeavers[/COLOR]</title>
	<meta>
	<imdb>tt2784512</imdb>
	<content>movie</content>
	<title>Zombeavers</title>
	<year>2014</year>
	</meta>
	<link>
	<sublink>https://www.youtube.com/watch?v=7onFrBK_hKE&feature=youtu.be</sublink>
	<sublink>search</sublink>
	<sublink>searchsd</sublink>
	</link>
	<thumbnail>https://image.tmdb.org/t/p/w1280/pn3R6VZq4UdM7qdIhw5YOHnwNna.jpg</thumbnail>
	<fanart>https://image.tmdb.org/t/p/w1280/d0JF30sdismMh91IGrqJrwOVZTP.jpg</fanart>
</item>
<item>
	<title>[COLOR=blue]Scanners[/COLOR]</title>
	<meta>
	<imdb>tt0081455</imdb>
	<content>movie</content>
	<title>Scanners</title>
	<year>1981</year>
	</meta>
	<link>
	<sublink>https://www.youtube.com/watch?v=MdAh1qDmJng&feature=youtu.be</sublink>
	<sublink>search</sublink>
	<sublink>searchsd</sublink>
	</link>
	<thumbnail>https://image.tmdb.org/t/p/w1280/gl7uT1nm7kpi4Fv0YMgv2C1dGj3.jpg</thumbnail>
	<fanart>https://image.tmdb.org/t/p/w1280/7kAXrqKDAt8vnVTJs3JIwfWYeGy.jpg</fanart>
</item>
<item>
	<title>[COLOR=blue]mother![/COLOR]</title>
	<meta>
	<imdb>tt5109784</imdb>
	<content>movie</content>
	<title>mother!</title>
	<year>2017</year>
	</meta>
	<link>
	<sublink>https://www.youtube.com/watch?v=XpICoc65uh0&feature=youtu.be</sublink>
	<sublink>search</sublink>
	<sublink>searchsd</sublink>
	</link>
	<thumbnail>https://image.tmdb.org/t/p/w1280/qmi2dsuoyzZdJ0WFZYQazbX8ILj.jpg</thumbnail>
	<fanart>https://image.tmdb.org/t/p/w1280/uuQpQ8VDOtVL2IO4y2pR58odkS5.jpg</fanart>
</item>
<item>
	<title>[COLOR=blue]Get Out[/COLOR]</title>
	<meta>
	<imdb>tt5052448</imdb>
	<content>movie</content>
	<title>Get Out</title>
	<year>2017</year>
	</meta>
	<link>
	<sublink>https://www.youtube.com/watch?v=xnGTjx-AVdc&feature=youtu.be</sublink>
	<sublink>search</sublink>
	<sublink>searchsd</sublink>
	</link>
	<thumbnail>https://image.tmdb.org/t/p/w1280/1SwAVYpuLj8KsHxllTF8Dt9dSSX.jpg</thumbnail>
	<fanart>https://image.tmdb.org/t/p/w1280/vZ7EVk7FaNEWYqlVWbFLHP8Z0LU.jpg</fanart>
</item>
<item>
	<title>[COLOR=blue]Apostle[/COLOR]</title>
	<meta>
	<imdb>tt6217306</imdb>
	<content>movie</content>
	<title>Apostle</title>
	<year>2018</year>
	</meta>
	<link>
	<sublink>https://www.youtube.com/watch?v=J1JdWOqc9Q8&feature=youtu.be</sublink>
	<sublink>search</sublink>
	<sublink>searchsd</sublink>
	</link>
	<thumbnail>https://image.tmdb.org/t/p/w1280/rd269f2Yftxxam3EOJPYVwrvjIJ.jpg</thumbnail>
	<fanart>https://image.tmdb.org/t/p/w1280/73iZGJA287epF2nf2UvSbjelvlK.jpg</fanart>
</item>
<item>
	<title>[COLOR=blue]Galaxy of Terror[/COLOR]</title>
	<meta>
	<imdb>tt0082431</imdb>
	<content>movie</content>
	<title>Galaxy of Terror</title>
	<year>1981</year>
	</meta>
	<link>
	<sublink>https://www.youtube.com/watch?v=mJO07ylhTu4&feature=youtu.be</sublink>
	<sublink>search</sublink>
	<sublink>searchsd</sublink>
	</link>
	<thumbnail>https://image.tmdb.org/t/p/w1280/2Qg8opQjLVCLF4bbs0x3LsS771G.jpg</thumbnail>
	<fanart>https://image.tmdb.org/t/p/w1280/6lTqRAPfVeQOTn0i9jNPONOf4d7.jpg</fanart>
</item>
<item>
	<title>[COLOR=blue]The Cottage[/COLOR]</title>
	<meta>
	<imdb>tt0465430</imdb>
	<content>movie</content>
	<title>The Cottage</title>
	<year>2008</year>
	</meta>
	<link>
	<sublink>https://www.youtube.com/watch?v=q1DIFtBcozI&feature=youtu.be</sublink>
	<sublink>search</sublink>
	<sublink>searchsd</sublink>
	</link>
	<thumbnail>https://image.tmdb.org/t/p/w1280/gh08eCKFWZC1gfYH6L3dKNu2HTr.jpg</thumbnail>
	<fanart>https://image.tmdb.org/t/p/w1280/1D0vEL7GUnf6GIa5aZQQNrHuWqf.jpg</fanart>
</item>
<item>
	<title>[COLOR=blue]Happy Death Day[/COLOR]</title>
	<meta>
	<imdb>tt5308322</imdb>
	<content>movie</content>
	<title>Happy Death Day</title>
	<year>2017</year>
	</meta>
	<link>
	<sublink>https://www.youtube.com/watch?v=Oi8-P3Wpba8&feature=youtu.be</sublink>
	<sublink>search</sublink>
	<sublink>searchsd</sublink>
	</link>
	<thumbnail>https://image.tmdb.org/t/p/w1280/cTaEIUYTt52ooq9quVbAQ7NpGwo.jpg</thumbnail>
	<fanart>https://image.tmdb.org/t/p/w1280/eGx5OfOdvM0gkHdmkLe3hcJuEIT.jpg</fanart>
</item>
<item>
	<title>[COLOR=blue]Thir13en Ghosts[/COLOR]</title>
	<meta>
	<imdb>tt0245674</imdb>
	<content>movie</content>
	<title>Thir13en Ghosts</title>
	<year>2001</year>
	</meta>
	<link>
	<sublink>https://www.youtube.com/watch?v=hS6EyJQA53Y&feature=youtu.be</sublink>
	<sublink>search</sublink>
	<sublink>searchsd</sublink>
	</link>
	<thumbnail>https://image.tmdb.org/t/p/w1280/s4KZw4vmXfZGbPLBJB7RpWsiUxk.jpg</thumbnail>
	<fanart>https://image.tmdb.org/t/p/w1280/bVZNGCXhQMPpCCDr6HaYjqMULck.jpg</fanart>
</item>
<item>
	<title>[COLOR=blue]Noroi: The Curse[/COLOR]</title>
	<meta>
	<imdb>tt0930083</imdb>
	<content>movie</content>
	<title>Noroi: The Curse</title>
	<year>2005</year>
	</meta>
	<link>
	<sublink>https://www.youtube.com/watch?v=7A5VNsEeAMY&feature=youtu.be</sublink>
	<sublink>search</sublink>
	<sublink>searchsd</sublink>
	</link>
	<thumbnail>https://image.tmdb.org/t/p/w1280/7qUFiNE8kWcptWGxiXgLLKY5iVI.jpg</thumbnail>
	<fanart>https://image.tmdb.org/t/p/w1280/hiNHvgODNlYrNVDePSeMTLMRRMd.jpg</fanart>
</item>
<item>
	<title>[COLOR=blue]The Blackcoat's Daughter[/COLOR]</title>
	<meta>
	<imdb>tt3286052</imdb>
	<content>movie</content>
	<title>The Blackcoat's Daughter</title>
	<year>2017</year>
	</meta>
	<link>
	<sublink>https://www.youtube.com/watch?v=pRc_-iK3RVE&feature=youtu.be</sublink>
	<sublink>search</sublink>
	<sublink>searchsd</sublink>
	</link>
	<thumbnail>https://image.tmdb.org/t/p/w1280/gW5MnkQ9zHtyVPzdDDHPEDCrZ57.jpg</thumbnail>
	<fanart>https://image.tmdb.org/t/p/w1280/pe1yqTDWXGdCB81q3lKmaDiKFRs.jpg</fanart>
</item>
<item>
	<title>[COLOR=blue]The Cabin in the Woods[/COLOR]</title>
	<meta>
	<imdb>tt1259521</imdb>
	<content>movie</content>
	<title>The Cabin in the Woods</title>
	<year>2012</year>
	</meta>
	<link>
	<sublink>https://www.youtube.com/watch?v=F1hOmo94bUA&feature=youtu.be</sublink>
	<sublink>search</sublink>
	<sublink>searchsd</sublink>
	</link>
	<thumbnail>https://image.tmdb.org/t/p/w1280/utfJuX6DfR28Mv2FMfnPFAYOmTU.jpg</thumbnail>
	<fanart>https://image.tmdb.org/t/p/w1280/214TKe8WBBbFXVrBRV9RECeE4oW.jpg</fanart>
</item>
<item>
	<title>[COLOR=blue]The Slumber Party Massacre[/COLOR]</title>
	<meta>
	<imdb>tt0084695</imdb>
	<content>movie</content>
	<title>The Slumber Party Massacre</title>
	<year>1982</year>
	</meta>
	<link>
	<sublink>https://www.youtube.com/watch?v=QVkY09sUTq0&feature=youtu.be</sublink>
	<sublink>search</sublink>
	<sublink>searchsd</sublink>
	</link>
	<thumbnail>https://image.tmdb.org/t/p/w1280/GhezpGRfFKpQHLJfOpKM2IAEoz.jpg</thumbnail>
	<fanart>https://image.tmdb.org/t/p/w1280/ukrGjfR9uKHjW4aBEQIDVUuFXVn.jpg</fanart>
</item>
<item>
	<title>[COLOR=blue]Leprechaun 4: In Space[/COLOR]</title>
	<meta>
	<imdb>tt0116861</imdb>
	<content>movie</content>
	<title>Leprechaun 4: In Space</title>
	<year>1996</year>
	</meta>
	<link>
	<sublink>https://www.youtube.com/watch?v=biZ_dM_Becc&feature=youtu.be</sublink>
	<sublink>search</sublink>
	<sublink>searchsd</sublink>
	</link>
	<thumbnail>https://image.tmdb.org/t/p/w1280/8uMaa4VnNN2TS42tGYu04we7GOM.jpg</thumbnail>
	<fanart>https://image.tmdb.org/t/p/w1280/nZjPrLrKOkykGCHCL5fOWuIoYBE.jpg</fanart>
</item>
<item>
	<title>[COLOR=blue]Candyman[/COLOR]</title>
	<meta>
	<imdb>tt0103919</imdb>
	<content>movie</content>
	<title>Candyman</title>
	<year>1992</year>
	</meta>
	<link>
	<sublink>https://www.youtube.com/watch?v=RnzzBssg3ac&feature=youtu.be</sublink>
	<sublink>search</sublink>
	<sublink>searchsd</sublink>
	</link>
	<thumbnail>https://image.tmdb.org/t/p/w1280/w5YQqrwzreHfa7RmXCB7rpLLxbe.jpg</thumbnail>
	<fanart>https://image.tmdb.org/t/p/w1280/ohQcduQfptci64PtSVjJx6VExxn.jpg</fanart>
</item>
<item>
	<title>[COLOR=blue]This Is the End[/COLOR]</title>
	<meta>
	<imdb>tt1245492</imdb>
	<content>movie</content>
	<title>This Is the End</title>
	<year>2013</year>
	</meta>
	<link>
	<sublink>https://www.youtube.com/watch?v=6z5Wykasdls&feature=youtu.be</sublink>
	<sublink>search</sublink>
	<sublink>searchsd</sublink>
	</link>
	<thumbnail>https://image.tmdb.org/t/p/w1280/1rMzHyOsk1b1ddcFJgMSB6kOASu.jpg</thumbnail>
	<fanart>https://image.tmdb.org/t/p/w1280/hkuPAYz0TstcAquVpibaDnADqQS.jpg</fanart>
</item>
<item>
	<title>[COLOR=blue]Idle Hands[/COLOR]</title>
	<meta>
	<imdb>tt0138510</imdb>
	<content>movie</content>
	<title>Idle Hands</title>
	<year>1999</year>
	</meta>
	<link>
	<sublink>https://www.youtube.com/watch?v=HcVrp--9UUc&feature=youtu.be</sublink>
	<sublink>search</sublink>
	<sublink>searchsd</sublink>
	</link>
	<thumbnail>https://image.tmdb.org/t/p/w1280/sRpgxBdFFDwZz9sgl5QiAJV44Sj.jpg</thumbnail>
	<fanart>https://image.tmdb.org/t/p/w1280/yUq8fOyG1Z39LeLcfUqDRWVimkH.jpg</fanart>
</item>
<item>
	<title>[COLOR=blue]Night of the Demons[/COLOR]</title>
	<meta>
	<imdb>tt0093624</imdb>
	<content>movie</content>
	<title>Night of the Demons</title>
	<year>1988</year>
	</meta>
	<link>
	<sublink>https://www.youtube.com/watch?v=tQ7gSRfUCH0&feature=youtu.be</sublink>
	<sublink>search</sublink>
	<sublink>searchsd</sublink>
	</link>
	<thumbnail>https://image.tmdb.org/t/p/w1280/qWUVkyCZUSAMDLycjFoSMMhkDRu.jpg</thumbnail>
	<fanart>https://image.tmdb.org/t/p/w1280/Aug4ZZebfPOQCxEqgKIRGLcYcGL.jpg</fanart>
</item>
<item>
	<title>[COLOR=blue]Holidays[/COLOR]</title>
	<meta>
	<imdb>tt4419364</imdb>
	<content>movie</content>
	<title>Holidays</title>
	<year>2016</year>
	</meta>
	<link>
	<sublink>https://www.youtube.com/watch?v=Bc4NJKDxV4Y&feature=youtu.be</sublink>
	<sublink>search</sublink>
	<sublink>searchsd</sublink>
	</link>
	<thumbnail>https://image.tmdb.org/t/p/w1280/sk9jHoHni5u88SMK4nJKumcM7eR.jpg</thumbnail>
	<fanart>https://image.tmdb.org/t/p/w1280/AqUBXOCEGg3lWxft8gPiPWh1HNA.jpg</fanart>
</item>
<item>
	<title>[COLOR=blue]A Nightmare on Elm Street 3: Dream Warriors[/COLOR]</title>
	<meta>
	<imdb>tt0093629</imdb>
	<content>movie</content>
	<title>A Nightmare on Elm Street 3: Dream Warriors</title>
	<year>1987</year>
	</meta>
	<link>
	<sublink>https://www.youtube.com/watch?v=tG_faxqrjc0&feature=youtu.be</sublink>
	<sublink>search</sublink>
	<sublink>searchsd</sublink>
	</link>
	<thumbnail>https://image.tmdb.org/t/p/w1280/4aMSIhvShIkDrhOsa0WL6KFwnpD.jpg</thumbnail>
	<fanart>https://image.tmdb.org/t/p/w1280/lNrbMhjhAQK9Hf4Nww7GoBezCMA.jpg</fanart>
</item>
<item>
	<title>[COLOR=blue]Street Trash[/COLOR]</title>
	<meta>
	<imdb>tt0094057</imdb>
	<content>movie</content>
	<title>Street Trash</title>
	<year>1987</year>
	</meta>
	<link>
	<sublink>https://www.youtube.com/watch?v=IZo59lfznTU&feature=youtu.be</sublink>
	<sublink>search</sublink>
	<sublink>searchsd</sublink>
	</link>
	<thumbnail>https://image.tmdb.org/t/p/w1280/yGWFe3vRPNfUnlnTxZhSJ2LVRvZ.jpg</thumbnail>
	<fanart>https://image.tmdb.org/t/p/w1280/yfexKj0LSfsKTxVZkdZoa7oDUPs.jpg</fanart>
</item>
<item>
	<title>[COLOR=blue]Leprechaun[/COLOR]</title>
	<meta>
	<imdb>tt0107387</imdb>
	<content>movie</content>
	<title>Leprechaun</title>
	<year>1993</year>
	</meta>
	<link>
	<sublink>https://www.youtube.com/watch?v=B1fjPf5mrBQ&feature=youtu.be</sublink>
	<sublink>search</sublink>
	<sublink>searchsd</sublink>
	</link>
	<thumbnail>https://image.tmdb.org/t/p/w1280/2dsUS77eZIjWduahxqYtp3U0zS2.jpg</thumbnail>
	<fanart>https://image.tmdb.org/t/p/w1280/dI7hNqmofB4CrELGiZVkdiJnz21.jpg</fanart>
</item>
<item>
	<title>[COLOR=blue]Errementari: The Blacksmith and the Devil[/COLOR]</title>
	<meta>
	<imdb>tt5592878</imdb>
	<content>movie</content>
	<title>Errementari: The Blacksmith and the Devil</title>
	<year>2018</year>
	</meta>
	<link>
	<sublink>https://www.youtube.com/watch?v=V1E240HdoR0&feature=youtu.be</sublink>
	<sublink>search</sublink>
	<sublink>searchsd</sublink>
	</link>
	<thumbnail>https://image.tmdb.org/t/p/w1280/ltpi1uLkvx2BKHWwbpMjqdAtdHn.jpg</thumbnail>
	<fanart>https://image.tmdb.org/t/p/w1280/sP3xtGBYcQejqkTn22aZz8c3U8v.jpg</fanart>
</item>
<item>
	<title>[COLOR=blue]Rubber[/COLOR]</title>
	<meta>
	<imdb>tt1612774</imdb>
	<content>movie</content>
	<title>Rubber</title>
	<year>2010</year>
	</meta>
	<link>
	<sublink>https://www.youtube.com/watch?v=6G5pyFhmAqE&feature=youtu.be</sublink>
	<sublink>search</sublink>
	<sublink>searchsd</sublink>
	</link>
	<thumbnail>https://image.tmdb.org/t/p/w1280/qOqPWqjof8EeEti2YnvJUHzpUfb.jpg</thumbnail>
	<fanart>https://image.tmdb.org/t/p/w1280/rFsiQwX0xl2VjQvjlMVMEAteXr8.jpg</fanart>
</item>
<item>
	<title>[COLOR=blue]Maximum Overdrive[/COLOR]</title>
	<meta>
	<imdb>tt0091499</imdb>
	<content>movie</content>
	<title>Maximum Overdrive</title>
	<year>1986</year>
	</meta>
	<link>
	<sublink>https://www.youtube.com/watch?v=tP-QhaZILHw&feature=youtu.be</sublink>
	<sublink>search</sublink>
	<sublink>searchsd</sublink>
	</link>
	<thumbnail>https://image.tmdb.org/t/p/w1280/cFrKCumtZMHCWwWNxgGRyaxhYu2.jpg</thumbnail>
	<fanart>https://image.tmdb.org/t/p/w1280/j9ROmwHHL3SlZOBgdHAQGeFtWXd.jpg</fanart>
</item>
<item>
	<title>[COLOR=blue]Child's Play[/COLOR]</title>
	<meta>
	<imdb>tt0094862</imdb>
	<content>movie</content>
	<title>Child's Play</title>
	<year>1988</year>
	</meta>
	<link>
	<sublink>https://www.youtube.com/watch?v=G8cLLrpkn-8&feature=youtu.be</sublink>
	<sublink>search</sublink>
	<sublink>searchsd</sublink>
	</link>
	<thumbnail>https://image.tmdb.org/t/p/w1280/dSX9i2buibfyKFRpK2kOe6rtl5R.jpg</thumbnail>
	<fanart>https://image.tmdb.org/t/p/w1280/8DkJrxEyRN8gTseEhajybpC5smK.jpg</fanart>
</item>
<item>
	<title>[COLOR=blue]Behind the Mask: The Rise of Leslie Vernon[/COLOR]</title>
	<meta>
	<imdb>tt0437857</imdb>
	<content>movie</content>
	<title>Behind the Mask: The Rise of Leslie Vernon</title>
	<year>2006</year>
	</meta>
	<link>
	<sublink>https://www.youtube.com/watch?v=1tNrvDA_eE8&feature=youtu.be</sublink>
	<sublink>search</sublink>
	<sublink>searchsd</sublink>
	</link>
	<thumbnail>https://image.tmdb.org/t/p/w1280/vie8a3z219Zsw81eAsM58B6VFEn.jpg</thumbnail>
	<fanart>https://image.tmdb.org/t/p/w1280/eh8S493xQhQMCVwmsZyQQh8mmXN.jpg</fanart>
</item>
<item>
	<title>[COLOR=blue]Final Destination 2[/COLOR]</title>
	<meta>
	<imdb>tt0309593</imdb>
	<content>movie</content>
	<title>Final Destination 2</title>
	<year>2003</year>
	</meta>
	<link>
	<sublink>https://www.youtube.com/watch?v=N4wNv1zuYDc&feature=youtu.be</sublink>
	<sublink>search</sublink>
	<sublink>searchsd</sublink>
	</link>
	<thumbnail>https://image.tmdb.org/t/p/w1280/2Tj8YJJuahzwUbdYDgydYX4Yj4Y.jpg</thumbnail>
	<fanart>https://image.tmdb.org/t/p/w1280/59xu0cANg5kIv0wqOIIr0990iBC.jpg</fanart>
</item>
<item>
	<title>[COLOR=blue]The Meg[/COLOR]</title>
	<meta>
	<imdb>tt4779682</imdb>
	<content>movie</content>
	<title>The Meg</title>
	<year>2018</year>
	</meta>
	<link>
	<sublink>https://www.youtube.com/watch?v=bsLk0NPRFAc&feature=youtu.be</sublink>
	<sublink>search</sublink>
	<sublink>searchsd</sublink>
	</link>
	<thumbnail>https://image.tmdb.org/t/p/w1280/xqECHNvzbDL5I3iiOVUkVPJMSbc.jpg</thumbnail>
	<fanart>https://image.tmdb.org/t/p/w1280/rH79sB6Nkx4cMW3JzsUy7wK0rhX.jpg</fanart>
</item>
<item>
	<title>[COLOR=blue]Final Destination 3[/COLOR]</title>
	<meta>
	<imdb>tt0414982</imdb>
	<content>movie</content>
	<title>Final Destination 3</title>
	<year>2006</year>
	</meta>
	<link>
	<sublink>https://www.youtube.com/watch?v=-m_GmDZ7pSY&feature=youtu.be</sublink>
	<sublink>search</sublink>
	<sublink>searchsd</sublink>
	</link>
	<thumbnail>https://image.tmdb.org/t/p/w1280/p7ARuNKUGPGvkBiDtIDvAzYzonX.jpg</thumbnail>
	<fanart>https://image.tmdb.org/t/p/w1280/6sCto39wgQGCzDojAr5c4UPBjDZ.jpg</fanart>
</item>
