<item>
	<title>[COLOR=white]The Addams Family[/COLOR]</title>
	<meta>
	<imdb>tt0101272</imdb>
	<content>movie</content>
	<title>The Addams Family</title>
	<year>1991</year>
	</meta>
	<link>
	<sublink>search</sublink>
	<sublink>searchsd</sublink>
	</link>
	<thumbnail>https://image.tmdb.org/t/p/w1280/ajiQj0jbacMAmPxDU3fP9TeIfTi.jpg</thumbnail>
	<fanart>https://image.tmdb.org/t/p/w1280/5ZVG87nRXvzTv8VXdcYE5GzLg4K.jpg</fanart>
</item>
<item>
	<title>[COLOR=white]Arachnophobia[/COLOR]</title>
	<meta>
	<imdb>tt0099052</imdb>
	<content>movie</content>
	<title>Arachnophobia</title>
	<year>1990</year>
	</meta>
	<link>
	<sublink>search</sublink>
	<sublink>searchsd</sublink>
	</link>
	<thumbnail>https://image.tmdb.org/t/p/w1280/pz4TWF3r6xqXN41Iqsjbf06rAQs.jpg</thumbnail>
	<fanart>https://image.tmdb.org/t/p/w1280/bQgBexBXjsabKmrTjusO1KXJwMT.jpg</fanart>
</item>
<item>
	<title>[COLOR=white]Bedknobs and Broomsticks[/COLOR]</title>
	<meta>
	<imdb>tt0066817</imdb>
	<content>movie</content>
	<title>Bedknobs and Broomsticks</title>
	<year>1971</year>
	</meta>
	<link>
	<sublink>search</sublink>
	<sublink>searchsd</sublink>
	</link>
	<thumbnail>https://image.tmdb.org/t/p/w1280/1mWFExXAlUSgfBKGkK3mjH1iXk4.jpg</thumbnail>
	<fanart>https://image.tmdb.org/t/p/w1280/ttOa1qlKCNLYJgdpsiDrVva9VOJ.jpg</fanart>
</item>
<item>
	<title>[COLOR=white]Beetlejuice[/COLOR]</title>
	<meta>
	<imdb>tt0094721</imdb>
	<content>movie</content>
	<title>Beetlejuice</title>
	<year>1988</year>
	</meta>
	<link>
	<sublink>search</sublink>
	<sublink>searchsd</sublink>
	</link>
	<thumbnail>https://image.tmdb.org/t/p/w1280/gWnW7vxm8yr01TVLQhL4aI02orp.jpg</thumbnail>
	<fanart>https://image.tmdb.org/t/p/w1280/upAwc1kPQJU1ZWeMgEWV8Lp6CWb.jpg</fanart>
</item>
<item>
	<title>[COLOR=white]The Black Cauldron[/COLOR]</title>
	<meta>
	<imdb>tt0088814</imdb>
	<content>movie</content>
	<title>The Black Cauldron</title>
	<year>1985</year>
	</meta>
	<link>
	<sublink>search</sublink>
	<sublink>searchsd</sublink>
	</link>
	<thumbnail>https://image.tmdb.org/t/p/w1280/ul51Bblm9tSaUh0vvhTRLW9xmJo.jpg</thumbnail>
	<fanart>https://image.tmdb.org/t/p/w1280/uGgOTNflRFixvKB3RKVOwSNf90m.jpg</fanart>
</item>
<item>
	<title>[COLOR=white]Casper[/COLOR]</title>
	<meta>
	<imdb>tt0112642</imdb>
	<content>movie</content>
	<title>Casper</title>
	<year>1995</year>
	</meta>
	<link>
	<sublink>search</sublink>
	<sublink>searchsd</sublink>
	</link>
	<thumbnail>https://image.tmdb.org/t/p/w1280/1WeumvndgPE3hopKQqXbCKO26oH.jpg</thumbnail>
	<fanart>https://image.tmdb.org/t/p/w1280/w4w8CTEe4isWO2TzDSQ3MV3br9l.jpg</fanart>
</item>
<item>
	<title>[COLOR=white]Casper Meets Wendy[/COLOR]</title>
	<meta>
	<imdb>tt0140883</imdb>
	<content>movie</content>
	<title>Casper Meets Wendy</title>
	<year>1998</year>
	</meta>
	<link>
	<sublink>search</sublink>
	<sublink>searchsd</sublink>
	</link>
	<thumbnail>https://image.tmdb.org/t/p/w1280/u9UFtJuXCiA2vakS9Si8TlZVAnX.jpg</thumbnail>
	<fanart>https://image.tmdb.org/t/p/w1280/bJ6vqzv83Nh0BFOPm6lvWz55yhw.jpg</fanart>
</item>
<item>
	<title>[COLOR=white]Coraline[/COLOR]</title>
	<meta>
	<imdb>tt0327597</imdb>
	<content>movie</content>
	<title>Coraline</title>
	<year>2009</year>
	</meta>
	<link>
	<sublink>search</sublink>
	<sublink>searchsd</sublink>
	</link>
	<thumbnail>https://image.tmdb.org/t/p/w1280/fZHz4qPrg0zdcM29EZYEpClYjXl.jpg</thumbnail>
	<fanart>https://image.tmdb.org/t/p/w1280/obBsMjC9dkDeoYsLxHURikW87UZ.jpg</fanart>
</item>
<item>
	<title>[COLOR=white]Corpse Bride[/COLOR]</title>
	<meta>
	<imdb>tt0121164</imdb>
	<content>movie</content>
	<title>Corpse Bride</title>
	<year>2005</year>
	</meta>
	<link>
	<sublink>search</sublink>
	<sublink>searchsd</sublink>
	</link>
	<thumbnail>https://image.tmdb.org/t/p/w1280/o9GbcdP7rOg2m1NyUnUR3ZwNcTE.jpg</thumbnail>
	<fanart>https://image.tmdb.org/t/p/w1280/4brEMzPazQE3hv3mogj6k1a29RP.jpg</fanart>
</item>
<item>
	<title>[COLOR=white]E.T. the Extra-Terrestrial[/COLOR]</title>
	<meta>
	<imdb>tt0083866</imdb>
	<content>movie</content>
	<title>E.T. the Extra-Terrestrial</title>
	<year>1982</year>
	</meta>
	<link>
	<sublink>search</sublink>
	<sublink>searchsd</sublink>
	</link>
	<thumbnail>https://image.tmdb.org/t/p/w1280/8htLKK03TJjKZOXJgihZCu8v0P.jpg</thumbnail>
	<fanart>https://image.tmdb.org/t/p/w1280/tNpJuz8NEG0DsGG8SN0dL2kbCzs.jpg</fanart>
</item>
<item>
	<title>[COLOR=white]Edward Scissorhands[/COLOR]</title>
	<meta>
	<imdb>tt0099487</imdb>
	<content>movie</content>
	<title>Edward Scissorhands</title>
	<year>1990</year>
	</meta>
	<link>
	<sublink>search</sublink>
	<sublink>searchsd</sublink>
	</link>
	<thumbnail>https://image.tmdb.org/t/p/w1280/kgLTB53HinftRRwhft7yrUOclDC.jpg</thumbnail>
	<fanart>https://image.tmdb.org/t/p/w1280/jSL39cn3irkniMXthexHksr0ksA.jpg</fanart>
</item>
<item>
	<title>[COLOR=white]Frankenweenie[/COLOR]</title>
	<meta>
	<imdb>tt1142977</imdb>
	<content>movie</content>
	<title>Frankenweenie</title>
	<year>2012</year>
	</meta>
	<link>
	<sublink>search</sublink>
	<sublink>searchsd</sublink>
	</link>
	<thumbnail>https://image.tmdb.org/t/p/w1280/ssMQ5Q9qyJM6sHnjoghoHlOVOO5.jpg</thumbnail>
	<fanart>https://image.tmdb.org/t/p/w1280/dpkyNq8jBU7tR6n5sEd4Ep61EOP.jpg</fanart>
</item>
<item>
	<title>[COLOR=white]Ghostbusters[/COLOR]</title>
	<meta>
	<imdb>tt0087332</imdb>
	<content>movie</content>
	<title>Ghostbusters</title>
	<year>1984</year>
	</meta>
	<link>
	<sublink>search</sublink>
	<sublink>searchsd</sublink>
	</link>
	<thumbnail>https://image.tmdb.org/t/p/w1280/3FS3oBdorgczgfCkFi2u8ZTFfpS.jpg</thumbnail>
	<fanart>https://image.tmdb.org/t/p/w1280/qmDy6Rdom8d8UFj9GeAAtVIjTRT.jpg</fanart>
</item>
<item>
	<title>[COLOR=white]Girl vs. Monster[/COLOR]</title>
	<meta>
	<imdb>tt2326087</imdb>
	<content>movie</content>
	<title>Girl vs. Monster</title>
	<year>2012</year>
	</meta>
	<link>
	<sublink>search</sublink>
	<sublink>searchsd</sublink>
	</link>
	<thumbnail>https://image.tmdb.org/t/p/w1280/uGD4azWAfXLjkvs5wzvIapHRooX.jpg</thumbnail>
	<fanart>https://image.tmdb.org/t/p/w1280/x2YBVNgMIjmyCdZnZWCQifRN60o.jpg</fanart>
</item>
<dir>
	<title>[COLOR=white]Goosebumps[/COLOR]</title>
	<meta>
	<imdb>tt1141246</imdb>
	<content>tv</content>
	<title>Goosebumps</title>
	<year>1995</year>
	</meta>
	<link></link>
	<thumbnail>https://image.tmdb.org/t/p/w1280/eMitdx0OnmAOu0F3360ramOg8Ja.jpg</thumbnail>
	<fanart>https://image.tmdb.org/t/p/w1280/7jF3gNtDClryQAzsvS3LJgXbbDO.jpg</fanart>
</dir>
<item>
	<title>[COLOR=white]Goosebumps[/COLOR]</title>
	<meta>
	<imdb>tt1051904</imdb>
	<content>movie</content>
	<title>Goosebumps</title>
	<year>2015</year>
	</meta>
	<link>
	<sublink>search</sublink>
	<sublink>searchsd</sublink>
	</link>
	<thumbnail>https://image.tmdb.org/t/p/w1280/9yOnWCvpNr6RRhc4zhJdVqR7GKw.jpg</thumbnail>
	<fanart>https://image.tmdb.org/t/p/w1280/itouI22hCgvU4psqC9DuwAOYuL2.jpg</fanart>
</item>
<item>
	<title>[COLOR=white]Goosebumps 2: Haunted Halloween[/COLOR]</title>
	<meta>
	<imdb>tt5664636</imdb>
	<content>movie</content>
	<title>Goosebumps 2: Haunted Halloween</title>
	<year>2018</year>
	</meta>
	<link>
	<sublink>search</sublink>
	<sublink>searchsd</sublink>
	</link>
	<thumbnail>https://image.tmdb.org/t/p/w1280/kOrUF0EH2C3KHoI7tqANZMFZaTN.jpg</thumbnail>
	<fanart>https://image.tmdb.org/t/p/w1280/h5BvesqaxL7V3vl1CmaR8waGyiM.jpg</fanart>
</item>
<item>
	<title>[COLOR=white]Halloweentown[/COLOR]</title>
	<meta>
	<imdb>tt0173886</imdb>
	<content>movie</content>
	<title>Halloweentown</title>
	<year>1998</year>
	</meta>
	<link>
	<sublink>search</sublink>
	<sublink>searchsd</sublink>
	</link>
	<thumbnail>https://image.tmdb.org/t/p/w1280/ih2qNTuutdoG5Ll7CHxNgFpCBX3.jpg</thumbnail>
	<fanart>https://image.tmdb.org/t/p/w1280/e1OcVRalbeE00CHU0ZUBBgtTqW4.jpg</fanart>
</item>
<item>
	<title>[COLOR=white]Halloweentown High[/COLOR]</title>
	<meta>
	<imdb>tt0414078</imdb>
	<content>movie</content>
	<title>Halloweentown High</title>
	<year>2004</year>
	</meta>
	<link>
	<sublink>search</sublink>
	<sublink>searchsd</sublink>
	</link>
	<thumbnail>https://image.tmdb.org/t/p/w1280/51krfU2ql3xa77ECYYET3WLl3mn.jpg</thumbnail>
	<fanart>https://image.tmdb.org/t/p/w1280/tLZpx9seUvYYVEIGMr7HxwkzGaV.jpg</fanart>
</item>
<item>
	<title>[COLOR=white]Halloweentown II: Kalabar's Revenge[/COLOR]</title>
	<meta>
	<imdb>tt0274761</imdb>
	<content>movie</content>
	<title>Halloweentown II: Kalabar's Revenge</title>
	<year>2001</year>
	</meta>
	<link>
	<sublink>search</sublink>
	<sublink>searchsd</sublink>
	</link>
	<thumbnail>https://image.tmdb.org/t/p/w1280/vuaNp64I20k2riLIODQnXAMoqB6.jpg</thumbnail>
	<fanart>https://image.tmdb.org/t/p/w1280/fxECspvP9LMZJRBDYIMGNtvLH97.jpg</fanart>
</item>
<item>
	<title>[COLOR=white]Happy Family[/COLOR]</title>
	<meta>
	<imdb>tt6572702</imdb>
	<content>movie</content>
	<title>Happy Family</title>
	<year>2017</year>
	</meta>
	<link>
	<sublink>search</sublink>
	<sublink>searchsd</sublink>
	</link>
	<thumbnail>https://image.tmdb.org/t/p/w1280/r3xY0tCI05iUmm8M7fAkKtqGPXM.jpg</thumbnail>
	<fanart>https://image.tmdb.org/t/p/w1280/jFSwrtsYJ0QesgPrvShQNOTn8aV.jpg</fanart>
</item>
<item>
	<title>[COLOR=white]The Haunted Mansion[/COLOR]</title>
	<meta>
	<imdb>tt0338094</imdb>
	<content>movie</content>
	<title>The Haunted Mansion</title>
	<year>2003</year>
	</meta>
	<link>
	<sublink>search</sublink>
	<sublink>searchsd</sublink>
	</link>
	<thumbnail>https://image.tmdb.org/t/p/w1280/lGi5yio4pdDz5PkSeZCbnMQz5vK.jpg</thumbnail>
	<fanart>https://image.tmdb.org/t/p/w1280/ardDe5n33i0061Au5qNZaWiEPJg.jpg</fanart>
</item>
<item>
	<title>[COLOR=white]Hocus Pocus[/COLOR]</title>
	<meta>
	<imdb>tt0107120</imdb>
	<content>movie</content>
	<title>Hocus Pocus</title>
	<year>1993</year>
	</meta>
	<link>
	<sublink>search</sublink>
	<sublink>searchsd</sublink>
	</link>
	<thumbnail>https://image.tmdb.org/t/p/w1280/4boIuVTbEYv9pynSj99jK5EezfA.jpg</thumbnail>
	<fanart>https://image.tmdb.org/t/p/w1280/tFNHw6u2UQ3jW1xuciD0mQmcLZn.jpg</fanart>
</item>
<item>
	<title>[COLOR=white]Hotel Transylvania[/COLOR]</title>
	<meta>
	<imdb>tt0837562</imdb>
	<content>movie</content>
	<title>Hotel Transylvania</title>
	<year>2012</year>
	</meta>
	<link>
	<sublink>search</sublink>
	<sublink>searchsd</sublink>
	</link>
	<thumbnail>https://image.tmdb.org/t/p/w1280/9qugesYpAWHUpdrw2w8URSGkAPt.jpg</thumbnail>
	<fanart>https://image.tmdb.org/t/p/w1280/sETTal2HPPkUC3lWc27HL1AFu9C.jpg</fanart>
</item>
<item>
	<title>[COLOR=white]Hotel Transylvania 2[/COLOR]</title>
	<meta>
	<imdb>tt2510894</imdb>
	<content>movie</content>
	<title>Hotel Transylvania 2</title>
	<year>2015</year>
	</meta>
	<link>
	<sublink>search</sublink>
	<sublink>searchsd</sublink>
	</link>
	<thumbnail>https://image.tmdb.org/t/p/w1280/cFQHMUmxaO3PEDo5lxuQC8MCRIH.jpg</thumbnail>
	<fanart>https://image.tmdb.org/t/p/w1280/h3t4zZPteUPqyDBrmz5Z2zzGM61.jpg</fanart>
</item>
<item>
	<title>[COLOR=white]Hotel Transylvania 3: Summer Vacation[/COLOR]</title>
	<meta>
	<imdb>tt5220122</imdb>
	<content>movie</content>
	<title>Hotel Transylvania 3: Summer Vacation</title>
	<year>2018</year>
	</meta>
	<link>
	<sublink>search</sublink>
	<sublink>searchsd</sublink>
	</link>
	<thumbnail>https://image.tmdb.org/t/p/w1280/gjAFM4xhA5vyLxxKMz38ujlUfDL.jpg</thumbnail>
	<fanart>https://image.tmdb.org/t/p/w1280/m03jul0YdVEOFXEQVUv6pOVQYGL.jpg</fanart>
</item>
<dir>
	<title>[COLOR=white]Hotel Transylvania: The Series[/COLOR]</title>
	<meta>
	<imdb>tt1741669</imdb>
	<content>tv</content>
	<title>Hotel Transylvania: The Series</title>
	<year>2017</year>
	</meta>
	<link></link>
	<thumbnail>https://image.tmdb.org/t/p/w1280/mdPDFNqO7NWUtZIt66nMOmji7hg.jpg</thumbnail>
	<fanart>https://image.tmdb.org/t/p/w1280/6DztqZL27iemPZNQGst9DhnxMM3.jpg</fanart>
</dir>
<item>
	<title>[COLOR=white]Thunder and the House of Magic[/COLOR]</title>
	<meta>
	<imdb>tt3148834</imdb>
	<content>movie</content>
	<title>Thunder and the House of Magic</title>
	<year>2013</year>
	</meta>
	<link>
	<sublink>search</sublink>
	<sublink>searchsd</sublink>
	</link>
	<thumbnail>https://image.tmdb.org/t/p/w1280/unD7Hsmqw2LBRE09RUfGKjtaSdC.jpg</thumbnail>
	<fanart>https://image.tmdb.org/t/p/w1280/k8d8q0ast6Ozv48xEHSG7BEvplR.jpg</fanart>
</item>
<item>
	<title>[COLOR=white]It's the Great Pumpkin, Charlie Brown[/COLOR]</title>
	<meta>
	<imdb>tt0060550</imdb>
	<content>movie</content>
	<title>It's the Great Pumpkin, Charlie Brown</title>
	<year>1966</year>
	</meta>
	<link>
	<sublink>search</sublink>
	<sublink>searchsd</sublink>
	</link>
	<thumbnail>https://image.tmdb.org/t/p/w1280/9QdnfxTDKUSW1t23sKSQjPNs0iD.jpg</thumbnail>
	<fanart>https://image.tmdb.org/t/p/w1280/z3PrZXBpuTAg0xLFqhmjguxsWLJ.jpg</fanart>
</item>
<item>
	<title>[COLOR=white]James and the Giant Peach[/COLOR]</title>
	<meta>
	<imdb>tt0116683</imdb>
	<content>movie</content>
	<title>James and the Giant Peach</title>
	<year>1996</year>
	</meta>
	<link>
	<sublink>search</sublink>
	<sublink>searchsd</sublink>
	</link>
	<thumbnail>https://image.tmdb.org/t/p/w1280/kyAl5UfUtGJC1wHrPVieqKKCpn8.jpg</thumbnail>
	<fanart>https://image.tmdb.org/t/p/w1280/AbWPdRz1Jn4L4TR1lSwqKn8dNbY.jpg</fanart>
</item>
<item>
	<title>[COLOR=white]Mom's Got a Date with a Vampire[/COLOR]</title>
	<meta>
	<imdb>tt0250593</imdb>
	<content>movie</content>
	<title>Mom's Got a Date with a Vampire</title>
	<year>2000</year>
	</meta>
	<link>
	<sublink>search</sublink>
	<sublink>searchsd</sublink>
	</link>
	<thumbnail>https://image.tmdb.org/t/p/w1280/t5Idr9E3hFdfsTQQW4F3qRfj2kW.jpg</thumbnail>
	<fanart>https://image.tmdb.org/t/p/w1280/yUg8Ezu4v9xA8ESKyKpjl2sMnyh.jpg</fanart>
</item>
<item>
	<title>[COLOR=white]Monster High: Ghouls Rule[/COLOR]</title>
	<meta>
	<imdb>tt2446108</imdb>
	<content>movie</content>
	<title>Monster High: Ghouls Rule</title>
	<year>2012</year>
	</meta>
	<link>
	<sublink>search</sublink>
	<sublink>searchsd</sublink>
	</link>
	<thumbnail>https://image.tmdb.org/t/p/w1280/3DgGHRL8YSOD1ePR6tIJ4c94KWH.jpg</thumbnail>
	<fanart>https://image.tmdb.org/t/p/w1280/z1RpzKeX2KeplVRIb7nIbeNnYqV.jpg</fanart>
</item>
<item>
	<title>[COLOR=white]Monster House[/COLOR]</title>
	<meta>
	<imdb>tt0385880</imdb>
	<content>movie</content>
	<title>Monster House</title>
	<year>2006</year>
	</meta>
	<link>
	<sublink>search</sublink>
	<sublink>searchsd</sublink>
	</link>
	<thumbnail>https://image.tmdb.org/t/p/w1280/vOhKyKxlmtRwRHqKGV2VrFhJjCG.jpg</thumbnail>
	<fanart>https://image.tmdb.org/t/p/w1280/pYiqbhfyz7QVik4JyImFbjYq5hM.jpg</fanart>
</item>
<item>
	<title>[COLOR=white]The Monster Squad[/COLOR]</title>
	<meta>
	<imdb>tt0093560</imdb>
	<content>movie</content>
	<title>The Monster Squad</title>
	<year>1987</year>
	</meta>
	<link>
	<sublink>search</sublink>
	<sublink>searchsd</sublink>
	</link>
	<thumbnail>https://image.tmdb.org/t/p/w1280/ise6Cvp4nWqfQ8hOyEK0MmctLV8.jpg</thumbnail>
	<fanart>https://image.tmdb.org/t/p/w1280/xNUuNEXpibVbUBxlCFWNWNBWcRJ.jpg</fanart>
</item>
<item>
	<title>[COLOR=white]Monsters vs Aliens[/COLOR]</title>
	<meta>
	<imdb>tt0892782</imdb>
	<content>movie</content>
	<title>Monsters vs Aliens</title>
	<year>2009</year>
	</meta>
	<link>
	<sublink>search</sublink>
	<sublink>searchsd</sublink>
	</link>
	<thumbnail>https://image.tmdb.org/t/p/w1280/uNGGJQR82y7z9uTRaSj6UQUqxOl.jpg</thumbnail>
	<fanart>https://image.tmdb.org/t/p/w1280/a5zAJBPShxIQmkUsXMPsHhORQXO.jpg</fanart>
</item>
<item>
	<title>[COLOR=white]Monsters, Inc.[/COLOR]</title>
	<meta>
	<imdb>tt0198781</imdb>
	<content>movie</content>
	<title>Monsters, Inc.</title>
	<year>2001</year>
	</meta>
	<link>
	<sublink>search</sublink>
	<sublink>searchsd</sublink>
	</link>
	<thumbnail>https://image.tmdb.org/t/p/w1280/93Y9BGx8blzmZOPSoivkFfaifqU.jpg</thumbnail>
	<fanart>https://image.tmdb.org/t/p/w1280/wJOHzjTDhnEUyP0Q8gyp6ggvL4A.jpg</fanart>
</item>
<item>
	<title>[COLOR=white]The Nightmare Before Christmas[/COLOR]</title>
	<meta>
	<imdb>tt0107688</imdb>
	<content>movie</content>
	<title>The Nightmare Before Christmas</title>
	<year>1993</year>
	</meta>
	<link>
	<sublink>search</sublink>
	<sublink>searchsd</sublink>
	</link>
	<thumbnail>https://image.tmdb.org/t/p/w1280/6oxkO1VgKCq74fNILKAg6t2dVEt.jpg</thumbnail>
	<fanart>https://image.tmdb.org/t/p/w1280/16lk65YfrDFIr6evkWRjSeOOSws.jpg</fanart>
</item>
<item>
	<title>[COLOR=white]ParaNorman[/COLOR]</title>
	<meta>
	<imdb>tt1623288</imdb>
	<content>movie</content>
	<title>ParaNorman</title>
	<year>2012</year>
	</meta>
	<link>
	<sublink>search</sublink>
	<sublink>searchsd</sublink>
	</link>
	<thumbnail>https://image.tmdb.org/t/p/w1280/pfGmWVyGHgdJrdKrZ5RWZpbAhkn.jpg</thumbnail>
	<fanart>https://image.tmdb.org/t/p/w1280/tTSXZG8uHc0olcq9gOneDgLQL5G.jpg</fanart>
</item>
<item>
	<title>[COLOR=white]Pooh's Heffalump Halloween Movie[/COLOR]</title>
	<meta>
	<imdb>tt0457437</imdb>
	<content>movie</content>
	<title>Pooh's Heffalump Halloween Movie</title>
	<year>2005</year>
	</meta>
	<link>
	<sublink>search</sublink>
	<sublink>searchsd</sublink>
	</link>
	<thumbnail>https://image.tmdb.org/t/p/w1280/e3AZasaAGbCRhP09WZoyRDD511y.jpg</thumbnail>
	<fanart>https://image.tmdb.org/t/p/w1280/ghFZPRcfb2MWSliS0W07gwacRaN.jpg</fanart>
</item>
<item>
	<title>[COLOR=white]Practical Magic[/COLOR]</title>
	<meta>
	<imdb>tt0120791</imdb>
	<content>movie</content>
	<title>Practical Magic</title>
	<year>1998</year>
	</meta>
	<link>
	<sublink>search</sublink>
	<sublink>searchsd</sublink>
	</link>
	<thumbnail>https://image.tmdb.org/t/p/w1280/AwmToSgf2IL3aHv0QRVsR5KvChv.jpg</thumbnail>
	<fanart>https://image.tmdb.org/t/p/w1280/2csru6TjDXExFgx5OXxJmRHujVs.jpg</fanart>
</item>
<item>
	<title>[COLOR=white]Return to Halloweentown[/COLOR]</title>
	<meta>
	<imdb>tt0816520</imdb>
	<content>movie</content>
	<title>Return to Halloweentown</title>
	<year>2006</year>
	</meta>
	<link>
	<sublink>search</sublink>
	<sublink>searchsd</sublink>
	</link>
	<thumbnail>https://image.tmdb.org/t/p/w1280/nkdTmALLYBKK5jgoV4gk0NhDEWj.jpg</thumbnail>
	<fanart>https://image.tmdb.org/t/p/w1280/fo3cUebOQw2Hd9Z6u3PzqLz051h.jpg</fanart>
</item>
<item>
	<title>[COLOR=white]Room on the Broom[/COLOR]</title>
	<meta>
	<imdb>tt2484120</imdb>
	<content>movie</content>
	<title>Room on the Broom</title>
	<year>2012</year>
	</meta>
	<link>
	<sublink>search</sublink>
	<sublink>searchsd</sublink>
	</link>
	<thumbnail>https://image.tmdb.org/t/p/w1280/3tKg0bMIsbaqa4nV9oUSMtnTduv.jpg</thumbnail>
	<fanart>https://image.tmdb.org/t/p/w1280/iU0PFWyTzRA1MZW0yC7rlGCop7Z.jpg</fanart>
</item>
<item>
	<title>[COLOR=white]Scared Shrekless[/COLOR]</title>
	<meta>
	<imdb>tt1725156</imdb>
	<content>movie</content>
	<title>Scared Shrekless</title>
	<year>2010</year>
	</meta>
	<link>
	<sublink>search</sublink>
	<sublink>searchsd</sublink>
	</link>
	<thumbnail>https://image.tmdb.org/t/p/w1280/tDoLNXLKoEUoLOL0FPjpBE0SGaV.jpg</thumbnail>
	<fanart>https://image.tmdb.org/t/p/w1280/w6LakNLInxevoDbq3chl4huqpUl.jpg</fanart>
</item>
<item>
	<title>[COLOR=white]Scooby-Doo[/COLOR]</title>
	<meta>
	<imdb>tt0267913</imdb>
	<content>movie</content>
	<title>Scooby-Doo</title>
	<year>2002</year>
	</meta>
	<link>
	<sublink>search</sublink>
	<sublink>searchsd</sublink>
	</link>
	<thumbnail>https://image.tmdb.org/t/p/w1280/jnhGTpAdwqxicXIzrAK4QLInQgl.jpg</thumbnail>
	<fanart>https://image.tmdb.org/t/p/w1280/pWCWxPiyy8vW6wPsKVruad9fV9Z.jpg</fanart>
</item>
<item>
	<title>[COLOR=white]Scooby-Doo 2: Monsters Unleashed[/COLOR]</title>
	<meta>
	<imdb>tt0331632</imdb>
	<content>movie</content>
	<title>Scooby-Doo 2: Monsters Unleashed</title>
	<year>2004</year>
	</meta>
	<link>
	<sublink>search</sublink>
	<sublink>searchsd</sublink>
	</link>
	<thumbnail>https://image.tmdb.org/t/p/w1280/vEp6qw25qY2n03O9EaeiWNv89vb.jpg</thumbnail>
	<fanart>https://image.tmdb.org/t/p/w1280/2vRVzvqY0tydcStBkNn73JPPOPL.jpg</fanart>
</item>
<item>
	<title>[COLOR=white]The Secret of Roan Inish[/COLOR]</title>
	<meta>
	<imdb>tt0111112</imdb>
	<content>movie</content>
	<title>The Secret of Roan Inish</title>
	<year>1995</year>
	</meta>
	<link>
	<sublink>search</sublink>
	<sublink>searchsd</sublink>
	</link>
	<thumbnail>https://image.tmdb.org/t/p/w1280/knrhzhfMKgTqrDrCy3nBWL5sypa.jpg</thumbnail>
	<fanart>https://image.tmdb.org/t/p/w1280/hf1x5jzC48vhVnQ05ziVtGRo6yf.jpg</fanart>
</item>
<item>
	<title>[COLOR=white]Tower of Terror[/COLOR]</title>
	<meta>
	<imdb>tt0131620</imdb>
	<content>movie</content>
	<title>Tower of Terror</title>
	<year>1997</year>
	</meta>
	<link>
	<sublink>search</sublink>
	<sublink>searchsd</sublink>
	</link>
	<thumbnail>https://image.tmdb.org/t/p/w1280/c7gyuJ8YDjERb6tV4yNp53SRVAk.jpg</thumbnail>
	<fanart>https://image.tmdb.org/t/p/w1280/pUcparxksWsF8Gkjj9Rx2nO9Qap.jpg</fanart>
</item>
<item>
	<title>[COLOR=white]Toy Story of Terror![/COLOR]</title>
	<meta>
	<imdb>tt2446040</imdb>
	<content>movie</content>
	<title>Toy Story of Terror!</title>
	<year>2013</year>
	</meta>
	<link>
	<sublink>search</sublink>
	<sublink>searchsd</sublink>
	</link>
	<thumbnail>https://image.tmdb.org/t/p/w1280/cT8krQxRoioNk2KabSYuIf2yuaC.jpg</thumbnail>
	<fanart>https://image.tmdb.org/t/p/w1280/fFYzHx4tN6cSVgWcFcfJI42KOpN.jpg</fanart>
</item>
<item>
	<title>[COLOR=white]Twitches[/COLOR]</title>
	<meta>
	<imdb>tt0467421</imdb>
	<content>movie</content>
	<title>Twitches</title>
	<year>2005</year>
	</meta>
	<link>
	<sublink>search</sublink>
	<sublink>searchsd</sublink>
	</link>
	<thumbnail>https://image.tmdb.org/t/p/w1280/vp5vsNH5JpoI9lBkrdCUBbfVdU4.jpg</thumbnail>
	<fanart>https://image.tmdb.org/t/p/w1280/9wiw45VvmBSLo80TJidF9qAqTwd.jpg</fanart>
</item>
<item>
	<title>[COLOR=white]Twitches Too[/COLOR]</title>
	<meta>
	<imdb>tt1017465</imdb>
	<content>movie</content>
	<title>Twitches Too</title>
	<year>2007</year>
	</meta>
	<link>
	<sublink>search</sublink>
	<sublink>searchsd</sublink>
	</link>
	<thumbnail>https://image.tmdb.org/t/p/w1280/bueTS6wabNUi1FZYTeF9FvUM35M.jpg</thumbnail>
	<fanart>https://image.tmdb.org/t/p/w1280/2lqsULuc6KXxaCc1mFaG4hQmbwF.jpg</fanart>
</item>
<item>
	<title>[COLOR=white]A Monster in Paris[/COLOR]</title>
	<meta>
	<imdb>tt0961097</imdb>
	<content>movie</content>
	<title>A Monster in Paris</title>
	<year>2011</year>
	</meta>
	<link>
	<sublink>search</sublink>
	<sublink>searchsd</sublink>
	</link>
	<thumbnail>https://image.tmdb.org/t/p/w1280/bEqkbV0bYIDWpu2dMc1Zy3aFHhT.jpg</thumbnail>
	<fanart>https://image.tmdb.org/t/p/w1280/fCZKEiiE3cCIqeWf2WSAiMCvDwN.jpg</fanart>
</item>
<item>
	<title>[COLOR=white]Vampire Dog[/COLOR]</title>
	<meta>
	<imdb>tt2071648</imdb>
	<content>movie</content>
	<title>Vampire Dog</title>
	<year>2012</year>
	</meta>
	<link>
	<sublink>search</sublink>
	<sublink>searchsd</sublink>
	</link>
	<thumbnail>https://image.tmdb.org/t/p/w1280/pYBV0zJpRKVkFAOoAYpm7jptwj8.jpg</thumbnail>
	<fanart>https://image.tmdb.org/t/p/w1280/wKAUxIF1aw0mXBHteQPdBgblvZG.jpg</fanart>
</item>
<item>
	<title>[COLOR=white]Wallace & Gromit: The Curse of the Were-Rabbit[/COLOR]</title>
	<meta>
	<imdb>tt0312004</imdb>
	<content>movie</content>
	<title>Wallace & Gromit: The Curse of the Were-Rabbit</title>
	<year>2005</year>
	</meta>
	<link>
	<sublink>search</sublink>
	<sublink>searchsd</sublink>
	</link>
	<thumbnail>https://image.tmdb.org/t/p/w1280/tLryx0x9TDV5rifA9W8yUvDZFHB.jpg</thumbnail>
	<fanart>https://image.tmdb.org/t/p/w1280/v45E1vDhPp2hc1dEZx5KZuRsSxX.jpg</fanart>
</item>
<item>
	<title>[COLOR=white]The Witches[/COLOR]</title>
	<meta>
	<imdb>tt0100944</imdb>
	<content>movie</content>
	<title>The Witches</title>
	<year>1990</year>
	</meta>
	<link>
	<sublink>search</sublink>
	<sublink>searchsd</sublink>
	</link>
	<thumbnail>https://image.tmdb.org/t/p/w1280/d1YohvVtnjeZ21WeRkmRVcPhXgT.jpg</thumbnail>
	<fanart>https://image.tmdb.org/t/p/w1280/p9RUiryRT3nGrHZcgEidFRSpQXP.jpg</fanart>
</item>
<item>
	<title>[COLOR=white]The Wizard of Oz[/COLOR]</title>
	<meta>
	<imdb>tt0032138</imdb>
	<content>movie</content>
	<title>The Wizard of Oz</title>
	<year>1939</year>
	</meta>
	<link>
	<sublink>search</sublink>
	<sublink>searchsd</sublink>
	</link>
	<thumbnail>https://image.tmdb.org/t/p/w1280/mkFyFkF5KXVcb8Hf8Dj0KZuew2u.jpg</thumbnail>
	<fanart>https://image.tmdb.org/t/p/w1280/pU2hNUkFAiq6HC8vUhnpRVcvH4G.jpg</fanart>
</item>