<item>
	<title>[COLOR=blue]Enemy From Space[/COLOR]</title>
	<meta>
	<imdb>tt0050873</imdb>
	<content>movie</content>
	<title>Enemy From Space</title>
	<year>1957</year>
	</meta>
	<link>
	<sublink>https://www.youtube.com/watch?v=vCwRzJQ0T7Y&feature=youtu.be</sublink>
	<sublink>search</sublink>
	<sublink>searchsd</sublink>
	</link>
	<thumbnail>https://image.tmdb.org/t/p/w1280/nRvZWgwwgZfzouJeMCUQ9P9mmZm.jpg</thumbnail>
	<fanart>https://image.tmdb.org/t/p/w1280/A0JUHtVPgDYOMYTPBSrJpJYaYro.jpg</fanart>
</item>
<item>
	<title>[COLOR=blue]The Quatermass Xperiment[/COLOR]</title>
	<meta>
	<imdb>tt0049646</imdb>
	<content>movie</content>
	<title>The Quatermass Xperiment</title>
	<year>1955</year>
	</meta>
	<link>
	<sublink>https://www.youtube.com/watch?v=Y33JlFApS-4&feature=youtu.be</sublink>
	<sublink>search</sublink>
	<sublink>searchsd</sublink>
	</link>
	<thumbnail>https://image.tmdb.org/t/p/w1280/lm6cQiUjJ0AUUqESI9WWM7veIbp.jpg</thumbnail>
	<fanart>https://image.tmdb.org/t/p/w1280/3puBH61IH4MZgwIwpMY9CE7x6FL.jpg</fanart>
</item>
<item>
	<title>[COLOR=blue]X: The Unknown[/COLOR]</title>
	<meta>
	<imdb>tt0049967</imdb>
	<content>movie</content>
	<title>X: The Unknown</title>
	<year>1956</year>
	</meta>
	<link>
	<sublink>https://www.youtube.com/watch?v=krz8ym_TdSs&feature=youtu.be</sublink>
	<sublink>search</sublink>
	<sublink>searchsd</sublink>
	</link>
	<thumbnail>https://image.tmdb.org/t/p/w1280/yr2qWWNwsTTKwAgfTFgdDHBfprB.jpg</thumbnail>
	<fanart>https://image.tmdb.org/t/p/w1280/y7FF7zv8745LXYHhwXUzqzoY2sQ.jpg</fanart>
</item>
<item>
	<title>[COLOR=blue]The Abominable Snowman[/COLOR]</title>
	<meta>
	<imdb>tt0050095</imdb>
	<content>movie</content>
	<title>The Abominable Snowman</title>
	<year>1957</year>
	</meta>
	<link>
	<sublink>https://www.youtube.com/watch?v=eUcMsy96sps&feature=youtu.be</sublink>
	<sublink>search</sublink>
	<sublink>searchsd</sublink>
	</link>
	<thumbnail>https://image.tmdb.org/t/p/w1280/ew09BjLLwvEBhQsUhmk14IKH6q6.jpg</thumbnail>
	<fanart>https://image.tmdb.org/t/p/w1280/ujfEeymR8FRC1RMp2hzWO6v1eLq.jpg</fanart>
</item>
<item>
	<title>[COLOR=blue]Maniac[/COLOR]</title>
	<meta>
	<imdb>tt0056219</imdb>
	<content>movie</content>
	<title>Maniac</title>
	<year>1963</year>
	</meta>
	<link>
	<sublink>https://www.youtube.com/watch?v=lpD4DqAeEHw&feature=youtu.be</sublink>
	<sublink>search</sublink>
	<sublink>searchsd</sublink>
	</link>
	<thumbnail>https://image.tmdb.org/t/p/w1280/lzjQRhWKQoVuTqcP2Zr6WhFmpse.jpg</thumbnail>
	<fanart>https://image.tmdb.org/t/p/w1280/be1bUwUWvESvzqvk6e3BY5fI4G7.jpg</fanart>
</item>
<item>
	<title>[COLOR=blue]Nightmare[/COLOR]</title>
	<meta>
	<imdb>tt0058405</imdb>
	<content>movie</content>
	<title>Nightmare</title>
	<year>1964</year>
	</meta>
	<link>
	<sublink>https://www.youtube.com/watch?v=_YZ5H1ijssY&feature=youtu.be</sublink>
	<sublink>search</sublink>
	<sublink>searchsd</sublink>
	</link>
	<thumbnail>https://image.tmdb.org/t/p/w1280/fkRD7A47WQhyjIhJ3WSCPPCG5Ei.jpg</thumbnail>
	<fanart>https://image.tmdb.org/t/p/w1280/iECgoD959wO3fqIIUMjAxA5EObO.jpg</fanart>
</item>
<item>
	<title>[COLOR=blue]Taste of Fear[/COLOR]</title>
	<meta>
	<imdb>tt0055505</imdb>
	<content>movie</content>
	<title>Taste of Fear</title>
	<year>1961</year>
	</meta>
	<link>
	<sublink>https://www.youtube.com/watch?v=8P94QNCgZoA&feature=youtu.be</sublink>
	<sublink>search</sublink>
	<sublink>searchsd</sublink>
	</link>
	<thumbnail>https://image.tmdb.org/t/p/w1280/8iU24Huct95wthaxK3mW5dkBkbE.jpg</thumbnail>
	<fanart>https://image.tmdb.org/t/p/w1280/iGLOMkV6v4xHmSlcJH9J2dHuMGe.jpg</fanart>
</item>
<item>
	<title>[COLOR=blue]The Devil Rides Out[/COLOR]</title>
	<meta>
	<imdb>tt0062885</imdb>
	<content>movie</content>
	<title>The Devil Rides Out</title>
	<year>1968</year>
	</meta>
	<link>
	<sublink>https://www.youtube.com/watch?v=LCZnuo1vuWU&feature=youtu.be</sublink>
	<sublink>search</sublink>
	<sublink>searchsd</sublink>
	</link>
	<thumbnail>https://image.tmdb.org/t/p/w1280/dT3jnzs34q0iGDaXxyarrLhebtt.jpg</thumbnail>
	<fanart>https://image.tmdb.org/t/p/w1280/wFSkj7oFhXCZD7y02PFwlib8PRU.jpg</fanart>
</item>
<item>
	<title>[COLOR=blue]Captain Clegg[/COLOR]</title>
	<meta>
	<imdb>tt0056277</imdb>
	<content>movie</content>
	<title>Captain Clegg</title>
	<year>1962</year>
	</meta>
	<link>
	<sublink>https://www.youtube.com/watch?v=wne4LRo0ka0&feature=youtu.be</sublink>
	<sublink>search</sublink>
	<sublink>searchsd</sublink>
	</link>
	<thumbnail>https://image.tmdb.org/t/p/w1280/xvyXuNgLtZCx1ZhRAaXq0TrhJSb.jpg</thumbnail>
	<fanart>https://image.tmdb.org/t/p/w1280/gfv6Op0iYoRFEruEXYU0SsIWMvz.jpg</fanart>
</item>
<item>
	<title>[COLOR=blue]Crescendo[/COLOR]</title>
	<meta>
	<imdb>tt0064188</imdb>
	<content>movie</content>
	<title>Crescendo</title>
	<year>1970</year>
	</meta>
	<link>
	<sublink>https://www.youtube.com/watch?v=WeFl_T7S0SY&feature=youtu.be</sublink>
	<sublink>search</sublink>
	<sublink>searchsd</sublink>
	</link>
	<thumbnail>https://image.tmdb.org/t/p/w1280/5daHI1MSAgrj4Q57Qfb94tI5EL7.jpg</thumbnail>
	<fanart>https://image.tmdb.org/t/p/w1280/6ZU5HY0Y1mc6jCdPSRRv4RDzRu3.jpg</fanart>
</item>
<item>
	<title>[COLOR=blue]Demons of the Mind[/COLOR]</title>
	<meta>
	<imdb>tt0066982</imdb>
	<content>movie</content>
	<title>Demons of the Mind</title>
	<year>1972</year>
	</meta>
	<link>
	<sublink>https://www.youtube.com/watch?v=neaA0yGcdIc&feature=youtu.be</sublink>
	<sublink>search</sublink>
	<sublink>searchsd</sublink>
	</link>
	<thumbnail>https://image.tmdb.org/t/p/w1280/8AI1SBS6mpmvcmEUWJchjCbR90X.jpg</thumbnail>
	<fanart>https://image.tmdb.org/t/p/w1280/nr5SHR1K41eZ3X5PLiPw9zoXyJe.jpg</fanart>
</item>
<item>
	<title>[COLOR=blue]Die! Die! My Darling![/COLOR]</title>
	<meta>
	<imdb>tt0059106</imdb>
	<content>movie</content>
	<title>Die! Die! My Darling!</title>
	<year>1965</year>
	</meta>
	<link>
	<sublink>https://www.youtube.com/watch?v=SIbPwO6h9Xs&feature=youtu.be</sublink>
	<sublink>search</sublink>
	<sublink>searchsd</sublink>
	</link>
	<thumbnail>https://image.tmdb.org/t/p/w1280/ijce8AeNeKnekWgi6qQEYUNSlw4.jpg</thumbnail>
	<fanart>https://image.tmdb.org/t/p/w1280/k2Q0ma55NK8nshooakwnIHZFSPn.jpg</fanart>
</item>
<item>
	<title>[COLOR=blue]Fear in the Night[/COLOR]</title>
	<meta>
	<imdb>tt0068577</imdb>
	<content>movie</content>
	<title>Fear in the Night</title>
	<year>1972</year>
	</meta>
	<link>
	<sublink>https://www.youtube.com/watch?v=UPgntNhAVDc&feature=youtu.be</sublink>
	<sublink>search</sublink>
	<sublink>searchsd</sublink>
	</link>
	<thumbnail>https://image.tmdb.org/t/p/w1280/cNhz4tf7lBxslL1c2v33jeUWAyo.jpg</thumbnail>
	<fanart>https://image.tmdb.org/t/p/w1280/hHqm23xmXrGK2aMJiJGc80OlRNl.jpg</fanart>
</item>
<item>
	<title>[COLOR=blue]The Shadow of the Cat[/COLOR]</title>
	<meta>
	<imdb>tt0055438</imdb>
	<content>movie</content>
	<title>The Shadow of the Cat</title>
	<year>1961</year>
	</meta>
	<link>
	<sublink>https://www.youtube.com/watch?v=UPgntNhAVDc&feature=youtu.be</sublink>
	<sublink>search</sublink>
	<sublink>searchsd</sublink>
	</link>
	<thumbnail>https://image.tmdb.org/t/p/w1280none</thumbnail>
	<fanart>https://image.tmdb.org/t/p/w1280none</fanart>
</item>
<item>
	<title>[COLOR=blue]Paranoiac[/COLOR]</title>
	<meta>
	<imdb>tt0057401</imdb>
	<content>movie</content>
	<title>Paranoiac</title>
	<year>1963</year>
	</meta>
	<link>
	<sublink>https://www.youtube.com/watch?v=UPgntNhAVDc&feature=youtu.be</sublink>
	<sublink>search</sublink>
	<sublink>searchsd</sublink>
	</link>
	<thumbnail>https://image.tmdb.org/t/p/w1280none</thumbnail>
	<fanart>https://image.tmdb.org/t/p/w1280none</fanart>
</item>
<item>
	<title>[COLOR=blue]Hands of the Ripper[/COLOR]</title>
	<meta>
	<imdb>tt0067176</imdb>
	<content>movie</content>
	<title>Hands of the Ripper</title>
	<year>1971</year>
	</meta>
	<link>
	<sublink>https://www.youtube.com/watch?v=UPgntNhAVDc&feature=youtu.be</sublink>
	<sublink>search</sublink>
	<sublink>searchsd</sublink>
	</link>
	<thumbnail>https://image.tmdb.org/t/p/w1280none</thumbnail>
	<fanart>https://image.tmdb.org/t/p/w1280none</fanart>
</item>
<item>
	<title>[COLOR=blue]Rasputin: The Mad Monk[/COLOR]</title>
	<meta>
	<imdb>tt0059635</imdb>
	<content>movie</content>
	<title>Rasputin: The Mad Monk</title>
	<year>1966</year>
	</meta>
	<link>
	<sublink>https://www.youtube.com/watch?v=ERbbv-04hss&feature=youtu.be</sublink>
	<sublink>search</sublink>
	<sublink>searchsd</sublink>
	</link>
	<thumbnail>https://image.tmdb.org/t/p/w1280/1Zf203u2BT0yyo9FQoCjrZxS0Xr.jpg</thumbnail>
	<fanart>https://image.tmdb.org/t/p/w1280/iy9rCSyecZ43nQvafcg43B4hGRz.jpg</fanart>
</item>
<item>
	<title>[COLOR=blue]Hysteria[/COLOR]</title>
	<meta>
	<imdb>tt0058216</imdb>
	<content>movie</content>
	<title>Hysteria</title>
	<year>1965</year>
	</meta>
	<link>
	<sublink>https://www.youtube.com/watch?v=uPlVMsaGn_0&feature=youtu.be</sublink>
	<sublink>search</sublink>
	<sublink>searchsd</sublink>
	</link>
	<thumbnail>https://image.tmdb.org/t/p/w1280/aQ6mQ11MUDujK629KE4hcHR7We.jpg</thumbnail>
	<fanart>https://image.tmdb.org/t/p/w1280/giPRaPMXHFbo862vbf6QdxssnKc.jpg</fanart>
</item>
<item>
	<title>[COLOR=blue]Straight on Till Morning[/COLOR]</title>
	<meta>
	<imdb>tt0069318</imdb>
	<content>movie</content>
	<title>Straight on Till Morning</title>
	<year>1972</year>
	</meta>
	<link>
	<sublink>https://www.youtube.com/watch?v=NxBr_OjIK9s&feature=youtu.be</sublink>
	<sublink>search</sublink>
	<sublink>searchsd</sublink>
	</link>
	<thumbnail>https://image.tmdb.org/t/p/w1280/82w5tU1e5kezghkR7jauqxsF9R6.jpg</thumbnail>
	<fanart>https://image.tmdb.org/t/p/w1280/wUrqyNUiVoTIRx1zrYiKOTIUI0x.jpg</fanart>
</item>
<item>
	<title>[COLOR=blue]The Anniversary[/COLOR]</title>
	<meta>
	<imdb>tt0062671</imdb>
	<content>movie</content>
	<title>The Anniversary</title>
	<year>1968</year>
	</meta>
	<link>
	<sublink>https://www.youtube.com/watch?v=HYT8GiD1sa4&feature=youtu.be</sublink>
	<sublink>search</sublink>
	<sublink>searchsd</sublink>
	</link>
	<thumbnail>https://image.tmdb.org/t/p/w1280/gvxBYaTvCTj6Z9IxhdE9ZpECCFS.jpg</thumbnail>
	<fanart>https://image.tmdb.org/t/p/w1280/vLeizRuacggsSdI2vcZXv16d7TA.jpg</fanart>
</item>
<item>
	<title>[COLOR=blue]The Hound of the Baskervilles[/COLOR]</title>
	<meta>
	<imdb>tt0052905</imdb>
	<content>movie</content>
	<title>The Hound of the Baskervilles</title>
	<year>1959</year>
	</meta>
	<link>
	<sublink>https://www.youtube.com/watch?v=qQRQ8MXqS10&feature=youtu.be</sublink>
	<sublink>search</sublink>
	<sublink>searchsd</sublink>
	</link>
	<thumbnail>https://image.tmdb.org/t/p/w1280/fHds2wqJXLHCKvg7zGX2nb6mtRP.jpg</thumbnail>
	<fanart>https://image.tmdb.org/t/p/w1280/cacVeQR28wdQCax1rTZPLv0obBN.jpg</fanart>
</item>
<item>
	<title>[COLOR=blue]The Man Who Could Cheat Death[/COLOR]</title>
	<meta>
	<imdb>tt0053041</imdb>
	<content>movie</content>
	<title>The Man Who Could Cheat Death</title>
	<year>1959</year>
	</meta>
	<link>
	<sublink>https://www.youtube.com/watch?v=qYJ5-kpznYs&feature=youtu.be</sublink>
	<sublink>search</sublink>
	<sublink>searchsd</sublink>
	</link>
	<thumbnail>https://image.tmdb.org/t/p/w1280/e7NiOrUOTAaz8xt5w0EIYuO5AaE.jpg</thumbnail>
	<fanart>https://image.tmdb.org/t/p/w1280/klTHbqDn04YRqAzZDfICYO2OWsR.jpg</fanart>
</item>
<item>
	<title>[COLOR=blue]The Nanny[/COLOR]</title>
	<meta>
	<imdb>tt0059496</imdb>
	<content>movie</content>
	<title>The Nanny</title>
	<year>1965</year>
	</meta>
	<link>
	<sublink>https://www.youtube.com/watch?v=dLAMjk6jPys&feature=youtu.be</sublink>
	<sublink>search</sublink>
	<sublink>searchsd</sublink>
	</link>
	<thumbnail>https://image.tmdb.org/t/p/w1280/vSMUs1DzegZURKuhCvmefi6yGyz.jpg</thumbnail>
	<fanart>https://image.tmdb.org/t/p/w1280/aqEb9Hrq4LANR82P9jkHqEeNLIF.jpg</fanart>
</item>
<item>
	<title>[COLOR=blue]The Witches[/COLOR]</title>
	<meta>
	<imdb>tt0060307</imdb>
	<content>movie</content>
	<title>The Witches</title>
	<year>1966</year>
	</meta>
	<link>
	<sublink>https://www.youtube.com/watch?v=v-FUFzbkhLg&feature=youtu.be</sublink>
	<sublink>search</sublink>
	<sublink>searchsd</sublink>
	</link>
	<thumbnail>https://image.tmdb.org/t/p/w1280/jPfBd6Af21hVtSSFPrbfV4nWKCz.jpg</thumbnail>
	<fanart>https://image.tmdb.org/t/p/w1280/yY8uU06teALzpqcC0TSwqVFSoO8.jpg</fanart>
</item>
<item>
	<title>[COLOR=blue]The Old Dark House[/COLOR]</title>
	<meta>
	<imdb>tt0057379</imdb>
	<content>movie</content>
	<title>The Old Dark House</title>
	<year>1963</year>
	</meta>
	<link>
	<sublink>https://www.youtube.com/watch?v=v-FUFzbkhLg&feature=youtu.be</sublink>
	<sublink>search</sublink>
	<sublink>searchsd</sublink>
	</link>
	<thumbnail>https://image.tmdb.org/t/p/w1280none</thumbnail>
	<fanart>https://image.tmdb.org/t/p/w1280none</fanart>
</item>
<item>
	<title>[COLOR=blue]The Terror of the Tongs[/COLOR]</title>
	<meta>
	<imdb>tt0055516</imdb>
	<content>movie</content>
	<title>The Terror of the Tongs</title>
	<year>1961</year>
	</meta>
	<link>
	<sublink>https://www.youtube.com/watch?v=VTyyWa7oJgE&feature=youtu.be</sublink>
	<sublink>search</sublink>
	<sublink>searchsd</sublink>
	</link>
	<thumbnail>https://image.tmdb.org/t/p/w1280/em2iWvALhRnCo5b9ZxancCrjp77.jpg</thumbnail>
	<fanart>https://image.tmdb.org/t/p/w1280/s4K6fcgJP73ETfZGNPrGpiVL41I.jpg</fanart>
</item>
<item>
	<title>[COLOR=blue]The Damned[/COLOR]</title>
	<meta>
	<imdb>tt0056576</imdb>
	<content>movie</content>
	<title>The Damned</title>
	<year>1962</year>
	</meta>
	<link>
	<sublink>https://www.youtube.com/watch?v=1a4z_QNlRko&feature=youtu.be</sublink>
	<sublink>search</sublink>
	<sublink>searchsd</sublink>
	</link>
	<thumbnail>https://image.tmdb.org/t/p/w1280/oabBcvyf7OdDq8KapvKwB30Mz3g.jpg</thumbnail>
	<fanart>https://image.tmdb.org/t/p/w1280/aywJCF0L4q9qy2tYi9QjeX62rdY.jpg</fanart>
</item>
<item>
	<title>[COLOR=blue]Countess Dracula[/COLOR]</title>
	<meta>
	<imdb>tt0065580</imdb>
	<content>movie</content>
	<title>Countess Dracula</title>
	<year>1971</year>
	</meta>
	<link>
	<sublink>https://www.youtube.com/watch?v=uUtyVg4a6zs&feature=youtu.be</sublink>
	<sublink>search</sublink>
	<sublink>searchsd</sublink>
	</link>
	<thumbnail>https://image.tmdb.org/t/p/w1280/z581UpqoJOaZFERBtMUvr9lZm5a.jpg</thumbnail>
	<fanart>https://image.tmdb.org/t/p/w1280/ccnu0wx2gTb96vbTnEQiiJTwyNg.jpg</fanart>
</item>
<item>
	<title>[COLOR=blue]Dracula: Prince of Darkness[/COLOR]</title>
	<meta>
	<imdb>tt0059127</imdb>
	<content>movie</content>
	<title>Dracula: Prince of Darkness</title>
	<year>1966</year>
	</meta>
	<link>
	<sublink>https://www.youtube.com/watch?v=zg9w_5hdL3g&feature=youtu.be</sublink>
	<sublink>search</sublink>
	<sublink>searchsd</sublink>
	</link>
	<thumbnail>https://image.tmdb.org/t/p/w1280/AcrStPFOuXhOTXmJ6uf6V89cnke.jpg</thumbnail>
	<fanart>https://image.tmdb.org/t/p/w1280/ytWOlwgnNotY4PfFfTfxy9WiGGk.jpg</fanart>
</item>
<item>
	<title>[COLOR=blue]Scars of Dracula[/COLOR]</title>
	<meta>
	<imdb>tt0067713</imdb>
	<content>movie</content>
	<title>Scars of Dracula</title>
	<year>1970</year>
	</meta>
	<link>
	<sublink>https://www.youtube.com/watch?v=Zw1HJEQjz60&feature=youtu.be</sublink>
	<sublink>search</sublink>
	<sublink>searchsd</sublink>
	</link>
	<thumbnail>https://image.tmdb.org/t/p/w1280/5daqiTuAgXfUzJruIhs3znlerec.jpg</thumbnail>
	<fanart>https://image.tmdb.org/t/p/w1280/n8QxwRDCMmxpf4lFlS9V0QEj65b.jpg</fanart>
</item>
<item>
	<title>[COLOR=blue]The Satanic Rites of Dracula[/COLOR]</title>
	<meta>
	<imdb>tt0070634</imdb>
	<content>movie</content>
	<title>The Satanic Rites of Dracula</title>
	<year>1973</year>
	</meta>
	<link>
	<sublink>https://www.youtube.com/watch?v=eMAgmFScQvU&feature=youtu.be</sublink>
	<sublink>search</sublink>
	<sublink>searchsd</sublink>
	</link>
	<thumbnail>https://image.tmdb.org/t/p/w1280/7gjrXE3bI0W2CVw92b94I2qoUYb.jpg</thumbnail>
	<fanart>https://image.tmdb.org/t/p/w1280/i1v4ozDC2e7hVqBzR9VoPt7VXAh.jpg</fanart>
</item>
<item>
	<title>[COLOR=blue]Dracula[/COLOR]</title>
	<meta>
	<imdb>tt0051554</imdb>
	<content>movie</content>
	<title>Dracula</title>
	<year>1958</year>
	</meta>
	<link>
	<sublink>https://www.youtube.com/watch?v=4o0n9VWlCGE&feature=youtu.be</sublink>
	<sublink>search</sublink>
	<sublink>searchsd</sublink>
	</link>
	<thumbnail>https://image.tmdb.org/t/p/w1280/1L45hwUu1P4NRhbRRrE5d9oHamm.jpg</thumbnail>
	<fanart>https://image.tmdb.org/t/p/w1280/8Fi5uAQeOEKbgSYBnmN4FoIrO6O.jpg</fanart>
</item>
<item>
	<title>[COLOR=blue]Dracula A.D. 1972[/COLOR]</title>
	<meta>
	<imdb>tt0068505</imdb>
	<content>movie</content>
	<title>Dracula A.D. 1972</title>
	<year>1972</year>
	</meta>
	<link>
	<sublink>https://www.youtube.com/watch?v=KhBfI8_xPAk&feature=youtu.be</sublink>
	<sublink>search</sublink>
	<sublink>searchsd</sublink>
	</link>
	<thumbnail>https://image.tmdb.org/t/p/w1280/9H9wjdGUfJYEV88gPc7kre3gNlv.jpg</thumbnail>
	<fanart>https://image.tmdb.org/t/p/w1280/jIeaSbogd6MaBwThejadsCGvr24.jpg</fanart>
</item>
<item>
	<title>[COLOR=blue]Dracula Has Risen from the Grave[/COLOR]</title>
	<meta>
	<imdb>tt0062909</imdb>
	<content>movie</content>
	<title>Dracula Has Risen from the Grave</title>
	<year>1968</year>
	</meta>
	<link>
	<sublink>https://www.youtube.com/watch?v=9k7sl9ni-Lk&feature=youtu.be</sublink>
	<sublink>search</sublink>
	<sublink>searchsd</sublink>
	</link>
	<thumbnail>https://image.tmdb.org/t/p/w1280/wXGiLm7bNXJi2gebnVrwQ6Jxe0e.jpg</thumbnail>
	<fanart>https://image.tmdb.org/t/p/w1280/jejRXH3WnpVRGwreoz40u0Wf0rU.jpg</fanart>
</item>
<item>
	<title>[COLOR=blue]The Legend of the 7 Golden Vampires[/COLOR]</title>
	<meta>
	<imdb>tt0070297</imdb>
	<content>movie</content>
	<title>The Legend of the 7 Golden Vampires</title>
	<year>1974</year>
	</meta>
	<link>
	<sublink>https://www.youtube.com/watch?v=zh6H7vmoDGQ&feature=youtu.be</sublink>
	<sublink>search</sublink>
	<sublink>searchsd</sublink>
	</link>
	<thumbnail>https://image.tmdb.org/t/p/w1280/gidYW1wR6Gd0TS00Dn3Np5l77VO.jpg</thumbnail>
	<fanart>https://image.tmdb.org/t/p/w1280/lGjrTjjxtzioyPcTJztZUiPejAu.jpg</fanart>
</item>
<item>
	<title>[COLOR=blue]Taste the Blood of Dracula[/COLOR]</title>
	<meta>
	<imdb>tt0065073</imdb>
	<content>movie</content>
	<title>Taste the Blood of Dracula</title>
	<year>1970</year>
	</meta>
	<link>
	<sublink>https://www.youtube.com/watch?v=SvAzUkb31iU&feature=youtu.be</sublink>
	<sublink>search</sublink>
	<sublink>searchsd</sublink>
	</link>
	<thumbnail>https://image.tmdb.org/t/p/w1280/rAjadi01hFHqIi4wdBvlzWorg9N.jpg</thumbnail>
	<fanart>https://image.tmdb.org/t/p/w1280/43bbFZzKINzfCshCa3w8ciG2I5a.jpg</fanart>
</item>
<item>
	<title>[COLOR=blue]The Brides of Dracula[/COLOR]</title>
	<meta>
	<imdb>tt0053677</imdb>
	<content>movie</content>
	<title>The Brides of Dracula</title>
	<year>1960</year>
	</meta>
	<link>
	<sublink>https://www.youtube.com/watch?v=QZ9hZNuk04w&feature=youtu.be</sublink>
	<sublink>search</sublink>
	<sublink>searchsd</sublink>
	</link>
	<thumbnail>https://image.tmdb.org/t/p/w1280/zO3v1I1CEGVoerS1nD0wTMULr6d.jpg</thumbnail>
	<fanart>https://image.tmdb.org/t/p/w1280/9OMSEzFWrqBNlF09DefYuGrFJqJ.jpg</fanart>
</item>
<item>
	<title>[COLOR=blue]Frankenstein Must Be Destroyed[/COLOR]</title>
	<meta>
	<imdb>tt0065738</imdb>
	<content>movie</content>
	<title>Frankenstein Must Be Destroyed</title>
	<year>1969</year>
	</meta>
	<link>
	<sublink>https://www.youtube.com/watch?v=z6xfI_W9cyQ&feature=youtu.be</sublink>
	<sublink>search</sublink>
	<sublink>searchsd</sublink>
	</link>
	<thumbnail>https://image.tmdb.org/t/p/w1280/cbz9iYGuMXOxKHlonnKD8vqxa96.jpg</thumbnail>
	<fanart>https://image.tmdb.org/t/p/w1280/nA8qapURhkTI2Ff3XB5fpXhNri8.jpg</fanart>
</item>
<item>
	<title>[COLOR=blue]Frankenstein and the Monster from Hell[/COLOR]</title>
	<meta>
	<imdb>tt0071519</imdb>
	<content>movie</content>
	<title>Frankenstein and the Monster from Hell</title>
	<year>1974</year>
	</meta>
	<link>
	<sublink>https://www.youtube.com/watch?v=0ofXRRd2r-8&feature=youtu.be</sublink>
	<sublink>search</sublink>
	<sublink>searchsd</sublink>
	</link>
	<thumbnail>https://image.tmdb.org/t/p/w1280/8PuTDNLqFrzC3YGFyULiXOsDPwz.jpg</thumbnail>
	<fanart>https://image.tmdb.org/t/p/w1280/tZby2Dnou723w4jFAb2Nlp3x8iC.jpg</fanart>
</item>
<item>
	<title>[COLOR=blue]Frankenstein Created Woman[/COLOR]</title>
	<meta>
	<imdb>tt0061683</imdb>
	<content>movie</content>
	<title>Frankenstein Created Woman</title>
	<year>1967</year>
	</meta>
	<link>
	<sublink>https://www.youtube.com/watch?v=7SKbAG0k7b0&feature=youtu.be</sublink>
	<sublink>search</sublink>
	<sublink>searchsd</sublink>
	</link>
	<thumbnail>https://image.tmdb.org/t/p/w1280/s95WohDSxZ0WyCQn8fzS92ZN8Xv.jpg</thumbnail>
	<fanart>https://image.tmdb.org/t/p/w1280/9O3yAjg7OGXXGye2fZhUyYQJe6d.jpg</fanart>
</item>
<item>
	<title>[COLOR=blue]The Curse of Frankenstein[/COLOR]</title>
	<meta>
	<imdb>tt0050280</imdb>
	<content>movie</content>
	<title>The Curse of Frankenstein</title>
	<year>1957</year>
	</meta>
	<link>
	<sublink>https://www.youtube.com/watch?v=qEz02uxCPOM&feature=youtu.be</sublink>
	<sublink>search</sublink>
	<sublink>searchsd</sublink>
	</link>
	<thumbnail>https://image.tmdb.org/t/p/w1280/f4dwXdeZFHzLKMNgKGe46RWsMmM.jpg</thumbnail>
	<fanart>https://image.tmdb.org/t/p/w1280/jBidAzvvwYWQMm5dxZwA49vErns.jpg</fanart>
</item>
<item>
	<title>[COLOR=blue]The Evil of Frankenstein[/COLOR]</title>
	<meta>
	<imdb>tt0058073</imdb>
	<content>movie</content>
	<title>The Evil of Frankenstein</title>
	<year>1964</year>
	</meta>
	<link>
	<sublink>https://www.youtube.com/watch?v=NLPsFMW84eE&feature=youtu.be</sublink>
	<sublink>search</sublink>
	<sublink>searchsd</sublink>
	</link>
	<thumbnail>https://image.tmdb.org/t/p/w1280/ck7aPQ4Rudvm6wbQxlVcUwSNonL.jpg</thumbnail>
	<fanart>https://image.tmdb.org/t/p/w1280/4AjfaDM9BALkm4RFFioKfUu8oLd.jpg</fanart>
</item>
<item>
	<title>[COLOR=blue]The Horror of Frankenstein[/COLOR]</title>
	<meta>
	<imdb>tt0065851</imdb>
	<content>movie</content>
	<title>The Horror of Frankenstein</title>
	<year>1970</year>
	</meta>
	<link>
	<sublink>https://www.youtube.com/watch?v=tCA2khyOatA&feature=youtu.be</sublink>
	<sublink>search</sublink>
	<sublink>searchsd</sublink>
	</link>
	<thumbnail>https://image.tmdb.org/t/p/w1280/1iYeFFgIW5RaYPvj3fHruQBzIlR.jpg</thumbnail>
	<fanart>https://image.tmdb.org/t/p/w1280/uaAfpx4JTeZs8K8DHmg7P9ptIf7.jpg</fanart>
</item>
<item>
	<title>[COLOR=blue]The Revenge of Frankenstein[/COLOR]</title>
	<meta>
	<imdb>tt0050894</imdb>
	<content>movie</content>
	<title>The Revenge of Frankenstein</title>
	<year>1958</year>
	</meta>
	<link>
	<sublink>https://www.youtube.com/watch?v=PxrXFxOt5JA&feature=youtu.be</sublink>
	<sublink>search</sublink>
	<sublink>searchsd</sublink>
	</link>
	<thumbnail>https://image.tmdb.org/t/p/w1280/3SKLAELeQFislTtdXF9r1aVp4a7.jpg</thumbnail>
	<fanart>https://image.tmdb.org/t/p/w1280/oEcfaN2GMsbew75W0ZtSiVemRyp.jpg</fanart>
</item>
<item>
	<title>[COLOR=blue]Blood from the Mummy's Tomb[/COLOR]</title>
	<meta>
	<imdb>tt0068290</imdb>
	<content>movie</content>
	<title>Blood from the Mummy's Tomb</title>
	<year>1971</year>
	</meta>
	<link>
	<sublink>https://www.youtube.com/watch?v=GinUdr1lPKI&feature=youtu.be</sublink>
	<sublink>search</sublink>
	<sublink>searchsd</sublink>
	</link>
	<thumbnail>https://image.tmdb.org/t/p/w1280/croZwl9KMq3yaTxi5lfA9AGMGxw.jpg</thumbnail>
	<fanart>https://image.tmdb.org/t/p/w1280/bzLkNQRiKRkkFSlqR7gnEJzTIGZ.jpg</fanart>
</item>
<item>
	<title>[COLOR=blue]The Curse of the Mummy's Tomb[/COLOR]</title>
	<meta>
	<imdb>tt0057986</imdb>
	<content>movie</content>
	<title>The Curse of the Mummy's Tomb</title>
	<year>1964</year>
	</meta>
	<link>
	<sublink>https://www.youtube.com/watch?v=pm9zg24DkZM&feature=youtu.be</sublink>
	<sublink>search</sublink>
	<sublink>searchsd</sublink>
	</link>
	<thumbnail>https://image.tmdb.org/t/p/w1280/yQi4YN2bKFgAT9l8AW4AbsuCMKA.jpg</thumbnail>
	<fanart>https://image.tmdb.org/t/p/w1280/wAVR3pb00GJpcVe8lXE6oJBqMZV.jpg</fanart>
</item>
<item>
	<title>[COLOR=blue]The Mummy[/COLOR]</title>
	<meta>
	<imdb>tt0053085</imdb>
	<content>movie</content>
	<title>The Mummy</title>
	<year>1959</year>
	</meta>
	<link>
	<sublink>https://www.youtube.com/watch?v=nTnkLTRR6v8&feature=youtu.be</sublink>
	<sublink>search</sublink>
	<sublink>searchsd</sublink>
	</link>
	<thumbnail>https://image.tmdb.org/t/p/w1280/w3XEtgi8W9tuPQnLVFCPVxtweyC.jpg</thumbnail>
	<fanart>https://image.tmdb.org/t/p/w1280/nxY6wthYExDuQobWRMXWBSNRYPL.jpg</fanart>
</item>
<item>
	<title>[COLOR=blue]The Mummy's Shroud[/COLOR]</title>
	<meta>
	<imdb>tt0062006</imdb>
	<content>movie</content>
	<title>The Mummy's Shroud</title>
	<year>1967</year>
	</meta>
	<link>
	<sublink>https://www.youtube.com/watch?v=2TlObO0HIDI&feature=youtu.be</sublink>
	<sublink>search</sublink>
	<sublink>searchsd</sublink>
	</link>
	<thumbnail>https://image.tmdb.org/t/p/w1280/nZU7NjJuLEuOM9dKa5dQE1WCPhM.jpg</thumbnail>
	<fanart>https://image.tmdb.org/t/p/w1280/2q98t2l3plJQtsHXFP5Zh45Wf1X.jpg</fanart>
</item>
<item>
	<title>[COLOR=blue]Dr Jekyll & Sister Hyde[/COLOR]</title>
	<meta>
	<imdb>tt0068502</imdb>
	<content>movie</content>
	<title>Dr Jekyll & Sister Hyde</title>
	<year>1971</year>
	</meta>
	<link>
	<sublink>https://www.youtube.com/watch?v=BPiN5aGi6Aw&feature=youtu.be</sublink>
	<sublink>search</sublink>
	<sublink>searchsd</sublink>
	</link>
	<thumbnail>https://image.tmdb.org/t/p/w1280/pU3ZqO4apJU9xdVCmlI2Q9fV55t.jpg</thumbnail>
	<fanart>https://image.tmdb.org/t/p/w1280/nEGE4ZTH6Igje4SpMhmU0JIyck9.jpg</fanart>
</item>
<item>
	<title>[COLOR=blue]Lust for a Vampire[/COLOR]</title>
	<meta>
	<imdb>tt0067367</imdb>
	<content>movie</content>
	<title>Lust for a Vampire</title>
	<year>1971</year>
	</meta>
	<link>
	<sublink>https://www.youtube.com/watch?v=VI48szQIB3g&feature=youtu.be</sublink>
	<sublink>search</sublink>
	<sublink>searchsd</sublink>
	</link>
	<thumbnail>https://image.tmdb.org/t/p/w1280/q5cHhNo04dXotckBfM5dvYGaP73.jpg</thumbnail>
	<fanart>https://image.tmdb.org/t/p/w1280/takfHCPQaKvmvbJ1QXb20StofJ3.jpg</fanart>
</item>
<item>
	<title>[COLOR=blue]The Curse of the Werewolf[/COLOR]</title>
	<meta>
	<imdb>tt0054777</imdb>
	<content>movie</content>
	<title>The Curse of the Werewolf</title>
	<year>1961</year>
	</meta>
	<link>
	<sublink>https://www.youtube.com/watch?v=4QgjMguu5vo&feature=youtu.be</sublink>
	<sublink>search</sublink>
	<sublink>searchsd</sublink>
	</link>
	<thumbnail>https://image.tmdb.org/t/p/w1280/bEooe0py5M8tvfIrjRZPmxzNsHy.jpg</thumbnail>
	<fanart>https://image.tmdb.org/t/p/w1280/dosjfIX3BsGgfWDB0ankqxOnlG9.jpg</fanart>
</item>
<item>
	<title>[COLOR=blue]The Phantom of the Opera[/COLOR]</title>
	<meta>
	<imdb>tt0056347</imdb>
	<content>movie</content>
	<title>The Phantom of the Opera</title>
	<year>1962</year>
	</meta>
	<link>
	<sublink>https://www.youtube.com/watch?v=967gzLMdxMk&feature=youtu.be</sublink>
	<sublink>search</sublink>
	<sublink>searchsd</sublink>
	</link>
	<thumbnail>https://image.tmdb.org/t/p/w1280/9fepI8E3hgOeMkDQCuna7WMRUao.jpg</thumbnail>
	<fanart>https://image.tmdb.org/t/p/w1280/xd1FtRTQcYH0QPbL2CShvBh5B1f.jpg</fanart>
</item>
<item>
	<title>[COLOR=blue]The Two Faces of Dr. Jekyll[/COLOR]</title>
	<meta>
	<imdb>tt0054416</imdb>
	<content>movie</content>
	<title>The Two Faces of Dr. Jekyll</title>
	<year>1960</year>
	</meta>
	<link>
	<sublink>https://www.youtube.com/watch?v=BmcgKQrwxrA&feature=youtu.be</sublink>
	<sublink>search</sublink>
	<sublink>searchsd</sublink>
	</link>
	<thumbnail>https://image.tmdb.org/t/p/w1280/ypIyQI08VNXYa4uou64IPiyvVTz.jpg</thumbnail>
	<fanart>https://image.tmdb.org/t/p/w1280/xeIX3Km7cUh7Juxihh49JNPdtqO.jpg</fanart>
</item>
<item>
	<title>[COLOR=blue]To the Devil a Daughter[/COLOR]</title>
	<meta>
	<imdb>tt0075334</imdb>
	<content>movie</content>
	<title>To the Devil a Daughter</title>
	<year>1976</year>
	</meta>
	<link>
	<sublink>https://www.youtube.com/watch?v=slTsyOxVy88&feature=youtu.be</sublink>
	<sublink>search</sublink>
	<sublink>searchsd</sublink>
	</link>
	<thumbnail>https://image.tmdb.org/t/p/w1280/e69LEEUHwrAbzpLdS81j00avHbM.jpg</thumbnail>
	<fanart>https://image.tmdb.org/t/p/w1280/o9855EeOi55su3fEpvZepGoyQFO.jpg</fanart>
</item>
<item>
	<title>[COLOR=blue]Captain Kronos: Vampire Hunter[/COLOR]</title>
	<meta>
	<imdb>tt0071276</imdb>
	<content>movie</content>
	<title>Captain Kronos: Vampire Hunter</title>
	<year>1974</year>
	</meta>
	<link>
	<sublink>https://www.youtube.com/watch?v=lcv-KNAK7vI&feature=youtu.be</sublink>
	<sublink>search</sublink>
	<sublink>searchsd</sublink>
	</link>
	<thumbnail>https://image.tmdb.org/t/p/w1280/j2Vfuzh18uNHcgV7nzwLmldA7aL.jpg</thumbnail>
	<fanart>https://image.tmdb.org/t/p/w1280/vREH53N0Toun37OJ1UbvHgfDriB.jpg</fanart>
</item>
<item>
	<title>[COLOR=blue]Quatermass and the Pit[/COLOR]</title>
	<meta>
	<imdb>tt0062168</imdb>
	<content>movie</content>
	<title>Quatermass and the Pit</title>
	<year>1967</year>
	</meta>
	<link>
	<sublink>https://www.youtube.com/watch?v=0Zoz9MN0-Y4&feature=youtu.be</sublink>
	<sublink>search</sublink>
	<sublink>searchsd</sublink>
	</link>
	<thumbnail>https://image.tmdb.org/t/p/w1280/AvruSt4xRIbXO8gVxPzHupbf5A2.jpg</thumbnail>
	<fanart>https://image.tmdb.org/t/p/w1280/8Yr62vCEsEaXHFQyGD124pIEwRY.jpg</fanart>
</item>
<item>
	<title>[COLOR=blue]The Kiss of the Vampire[/COLOR]</title>
	<meta>
	<imdb>tt0057226</imdb>
	<content>movie</content>
	<title>The Kiss of the Vampire</title>
	<year>1963</year>
	</meta>
	<link>
	<sublink>https://www.youtube.com/watch?v=yH1EOGR3DlI&feature=youtu.be</sublink>
	<sublink>search</sublink>
	<sublink>searchsd</sublink>
	</link>
	<thumbnail>https://image.tmdb.org/t/p/w1280/u7Yau1XKj4S9KcahdeUI5W7Q1qp.jpg</thumbnail>
	<fanart>https://image.tmdb.org/t/p/w1280/p9GY3VnfjF3Arf5KhxwYr8AZIIQ.jpg</fanart>
</item>
<item>
	<title>[COLOR=blue]The Plague of the Zombies[/COLOR]</title>
	<meta>
	<imdb>tt0060841</imdb>
	<content>movie</content>
	<title>The Plague of the Zombies</title>
	<year>1965</year>
	</meta>
	<link>
	<sublink>https://www.youtube.com/watch?v=KwVqUyLWvEw&feature=youtu.be</sublink>
	<sublink>search</sublink>
	<sublink>searchsd</sublink>
	</link>
	<thumbnail>https://image.tmdb.org/t/p/w1280/ndvYO25lZ6nXekWBoVPcc9fsvUy.jpg</thumbnail>
	<fanart>https://image.tmdb.org/t/p/w1280/A9xL4nDWK5fvCPrBc7AHzc2PrjY.jpg</fanart>
</item>
<item>
	<title>[COLOR=blue]The Reptile[/COLOR]</title>
	<meta>
	<imdb>tt0060893</imdb>
	<content>movie</content>
	<title>The Reptile</title>
	<year>1966</year>
	</meta>
	<link>
	<sublink>https://www.youtube.com/watch?v=Pqyfhd7s7jQ&feature=youtu.be</sublink>
	<sublink>search</sublink>
	<sublink>searchsd</sublink>
	</link>
	<thumbnail>https://image.tmdb.org/t/p/w1280/8U7Wy9FLAHiAqIbM2HauwjgMENI.jpg</thumbnail>
	<fanart>https://image.tmdb.org/t/p/w1280/113Diu6RKqIrliyYDRHfokrLLzK.jpg</fanart>
</item>
<item>
	<title>[COLOR=blue]The Vampire Lovers[/COLOR]</title>
	<meta>
	<imdb>tt0066518</imdb>
	<content>movie</content>
	<title>The Vampire Lovers</title>
	<year>1970</year>
	</meta>
	<link>
	<sublink>https://www.youtube.com/watch?v=StTTfl8SU5k&feature=youtu.be</sublink>
	<sublink>search</sublink>
	<sublink>searchsd</sublink>
	</link>
	<thumbnail>https://image.tmdb.org/t/p/w1280/6MTiYnp62i2kdweHjhchwJscQrj.jpg</thumbnail>
	<fanart>https://image.tmdb.org/t/p/w1280/v5wkrG5Fcwt1U667yisAi78IA2D.jpg</fanart>
</item>
<item>
	<title>[COLOR=blue]The Gorgon[/COLOR]</title>
	<meta>
	<imdb>tt0058155</imdb>
	<content>movie</content>
	<title>The Gorgon</title>
	<year>1964</year>
	</meta>
	<link>
	<sublink>https://www.youtube.com/watch?v=UeQTmGt-7wE&feature=youtu.be</sublink>
	<sublink>search</sublink>
	<sublink>searchsd</sublink>
	</link>
	<thumbnail>https://image.tmdb.org/t/p/w1280/yk0hJB3hy3o6cAzv5tjcPoKQd9p.jpg</thumbnail>
	<fanart>https://image.tmdb.org/t/p/w1280/lAcbmXbJlGL2YcSY1k6uTm1X5Sg.jpg</fanart>
</item>
<item>
	<title>[COLOR=blue]Twins of Evil[/COLOR]</title>
	<meta>
	<imdb>tt0069427</imdb>
	<content>movie</content>
	<title>Twins of Evil</title>
	<year>1971</year>
	</meta>
	<link>
	<sublink>https://www.youtube.com/watch?v=3_Ri5W6GmHU&feature=youtu.be</sublink>
	<sublink>search</sublink>
	<sublink>searchsd</sublink>
	</link>
	<thumbnail>https://image.tmdb.org/t/p/w1280/yRQqooGvAveWpXJISVdmV0nL1ON.jpg</thumbnail>
	<fanart>https://image.tmdb.org/t/p/w1280/mjyw6UljySGHnf2ZCMhH4s5WQ5J.jpg</fanart>
</item>
<item>
	<title>[COLOR=blue]Vampire Circus[/COLOR]</title>
	<meta>
	<imdb>tt0067924</imdb>
	<content>movie</content>
	<title>Vampire Circus</title>
	<year>1972</year>
	</meta>
	<link>
	<sublink>https://www.youtube.com/watch?v=7APUM1rbEg4&feature=youtu.be</sublink>
	<sublink>search</sublink>
	<sublink>searchsd</sublink>
	</link>
	<thumbnail>https://image.tmdb.org/t/p/w1280/3JWXkd5hw2DTNwxGcAQc8COUs5R.jpg</thumbnail>
	<fanart>https://image.tmdb.org/t/p/w1280/a182TQinNkaEpop0l03N3flncdU.jpg</fanart>
</item>
