<item>
	<title>[COLOR=blue]Blair Witch[/COLOR]</title>
	<meta>
	<imdb>tt1540011</imdb>
	<content>movie</content>
	<title>Blair Witch</title>
	<year>2016</year>
	</meta>
	<link>
	<sublink>https://www.youtube.com/watch?v=sMEgSLetjHw&feature=youtu.be</sublink>
	<sublink>search</sublink>
	<sublink>searchsd</sublink>
	</link>
	<thumbnail>https://image.tmdb.org/t/p/w1280/kqmGs9q5WZkxKub60K6pU37GdvU.jpg</thumbnail>
	<fanart>https://image.tmdb.org/t/p/w1280/vgnhCfwo4VmDcDocSJ1tBPO3tX9.jpg</fanart>
</item>
<item>
	<title>[COLOR=blue]Don't Breathe[/COLOR]</title>
	<meta>
	<imdb>tt4160708</imdb>
	<content>movie</content>
	<title>Don't Breathe</title>
	<year>2016</year>
	</meta>
	<link>
	<sublink>https://www.youtube.com/watch?v=76yBTNDB6vU&feature=youtu.be</sublink>
	<sublink>search</sublink>
	<sublink>searchsd</sublink>
	</link>
	<thumbnail>https://image.tmdb.org/t/p/w1280/lw0IqOSMsQcy1QnVIEIDppLmNwk.jpg</thumbnail>
	<fanart>https://image.tmdb.org/t/p/w1280/bCThHXQ3aLLDU3KFST0rC8mTan5.jpg</fanart>
</item>
<item>
	<title>[COLOR=blue]The Bye Bye Man[/COLOR]</title>
	<meta>
	<imdb>tt4030600</imdb>
	<content>movie</content>
	<title>The Bye Bye Man</title>
	<year>2017</year>
	</meta>
	<link>
	<sublink>https://www.youtube.com/watch?v=S2DwrJ9S3f4&feature=youtu.be</sublink>
	<sublink>search</sublink>
	<sublink>searchsd</sublink>
	</link>
	<thumbnail>https://image.tmdb.org/t/p/w1280/bape74Eeli5NJ6x4UKuUr604xXh.jpg</thumbnail>
	<fanart>https://image.tmdb.org/t/p/w1280/xoh4iWOQ3l0JFFD8BBrmLMTvKSU.jpg</fanart>
</item>
<item>
	<title>[COLOR=blue]Demon[/COLOR]</title>
	<meta>
	<imdb>tt4935158</imdb>
	<content>movie</content>
	<title>Demon</title>
	<year>2015</year>
	</meta>
	<link>
	<sublink>https://www.youtube.com/watch?v=6ETONJchYkM&feature=youtu.be</sublink>
	<sublink>search</sublink>
	<sublink>searchsd</sublink>
	</link>
	<thumbnail>https://image.tmdb.org/t/p/w1280/mAIRNNPzBBONMntjzTE9TsvOAGu.jpg</thumbnail>
	<fanart>https://image.tmdb.org/t/p/w1280/oZHatl0urw8P4doLGUhkmNG76ae.jpg</fanart>
</item>
<item>
	<title>[COLOR=blue]Demonic[/COLOR]</title>
	<meta>
	<imdb>tt1841642</imdb>
	<content>movie</content>
	<title>Demonic</title>
	<year>2015</year>
	</meta>
	<link>
	<sublink>https://www.youtube.com/watch?v=pvyPmbBpBWw&feature=youtu.be</sublink>
	<sublink>search</sublink>
	<sublink>searchsd</sublink>
	</link>
	<thumbnail>https://image.tmdb.org/t/p/w1280/9pzzhnrLuPJXX2JpqSTZHrrbIhd.jpg</thumbnail>
	<fanart>https://image.tmdb.org/t/p/w1280/mgGQbf8trfPw7VVI2WmD8svPO7Y.jpg</fanart>
</item>
<item>
	<title>[COLOR=blue]Lovely Molly[/COLOR]</title>
	<meta>
	<imdb>tt1707392</imdb>
	<content>movie</content>
	<title>Lovely Molly</title>
	<year>2012</year>
	</meta>
	<link>
	<sublink>https://www.youtube.com/watch?v=pvyPmbBpBWw&feature=youtu.be</sublink>
	<sublink>search</sublink>
	<sublink>searchsd</sublink>
	</link>
	<thumbnail>https://image.tmdb.org/t/p/w1280none</thumbnail>
	<fanart>https://image.tmdb.org/t/p/w1280none</fanart>
</item>
<item>
	<title>[COLOR=blue]The Sacrament[/COLOR]</title>
	<meta>
	<imdb>tt2383068</imdb>
	<content>movie</content>
	<title>The Sacrament</title>
	<year>2013</year>
	</meta>
	<link>
	<sublink>https://www.youtube.com/watch?v=QqDZFMArLjI&feature=youtu.be</sublink>
	<sublink>search</sublink>
	<sublink>searchsd</sublink>
	</link>
	<thumbnail>https://image.tmdb.org/t/p/w1280/thdioQOYqqusDUfT6trgwMIoNaQ.jpg</thumbnail>
	<fanart>https://image.tmdb.org/t/p/w1280/ukdawD1jq3IRzpoYE2x6GXOuX3c.jpg</fanart>
</item>
<item>
	<title>[COLOR=blue]AfterDeath[/COLOR]</title>
	<meta>
	<imdb>tt2710826</imdb>
	<content>movie</content>
	<title>AfterDeath</title>
	<year>2015</year>
	</meta>
	<link>
	<sublink>https://www.youtube.com/watch?v=-1pQScWzN_U&feature=youtu.be</sublink>
	<sublink>search</sublink>
	<sublink>searchsd</sublink>
	</link>
	<thumbnail>https://image.tmdb.org/t/p/w1280/3nfbBfC7lqOKMC8G5bx4e7kKB2C.jpg</thumbnail>
	<fanart>https://image.tmdb.org/t/p/w1280/wgoftpRkmDUwmM6elRYOThbdD7w.jpg</fanart>
</item>
<item>
	<title>[COLOR=blue]Morgan[/COLOR]</title>
	<meta>
	<imdb>tt4520364</imdb>
	<content>movie</content>
	<title>Morgan</title>
	<year>2016</year>
	</meta>
	<link>
	<sublink>https://www.youtube.com/watch?v=mwpH6_tdRZU&feature=youtu.be</sublink>
	<sublink>search</sublink>
	<sublink>searchsd</sublink>
	</link>
	<thumbnail>https://image.tmdb.org/t/p/w1280/oY5YBkruSCh36kRTzB4W2Li70fj.jpg</thumbnail>
	<fanart>https://image.tmdb.org/t/p/w1280/jRRpMTpCsiq100A0lQWGQf1jrdE.jpg</fanart>
</item>
<item>
	<title>[COLOR=blue]Come Back to Me[/COLOR]</title>
	<meta>
	<imdb>tt2551396</imdb>
	<content>movie</content>
	<title>Come Back to Me</title>
	<year>2014</year>
	</meta>
	<link>
	<sublink>https://www.youtube.com/watch?v=-isZwofD9_Y&feature=youtu.be</sublink>
	<sublink>search</sublink>
	<sublink>searchsd</sublink>
	</link>
	<thumbnail>https://image.tmdb.org/t/p/w1280/ooNAyaX49EmIsOwK0V66tjkeEAE.jpg</thumbnail>
	<fanart>https://image.tmdb.org/t/p/w1280/qME59Bu2P6o9orEP8L9W2bfB2YU.jpg</fanart>
</item>
<item>
	<title>[COLOR=blue]Faults[/COLOR]</title>
	<meta>
	<imdb>tt3021360</imdb>
	<content>movie</content>
	<title>Faults</title>
	<year>2014</year>
	</meta>
	<link>
	<sublink>https://www.youtube.com/watch?v=pnnbhJSX75U&feature=youtu.be</sublink>
	<sublink>search</sublink>
	<sublink>searchsd</sublink>
	</link>
	<thumbnail>https://image.tmdb.org/t/p/w1280/xOyvFMFoi0i0l1a0vuY1rUqnvSd.jpg</thumbnail>
	<fanart>https://image.tmdb.org/t/p/w1280/ohKcIl9gbFFxmsopTZxz5zSFmMW.jpg</fanart>
</item>
<item>
	<title>[COLOR=blue]Willow Creek[/COLOR]</title>
	<meta>
	<imdb>tt2885364</imdb>
	<content>movie</content>
	<title>Willow Creek</title>
	<year>2013</year>
	</meta>
	<link>
	<sublink>https://www.youtube.com/watch?v=eHcqBIPecRE&feature=youtu.be</sublink>
	<sublink>search</sublink>
	<sublink>searchsd</sublink>
	</link>
	<thumbnail>https://image.tmdb.org/t/p/w1280/8pP4tEeM7R6G4MSyxhFblwCja1P.jpg</thumbnail>
	<fanart>https://image.tmdb.org/t/p/w1280/libieDOffA59XdUdpZvgM9pdnoj.jpg</fanart>
</item>
<item>
	<title>[COLOR=blue]The Good Neighbor[/COLOR]</title>
	<meta>
	<imdb>tt2262315</imdb>
	<content>movie</content>
	<title>The Good Neighbor</title>
	<year>2016</year>
	</meta>
	<link>
	<sublink>https://www.youtube.com/watch?v=wIXTB9wtqxA&feature=youtu.be</sublink>
	<sublink>search</sublink>
	<sublink>searchsd</sublink>
	</link>
	<thumbnail>https://image.tmdb.org/t/p/w1280/xrYPVqmUrmOolwh77bldbRfQdLx.jpg</thumbnail>
	<fanart>https://image.tmdb.org/t/p/w1280/9O34wbCIC84J23jo6jbNGPr4Ix9.jpg</fanart>
</item>
<item>
	<title>[COLOR=blue]Rupture[/COLOR]</title>
	<meta>
	<imdb>tt4578118</imdb>
	<content>movie</content>
	<title>Rupture</title>
	<year>2016</year>
	</meta>
	<link>
	<sublink>https://www.youtube.com/watch?v=RADFaObbFNY&feature=youtu.be</sublink>
	<sublink>search</sublink>
	<sublink>searchsd</sublink>
	</link>
	<thumbnail>https://image.tmdb.org/t/p/w1280/ykqywWckRwyn7wEF6F0EO4l3Nky.jpg</thumbnail>
	<fanart>https://image.tmdb.org/t/p/w1280/wS3SwHGMpOCbGa7kjARAECuFzds.jpg</fanart>
</item>
<item>
	<title>[COLOR=blue]A Quiet Place[/COLOR]</title>
	<meta>
	<imdb>tt6644200</imdb>
	<content>movie</content>
	<title>A Quiet Place</title>
	<year>2018</year>
	</meta>
	<link>
	<sublink>https://www.youtube.com/watch?v=p9wE8dyzEJE&feature=youtu.be</sublink>
	<sublink>search</sublink>
	<sublink>searchsd</sublink>
	</link>
	<thumbnail>https://image.tmdb.org/t/p/w1280/nAU74GmpUk7t5iklEp3bufwDq4n.jpg</thumbnail>
	<fanart>https://image.tmdb.org/t/p/w1280/roYyPiQDQKmIKUEhO912693tSja.jpg</fanart>
</item>
<item>
	<title>[COLOR=blue]Dave Made a Maze[/COLOR]</title>
	<meta>
	<imdb>tt4457344</imdb>
	<content>movie</content>
	<title>Dave Made a Maze</title>
	<year>2017</year>
	</meta>
	<link>
	<sublink>https://www.youtube.com/watch?v=MZKLaH64SgI&feature=youtu.be</sublink>
	<sublink>search</sublink>
	<sublink>searchsd</sublink>
	</link>
	<thumbnail>https://image.tmdb.org/t/p/w1280/7Z5sEOC8Y7bdrg7FmIfNGkNniyX.jpg</thumbnail>
	<fanart>https://image.tmdb.org/t/p/w1280/sdV2CyNro8RnFx0NFbe7OIWp1v0.jpg</fanart>
</item>
<item>
	<title>[COLOR=blue]Dead Shack[/COLOR]</title>
	<meta>
	<imdb>tt6401004</imdb>
	<content>movie</content>
	<title>Dead Shack</title>
	<year>2017</year>
	</meta>
	<link>
	<sublink>https://www.youtube.com/watch?v=ScahXsAiTjs&feature=youtu.be</sublink>
	<sublink>search</sublink>
	<sublink>searchsd</sublink>
	</link>
	<thumbnail>https://image.tmdb.org/t/p/w1280/dAYhnAAoQvyNcsnh5k03GWVwixZ.jpg</thumbnail>
	<fanart>https://image.tmdb.org/t/p/w1280/fF5jhOXR7ohtn4Jr3DEf8Ky8sIQ.jpg</fanart>
</item>
<item>
	<title>[COLOR=blue]Slumber[/COLOR]</title>
	<meta>
	<imdb>tt5181852</imdb>
	<content>movie</content>
	<title>Slumber</title>
	<year>2017</year>
	</meta>
	<link>
	<sublink>https://www.youtube.com/watch?v=2ACktbmscxg&feature=youtu.be</sublink>
	<sublink>search</sublink>
	<sublink>searchsd</sublink>
	</link>
	<thumbnail>https://image.tmdb.org/t/p/w1280/fYbShpy94q0kbr2wqlZ0KmpcQy7.jpg</thumbnail>
	<fanart>https://image.tmdb.org/t/p/w1280/aGAWFJ9DvlDRzz8SGW1DVplB28a.jpg</fanart>
</item>
<item>
	<title>[COLOR=blue]You Might Be the Killer[/COLOR]</title>
	<meta>
	<imdb>tt8998472</imdb>
	<content>movie</content>
	<title>You Might Be the Killer</title>
	<year>2018</year>
	</meta>
	<link>
	<sublink>https://www.youtube.com/watch?v=RwbOlxl7CCg&feature=youtu.be</sublink>
	<sublink>search</sublink>
	<sublink>searchsd</sublink>
	</link>
	<thumbnail>https://image.tmdb.org/t/p/w1280/aBwQF1UR8GcRWEcEngF3uLozqhe.jpg</thumbnail>
	<fanart>https://image.tmdb.org/t/p/w1280/vOu4QpjxH5VuNuuFaZgLi4CkgOn.jpg</fanart>
</item>
<item>
	<title>[COLOR=blue]WTF![/COLOR]</title>
	<meta>
	<imdb>tt4678184</imdb>
	<content>movie</content>
	<title>WTF!</title>
	<year>2017</year>
	</meta>
	<link>
	<sublink>https://www.youtube.com/watch?v=ng4e2gYXW8A&feature=youtu.be</sublink>
	<sublink>search</sublink>
	<sublink>searchsd</sublink>
	</link>
	<thumbnail>https://image.tmdb.org/t/p/w1280/aDloQdsFgA6WhlFeoJej8rNxthA.jpg</thumbnail>
	<fanart>https://image.tmdb.org/t/p/w1280/elG4Dfd4as4bgmw4ehKroosTplI.jpg</fanart>
</item>
<item>
	<title>[COLOR=blue]Among the Living[/COLOR]</title>
	<meta>
	<imdb>tt2473750</imdb>
	<content>movie</content>
	<title>Among the Living</title>
	<year>2014</year>
	</meta>
	<link>
	<sublink>https://www.youtube.com/watch?v=GXa8CjbwHxM&feature=youtu.be</sublink>
	<sublink>search</sublink>
	<sublink>searchsd</sublink>
	</link>
	<thumbnail>https://image.tmdb.org/t/p/w1280/da41JLNpJXjqxjPuEt924Xbih2O.jpg</thumbnail>
	<fanart>https://image.tmdb.org/t/p/w1280/1s5hSgg3NI3EB37ra4M3pa0rQjv.jpg</fanart>
</item>
<item>
	<title>[COLOR=blue]Last Girl Standing[/COLOR]</title>
	<meta>
	<imdb>tt4520340</imdb>
	<content>movie</content>
	<title>Last Girl Standing</title>
	<year>2015</year>
	</meta>
	<link>
	<sublink>https://www.youtube.com/watch?v=GXa8CjbwHxM&feature=youtu.be</sublink>
	<sublink>search</sublink>
	<sublink>searchsd</sublink>
	</link>
	<thumbnail>https://image.tmdb.org/t/p/w1280none</thumbnail>
	<fanart>https://image.tmdb.org/t/p/w1280none</fanart>
</item>
<item>
	<title>[COLOR=blue]Lost Creek[/COLOR]</title>
	<meta>
	<imdb>tt5610746</imdb>
	<content>movie</content>
	<title>Lost Creek</title>
	<year>2016</year>
	</meta>
	<link>
	<sublink>https://www.youtube.com/watch?v=LCjHcM_7tgM&feature=youtu.be</sublink>
	<sublink>search</sublink>
	<sublink>searchsd</sublink>
	</link>
	<thumbnail>https://image.tmdb.org/t/p/w1280/bIJWCiwNrcjwbxhm7H5Byjm59iy.jpg</thumbnail>
	<fanart>https://image.tmdb.org/t/p/w1280/cKGWUAdM5ymuKd37x1vRqJGNRF8.jpg</fanart>
</item>
<item>
	<title>[COLOR=blue]Take Shelter[/COLOR]</title>
	<meta>
	<imdb>tt1675192</imdb>
	<content>movie</content>
	<title>Take Shelter</title>
	<year>2011</year>
	</meta>
	<link>
	<sublink>https://www.youtube.com/watch?v=hUraDx3oFVg&feature=youtu.be</sublink>
	<sublink>search</sublink>
	<sublink>searchsd</sublink>
	</link>
	<thumbnail>https://image.tmdb.org/t/p/w1280/jFHe1RSju7m4EyRr7fP7QGq8QpO.jpg</thumbnail>
	<fanart>https://image.tmdb.org/t/p/w1280/bf0SeEgGPa575YCjZQAnTlJOVsM.jpg</fanart>
</item>
<item>
	<title>[COLOR=blue]Wish Upon[/COLOR]</title>
	<meta>
	<imdb>tt5322012</imdb>
	<content>movie</content>
	<title>Wish Upon</title>
	<year>2017</year>
	</meta>
	<link>
	<sublink>https://www.youtube.com/watch?v=2TlcxQdK0og&feature=youtu.be</sublink>
	<sublink>search</sublink>
	<sublink>searchsd</sublink>
	</link>
	<thumbnail>https://image.tmdb.org/t/p/w1280/u0vnocj57vJt5DHoBEqUOD1G4SU.jpg</thumbnail>
	<fanart>https://image.tmdb.org/t/p/w1280/l0dvARJQ6xZeVPhxSS5EYibYGBR.jpg</fanart>
</item>
<item>
	<title>[COLOR=blue]Black Hollow Cage[/COLOR]</title>
	<meta>
	<imdb>tt5687424</imdb>
	<content>movie</content>
	<title>Black Hollow Cage</title>
	<year>2017</year>
	</meta>
	<link>
	<sublink>https://www.youtube.com/watch?v=9KTHvKWUNOY&feature=youtu.be</sublink>
	<sublink>search</sublink>
	<sublink>searchsd</sublink>
	</link>
	<thumbnail>https://image.tmdb.org/t/p/w1280/AuWp3kfSCtXIOY3Cr2cBA9t9Sib.jpg</thumbnail>
	<fanart>https://image.tmdb.org/t/p/w1280/avKUthduOMhMwcQpXXyM8cUoEII.jpg</fanart>
</item>
<item>
	<title>[COLOR=blue]Emelie[/COLOR]</title>
	<meta>
	<imdb>tt4503598</imdb>
	<content>movie</content>
	<title>Emelie</title>
	<year>2016</year>
	</meta>
	<link>
	<sublink>https://www.youtube.com/watch?v=XZoLut2Ti0U&feature=youtu.be</sublink>
	<sublink>search</sublink>
	<sublink>searchsd</sublink>
	</link>
	<thumbnail>https://image.tmdb.org/t/p/w1280/r7xCjCE8gza6xQKC4IMUh3bxct3.jpg</thumbnail>
	<fanart>https://image.tmdb.org/t/p/w1280/5QQ4nNfs1ANq12mvRldIzqdhiY9.jpg</fanart>
</item>
<item>
	<title>[COLOR=blue]Happy Hunting[/COLOR]</title>
	<meta>
	<imdb>tt5189770</imdb>
	<content>movie</content>
	<title>Happy Hunting</title>
	<year>2017</year>
	</meta>
	<link>
	<sublink>https://www.youtube.com/watch?v=RtPYpuvSZVk&feature=youtu.be</sublink>
	<sublink>search</sublink>
	<sublink>searchsd</sublink>
	</link>
	<thumbnail>https://image.tmdb.org/t/p/w1280/cvFE9RlFHTobOEceRyf9iQLPHSk.jpg</thumbnail>
	<fanart>https://image.tmdb.org/t/p/w1280/eC8Y6plhvkrIunRdDNNMXbs8E9Z.jpg</fanart>
</item>
<item>
	<title>[COLOR=blue]Occupation[/COLOR]</title>
	<meta>
	<imdb>tt6774786</imdb>
	<content>movie</content>
	<title>Occupation</title>
	<year>2018</year>
	</meta>
	<link>
	<sublink>https://www.youtube.com/watch?v=4NrCRZKU5Mw&feature=youtu.be</sublink>
	<sublink>search</sublink>
	<sublink>searchsd</sublink>
	</link>
	<thumbnail>https://image.tmdb.org/t/p/w1280/hr7MFQAmP30IJZP2FXKhPKbe8IW.jpg</thumbnail>
	<fanart>https://image.tmdb.org/t/p/w1280/bZB7hVBIdQ4a0Ke4nCoPFCX7sjZ.jpg</fanart>
</item>
<item>
	<title>[COLOR=blue]The Eyes of My Mother[/COLOR]</title>
	<meta>
	<imdb>tt5225338</imdb>
	<content>movie</content>
	<title>The Eyes of My Mother</title>
	<year>2016</year>
	</meta>
	<link>
	<sublink>https://www.youtube.com/watch?v=cvlrIKDtffg&feature=youtu.be</sublink>
	<sublink>search</sublink>
	<sublink>searchsd</sublink>
	</link>
	<thumbnail>https://image.tmdb.org/t/p/w1280/iazimTjf1h5FfLzx9B7ijzUN8C2.jpg</thumbnail>
	<fanart>https://image.tmdb.org/t/p/w1280/3u6DHdGKUvM9Zvy52LDUCLSrI4y.jpg</fanart>
</item>
<item>
	<title>[COLOR=blue]Wildling[/COLOR]</title>
	<meta>
	<imdb>tt5085924</imdb>
	<content>movie</content>
	<title>Wildling</title>
	<year>2018</year>
	</meta>
	<link>
	<sublink>https://www.youtube.com/watch?v=cfgvVsC2Vq8&feature=youtu.be</sublink>
	<sublink>search</sublink>
	<sublink>searchsd</sublink>
	</link>
	<thumbnail>https://image.tmdb.org/t/p/w1280/wZQR6hKRUBqHRL4lfECFES68zGF.jpg</thumbnail>
	<fanart>https://image.tmdb.org/t/p/w1280/xhGYXyPfey7jDDbIGJKxQMnNNrE.jpg</fanart>
</item>
<item>
	<title>[COLOR=blue]Face of Evil[/COLOR]</title>
	<meta>
	<imdb>tt3707284</imdb>
	<content>movie</content>
	<title>Face of Evil</title>
	<year>2016</year>
	</meta>
	<link>
	<sublink>https://www.youtube.com/watch?v=htBNgEsZjsU&feature=youtu.be</sublink>
	<sublink>search</sublink>
	<sublink>searchsd</sublink>
	</link>
	<thumbnail>https://image.tmdb.org/t/p/w1280/cmxq0reISn0fqtEnQJbDj0PDF9L.jpg</thumbnail>
	<fanart>https://image.tmdb.org/t/p/w1280/3yn3dCVEMeCbX8ABR4x71do99HH.jpg</fanart>
</item>
<dir>
	<title>[COLOR=blue]Channel Zero[/COLOR]</title>
	<meta>
	<imdb>tt4820370</imdb>
	<content>tv</content>
	<title>Channel Zero</title>
	<year>2016</year>
	</meta>
	<link>
	<sublink>https://www.youtube.com/watch?v=JE8FnM9o9Gg&feature=youtu.be</sublink>
	</link>
	<thumbnail>https://image.tmdb.org/t/p/w1280/oCutmhFznao1Pzy6wM1C32kxAEu.jpg</thumbnail>
	<fanart>https://image.tmdb.org/t/p/w1280/mmPduTBlJQToB5mJoYIRDlJVCHP.jpg</fanart>
</dir>
<item>
	<title>[COLOR=blue]Primal Rage[/COLOR]</title>
	<meta>
	<imdb>tt5688868</imdb>
	<content>movie</content>
	<title>Primal Rage</title>
	<year>2018</year>
	</meta>
	<link>
	<sublink>https://www.youtube.com/watch?v=XeNA58H720g&feature=youtu.be</sublink>
	<sublink>search</sublink>
	<sublink>searchsd</sublink>
	</link>
	<thumbnail>https://image.tmdb.org/t/p/w1280/8tGM0Vv4X60r6zHDGcpanIrDcdm.jpg</thumbnail>
	<fanart>https://image.tmdb.org/t/p/w1280/pnMmdEn9WQc8Za0I5cYifgjzSvM.jpg</fanart>
</item>
<item>
	<title>[COLOR=blue]The Killing of a Sacred Deer[/COLOR]</title>
	<meta>
	<imdb>tt5715874</imdb>
	<content>movie</content>
	<title>The Killing of a Sacred Deer</title>
	<year>2017</year>
	</meta>
	<link>
	<sublink>https://www.youtube.com/watch?v=CQFdGfwChtw&feature=youtu.be</sublink>
	<sublink>search</sublink>
	<sublink>searchsd</sublink>
	</link>
	<thumbnail>https://image.tmdb.org/t/p/w1280/e4DGlsc9g0h5AyoyvvAuIRnofN7.jpg</thumbnail>
	<fanart>https://image.tmdb.org/t/p/w1280/vG8n4NYXrNGnjhswkr2EhRxKI2q.jpg</fanart>
</item>
<item>
	<title>[COLOR=blue]Berlin Syndrome[/COLOR]</title>
	<meta>
	<imdb>tt3335606</imdb>
	<content>movie</content>
	<title>Berlin Syndrome</title>
	<year>2017</year>
	</meta>
	<link>
	<sublink>https://www.youtube.com/watch?v=GQw-IX9yqXw&feature=youtu.be</sublink>
	<sublink>search</sublink>
	<sublink>searchsd</sublink>
	</link>
	<thumbnail>https://image.tmdb.org/t/p/w1280/qvJeDDYKlfvtYayfOj5sAUXxUju.jpg</thumbnail>
	<fanart>https://image.tmdb.org/t/p/w1280/2cFFvMkApD552jkCXbGVp449HZC.jpg</fanart>
</item>
<item>
	<title>[COLOR=blue]Downrange[/COLOR]</title>
	<meta>
	<imdb>tt6138228</imdb>
	<content>movie</content>
	<title>Downrange</title>
	<year>2018</year>
	</meta>
	<link>
	<sublink>https://www.youtube.com/watch?v=WNh4yYXrbEg&feature=youtu.be</sublink>
	<sublink>search</sublink>
	<sublink>searchsd</sublink>
	</link>
	<thumbnail>https://image.tmdb.org/t/p/w1280/xt0eS8lLIo2URK3vpEu9c5dMUbN.jpg</thumbnail>
	<fanart>https://image.tmdb.org/t/p/w1280/1RsXfZfL3SPMqNEorSfS1XvAWZQ.jpg</fanart>
</item>
<item>
	<title>[COLOR=blue]Mayhem[/COLOR]</title>
	<meta>
	<imdb>tt4348012</imdb>
	<content>movie</content>
	<title>Mayhem</title>
	<year>2017</year>
	</meta>
	<link>
	<sublink>https://www.youtube.com/watch?v=iJJGAInln0c&feature=youtu.be</sublink>
	<sublink>search</sublink>
	<sublink>searchsd</sublink>
	</link>
	<thumbnail>https://image.tmdb.org/t/p/w1280/fF5ULrCAQ8TULXyFGlPlQ2s3Jie.jpg</thumbnail>
	<fanart>https://image.tmdb.org/t/p/w1280/hEoThfZZpQAyU9HlpEaSO4Ofnbz.jpg</fanart>
</item>
<item>
	<title>[COLOR=blue]The Wind[/COLOR]</title>
	<meta>
	<imdb>tt8426594</imdb>
	<content>movie</content>
	<title>The Wind</title>
	<year>2018</year>
	</meta>
	<link>
	<sublink>https://www.youtube.com/watch?v=Ogh5JldDAj4&feature=youtu.be</sublink>
	<sublink>search</sublink>
	<sublink>searchsd</sublink>
	</link>
	<thumbnail>https://image.tmdb.org/t/p/w1280/kcfPHZHSQODLCWdkUVLYATNyEVo.jpg</thumbnail>
	<fanart>https://image.tmdb.org/t/p/w1280/9NoBsVuZA1O51xsUkTTHZgqGBs0.jpg</fanart>
</item>
<item>
	<title>[COLOR=blue]Morris County[/COLOR]</title>
	<meta>
	<imdb>tt1260579</imdb>
	<content>movie</content>
	<title>Morris County</title>
	<year>2009</year>
	</meta>
	<link>
	<sublink>https://www.youtube.com/watch?v=Ogh5JldDAj4&feature=youtu.be</sublink>
	<sublink>search</sublink>
	<sublink>searchsd</sublink>
	</link>
	<thumbnail>https://image.tmdb.org/t/p/w1280none</thumbnail>
	<fanart>https://image.tmdb.org/t/p/w1280none</fanart>
</item>
<item>
	<title>[COLOR=blue]Good Manners[/COLOR]</title>
	<meta>
	<imdb>tt5480782</imdb>
	<content>movie</content>
	<title>Good Manners</title>
	<year>2017</year>
	</meta>
	<link>
	<sublink>https://www.youtube.com/watch?v=6Jv77fVQiZc&feature=youtu.be</sublink>
	<sublink>search</sublink>
	<sublink>searchsd</sublink>
	</link>
	<thumbnail>https://image.tmdb.org/t/p/w1280/75YzE6l8sQ9gItm40Z7FE5pjyRn.jpg</thumbnail>
	<fanart>https://image.tmdb.org/t/p/w1280/jKhC8YDoM4DbMmMHa0iHedOQLw1.jpg</fanart>
</item>
<item>
	<title>[COLOR=blue]Head Count[/COLOR]</title>
	<meta>
	<imdb>tt7350614</imdb>
	<content>movie</content>
	<title>Head Count</title>
	<year>2018</year>
	</meta>
	<link>
	<sublink>https://www.youtube.com/watch?v=deMKdsSHkMs&feature=youtu.be</sublink>
	<sublink>search</sublink>
	<sublink>searchsd</sublink>
	</link>
	<thumbnail>https://image.tmdb.org/t/p/w1280/7oXyBgTZJGQ9eKmysvr0CnemYDP.jpg</thumbnail>
	<fanart>https://image.tmdb.org/t/p/w1280/zN05EihXyKa0HyEik79HLCYWFFg.jpg</fanart>
</item>
<item>
	<title>[COLOR=blue]Open 24 Hours[/COLOR]</title>
	<meta>
	<imdb>tt6521776</imdb>
	<content>movie</content>
	<title>Open 24 Hours</title>
	<year>2018</year>
	</meta>
	<link>
	<sublink>https://www.youtube.com/watch?v=deMKdsSHkMs&feature=youtu.be</sublink>
	<sublink>search</sublink>
	<sublink>searchsd</sublink>
	</link>
	<thumbnail>https://image.tmdb.org/t/p/w1280none</thumbnail>
	<fanart>https://image.tmdb.org/t/p/w1280none</fanart>
</item>
<item>
	<title>[COLOR=blue]Our House[/COLOR]</title>
	<meta>
	<imdb>tt2018069</imdb>
	<content>movie</content>
	<title>Our House</title>
	<year>2018</year>
	</meta>
	<link>
	<sublink>https://www.youtube.com/watch?v=MZRC3xfhxnY&feature=youtu.be</sublink>
	<sublink>search</sublink>
	<sublink>searchsd</sublink>
	</link>
	<thumbnail>https://image.tmdb.org/t/p/w1280/u1Qt0HtO4ZYY2qcgM42XUd8xgtA.jpg</thumbnail>
	<fanart>https://image.tmdb.org/t/p/w1280/67Dy4wX3GjHK1YMvMDa6EjRRDBp.jpg</fanart>
</item>
<item>
	<title>[COLOR=blue]Pyewacket[/COLOR]</title>
	<meta>
	<imdb>tt5119116</imdb>
	<content>movie</content>
	<title>Pyewacket</title>
	<year>2017</year>
	</meta>
	<link>
	<sublink>https://www.youtube.com/watch?v=-bbtAKNi_j8&feature=youtu.be</sublink>
	<sublink>search</sublink>
	<sublink>searchsd</sublink>
	</link>
	<thumbnail>https://image.tmdb.org/t/p/w1280/qJFbDjUNdVlcWtuqk2LiQ3Aq5hA.jpg</thumbnail>
	<fanart>https://image.tmdb.org/t/p/w1280/yAlx2Ew98rsxyoFVKnPKtGNf3ys.jpg</fanart>
</item>
<item>
	<title>[COLOR=blue]The Golem[/COLOR]</title>
	<meta>
	<imdb>tt8329290</imdb>
	<content>movie</content>
	<title>The Golem</title>
	<year>2019</year>
	</meta>
	<link>
	<sublink>https://www.youtube.com/watch?v=GpJVvMvfwUQ&feature=youtu.be</sublink>
	<sublink>search</sublink>
	<sublink>searchsd</sublink>
	</link>
	<thumbnail>https://image.tmdb.org/t/p/w1280/rwdbyKJ2PKTLamQzr57OgMuFUlD.jpg</thumbnail>
	<fanart>https://image.tmdb.org/t/p/w1280/6OnBU07yyxvJDWPa6KKALKSeXDM.jpg</fanart>
</item>
<item>
	<title>[COLOR=blue]Book of Monsters[/COLOR]</title>
	<meta>
	<imdb>tt7260818</imdb>
	<content>movie</content>
	<title>Book of Monsters</title>
	<year>2019</year>
	</meta>
	<link>
	<sublink>https://www.youtube.com/watch?v=FpyAyoPpHIo&feature=youtu.be</sublink>
	<sublink>search</sublink>
	<sublink>searchsd</sublink>
	</link>
	<thumbnail>https://image.tmdb.org/t/p/w1280/2yTwzpgMFteCVpNqFbNyDQyyLjv.jpg</thumbnail>
	<fanart>https://image.tmdb.org/t/p/w1280/a0F9luz7x1i6YFOYIhJJ9KzfpSN.jpg</fanart>
</item>
<item>
	<title>[COLOR=blue]Midsommar[/COLOR]</title>
	<meta>
	<imdb>tt8772262</imdb>
	<content>movie</content>
	<title>Midsommar</title>
	<year>2019</year>
	</meta>
	<link>
	<sublink>https://www.youtube.com/watch?v=I0UWIya-O0s&feature=youtu.be</sublink>
	<sublink>search</sublink>
	<sublink>searchsd</sublink>
	</link>
	<thumbnail>https://image.tmdb.org/t/p/w1280/eycO6M2s38xO1888Gq2gSrXf0A6.jpg</thumbnail>
	<fanart>https://image.tmdb.org/t/p/w1280/reU8qaO848nkCay7WPtJcdi61p5.jpg</fanart>
</item>
<item>
	<title>[COLOR=blue]The Banana Splits Movie[/COLOR]</title>
	<meta>
	<imdb>tt9831136</imdb>
	<content>movie</content>
	<title>The Banana Splits Movie</title>
	<year>2019</year>
	</meta>
	<link>
	<sublink>https://www.youtube.com/watch?v=0R1-ZZTcTBY&feature=youtu.be</sublink>
	<sublink>search</sublink>
	<sublink>searchsd</sublink>
	</link>
	<thumbnail>https://image.tmdb.org/t/p/w1280/vG9FY2wHVwOOQfqNlUt2LbRzRNl.jpg</thumbnail>
	<fanart>https://image.tmdb.org/t/p/w1280None</fanart>
</item>
<dir>
	<title>[COLOR=blue]Light as a Feather[/COLOR]</title>
	<meta>
	<imdb>tt8619822</imdb>
	<content>tv</content>
	<title>Light as a Feather</title>
	<year>2018</year>
	</meta>
	<link>
	<sublink>https://www.youtube.com/watch?v=50i_7HIv_Qc&feature=youtu.be</sublink>
	</link>
	<thumbnail>https://image.tmdb.org/t/p/w1280/n4AYirvxxGLzdB5EmOhGjWGsxJ9.jpg</thumbnail>
	<fanart>https://image.tmdb.org/t/p/w1280/59UYt2nD7EJNpcgK1KD74jKJ1xy.jpg</fanart>
</dir>
<item>
	<title>[COLOR=blue]Deliver Us from Evil[/COLOR]</title>
	<meta>
	<imdb>tt2377322</imdb>
	<content>movie</content>
	<title>Deliver Us from Evil</title>
	<year>2014</year>
	</meta>
	<link>
	<sublink>https://www.youtube.com/watch?v=F1KY_pMBVXQ&feature=youtu.be</sublink>
	<sublink>search</sublink>
	<sublink>searchsd</sublink>
	</link>
	<thumbnail>https://image.tmdb.org/t/p/w1280/jgtStjg33PH3TwBrMKKhvNL5J1c.jpg</thumbnail>
	<fanart>https://image.tmdb.org/t/p/w1280/h0jrxKeDXS6VKnUnJayXLTo6PDx.jpg</fanart>
</item>
<item>
	<title>[COLOR=blue]Mother's Day[/COLOR]</title>
	<meta>
	<imdb>tt1434435</imdb>
	<content>movie</content>
	<title>Mother's Day</title>
	<year>2010</year>
	</meta>
	<link>
	<sublink>https://www.youtube.com/watch?v=TcdfNJx68VM&feature=youtu.be</sublink>
	<sublink>search</sublink>
	<sublink>searchsd</sublink>
	</link>
	<thumbnail>https://image.tmdb.org/t/p/w1280/tqeVlz9OpZslSxusMg4y6e833LI.jpg</thumbnail>
	<fanart>https://image.tmdb.org/t/p/w1280/5z4jOr1KEDt3Sy7evUvnrcj9ood.jpg</fanart>
</item>
<item>
	<title>[COLOR=blue]A Tale of Two Sisters[/COLOR]</title>
	<meta>
	<imdb>tt0365376</imdb>
	<content>movie</content>
	<title>A Tale of Two Sisters</title>
	<year>2003</year>
	</meta>
	<link>
	<sublink>https://www.youtube.com/watch?v=anF5XiN8QY8&feature=youtu.be</sublink>
	<sublink>search</sublink>
	<sublink>searchsd</sublink>
	</link>
	<thumbnail>https://image.tmdb.org/t/p/w1280/8fmnXoIw3e3J7YSr8bzcPica4Dk.jpg</thumbnail>
	<fanart>https://image.tmdb.org/t/p/w1280/6iTvLcCrokveCoVynUobXm8n3uw.jpg</fanart>
</item>
<item>
	<title>[COLOR=blue]No One Lives[/COLOR]</title>
	<meta>
	<imdb>tt1763264</imdb>
	<content>movie</content>
	<title>No One Lives</title>
	<year>2013</year>
	</meta>
	<link>
	<sublink>https://www.youtube.com/watch?v=7Eiko_J6mfE&feature=youtu.be</sublink>
	<sublink>search</sublink>
	<sublink>searchsd</sublink>
	</link>
	<thumbnail>https://image.tmdb.org/t/p/w1280/fQarG0ddQM5XddKz0BXd7qTGK9j.jpg</thumbnail>
	<fanart>https://image.tmdb.org/t/p/w1280/3Gq51vyGQM3xhLb0AUweaEPOk9J.jpg</fanart>
</item>
<item>
	<title>[COLOR=blue]Sinister[/COLOR]</title>
	<meta>
	<imdb>tt1922777</imdb>
	<content>movie</content>
	<title>Sinister</title>
	<year>2012</year>
	</meta>
	<link>
	<sublink>https://www.youtube.com/watch?v=_kbQAJR9YWQ&feature=youtu.be</sublink>
	<sublink>search</sublink>
	<sublink>searchsd</sublink>
	</link>
	<thumbnail>https://image.tmdb.org/t/p/w1280/hrRYY7FcRc46Ue7h9jcKiW1xqJ3.jpg</thumbnail>
	<fanart>https://image.tmdb.org/t/p/w1280/lAdRfK0Clun517bq5V0meoIx7SG.jpg</fanart>
</item>
<item>
	<title>[COLOR=blue]Mama[/COLOR]</title>
	<meta>
	<imdb>tt2023587</imdb>
	<content>movie</content>
	<title>Mama</title>
	<year>2013</year>
	</meta>
	<link>
	<sublink>https://www.youtube.com/watch?v=I7_CLVoGkgA&feature=youtu.be</sublink>
	<sublink>search</sublink>
	<sublink>searchsd</sublink>
	</link>
	<thumbnail>https://image.tmdb.org/t/p/w1280/kFMrQCo0Ue9GkeptoiB65FwF0lg.jpg</thumbnail>
	<fanart>https://image.tmdb.org/t/p/w1280/1x0N31utK3lYeu0u7SYPj7uU7Wi.jpg</fanart>
</item>
<item>
	<title>[COLOR=blue]Black Mountain Side[/COLOR]</title>
	<meta>
	<imdb>tt3139756</imdb>
	<content>movie</content>
	<title>Black Mountain Side</title>
	<year>2014</year>
	</meta>
	<link>
	<sublink>https://www.youtube.com/watch?v=i2JmjCioya4&feature=youtu.be</sublink>
	<sublink>search</sublink>
	<sublink>searchsd</sublink>
	</link>
	<thumbnail>https://image.tmdb.org/t/p/w1280/g5emUKrTqhdn8QFtbEuxie4oOJT.jpg</thumbnail>
	<fanart>https://image.tmdb.org/t/p/w1280/wsNetBzFcFegJG5dUc3jnPRTIAZ.jpg</fanart>
</item>
<item>
	<title>[COLOR=blue]Jinn[/COLOR]</title>
	<meta>
	<imdb>tt1562899</imdb>
	<content>movie</content>
	<title>Jinn</title>
	<year>2014</year>
	</meta>
	<link>
	<sublink>https://www.youtube.com/watch?v=MVO1sVdDqMA&feature=youtu.be</sublink>
	<sublink>search</sublink>
	<sublink>searchsd</sublink>
	</link>
	<thumbnail>https://image.tmdb.org/t/p/w1280/qX3urv2W4Snu9IXcLt9a8KexEaO.jpg</thumbnail>
	<fanart>https://image.tmdb.org/t/p/w1280/tMDuJug0NuutxVLQnDlwkyFYMSi.jpg</fanart>
</item>
<item>
	<title>[COLOR=blue]Wolves[/COLOR]</title>
	<meta>
	<imdb>tt1403241</imdb>
	<content>movie</content>
	<title>Wolves</title>
	<year>2014</year>
	</meta>
	<link>
	<sublink>https://www.youtube.com/watch?v=NTlHVvvC4U0&feature=youtu.be</sublink>
	<sublink>search</sublink>
	<sublink>searchsd</sublink>
	</link>
	<thumbnail>https://image.tmdb.org/t/p/w1280/zY6ObzQfCp6RO4ONqP4snfVVSdH.jpg</thumbnail>
	<fanart>https://image.tmdb.org/t/p/w1280/mv0uZ3StBj4HMHphTCIGcJ34W0U.jpg</fanart>
</item>
<item>
	<title>[COLOR=blue]Extinction[/COLOR]</title>
	<meta>
	<imdb>tt3467412</imdb>
	<content>movie</content>
	<title>Extinction</title>
	<year>2015</year>
	</meta>
	<link>
	<sublink>https://www.youtube.com/watch?v=vZoSD-riiy0&feature=youtu.be</sublink>
	<sublink>search</sublink>
	<sublink>searchsd</sublink>
	</link>
	<thumbnail>https://image.tmdb.org/t/p/w1280/xEoleA3nm71cE7wiu4IXfk7yH8K.jpg</thumbnail>
	<fanart>https://image.tmdb.org/t/p/w1280/uZVs1cX00LBKcLMWrmCsZznCuGu.jpg</fanart>
</item>
<item>
	<title>[COLOR=blue]From the Dark[/COLOR]</title>
	<meta>
	<imdb>tt4030442</imdb>
	<content>movie</content>
	<title>From the Dark</title>
	<year>2014</year>
	</meta>
	<link>
	<sublink>https://www.youtube.com/watch?v=vZoSD-riiy0&feature=youtu.be</sublink>
	<sublink>search</sublink>
	<sublink>searchsd</sublink>
	</link>
	<thumbnail>https://image.tmdb.org/t/p/w1280none</thumbnail>
	<fanart>https://image.tmdb.org/t/p/w1280none</fanart>
</item>
<item>
	<title>[COLOR=blue]Gravy[/COLOR]</title>
	<meta>
	<imdb>tt2822578</imdb>
	<content>movie</content>
	<title>Gravy</title>
	<year>2015</year>
	</meta>
	<link>
	<sublink>https://www.youtube.com/watch?v=7MMoEmg5JhY&feature=youtu.be</sublink>
	<sublink>search</sublink>
	<sublink>searchsd</sublink>
	</link>
	<thumbnail>https://image.tmdb.org/t/p/w1280/vEcbrgCosVKVBWRSnLYLlPqqBED.jpg</thumbnail>
	<fanart>https://image.tmdb.org/t/p/w1280/kmLkckp6IOB6sogrX0GjxA00grL.jpg</fanart>
</item>
<item>
	<title>[COLOR=blue]An American Terror[/COLOR]</title>
	<meta>
	<imdb>tt2356500</imdb>
	<content>movie</content>
	<title>An American Terror</title>
	<year>2013</year>
	</meta>
	<link>
	<sublink>https://www.youtube.com/watch?v=7MMoEmg5JhY&feature=youtu.be</sublink>
	<sublink>search</sublink>
	<sublink>searchsd</sublink>
	</link>
	<thumbnail>https://image.tmdb.org/t/p/w1280none</thumbnail>
	<fanart>https://image.tmdb.org/t/p/w1280none</fanart>
</item>
<item>
	<title>[COLOR=blue]The Woman in Black[/COLOR]</title>
	<meta>
	<imdb>tt1596365</imdb>
	<content>movie</content>
	<title>The Woman in Black</title>
	<year>2012</year>
	</meta>
	<link>
	<sublink>https://www.youtube.com/watch?v=GYF65Vc2MeI&feature=youtu.be</sublink>
	<sublink>search</sublink>
	<sublink>searchsd</sublink>
	</link>
	<thumbnail>https://image.tmdb.org/t/p/w1280/y4Z9m5jbPhFAEMWsMHo71Bh1vzi.jpg</thumbnail>
	<fanart>https://image.tmdb.org/t/p/w1280/y0L24lZ8HGMsG0G1yKEtgH6MOs2.jpg</fanart>
</item>
<item>
	<title>[COLOR=blue]Krampus[/COLOR]</title>
	<meta>
	<imdb>tt3850590</imdb>
	<content>movie</content>
	<title>Krampus</title>
	<year>2015</year>
	</meta>
	<link>
	<sublink>https://www.youtube.com/watch?v=9k-uig5obaA&feature=youtu.be</sublink>
	<sublink>search</sublink>
	<sublink>searchsd</sublink>
	</link>
	<thumbnail>https://image.tmdb.org/t/p/w1280/27SiV4EBHcTBMz4IKANjhX5iIoX.jpg</thumbnail>
	<fanart>https://image.tmdb.org/t/p/w1280/5GsJuYZuG1bkuSI8FeWol5nvR9S.jpg</fanart>
</item>
<item>
	<title>[COLOR=blue]Maggie[/COLOR]</title>
	<meta>
	<imdb>tt1881002</imdb>
	<content>movie</content>
	<title>Maggie</title>
	<year>2015</year>
	</meta>
	<link>
	<sublink>https://www.youtube.com/watch?v=UgjrjR42Ado&feature=youtu.be</sublink>
	<sublink>search</sublink>
	<sublink>searchsd</sublink>
	</link>
	<thumbnail>https://image.tmdb.org/t/p/w1280/mFt7Oo3pf8f1BZAdWLyUpYM63aT.jpg</thumbnail>
	<fanart>https://image.tmdb.org/t/p/w1280/uCI4vNT4u9xOIU3pKV3qeaFcuO9.jpg</fanart>
</item>
<item>
	<title>[COLOR=blue]The Diabolical[/COLOR]</title>
	<meta>
	<imdb>tt3603808</imdb>
	<content>movie</content>
	<title>The Diabolical</title>
	<year>2015</year>
	</meta>
	<link>
	<sublink>https://www.youtube.com/watch?v=WW_uPxP_KVA&feature=youtu.be</sublink>
	<sublink>search</sublink>
	<sublink>searchsd</sublink>
	</link>
	<thumbnail>https://image.tmdb.org/t/p/w1280/dMiIarbY7MfDJWPrUS2Rfe8Z15N.jpg</thumbnail>
	<fanart>https://image.tmdb.org/t/p/w1280/uw9l3ebIJX6SWdmknEBacR8EtrU.jpg</fanart>
</item>

<dir>
	<title>[COLOR=blue] Channel Zero-Candle Cove[/COLOR]</title>
	<meta>
	<imdb>tt4820370</imdb>
	<content>season</content>
	<season>1</season>
	<year>2016</year>
	</meta>
	<link></link>
	<thumbnail>https://image.tmdb.org/t/p/w1280/dsyeqthTBCx870AtNGM4OFIuKH5.jpg</thumbnail>
	<fanart>https://image.tmdb.org/t/p/w1280/mmPduTBlJQToB5mJoYIRDlJVCHP.jpg</fanart>
</dir>
<dir>
	<title>[COLOR=blue]Channel Zero-No-End House[/COLOR]</title>
	<meta>
	<imdb>tt4820370</imdb>
	<content>season</content>
	<season>2</season>
	<year>2017</year>
	</meta>
	<link></link>
	<thumbnail>https://image.tmdb.org/t/p/w1280/zOuUxpIgxa8fExWhfS1I0HMEe7z.jpg</thumbnail>
	<fanart>https://image.tmdb.org/t/p/w1280/mmPduTBlJQToB5mJoYIRDlJVCHP.jpg</fanart>
</dir>
<dir>
	<title>[COLOR=blue]Channel Zero-Butcher's Block[/COLOR]</title>
	<meta>
	<imdb>tt4820370</imdb>
	<content>season</content>
	<season>3</season>
	<year>2018</year>
	</meta>
	<link></link>
	<thumbnail>https://image.tmdb.org/t/p/w1280/xDjWhPZqAwBzrkUYwf1xDMfRm7m.jpg</thumbnail>
	<fanart>https://image.tmdb.org/t/p/w1280/mmPduTBlJQToB5mJoYIRDlJVCHP.jpg</fanart>
</dir>
<dir>
	<title>[COLOR=blue]Channel Zero-The Dream Door[/COLOR]</title>
	<meta>
	<imdb>tt4820370</imdb>
	<content>season</content>
	<season>4</season>
	<year>2018</year>
	</meta>
	<link></link>
	<thumbnail>https://image.tmdb.org/t/p/w1280/oCutmhFznao1Pzy6wM1C32kxAEu.jpg</thumbnail>
	<fanart>https://image.tmdb.org/t/p/w1280/mmPduTBlJQToB5mJoYIRDlJVCHP.jpg</fanart>
</dir>
