<item>
	<title>[COLOR=blue]The Invitation[/COLOR]</title>
	<meta>
	<imdb>tt2400463</imdb>
	<content>movie</content>
	<title>The Invitation</title>
	<year>2015</year>
	</meta>
	<link>
	<sublink>https://www.youtube.com/watch?v=wcFaLtnx43w&feature=youtu.be</sublink>
	<sublink>search</sublink>
	<sublink>searchsd</sublink>
	</link>
	<thumbnail>https://image.tmdb.org/t/p/w1280/v5Bdti2w5sqKNPge6I9jF2YpAqF.jpg</thumbnail>
	<fanart>https://image.tmdb.org/t/p/w1280/lc6Tpns2k5PBEvaSciXJFYUVmJm.jpg</fanart>
</item>
<item>
	<title>[COLOR=blue]Howl[/COLOR]</title>
	<meta>
	<imdb>tt2393827</imdb>
	<content>movie</content>
	<title>Howl</title>
	<year>2015</year>
	</meta>
	<link>
	<sublink>https://www.youtube.com/watch?v=wcFaLtnx43w&feature=youtu.be</sublink>
	<sublink>search</sublink>
	<sublink>searchsd</sublink>
	</link>
	<thumbnail>https://image.tmdb.org/t/p/w1280none</thumbnail>
	<fanart>https://image.tmdb.org/t/p/w1280none</fanart>
</item>
<item>
	<title>[COLOR=blue]Turbo Kid[/COLOR]</title>
	<meta>
	<imdb>tt3672742</imdb>
	<content>movie</content>
	<title>Turbo Kid</title>
	<year>2015</year>
	</meta>
	<link>
	<sublink>https://www.youtube.com/watch?v=AFlZ6pVtnv0&feature=youtu.be</sublink>
	<sublink>search</sublink>
	<sublink>searchsd</sublink>
	</link>
	<thumbnail>https://image.tmdb.org/t/p/w1280/oImU0aMyeSHRwDw0bHizLhixF9L.jpg</thumbnail>
	<fanart>https://image.tmdb.org/t/p/w1280/zJfNDAolN7jko60FIrkDHi1FLRk.jpg</fanart>
</item>
<item>
	<title>[COLOR=blue]Children of the Night[/COLOR]</title>
	<meta>
	<imdb>tt2945892</imdb>
	<content>movie</content>
	<title>Children of the Night</title>
	<year>2014</year>
	</meta>
	<link>
	<sublink>https://www.youtube.com/watch?v=AFlZ6pVtnv0&feature=youtu.be</sublink>
	<sublink>search</sublink>
	<sublink>searchsd</sublink>
	</link>
	<thumbnail>https://image.tmdb.org/t/p/w1280none</thumbnail>
	<fanart>https://image.tmdb.org/t/p/w1280none</fanart>
</item>
<item>
	<title>[COLOR=blue]The Hound of the Baskervilles[/COLOR]</title>
	<meta>
	<imdb>tt0052905</imdb>
	<content>movie</content>
	<title>The Hound of the Baskervilles</title>
	<year>1959</year>
	</meta>
	<link>
	<sublink>https://www.youtube.com/watch?v=qQRQ8MXqS10&feature=youtu.be</sublink>
	<sublink>search</sublink>
	<sublink>searchsd</sublink>
	</link>
	<thumbnail>https://image.tmdb.org/t/p/w1280/fHds2wqJXLHCKvg7zGX2nb6mtRP.jpg</thumbnail>
	<fanart>https://image.tmdb.org/t/p/w1280/cacVeQR28wdQCax1rTZPLv0obBN.jpg</fanart>
</item>
<item>
	<title>[COLOR=blue]Last Girl Standing[/COLOR]</title>
	<meta>
	<imdb>tt4520340</imdb>
	<content>movie</content>
	<title>Last Girl Standing</title>
	<year>2015</year>
	</meta>
	<link>
	<sublink>https://www.youtube.com/watch?v=qQRQ8MXqS10&feature=youtu.be</sublink>
	<sublink>search</sublink>
	<sublink>searchsd</sublink>
	</link>
	<thumbnail>https://image.tmdb.org/t/p/w1280none</thumbnail>
	<fanart>https://image.tmdb.org/t/p/w1280none</fanart>
</item>
<item>
	<title>[COLOR=blue]Dust Devil[/COLOR]</title>
	<meta>
	<imdb>tt0104155</imdb>
	<content>movie</content>
	<title>Dust Devil</title>
	<year>1992</year>
	</meta>
	<link>
	<sublink>https://www.youtube.com/watch?v=PrPSuTEISpg&feature=youtu.be</sublink>
	<sublink>search</sublink>
	<sublink>searchsd</sublink>
	</link>
	<thumbnail>https://image.tmdb.org/t/p/w1280/2afP9d514NBTJXsPZgp7eoX32oy.jpg</thumbnail>
	<fanart>https://image.tmdb.org/t/p/w1280/ahIjjueXRe2OvogW1uscI0zWGi6.jpg</fanart>
</item>
<item>
	<title>[COLOR=blue]Goodnight Mommy[/COLOR]</title>
	<meta>
	<imdb>tt3086442</imdb>
	<content>movie</content>
	<title>Goodnight Mommy</title>
	<year>2014</year>
	</meta>
	<link>
	<sublink>https://www.youtube.com/watch?v=HCjApb9EDcg&feature=youtu.be</sublink>
	<sublink>search</sublink>
	<sublink>searchsd</sublink>
	</link>
	<thumbnail>https://image.tmdb.org/t/p/w1280/1IXU1O05LVe2B1ivg2mkFVVbb53.jpg</thumbnail>
	<fanart>https://image.tmdb.org/t/p/w1280/fwsKOJXLl2TWUN7oI3WYcmtB05h.jpg</fanart>
</item>
<item>
	<title>[COLOR=blue]Deathgasm[/COLOR]</title>
	<meta>
	<imdb>tt3705412</imdb>
	<content>movie</content>
	<title>Deathgasm</title>
	<year>2015</year>
	</meta>
	<link>
	<sublink>https://www.youtube.com/watch?v=4m6BIvN3ggM&feature=youtu.be</sublink>
	<sublink>search</sublink>
	<sublink>searchsd</sublink>
	</link>
	<thumbnail>https://image.tmdb.org/t/p/w1280/cwy9sGEOAuzpZXzXBVln1PZ4vxn.jpg</thumbnail>
	<fanart>https://image.tmdb.org/t/p/w1280/iZ1Iyh6pe0Igt3n95DxkJWBfwOD.jpg</fanart>
</item>
<item>
	<title>[COLOR=blue]Worry Dolls[/COLOR]</title>
	<meta>
	<imdb>tt3384350</imdb>
	<content>movie</content>
	<title>Worry Dolls</title>
	<year>2016</year>
	</meta>
	<link>
	<sublink>https://www.youtube.com/watch?v=x3UJUVl4wHU&feature=youtu.be</sublink>
	<sublink>search</sublink>
	<sublink>searchsd</sublink>
	</link>
	<thumbnail>https://image.tmdb.org/t/p/w1280/bXeL7yq7TqtiNvsidYHfMRzrCoJ.jpg</thumbnail>
	<fanart>https://image.tmdb.org/t/p/w1280/b9fzM1OjMfEEkwYvmDvQf3QXUgc.jpg</fanart>
</item>
<item>
	<title>[COLOR=blue]The Serpent and the Rainbow[/COLOR]</title>
	<meta>
	<imdb>tt0096071</imdb>
	<content>movie</content>
	<title>The Serpent and the Rainbow</title>
	<year>1988</year>
	</meta>
	<link>
	<sublink>https://www.youtube.com/watch?v=xc_gH_ElIUw&feature=youtu.be</sublink>
	<sublink>search</sublink>
	<sublink>searchsd</sublink>
	</link>
	<thumbnail>https://image.tmdb.org/t/p/w1280/6FcK8I3IBBndBo8gfTx1apC8DYj.jpg</thumbnail>
	<fanart>https://image.tmdb.org/t/p/w1280/f4ixXGrhChuGK1XE1K8vfCsQYZ6.jpg</fanart>
</item>
<item>
	<title>[COLOR=blue]The People Under the Stairs[/COLOR]</title>
	<meta>
	<imdb>tt0105121</imdb>
	<content>movie</content>
	<title>The People Under the Stairs</title>
	<year>1991</year>
	</meta>
	<link>
	<sublink>https://www.youtube.com/watch?v=ZIzkq6vau6Y&feature=youtu.be</sublink>
	<sublink>search</sublink>
	<sublink>searchsd</sublink>
	</link>
	<thumbnail>https://image.tmdb.org/t/p/w1280/jQib0QxTFN8BDjpnQEeyLzfzlLU.jpg</thumbnail>
	<fanart>https://image.tmdb.org/t/p/w1280/vh93OOa72WTfEfTH5e4xUUeDGGR.jpg</fanart>
</item>
<item>
	<title>[COLOR=blue]Nina Forever[/COLOR]</title>
	<meta>
	<imdb>tt2885628</imdb>
	<content>movie</content>
	<title>Nina Forever</title>
	<year>2015</year>
	</meta>
	<link>
	<sublink>https://www.youtube.com/watch?v=fNlcFY6dUl8&feature=youtu.be</sublink>
	<sublink>search</sublink>
	<sublink>searchsd</sublink>
	</link>
	<thumbnail>https://image.tmdb.org/t/p/w1280/scpGPh3MMqLRiBtg5ltrfvH8Sfu.jpg</thumbnail>
	<fanart>https://image.tmdb.org/t/p/w1280/trIfE26AFtql8cyMiI2l7GeUFyI.jpg</fanart>
</item>
<item>
	<title>[COLOR=blue]The Hallow[/COLOR]</title>
	<meta>
	<imdb>tt2474976</imdb>
	<content>movie</content>
	<title>The Hallow</title>
	<year>2015</year>
	</meta>
	<link>
	<sublink>https://www.youtube.com/watch?v=-Wox2Oh2EXw&feature=youtu.be</sublink>
	<sublink>search</sublink>
	<sublink>searchsd</sublink>
	</link>
	<thumbnail>https://image.tmdb.org/t/p/w1280/fTkS0EuaCFefCeP1gBSRHYsaSKY.jpg</thumbnail>
	<fanart>https://image.tmdb.org/t/p/w1280/4IuHZFDUCmyxdf7JaF9oRqhTC9M.jpg</fanart>
</item>
<item>
	<title>[COLOR=blue]Emelie[/COLOR]</title>
	<meta>
	<imdb>tt4503598</imdb>
	<content>movie</content>
	<title>Emelie</title>
	<year>2016</year>
	</meta>
	<link>
	<sublink>https://www.youtube.com/watch?v=XZoLut2Ti0U&feature=youtu.be</sublink>
	<sublink>search</sublink>
	<sublink>searchsd</sublink>
	</link>
	<thumbnail>https://image.tmdb.org/t/p/w1280/r7xCjCE8gza6xQKC4IMUh3bxct3.jpg</thumbnail>
	<fanart>https://image.tmdb.org/t/p/w1280/5QQ4nNfs1ANq12mvRldIzqdhiY9.jpg</fanart>
</item>
<item>
	<title>[COLOR=blue]Future Shock! The Story of 2000AD[/COLOR]</title>
	<meta>
	<imdb>tt2822584</imdb>
	<content>movie</content>
	<title>Future Shock! The Story of 2000AD</title>
	<year>2014</year>
	</meta>
	<link>
	<sublink>https://www.youtube.com/watch?v=ifPt8JP9xbk&feature=youtu.be</sublink>
	<sublink>search</sublink>
	<sublink>searchsd</sublink>
	</link>
	<thumbnail>https://image.tmdb.org/t/p/w1280/ujUevtRrVRvHLfuehFeo5MGEsm2.jpg</thumbnail>
	<fanart>https://image.tmdb.org/t/p/w1280/j5uVZ2GjLZbFXLhyLF18sS2fHaj.jpg</fanart>
</item>
<item>
	<title>[COLOR=blue]The Green Inferno[/COLOR]</title>
	<meta>
	<imdb>tt2403021</imdb>
	<content>movie</content>
	<title>The Green Inferno</title>
	<year>2014</year>
	</meta>
	<link>
	<sublink>https://www.youtube.com/watch?v=aGGPTlrX_PE&feature=youtu.be</sublink>
	<sublink>search</sublink>
	<sublink>searchsd</sublink>
	</link>
	<thumbnail>https://image.tmdb.org/t/p/w1280/prG32jWEgiZ2N8BpBPu1G0jMiv2.jpg</thumbnail>
	<fanart>https://image.tmdb.org/t/p/w1280/gX2nkTe2RI2RCM9BsNe1yyNWKFa.jpg</fanart>
</item>
<item>
	<title>[COLOR=blue]Scream[/COLOR]</title>
	<meta>
	<imdb>tt0117571</imdb>
	<content>movie</content>
	<title>Scream</title>
	<year>1996</year>
	</meta>
	<link>
	<sublink>https://www.youtube.com/watch?v=xRqAmYpV_Ts&feature=youtu.be</sublink>
	<sublink>search</sublink>
	<sublink>searchsd</sublink>
	</link>
	<thumbnail>https://image.tmdb.org/t/p/w1280/ewi7gYW22t8T3piRvrXO73GlzuL.jpg</thumbnail>
	<fanart>https://image.tmdb.org/t/p/w1280/tdcb0RHusaQxScWORevtKQ0u9NG.jpg</fanart>
</item>
<item>
	<title>[COLOR=blue]Scherzo Diabolico[/COLOR]</title>
	<meta>
	<imdb>tt3951730</imdb>
	<content>movie</content>
	<title>Scherzo Diabolico</title>
	<year>2015</year>
	</meta>
	<link>
	<sublink>https://www.youtube.com/watch?v=xRqAmYpV_Ts&feature=youtu.be</sublink>
	<sublink>search</sublink>
	<sublink>searchsd</sublink>
	</link>
	<thumbnail>https://image.tmdb.org/t/p/w1280none</thumbnail>
	<fanart>https://image.tmdb.org/t/p/w1280none</fanart>
</item>
<item>
	<title>[COLOR=blue]Jeruzalem[/COLOR]</title>
	<meta>
	<imdb>tt4552524</imdb>
	<content>movie</content>
	<title>Jeruzalem</title>
	<year>2016</year>
	</meta>
	<link>
	<sublink>https://www.youtube.com/watch?v=QTIwfN-4hZ4&feature=youtu.be</sublink>
	<sublink>search</sublink>
	<sublink>searchsd</sublink>
	</link>
	<thumbnail>https://image.tmdb.org/t/p/w1280/wx9vNunt4Q9iUbmwWBtzUM5g0SU.jpg</thumbnail>
	<fanart>https://image.tmdb.org/t/p/w1280/dBrqXLVxcGdw1oldyH3sUXGXYDI.jpg</fanart>
</item>
<item>
	<title>[COLOR=blue]The Exorcist III[/COLOR]</title>
	<meta>
	<imdb>tt0099528</imdb>
	<content>movie</content>
	<title>The Exorcist III</title>
	<year>1990</year>
	</meta>
	<link>
	<sublink>https://www.youtube.com/watch?v=BXsj26KH4jk&feature=youtu.be</sublink>
	<sublink>search</sublink>
	<sublink>searchsd</sublink>
	</link>
	<thumbnail>https://image.tmdb.org/t/p/w1280/xU1mJq4AihDXAhEmdOmCgPCy1li.jpg</thumbnail>
	<fanart>https://image.tmdb.org/t/p/w1280/be0nR66qvr539GN2n8wVz78SqaC.jpg</fanart>
</item>
<item>
	<title>[COLOR=blue]La Cara del Diablo[/COLOR]</title>
	<meta>
	<imdb>tt3421786</imdb>
	<content>movie</content>
	<title>La Cara del Diablo</title>
	<year>2014</year>
	</meta>
	<link>
	<sublink>https://www.youtube.com/watch?v=BXsj26KH4jk&feature=youtu.be</sublink>
	<sublink>search</sublink>
	<sublink>searchsd</sublink>
	</link>
	<thumbnail>https://image.tmdb.org/t/p/w1280none</thumbnail>
	<fanart>https://image.tmdb.org/t/p/w1280none</fanart>
</item>
<item>
	<title>[COLOR=blue]Hardware[/COLOR]</title>
	<meta>
	<imdb>tt0099740</imdb>
	<content>movie</content>
	<title>Hardware</title>
	<year>1990</year>
	</meta>
	<link>
	<sublink>https://www.youtube.com/watch?v=jnVVyfyFChE&feature=youtu.be</sublink>
	<sublink>search</sublink>
	<sublink>searchsd</sublink>
	</link>
	<thumbnail>https://image.tmdb.org/t/p/w1280/nsFm5xniViTVr1oVUpKmgvlAOEA.jpg</thumbnail>
	<fanart>https://image.tmdb.org/t/p/w1280/9e5e7dJTMxQeF7zNx0CiJmxXE1I.jpg</fanart>
</item>
<item>
	<title>[COLOR=blue]Dracula A.D. 1972[/COLOR]</title>
	<meta>
	<imdb>tt0068505</imdb>
	<content>movie</content>
	<title>Dracula A.D. 1972</title>
	<year>1972</year>
	</meta>
	<link>
	<sublink>https://www.youtube.com/watch?v=KhBfI8_xPAk&feature=youtu.be</sublink>
	<sublink>search</sublink>
	<sublink>searchsd</sublink>
	</link>
	<thumbnail>https://image.tmdb.org/t/p/w1280/9H9wjdGUfJYEV88gPc7kre3gNlv.jpg</thumbnail>
	<fanart>https://image.tmdb.org/t/p/w1280/jIeaSbogd6MaBwThejadsCGvr24.jpg</fanart>
</item>
<item>
	<title>[COLOR=blue]Rabid Dogs[/COLOR]</title>
	<meta>
	<imdb>tt4379180</imdb>
	<content>movie</content>
	<title>Rabid Dogs</title>
	<year>2015</year>
	</meta>
	<link>
	<sublink>https://www.youtube.com/watch?v=KhBfI8_xPAk&feature=youtu.be</sublink>
	<sublink>search</sublink>
	<sublink>searchsd</sublink>
	</link>
	<thumbnail>https://image.tmdb.org/t/p/w1280none</thumbnail>
	<fanart>https://image.tmdb.org/t/p/w1280none</fanart>
</item>
<item>
	<title>[COLOR=blue]Tales of Halloween[/COLOR]</title>
	<meta>
	<imdb>tt4163020</imdb>
	<content>movie</content>
	<title>Tales of Halloween</title>
	<year>2015</year>
	</meta>
	<link>
	<sublink>https://www.youtube.com/watch?v=C2tA1e8UAZ4&feature=youtu.be</sublink>
	<sublink>search</sublink>
	<sublink>searchsd</sublink>
	</link>
	<thumbnail>https://image.tmdb.org/t/p/w1280/hISRq3TJdALQj1RGCS6bQxbTnAf.jpg</thumbnail>
	<fanart>https://image.tmdb.org/t/p/w1280/rrjyhU2u370JgDYyh5JGy7OWdor.jpg</fanart>
</item>
<item>
	<title>[COLOR=blue]Mania[/COLOR]</title>
	<meta>
	<imdb>tt3844956</imdb>
	<content>movie</content>
	<title>Mania</title>
	<year>2015</year>
	</meta>
	<link>
	<sublink>https://www.youtube.com/watch?v=J13FruwOQd8&feature=youtu.be</sublink>
	<sublink>search</sublink>
	<sublink>searchsd</sublink>
	</link>
	<thumbnail>https://image.tmdb.org/t/p/w1280/s1JN4ds9zU7qkD7Akol3j3rSkfx.jpg</thumbnail>
	<fanart>https://image.tmdb.org/t/p/w1280/5c5op13thaPQk4lEbdHlnvNIjgo.jpg</fanart>
</item>
<item>
	<title>[COLOR=blue]The Demolisher[/COLOR]</title>
	<meta>
	<imdb>tt3402594</imdb>
	<content>movie</content>
	<title>The Demolisher</title>
	<year>2015</year>
	</meta>
	<link>
	<sublink>https://www.youtube.com/watch?v=aIXf0-5tiT4&feature=youtu.be</sublink>
	<sublink>search</sublink>
	<sublink>searchsd</sublink>
	</link>
	<thumbnail>https://image.tmdb.org/t/p/w1280/lcI7NqcDeodZDYtKU5U3f28x2WQ.jpg</thumbnail>
	<fanart>https://image.tmdb.org/t/p/w1280/o3HTCAcB6YpyYnPzEjzH1xuvl8G.jpg</fanart>
</item>
<item>
	<title>[COLOR=blue]The Witch[/COLOR]</title>
	<meta>
	<imdb>tt4263482</imdb>
	<content>movie</content>
	<title>The Witch</title>
	<year>2016</year>
	</meta>
	<link>
	<sublink>https://www.youtube.com/watch?v=TIkW4StMAPE&feature=youtu.be</sublink>
	<sublink>search</sublink>
	<sublink>searchsd</sublink>
	</link>
	<thumbnail>https://image.tmdb.org/t/p/w1280/cNNK6OHWNJdvIgWceV0iK83MPbb.jpg</thumbnail>
	<fanart>https://image.tmdb.org/t/p/w1280/k06hljqysdm9cvHGZk6Meiv81e6.jpg</fanart>
</item>
