<item>
	<title>[COLOR=blue]Paranormal Activity 2[/COLOR]</title>
	<meta>
	<imdb>tt1536044</imdb>
	<content>movie</content>
	<title>Paranormal Activity 2</title>
	<year>2010</year>
	</meta>
	<link>
	<sublink>https://www.youtube.com/watch?v=07XbSk7Rjt4&feature=youtu.be</sublink>
	<sublink>search</sublink>
	<sublink>searchsd</sublink>
	</link>
	<thumbnail>https://image.tmdb.org/t/p/w1280/hFMMrqDR16yNRf77plyvbkxohg6.jpg</thumbnail>
	<fanart>https://image.tmdb.org/t/p/w1280/dhaxwFoaOGIKnJiqHl5hndmyU0s.jpg</fanart>
</item>
<item>
	<title>[COLOR=blue]The Pack[/COLOR]</title>
	<meta>
	<imdb>tt1336601</imdb>
	<content>movie</content>
	<title>The Pack</title>
	<year>2010</year>
	</meta>
	<link>
	<sublink>https://www.youtube.com/watch?v=07XbSk7Rjt4&feature=youtu.be</sublink>
	<sublink>search</sublink>
	<sublink>searchsd</sublink>
	</link>
	<thumbnail>https://image.tmdb.org/t/p/w1280none</thumbnail>
	<fanart>https://image.tmdb.org/t/p/w1280none</fanart>
</item>
<item>
	<title>[COLOR=blue]Carrie[/COLOR]</title>
	<meta>
	<imdb>tt0074285</imdb>
	<content>movie</content>
	<title>Carrie</title>
	<year>1976</year>
	</meta>
	<link>
	<sublink>https://www.youtube.com/watch?v=EB9TxhF08ng&feature=youtu.be</sublink>
	<sublink>search</sublink>
	<sublink>searchsd</sublink>
	</link>
	<thumbnail>https://image.tmdb.org/t/p/w1280/n9JxLthRHwTWwu5OjFHVplkVSUg.jpg</thumbnail>
	<fanart>https://image.tmdb.org/t/p/w1280/zwJFfKQdfiptK2GY6N8GkZFrAxJ.jpg</fanart>
</item>
<item>
	<title>[COLOR=blue]The Night of the Hunter[/COLOR]</title>
	<meta>
	<imdb>tt0048424</imdb>
	<content>movie</content>
	<title>The Night of the Hunter</title>
	<year>1955</year>
	</meta>
	<link>
	<sublink>https://www.youtube.com/watch?v=Y8dX6ZKJe2o&feature=youtu.be</sublink>
	<sublink>search</sublink>
	<sublink>searchsd</sublink>
	</link>
	<thumbnail>https://image.tmdb.org/t/p/w1280/brECyRPAWJS1clF0unAC3MtERMA.jpg</thumbnail>
	<fanart>https://image.tmdb.org/t/p/w1280/2bBGFSrnTg1AFhjHoczbfPnb9D4.jpg</fanart>
</item>
<item>
	<title>[COLOR=blue]Shadow[/COLOR]</title>
	<meta>
	<imdb>tt1425253</imdb>
	<content>movie</content>
	<title>Shadow</title>
	<year>2010</year>
	</meta>
	<link>
	<sublink>https://www.youtube.com/watch?v=Y8dX6ZKJe2o&feature=youtu.be</sublink>
	<sublink>search</sublink>
	<sublink>searchsd</sublink>
	</link>
	<thumbnail>https://image.tmdb.org/t/p/w1280none</thumbnail>
	<fanart>https://image.tmdb.org/t/p/w1280none</fanart>
</item>
<item>
	<title>[COLOR=blue]Island of Death[/COLOR]</title>
	<meta>
	<imdb>tt0188527</imdb>
	<content>movie</content>
	<title>Island of Death</title>
	<year>1976</year>
	</meta>
	<link>
	<sublink>https://www.youtube.com/watch?v=uy2z_PVpzcQ&feature=youtu.be</sublink>
	<sublink>search</sublink>
	<sublink>searchsd</sublink>
	</link>
	<thumbnail>https://image.tmdb.org/t/p/w1280/bGbNE6okgh0nNkRxLvlPkjgafoZ.jpg</thumbnail>
	<fanart>https://image.tmdb.org/t/p/w1280/16eLX46MyubMKeG7KU7ZXB0KVSl.jpg</fanart>
</item>
<item>
	<title>[COLOR=blue]Primal[/COLOR]</title>
	<meta>
	<imdb>tt1438534</imdb>
	<content>movie</content>
	<title>Primal</title>
	<year>2010</year>
	</meta>
	<link>
	<sublink>https://www.youtube.com/watch?v=pah2u9AXsHU&feature=youtu.be</sublink>
	<sublink>search</sublink>
	<sublink>searchsd</sublink>
	</link>
	<thumbnail>https://image.tmdb.org/t/p/w1280/4ZLxPg0mRmmEzR3V4pbJwqEKqov.jpg</thumbnail>
	<fanart>https://image.tmdb.org/t/p/w1280/6YzZApfs08YYd4EKYPrJVdyg5yE.jpg</fanart>
</item>
<item>
	<title>[COLOR=blue]The Apple[/COLOR]</title>
	<meta>
	<imdb>tt0080380</imdb>
	<content>movie</content>
	<title>The Apple</title>
	<year>1980</year>
	</meta>
	<link>
	<sublink>https://www.youtube.com/watch?v=0BY9cvgrP1c&feature=youtu.be</sublink>
	<sublink>search</sublink>
	<sublink>searchsd</sublink>
	</link>
	<thumbnail>https://image.tmdb.org/t/p/w1280/s1Es2mVEECJHM5x1m8Tj6WsibAP.jpg</thumbnail>
	<fanart>https://image.tmdb.org/t/p/w1280/3L05HQS4GiR8PXCq0JjqXShoLRF.jpg</fanart>
</item>
<item>
	<title>[COLOR=blue]Finale[/COLOR]</title>
	<meta>
	<imdb>tt1326218</imdb>
	<content>movie</content>
	<title>Finale</title>
	<year>2009</year>
	</meta>
	<link>
	<sublink>https://www.youtube.com/watch?v=HKtqa8wvaMo&feature=youtu.be</sublink>
	<sublink>search</sublink>
	<sublink>searchsd</sublink>
	</link>
	<thumbnail>https://image.tmdb.org/t/p/w1280/3RnFEM5oXdvtj7L3zGTkOj4NjEN.jpg</thumbnail>
	<fanart>https://image.tmdb.org/t/p/w1280/rYHe0dH1ZQ3GUzO9yXLjdo1ACAE.jpg</fanart>
</item>
<item>
	<title>[COLOR=blue]The Amityville Horror[/COLOR]</title>
	<meta>
	<imdb>tt0078767</imdb>
	<content>movie</content>
	<title>The Amityville Horror</title>
	<year>1979</year>
	</meta>
	<link>
	<sublink>https://www.youtube.com/watch?v=QEyrOb6zdvE&feature=youtu.be</sublink>
	<sublink>search</sublink>
	<sublink>searchsd</sublink>
	</link>
	<thumbnail>https://image.tmdb.org/t/p/w1280/orociMcS1GExIcuiGbYYHlRlcL8.jpg</thumbnail>
	<fanart>https://image.tmdb.org/t/p/w1280/s2z4t3y5gvFKId09smKOUq8I8gK.jpg</fanart>
</item>
<item>
	<title>[COLOR=blue]Altitude[/COLOR]</title>
	<meta>
	<imdb>tt1407049</imdb>
	<content>movie</content>
	<title>Altitude</title>
	<year>2010</year>
	</meta>
	<link>
	<sublink>https://www.youtube.com/watch?v=663uUyZ9U6Q&feature=youtu.be</sublink>
	<sublink>search</sublink>
	<sublink>searchsd</sublink>
	</link>
	<thumbnail>https://image.tmdb.org/t/p/w1280/oDmwDML4Uz5mK26BW4dYq0A34hf.jpg</thumbnail>
	<fanart>https://image.tmdb.org/t/p/w1280/g9iyNzQf6nmHDWBRmbthd61iq1U.jpg</fanart>
</item>
<item>
	<title>[COLOR=blue]Phenomena[/COLOR]</title>
	<meta>
	<imdb>tt0087909</imdb>
	<content>movie</content>
	<title>Phenomena</title>
	<year>1985</year>
	</meta>
	<link>
	<sublink>https://www.youtube.com/watch?v=Tt93yZUgJNQ&feature=youtu.be</sublink>
	<sublink>search</sublink>
	<sublink>searchsd</sublink>
	</link>
	<thumbnail>https://image.tmdb.org/t/p/w1280/7yFfxxfTqhesHj26yR1LgSARx9P.jpg</thumbnail>
	<fanart>https://image.tmdb.org/t/p/w1280/vBeLbIunf5MTrD58IoRaFtjzDji.jpg</fanart>
</item>
<item>
	<title>[COLOR=blue]Spiderhole[/COLOR]</title>
	<meta>
	<imdb>tt1496884</imdb>
	<content>movie</content>
	<title>Spiderhole</title>
	<year>2010</year>
	</meta>
	<link>
	<sublink>https://www.youtube.com/watch?v=90ECvKCBLjk&feature=youtu.be</sublink>
	<sublink>search</sublink>
	<sublink>searchsd</sublink>
	</link>
	<thumbnail>https://image.tmdb.org/t/p/w1280/lfRkyNbs8cdLAY102Srujj4OWuv.jpg</thumbnail>
	<fanart>https://image.tmdb.org/t/p/w1280/4r1uwqgDaC1GOklCNGy81EtY684.jpg</fanart>
</item>
<item>
	<title>[COLOR=blue]I Spit on Your Grave[/COLOR]</title>
	<meta>
	<imdb>tt1242432</imdb>
	<content>movie</content>
	<title>I Spit on Your Grave</title>
	<year>2010</year>
	</meta>
	<link>
	<sublink>https://www.youtube.com/watch?v=oOxSvFKrHew&feature=youtu.be</sublink>
	<sublink>search</sublink>
	<sublink>searchsd</sublink>
	</link>
	<thumbnail>https://image.tmdb.org/t/p/w1280/7hA8FfUAwBJut4MSIhR6eCF8li7.jpg</thumbnail>
	<fanart>https://image.tmdb.org/t/p/w1280/g9V4nHoYaWCcZ43VB1v2aF2X0R.jpg</fanart>
</item>
<item>
	<title>[COLOR=blue]Birdemic: Shock and Terror[/COLOR]</title>
	<meta>
	<imdb>tt1316037</imdb>
	<content>movie</content>
	<title>Birdemic: Shock and Terror</title>
	<year>2010</year>
	</meta>
	<link>
	<sublink>https://www.youtube.com/watch?v=jE5dJDgZ644&feature=youtu.be</sublink>
	<sublink>search</sublink>
	<sublink>searchsd</sublink>
	</link>
	<thumbnail>https://image.tmdb.org/t/p/w1280/vYGp5RtaLKxKO8RNeyHZUIdOi5r.jpg</thumbnail>
	<fanart>https://image.tmdb.org/t/p/w1280/w4mtrrGASEnHWsGQmE1K0UxHFQb.jpg</fanart>
</item>
<item>
	<title>[COLOR=blue]Rammbock: Berlin Undead[/COLOR]</title>
	<meta>
	<imdb>tt1583356</imdb>
	<content>movie</content>
	<title>Rammbock: Berlin Undead</title>
	<year>2010</year>
	</meta>
	<link>
	<sublink>https://www.youtube.com/watch?v=wUYiqKH8QRU&feature=youtu.be</sublink>
	<sublink>search</sublink>
	<sublink>searchsd</sublink>
	</link>
	<thumbnail>https://image.tmdb.org/t/p/w1280/uhtH3pU9SPBGjb0pcVgVxYB8bOR.jpg</thumbnail>
	<fanart>https://image.tmdb.org/t/p/w1280/n5uCOUAnMDhKihcV7iVoTygVmLn.jpg</fanart>
</item>
<item>
	<title>[COLOR=blue]Herschell Gordon Lewis: The Godfather of Gore[/COLOR]</title>
	<meta>
	<imdb>tt1683431</imdb>
	<content>movie</content>
	<title>Herschell Gordon Lewis: The Godfather of Gore</title>
	<year>2010</year>
	</meta>
	<link>
	<sublink>https://www.youtube.com/watch?v=JPRq77KmcUM&feature=youtu.be</sublink>
	<sublink>search</sublink>
	<sublink>searchsd</sublink>
	</link>
	<thumbnail>https://image.tmdb.org/t/p/w1280/mzwiMxr0a5xOe3R8d5c2DlkCYzM.jpg</thumbnail>
	<fanart>https://image.tmdb.org/t/p/w1280/j4wwKS0aokfGe7QDYqU2k6744hi.jpg</fanart>
</item>
<item>
	<title>[COLOR=blue]Ed Wood[/COLOR]</title>
	<meta>
	<imdb>tt0109707</imdb>
	<content>movie</content>
	<title>Ed Wood</title>
	<year>1994</year>
	</meta>
	<link>
	<sublink>https://www.youtube.com/watch?v=CawVaHxWvnA&feature=youtu.be</sublink>
	<sublink>search</sublink>
	<sublink>searchsd</sublink>
	</link>
	<thumbnail>https://image.tmdb.org/t/p/w1280/9qBe2sUDyY2dFH1iHq0SZb1G4QG.jpg</thumbnail>
	<fanart>https://image.tmdb.org/t/p/w1280/6zSU6K7q4zntC8vgrvpoUM66eQl.jpg</fanart>
</item>
<item>
	<title>[COLOR=blue]The Reef[/COLOR]</title>
	<meta>
	<imdb>tt1320291</imdb>
	<content>movie</content>
	<title>The Reef</title>
	<year>2010</year>
	</meta>
	<link>
	<sublink>https://www.youtube.com/watch?v=0UD2gbjB3vw&feature=youtu.be</sublink>
	<sublink>search</sublink>
	<sublink>searchsd</sublink>
	</link>
	<thumbnail>https://image.tmdb.org/t/p/w1280/1FkDMTH4MLM1GMyC9j5FckYf9O7.jpg</thumbnail>
	<fanart>https://image.tmdb.org/t/p/w1280/iHxSRdZLYmS7dfwmS0sBP4z9nSC.jpg</fanart>
</item>
<item>
	<title>[COLOR=blue]Amer[/COLOR]</title>
	<meta>
	<imdb>tt1426352</imdb>
	<content>movie</content>
	<title>Amer</title>
	<year>2009</year>
	</meta>
	<link>
	<sublink>https://www.youtube.com/watch?v=FYcS09xisRE&feature=youtu.be</sublink>
	<sublink>search</sublink>
	<sublink>searchsd</sublink>
	</link>
	<thumbnail>https://image.tmdb.org/t/p/w1280/b0gA1G8kzO3q0UXh5oEtY0Zd5Wb.jpg</thumbnail>
	<fanart>https://image.tmdb.org/t/p/w1280/4WwAkPD4jYBdamRn3KtK18SRrZc.jpg</fanart>
</item>
<item>
	<title>[COLOR=blue]Plan 9 from Outer Space[/COLOR]</title>
	<meta>
	<imdb>tt0052077</imdb>
	<content>movie</content>
	<title>Plan 9 from Outer Space</title>
	<year>1959</year>
	</meta>
	<link>
	<sublink>https://www.youtube.com/watch?v=XEoOb1Pmgfw&feature=youtu.be</sublink>
	<sublink>search</sublink>
	<sublink>searchsd</sublink>
	</link>
	<thumbnail>https://image.tmdb.org/t/p/w1280/tBkJps1poCnVqWbqNfVLgAbb8br.jpg</thumbnail>
	<fanart>https://image.tmdb.org/t/p/w1280/3BKq4edzOFB4vOAHltrnXUPVztW.jpg</fanart>
</item>
<item>
	<title>[COLOR=blue]Loose Screws[/COLOR]</title>
	<meta>
	<imdb>tt0089501</imdb>
	<content>movie</content>
	<title>Loose Screws</title>
	<year>1985</year>
	</meta>
	<link>
	<sublink>https://www.youtube.com/watch?v=JyWTI5npjs8&feature=youtu.be</sublink>
	<sublink>search</sublink>
	<sublink>searchsd</sublink>
	</link>
	<thumbnail>https://image.tmdb.org/t/p/w1280/fwymHtvUcb7CHcvtllOId0Ovi1x.jpg</thumbnail>
	<fanart>https://image.tmdb.org/t/p/w1280/ntCaRdWfPhBN7iZz1nfRUtsfCjI.jpg</fanart>
</item>
<item>
	<title>[COLOR=blue]Video Nasties: Moral Panic, Censorship & Videotape[/COLOR]</title>
	<meta>
	<imdb>tt1740712</imdb>
	<content>movie</content>
	<title>Video Nasties: Moral Panic, Censorship & Videotape</title>
	<year>2010</year>
	</meta>
	<link>
	<sublink>https://www.youtube.com/watch?v=QCgq-fkH09w&feature=youtu.be</sublink>
	<sublink>search</sublink>
	<sublink>searchsd</sublink>
	</link>
	<thumbnail>https://image.tmdb.org/t/p/w1280/rIcIb8OEIMmihYeJM7zEFUFQkuI.jpg</thumbnail>
	<fanart>https://image.tmdb.org/t/p/w1280/3UNg4hThB4oX5uEVY0ET7IU7Dgr.jpg</fanart>
</item>
<item>
	<title>[COLOR=blue]Killer Klowns from Outer Space[/COLOR]</title>
	<meta>
	<imdb>tt0095444</imdb>
	<content>movie</content>
	<title>Killer Klowns from Outer Space</title>
	<year>1988</year>
	</meta>
	<link>
	<sublink>https://www.youtube.com/watch?v=tKO3CGDBfkE&feature=youtu.be</sublink>
	<sublink>search</sublink>
	<sublink>searchsd</sublink>
	</link>
	<thumbnail>https://image.tmdb.org/t/p/w1280/AtMEp5pLpJr4wOMCxVezTKi2okL.jpg</thumbnail>
	<fanart>https://image.tmdb.org/t/p/w1280/30Z4DjbSJEW9oZv4hAksiAmji7r.jpg</fanart>
</item>
<item>
	<title>[COLOR=blue]Red Hill[/COLOR]</title>
	<meta>
	<imdb>tt1530983</imdb>
	<content>movie</content>
	<title>Red Hill</title>
	<year>2010</year>
	</meta>
	<link>
	<sublink>https://www.youtube.com/watch?v=M9MouXxXREA&feature=youtu.be</sublink>
	<sublink>search</sublink>
	<sublink>searchsd</sublink>
	</link>
	<thumbnail>https://image.tmdb.org/t/p/w1280/a2jsQVoaf8gRXKFoMVe3bdLz8Y4.jpg</thumbnail>
	<fanart>https://image.tmdb.org/t/p/w1280/qYEOQHiWE1euytE8cbQVRDRnxyZ.jpg</fanart>
</item>
<item>
	<title>[COLOR=blue]Gremlins 2: The New Batch[/COLOR]</title>
	<meta>
	<imdb>tt0099700</imdb>
	<content>movie</content>
	<title>Gremlins 2: The New Batch</title>
	<year>1990</year>
	</meta>
	<link>
	<sublink>https://www.youtube.com/watch?v=zaNIwSzz6iE&feature=youtu.be</sublink>
	<sublink>search</sublink>
	<sublink>searchsd</sublink>
	</link>
	<thumbnail>https://image.tmdb.org/t/p/w1280/mkWD9W27JYmQPbgcryPBdI2cF4r.jpg</thumbnail>
	<fanart>https://image.tmdb.org/t/p/w1280/4GbP532VkFcOng4vBaF5VMjXR26.jpg</fanart>
</item>
<item>
	<title>[COLOR=blue]Monsters[/COLOR]</title>
	<meta>
	<imdb>tt1470827</imdb>
	<content>movie</content>
	<title>Monsters</title>
	<year>2010</year>
	</meta>
	<link>
	<sublink>https://www.youtube.com/watch?v=njeofv4dr9Q&feature=youtu.be</sublink>
	<sublink>search</sublink>
	<sublink>searchsd</sublink>
	</link>
	<thumbnail>https://image.tmdb.org/t/p/w1280/lfwDoVtWElt1ecLv9NrQryOn6Rl.jpg</thumbnail>
	<fanart>https://image.tmdb.org/t/p/w1280/nfAeL5txnyRlxNwU9tIx9y9jxLP.jpg</fanart>
</item>
