<item>
	<title>[COLOR=blue]Ouija: Origin of Evil[/COLOR]</title>
	<meta>
	<imdb>tt4361050</imdb>
	<content>movie</content>
	<title>Ouija: Origin of Evil</title>
	<year>2016</year>
	</meta>
	<link>
	<sublink>https://www.youtube.com/watch?v=nDyOftZyVeA&feature=youtu.be</sublink>
	<sublink>search</sublink>
	<sublink>searchsd</sublink>
	</link>
	<thumbnail>https://image.tmdb.org/t/p/w1280/pzhGcMGuOxxnq9ePtQPY80Wp0BG.jpg</thumbnail>
	<fanart>https://image.tmdb.org/t/p/w1280/qWNFwjDJOMDOnx5JRQSA6xqiTQP.jpg</fanart>
</item>
<item>
	<title>[COLOR=blue]Train to Busan[/COLOR]</title>
	<meta>
	<imdb>tt5700672</imdb>
	<content>movie</content>
	<title>Train to Busan</title>
	<year>2016</year>
	</meta>
	<link>
	<sublink>https://www.youtube.com/watch?v=ZTs37z_FYZw&feature=youtu.be</sublink>
	<sublink>search</sublink>
	<sublink>searchsd</sublink>
	</link>
	<thumbnail>https://image.tmdb.org/t/p/w1280/qWOkfCgioLEf3Km9OWva93RYWAc.jpg</thumbnail>
	<fanart>https://image.tmdb.org/t/p/w1280/cyCv00egs7ZNAyNpI8LlRaIi6K8.jpg</fanart>
</item>
<item>
	<title>[COLOR=blue]From a House on Willow Street[/COLOR]</title>
	<meta>
	<imdb>tt4961380</imdb>
	<content>movie</content>
	<title>From a House on Willow Street</title>
	<year>2017</year>
	</meta>
	<link>
	<sublink>https://www.youtube.com/watch?v=UO4QjLL39pg&feature=youtu.be</sublink>
	<sublink>search</sublink>
	<sublink>searchsd</sublink>
	</link>
	<thumbnail>https://image.tmdb.org/t/p/w1280/d3aHtMxYUmGAyYrTNk52BqXeOQl.jpg</thumbnail>
	<fanart>https://image.tmdb.org/t/p/w1280/8SXRtvIJSvoJQpBjfrYLU3HhliQ.jpg</fanart>
</item>
<item>
	<title>[COLOR=blue]31[/COLOR]</title>
	<meta>
	<imdb>tt3835080</imdb>
	<content>movie</content>
	<title>31</title>
	<year>2016</year>
	</meta>
	<link>
	<sublink>https://www.youtube.com/watch?v=_SBHFmLkF-E&feature=youtu.be</sublink>
	<sublink>search</sublink>
	<sublink>searchsd</sublink>
	</link>
	<thumbnail>https://image.tmdb.org/t/p/w1280/jHkIIkP4O0vUkSACcizOPZQIiF7.jpg</thumbnail>
	<fanart>https://image.tmdb.org/t/p/w1280/xRCRGcmA6odM6LM0i2QdQWqQdrA.jpg</fanart>
</item>
<item>
	<title>[COLOR=blue]Lost Solace[/COLOR]</title>
	<meta>
	<imdb>tt4010848</imdb>
	<content>movie</content>
	<title>Lost Solace</title>
	<year>2016</year>
	</meta>
	<link>
	<sublink>https://www.youtube.com/watch?v=-SV2xBXrlYM&feature=youtu.be</sublink>
	<sublink>search</sublink>
	<sublink>searchsd</sublink>
	</link>
	<thumbnail>https://image.tmdb.org/t/p/w1280/1zIFC2Um5XTOhMJzmI426q3dhqV.jpg</thumbnail>
	<fanart>https://image.tmdb.org/t/p/w1280/Emr0UTWXk3O6Hi1dTctuOWfdew.jpg</fanart>
</item>
<item>
	<title>[COLOR=blue]Twins of Evil[/COLOR]</title>
	<meta>
	<imdb>tt0069427</imdb>
	<content>movie</content>
	<title>Twins of Evil</title>
	<year>1971</year>
	</meta>
	<link>
	<sublink>https://www.youtube.com/watch?v=3_Ri5W6GmHU&feature=youtu.be</sublink>
	<sublink>search</sublink>
	<sublink>searchsd</sublink>
	</link>
	<thumbnail>https://image.tmdb.org/t/p/w1280/yRQqooGvAveWpXJISVdmV0nL1ON.jpg</thumbnail>
	<fanart>https://image.tmdb.org/t/p/w1280/mjyw6UljySGHnf2ZCMhH4s5WQ5J.jpg</fanart>
</item>
<item>
	<title>[COLOR=blue]Attack of the Lederhosen Zombies[/COLOR]</title>
	<meta>
	<imdb>tt3569970</imdb>
	<content>movie</content>
	<title>Attack of the Lederhosen Zombies</title>
	<year>2016</year>
	</meta>
	<link>
	<sublink>https://www.youtube.com/watch?v=H0Wu4zNX5T0&feature=youtu.be</sublink>
	<sublink>search</sublink>
	<sublink>searchsd</sublink>
	</link>
	<thumbnail>https://image.tmdb.org/t/p/w1280/xeXhcNO2LYHA2EzMZx229GeuuoG.jpg</thumbnail>
	<fanart>https://image.tmdb.org/t/p/w1280/iBx35aXK3Z2UCWFwpgjCrbUUFF3.jpg</fanart>
</item>
<item>
	<title>[COLOR=blue]White Coffin[/COLOR]</title>
	<meta>
	<imdb>tt5767182</imdb>
	<content>movie</content>
	<title>White Coffin</title>
	<year>2016</year>
	</meta>
	<link>
	<sublink>https://www.youtube.com/watch?v=FKh9GDf8nJw&feature=youtu.be</sublink>
	<sublink>search</sublink>
	<sublink>searchsd</sublink>
	</link>
	<thumbnail>https://image.tmdb.org/t/p/w1280/lfGqNddUkJfo0InVcEN5IF55xhZ.jpg</thumbnail>
	<fanart>https://image.tmdb.org/t/p/w1280/cijRdgGfIgQcYJwWLOxIiPFp3j9.jpg</fanart>
</item>
<item>
	<title>[COLOR=blue]Raw[/COLOR]</title>
	<meta>
	<imdb>tt4954522</imdb>
	<content>movie</content>
	<title>Raw</title>
	<year>2016</year>
	</meta>
	<link>
	<sublink>https://www.youtube.com/watch?v=wKYFH0hRpD0&feature=youtu.be</sublink>
	<sublink>search</sublink>
	<sublink>searchsd</sublink>
	</link>
	<thumbnail>https://image.tmdb.org/t/p/w1280/6kXW9b1FZXvB3l0mLMDbKwGgL3P.jpg</thumbnail>
	<fanart>https://image.tmdb.org/t/p/w1280/46GikxYW84dRh71sWVY0eRQiHLX.jpg</fanart>
</item>
<item>
	<title>[COLOR=blue]Lake Bodom[/COLOR]</title>
	<meta>
	<imdb>tt3743042</imdb>
	<content>movie</content>
	<title>Lake Bodom</title>
	<year>2016</year>
	</meta>
	<link>
	<sublink>https://www.youtube.com/watch?v=ZKBKYe_Yka4&feature=youtu.be</sublink>
	<sublink>search</sublink>
	<sublink>searchsd</sublink>
	</link>
	<thumbnail>https://image.tmdb.org/t/p/w1280/s0tKb1otihZrL9VucqEkm4cX3tT.jpg</thumbnail>
	<fanart>https://image.tmdb.org/t/p/w1280/oQIfAd7A8CknhjpTuNpy6QLhK18.jpg</fanart>
</item>
<item>
	<title>[COLOR=blue]The Dark Tapes[/COLOR]</title>
	<meta>
	<imdb>tt5068650</imdb>
	<content>movie</content>
	<title>The Dark Tapes</title>
	<year>2017</year>
	</meta>
	<link>
	<sublink>https://www.youtube.com/watch?v=jm8XUFxvkEo&feature=youtu.be</sublink>
	<sublink>search</sublink>
	<sublink>searchsd</sublink>
	</link>
	<thumbnail>https://image.tmdb.org/t/p/w1280/4YHMFfTqw1vlo8fDjvB1Xo8XTqX.jpg</thumbnail>
	<fanart>https://image.tmdb.org/t/p/w1280/dTmGlq0l9ktvD7SYbt3wQhOBLof.jpg</fanart>
</item>
<item>
	<title>[COLOR=blue]The Rift[/COLOR]</title>
	<meta>
	<imdb>tt4509840</imdb>
	<content>movie</content>
	<title>The Rift</title>
	<year>2016</year>
	</meta>
	<link>
	<sublink>https://www.youtube.com/watch?v=jm8XUFxvkEo&feature=youtu.be</sublink>
	<sublink>search</sublink>
	<sublink>searchsd</sublink>
	</link>
	<thumbnail>https://image.tmdb.org/t/p/w1280none</thumbnail>
	<fanart>https://image.tmdb.org/t/p/w1280none</fanart>
</item>
<item>
	<title>[COLOR=blue]Hidden in the Woods[/COLOR]</title>
	<meta>
	<imdb>tt2320388</imdb>
	<content>movie</content>
	<title>Hidden in the Woods</title>
	<year>2014</year>
	</meta>
	<link>
	<sublink>https://www.youtube.com/watch?v=jm8XUFxvkEo&feature=youtu.be</sublink>
	<sublink>search</sublink>
	<sublink>searchsd</sublink>
	</link>
	<thumbnail>https://image.tmdb.org/t/p/w1280none</thumbnail>
	<fanart>https://image.tmdb.org/t/p/w1280none</fanart>
</item>
<item>
	<title>[COLOR=blue]The Fly[/COLOR]</title>
	<meta>
	<imdb>tt0091064</imdb>
	<content>movie</content>
	<title>The Fly</title>
	<year>1986</year>
	</meta>
	<link>
	<sublink>https://www.youtube.com/watch?v=7BzwxJ-M_M0&feature=youtu.be</sublink>
	<sublink>search</sublink>
	<sublink>searchsd</sublink>
	</link>
	<thumbnail>https://image.tmdb.org/t/p/w1280/q49tjSe3O152t9QVwaradePGu7W.jpg</thumbnail>
	<fanart>https://image.tmdb.org/t/p/w1280/bukhBqYdlcLxQBL1rVswewSka6R.jpg</fanart>
</item>
<item>
	<title>[COLOR=blue]Critters[/COLOR]</title>
	<meta>
	<imdb>tt0090887</imdb>
	<content>movie</content>
	<title>Critters</title>
	<year>1986</year>
	</meta>
	<link>
	<sublink>https://www.youtube.com/watch?v=9V3YGz-u2Ts&feature=youtu.be</sublink>
	<sublink>search</sublink>
	<sublink>searchsd</sublink>
	</link>
	<thumbnail>https://image.tmdb.org/t/p/w1280/zLL6nX13AfigvvNQ9GyNXhKVrmg.jpg</thumbnail>
	<fanart>https://image.tmdb.org/t/p/w1280/dqUw5SO18T8qFs8A0NVq85M5Of3.jpg</fanart>
</item>
<item>
	<title>[COLOR=blue]Corruption[/COLOR]</title>
	<meta>
	<imdb>tt0061520</imdb>
	<content>movie</content>
	<title>Corruption</title>
	<year>1968</year>
	</meta>
	<link>
	<sublink>https://www.youtube.com/watch?v=GxONfGlFurY&feature=youtu.be</sublink>
	<sublink>search</sublink>
	<sublink>searchsd</sublink>
	</link>
	<thumbnail>https://image.tmdb.org/t/p/w1280/6bVd7eg4h67TH7pSUGflmvTIUKM.jpg</thumbnail>
	<fanart>https://image.tmdb.org/t/p/w1280/hPKpyBgMrxc3DvDFKoFjzVH9MZS.jpg</fanart>
</item>
<item>
	<title>[COLOR=blue]My Father Die[/COLOR]</title>
	<meta>
	<imdb>tt4242100</imdb>
	<content>movie</content>
	<title>My Father Die</title>
	<year>2016</year>
	</meta>
	<link>
	<sublink>https://www.youtube.com/watch?v=vcPJM5yYyhc&feature=youtu.be</sublink>
	<sublink>search</sublink>
	<sublink>searchsd</sublink>
	</link>
	<thumbnail>https://image.tmdb.org/t/p/w1280/7siBDSXdkmiXUjfFsStxtZ4PVzD.jpg</thumbnail>
	<fanart>https://image.tmdb.org/t/p/w1280/wXATks24QzzLvIaCetXZTjaqa2l.jpg</fanart>
</item>
<item>
	<title>[COLOR=blue]The Chamber[/COLOR]</title>
	<meta>
	<imdb>tt5167934</imdb>
	<content>movie</content>
	<title>The Chamber</title>
	<year>2016</year>
	</meta>
	<link>
	<sublink>https://www.youtube.com/watch?v=AkX82ELZViU&feature=youtu.be</sublink>
	<sublink>search</sublink>
	<sublink>searchsd</sublink>
	</link>
	<thumbnail>https://image.tmdb.org/t/p/w1280/a1WrJC9solwQfNQyEnbugvR5I0p.jpg</thumbnail>
	<fanart>https://image.tmdb.org/t/p/w1280/t6fK7rjpnATFM8BwV0XAIT1O7BW.jpg</fanart>
</item>
<item>
	<title>[COLOR=blue]The Autopsy of Jane Doe[/COLOR]</title>
	<meta>
	<imdb>tt3289956</imdb>
	<content>movie</content>
	<title>The Autopsy of Jane Doe</title>
	<year>2016</year>
	</meta>
	<link>
	<sublink>https://www.youtube.com/watch?v=BNxsaFCzqxc&feature=youtu.be</sublink>
	<sublink>search</sublink>
	<sublink>searchsd</sublink>
	</link>
	<thumbnail>https://image.tmdb.org/t/p/w1280/hvQgtEMXzQZDCZkkLFPK6cO1FIy.jpg</thumbnail>
	<fanart>https://image.tmdb.org/t/p/w1280/m4LtS8NoVvbl57mej9KBg9QT4fg.jpg</fanart>
</item>
<item>
	<title>[COLOR=blue]Don't Kill It[/COLOR]</title>
	<meta>
	<imdb>tt3113696</imdb>
	<content>movie</content>
	<title>Don't Kill It</title>
	<year>2016</year>
	</meta>
	<link>
	<sublink>https://www.youtube.com/watch?v=6lanY-8LC5k&feature=youtu.be</sublink>
	<sublink>search</sublink>
	<sublink>searchsd</sublink>
	</link>
	<thumbnail>https://image.tmdb.org/t/p/w1280/iQey3UeqU4uQzr82GQJ1pZMwe40.jpg</thumbnail>
	<fanart>https://image.tmdb.org/t/p/w1280/A2ungR7iccW7RWcwulMtv7Gqi4E.jpg</fanart>
</item>
<item>
	<title>[COLOR=blue]Dead & Buried[/COLOR]</title>
	<meta>
	<imdb>tt0082242</imdb>
	<content>movie</content>
	<title>Dead & Buried</title>
	<year>1981</year>
	</meta>
	<link>
	<sublink>https://www.youtube.com/watch?v=8ZmlEh34unM&feature=youtu.be</sublink>
	<sublink>search</sublink>
	<sublink>searchsd</sublink>
	</link>
	<thumbnail>https://image.tmdb.org/t/p/w1280/5TbTh7wgfmZtUvojRoGIqrJ1Wxx.jpg</thumbnail>
	<fanart>https://image.tmdb.org/t/p/w1280/2sGqGwA0VBmoW4mRHYb5KOJeWch.jpg</fanart>
</item>
<item>
	<title>[COLOR=blue]The Vampire Lovers[/COLOR]</title>
	<meta>
	<imdb>tt0066518</imdb>
	<content>movie</content>
	<title>The Vampire Lovers</title>
	<year>1970</year>
	</meta>
	<link>
	<sublink>https://www.youtube.com/watch?v=StTTfl8SU5k&feature=youtu.be</sublink>
	<sublink>search</sublink>
	<sublink>searchsd</sublink>
	</link>
	<thumbnail>https://image.tmdb.org/t/p/w1280/6MTiYnp62i2kdweHjhchwJscQrj.jpg</thumbnail>
	<fanart>https://image.tmdb.org/t/p/w1280/v5wkrG5Fcwt1U667yisAi78IA2D.jpg</fanart>
</item>
<item>
	<title>[COLOR=blue]Demon Hunter[/COLOR]</title>
	<meta>
	<imdb>tt2375585</imdb>
	<content>movie</content>
	<title>Demon Hunter</title>
	<year>2016</year>
	</meta>
	<link>
	<sublink>https://www.youtube.com/watch?v=StTTfl8SU5k&feature=youtu.be</sublink>
	<sublink>search</sublink>
	<sublink>searchsd</sublink>
	</link>
	<thumbnail>https://image.tmdb.org/t/p/w1280none</thumbnail>
	<fanart>https://image.tmdb.org/t/p/w1280none</fanart>
</item>
<item>
	<title>[COLOR=blue]Egomaniac[/COLOR]</title>
	<meta>
	<imdb>tt5554998</imdb>
	<content>movie</content>
	<title>Egomaniac</title>
	<year>2016</year>
	</meta>
	<link>
	<sublink>https://www.youtube.com/watch?v=StTTfl8SU5k&feature=youtu.be</sublink>
	<sublink>search</sublink>
	<sublink>searchsd</sublink>
	</link>
	<thumbnail>https://image.tmdb.org/t/p/w1280none</thumbnail>
	<fanart>https://image.tmdb.org/t/p/w1280none</fanart>
</item>
<item>
	<title>[COLOR=blue]Johnny Frank Garrett's Last Word[/COLOR]</title>
	<meta>
	<imdb>tt2836628</imdb>
	<content>movie</content>
	<title>Johnny Frank Garrett's Last Word</title>
	<year>2016</year>
	</meta>
	<link>
	<sublink>https://www.youtube.com/watch?v=StTTfl8SU5k&feature=youtu.be</sublink>
	<sublink>search</sublink>
	<sublink>searchsd</sublink>
	</link>
	<thumbnail>https://image.tmdb.org/t/p/w1280none</thumbnail>
	<fanart>https://image.tmdb.org/t/p/w1280none</fanart>
</item>
<item>
	<title>[COLOR=blue]Pet[/COLOR]</title>
	<meta>
	<imdb>tt1183374</imdb>
	<content>movie</content>
	<title>Pet</title>
	<year>2016</year>
	</meta>
	<link>
	<sublink>https://www.youtube.com/watch?v=giV9VK9MQqs&feature=youtu.be</sublink>
	<sublink>search</sublink>
	<sublink>searchsd</sublink>
	</link>
	<thumbnail>https://image.tmdb.org/t/p/w1280/xP1pvDosae1wA0BO2WmiLqIQhNv.jpg</thumbnail>
	<fanart>https://image.tmdb.org/t/p/w1280/zaISgYggnHufdPJp8h8af6CFAGR.jpg</fanart>
</item>
<item>
	<title>[COLOR=blue]Fright Night Part 2[/COLOR]</title>
	<meta>
	<imdb>tt0097390</imdb>
	<content>movie</content>
	<title>Fright Night Part 2</title>
	<year>1988</year>
	</meta>
	<link>
	<sublink>https://www.youtube.com/watch?v=W83ZB-TMm4o&feature=youtu.be</sublink>
	<sublink>search</sublink>
	<sublink>searchsd</sublink>
	</link>
	<thumbnail>https://image.tmdb.org/t/p/w1280/eAVhOq0laPRh54qRZpoWca0c9Tg.jpg</thumbnail>
	<fanart>https://image.tmdb.org/t/p/w1280/8J7nervNo8hPqaPtisEqjU93SVi.jpg</fanart>
</item>
<item>
	<title>[COLOR=blue]Found Footage 3D[/COLOR]</title>
	<meta>
	<imdb>tt3449006</imdb>
	<content>movie</content>
	<title>Found Footage 3D</title>
	<year>2016</year>
	</meta>
	<link>
	<sublink>https://www.youtube.com/watch?v=W83ZB-TMm4o&feature=youtu.be</sublink>
	<sublink>search</sublink>
	<sublink>searchsd</sublink>
	</link>
	<thumbnail>https://image.tmdb.org/t/p/w1280none</thumbnail>
	<fanart>https://image.tmdb.org/t/p/w1280none</fanart>
</item>
<item>
	<title>[COLOR=blue]Crone Wood[/COLOR]</title>
	<meta>
	<imdb>tt5261772</imdb>
	<content>movie</content>
	<title>Crone Wood</title>
	<year>2016</year>
	</meta>
	<link>
	<sublink>https://www.youtube.com/watch?v=W83ZB-TMm4o&feature=youtu.be</sublink>
	<sublink>search</sublink>
	<sublink>searchsd</sublink>
	</link>
	<thumbnail>https://image.tmdb.org/t/p/w1280none</thumbnail>
	<fanart>https://image.tmdb.org/t/p/w1280none</fanart>
</item>
<item>
	<title>[COLOR=blue]Beyond the Gates[/COLOR]</title>
	<meta>
	<imdb>tt4687358</imdb>
	<content>movie</content>
	<title>Beyond the Gates</title>
	<year>2016</year>
	</meta>
	<link>
	<sublink>https://www.youtube.com/watch?v=YBugmIb2eio&feature=youtu.be</sublink>
	<sublink>search</sublink>
	<sublink>searchsd</sublink>
	</link>
	<thumbnail>https://image.tmdb.org/t/p/w1280/7YRzCtieoHsVJdAYij5lFlay7ch.jpg</thumbnail>
	<fanart>https://image.tmdb.org/t/p/w1280/kpBBPPpcwn9aPwOEr6QRfeRuBNb.jpg</fanart>
</item>
<item>
	<title>[COLOR=blue]Director's Cut[/COLOR]</title>
	<meta>
	<imdb>tt3294732</imdb>
	<content>movie</content>
	<title>Director's Cut</title>
	<year>2018</year>
	</meta>
	<link>
	<sublink>https://www.youtube.com/watch?v=pAuh1u-IZ3k&feature=youtu.be</sublink>
	<sublink>search</sublink>
	<sublink>searchsd</sublink>
	</link>
	<thumbnail>https://image.tmdb.org/t/p/w1280/rBWEpL3bvuOpdLytGb87V2Z8SHO.jpg</thumbnail>
	<fanart>https://image.tmdb.org/t/p/w1280/bBklkHa21PRzFGpVHyeNUodgc65.jpg</fanart>
</item>
<item>
	<title>[COLOR=blue]Let Her Out[/COLOR]</title>
	<meta>
	<imdb>tt5810122</imdb>
	<content>movie</content>
	<title>Let Her Out</title>
	<year>2016</year>
	</meta>
	<link>
	<sublink>https://www.youtube.com/watch?v=ISHQbTmiqNs&feature=youtu.be</sublink>
	<sublink>search</sublink>
	<sublink>searchsd</sublink>
	</link>
	<thumbnail>https://image.tmdb.org/t/p/w1280/ioNGkm4JOzk7FuQ7CojIwTsKzxu.jpg</thumbnail>
	<fanart>https://image.tmdb.org/t/p/w1280/rolh1jKPxG16EgVLq2KJlHWLtrM.jpg</fanart>
</item>
<item>
	<title>[COLOR=blue]Patchwork[/COLOR]</title>
	<meta>
	<imdb>tt4929720</imdb>
	<content>movie</content>
	<title>Patchwork</title>
	<year>2015</year>
	</meta>
	<link>
	<sublink>https://www.youtube.com/watch?v=ISHQbTmiqNs&feature=youtu.be</sublink>
	<sublink>search</sublink>
	<sublink>searchsd</sublink>
	</link>
	<thumbnail>https://image.tmdb.org/t/p/w1280none</thumbnail>
	<fanart>https://image.tmdb.org/t/p/w1280none</fanart>
</item>
<item>
	<title>[COLOR=blue]Headshot[/COLOR]</title>
	<meta>
	<imdb>tt5147214</imdb>
	<content>movie</content>
	<title>Headshot</title>
	<year>2016</year>
	</meta>
	<link>
	<sublink>https://www.youtube.com/watch?v=y6Zv-mio2MY&feature=youtu.be</sublink>
	<sublink>search</sublink>
	<sublink>searchsd</sublink>
	</link>
	<thumbnail>https://image.tmdb.org/t/p/w1280/dwPRDiUAvoQmETTfWxNFXhs7IpY.jpg</thumbnail>
	<fanart>https://image.tmdb.org/t/p/w1280/xFLLat2bOfwFeVmxlRvE0eZhHML.jpg</fanart>
</item>
