<item>
	<title>[COLOR=blue]The Babadook[/COLOR]</title>
	<meta>
	<imdb>tt2321549</imdb>
	<content>movie</content>
	<title>The Babadook</title>
	<year>2014</year>
	</meta>
	<link>
	<sublink>https://www.youtube.com/watch?v=79lG2kyhzm8&feature=youtu.be</sublink>
	<sublink>search</sublink>
	<sublink>searchsd</sublink>
	</link>
	<thumbnail>https://image.tmdb.org/t/p/w1280/4zPxsfmeNX438gf77hjb9eYGiLh.jpg</thumbnail>
	<fanart>https://image.tmdb.org/t/p/w1280/pJ10mpKs2mM2AXTUOmM4yl5PJi8.jpg</fanart>
</item>
<item>
	<title>[COLOR=blue]The Editor[/COLOR]</title>
	<meta>
	<imdb>tt3067274</imdb>
	<content>movie</content>
	<title>The Editor</title>
	<year>2014</year>
	</meta>
	<link>
	<sublink>https://www.youtube.com/watch?v=_YbDv5HxjnI&feature=youtu.be</sublink>
	<sublink>search</sublink>
	<sublink>searchsd</sublink>
	</link>
	<thumbnail>https://image.tmdb.org/t/p/w1280/rMD3yAKoUiPXQruRrlnlF6hsosa.jpg</thumbnail>
	<fanart>https://image.tmdb.org/t/p/w1280/9hxz7Rr9HIRyzVujbu399t6gP47.jpg</fanart>
</item>
<item>
	<title>[COLOR=blue]Gun Woman[/COLOR]</title>
	<meta>
	<imdb>tt3141912</imdb>
	<content>movie</content>
	<title>Gun Woman</title>
	<year>2014</year>
	</meta>
	<link>
	<sublink>https://www.youtube.com/watch?v=cGkhgk5jRcA&feature=youtu.be</sublink>
	<sublink>search</sublink>
	<sublink>searchsd</sublink>
	</link>
	<thumbnail>https://image.tmdb.org/t/p/w1280/5JAs44nkjJYIj5g2glhSdjt57aL.jpg</thumbnail>
	<fanart>https://image.tmdb.org/t/p/w1280/lG9mBsfqEStbmwGiIg37GbkgtOM.jpg</fanart>
</item>
<item>
	<title>[COLOR=blue]Lost After Dark[/COLOR]</title>
	<meta>
	<imdb>tt3397556</imdb>
	<content>movie</content>
	<title>Lost After Dark</title>
	<year>2014</year>
	</meta>
	<link>
	<sublink>https://www.youtube.com/watch?v=ZOYf5mj5bKw&feature=youtu.be</sublink>
	<sublink>search</sublink>
	<sublink>searchsd</sublink>
	</link>
	<thumbnail>https://image.tmdb.org/t/p/w1280/mOyNK4g3qUk5xBqsF2OH4cifAtB.jpg</thumbnail>
	<fanart>https://image.tmdb.org/t/p/w1280/ngZpssNnLYbJ4ps8yrrVvNwXl6K.jpg</fanart>
</item>
<item>
	<title>[COLOR=blue]Monsters: Dark Continent[/COLOR]</title>
	<meta>
	<imdb>tt1935302</imdb>
	<content>movie</content>
	<title>Monsters: Dark Continent</title>
	<year>2014</year>
	</meta>
	<link>
	<sublink>https://www.youtube.com/watch?v=2z40fisJWq8&feature=youtu.be</sublink>
	<sublink>search</sublink>
	<sublink>searchsd</sublink>
	</link>
	<thumbnail>https://image.tmdb.org/t/p/w1280/ssnnmRnJVxCFefvxvSQH62RQV04.jpg</thumbnail>
	<fanart>https://image.tmdb.org/t/p/w1280/jAEBOMDIK11njs2jWPggn1xTNWi.jpg</fanart>
</item>
<item>
	<title>[COLOR=blue]The Abominable Dr. Phibes[/COLOR]</title>
	<meta>
	<imdb>tt0066740</imdb>
	<content>movie</content>
	<title>The Abominable Dr. Phibes</title>
	<year>1971</year>
	</meta>
	<link>
	<sublink>https://www.youtube.com/watch?v=N2Jf_rcpBTA&feature=youtu.be</sublink>
	<sublink>search</sublink>
	<sublink>searchsd</sublink>
	</link>
	<thumbnail>https://image.tmdb.org/t/p/w1280/jfw3lj3lt8AeA7oS7rPnUsSS3za.jpg</thumbnail>
	<fanart>https://image.tmdb.org/t/p/w1280/AqqoTCV3xGs3E9r2TYo4hPb67vq.jpg</fanart>
</item>
<item>
	<title>[COLOR=blue]Starry Eyes[/COLOR]</title>
	<meta>
	<imdb>tt2793490</imdb>
	<content>movie</content>
	<title>Starry Eyes</title>
	<year>2014</year>
	</meta>
	<link>
	<sublink>https://www.youtube.com/watch?v=2JbO0eIc3jM&feature=youtu.be</sublink>
	<sublink>search</sublink>
	<sublink>searchsd</sublink>
	</link>
	<thumbnail>https://image.tmdb.org/t/p/w1280/8wXEaDd6lfTrKToCXKY4aECrfDF.jpg</thumbnail>
	<fanart>https://image.tmdb.org/t/p/w1280/dKIDvYQWVn9UxelOgpfoqzCZ9vv.jpg</fanart>
</item>
<item>
	<title>[COLOR=blue]Night of the Demon[/COLOR]</title>
	<meta>
	<imdb>tt0050766</imdb>
	<content>movie</content>
	<title>Night of the Demon</title>
	<year>1957</year>
	</meta>
	<link>
	<sublink>https://www.youtube.com/watch?v=kCp-c_buFlw&feature=youtu.be</sublink>
	<sublink>search</sublink>
	<sublink>searchsd</sublink>
	</link>
	<thumbnail>https://image.tmdb.org/t/p/w1280/7VnwPylFw3prF7B62t5EpTeXWRj.jpg</thumbnail>
	<fanart>https://image.tmdb.org/t/p/w1280/dYGzCLfdww7fJRbp6djKcIVyLef.jpg</fanart>
</item>
<item>
	<title>[COLOR=blue]The Light of Day[/COLOR]</title>
	<meta>
	<imdb>tt3680440</imdb>
	<content>movie</content>
	<title>The Light of Day</title>
	<year></year>
	</meta>
	<link>
	<sublink>https://www.youtube.com/watch?v=kCp-c_buFlw&feature=youtu.be</sublink>
	<sublink>search</sublink>
	<sublink>searchsd</sublink>
	</link>
	<thumbnail>https://image.tmdb.org/t/p/w1280none</thumbnail>
	<fanart>https://image.tmdb.org/t/p/w1280none</fanart>
</item>
<item>
	<title>[COLOR=blue]Housebound[/COLOR]</title>
	<meta>
	<imdb>tt3504048</imdb>
	<content>movie</content>
	<title>Housebound</title>
	<year>2014</year>
	</meta>
	<link>
	<sublink>https://www.youtube.com/watch?v=Kyy6DzlIPUw&feature=youtu.be</sublink>
	<sublink>search</sublink>
	<sublink>searchsd</sublink>
	</link>
	<thumbnail>https://image.tmdb.org/t/p/w1280/5pooROOhs9ctkmMiZAfE9DDrh9j.jpg</thumbnail>
	<fanart>https://image.tmdb.org/t/p/w1280/jDlZkHKuF9yCqUadzFvs4COA0ae.jpg</fanart>
</item>
<item>
	<title>[COLOR=blue]Hellraiser[/COLOR]</title>
	<meta>
	<imdb>tt0093177</imdb>
	<content>movie</content>
	<title>Hellraiser</title>
	<year>1987</year>
	</meta>
	<link>
	<sublink>https://www.youtube.com/watch?v=P7TWm3Akw-s&feature=youtu.be</sublink>
	<sublink>search</sublink>
	<sublink>searchsd</sublink>
	</link>
	<thumbnail>https://image.tmdb.org/t/p/w1280/4nfAhOTlfZUHNorHJXEib7GYFpp.jpg</thumbnail>
	<fanart>https://image.tmdb.org/t/p/w1280/jd7pIx2XnO8wRdPT5ncAjhFxNwL.jpg</fanart>
</item>
<item>
	<title>[COLOR=blue]Hellbound: Hellraiser II[/COLOR]</title>
	<meta>
	<imdb>tt0095294</imdb>
	<content>movie</content>
	<title>Hellbound: Hellraiser II</title>
	<year>1988</year>
	</meta>
	<link>
	<sublink>https://www.youtube.com/watch?v=XsIH9ms4h3k&feature=youtu.be</sublink>
	<sublink>search</sublink>
	<sublink>searchsd</sublink>
	</link>
	<thumbnail>https://image.tmdb.org/t/p/w1280/ryuo4unQkzcEKhfAfzhbQo8oxVm.jpg</thumbnail>
	<fanart>https://image.tmdb.org/t/p/w1280/s3YnyO4lwQ5tgdWw664zdKsKkpk.jpg</fanart>
</item>
<item>
	<title>[COLOR=blue]The Dead 2: India[/COLOR]</title>
	<meta>
	<imdb>tt2917336</imdb>
	<content>movie</content>
	<title>The Dead 2: India</title>
	<year>2013</year>
	</meta>
	<link>
	<sublink>https://www.youtube.com/watch?v=7nc2Ug7PSxo&feature=youtu.be</sublink>
	<sublink>search</sublink>
	<sublink>searchsd</sublink>
	</link>
	<thumbnail>https://image.tmdb.org/t/p/w1280/ywi8BieG0cK9fKsOw1HwlTsyejl.jpg</thumbnail>
	<fanart>https://image.tmdb.org/t/p/w1280/A8uCJhXcwHyUcb2h6IdgHKAN5jS.jpg</fanart>
</item>
<item>
	<title>[COLOR=blue]Blood Moon[/COLOR]</title>
	<meta>
	<imdb>tt3529110</imdb>
	<content>movie</content>
	<title>Blood Moon</title>
	<year>2014</year>
	</meta>
	<link>
	<sublink>https://www.youtube.com/watch?v=7nc2Ug7PSxo&feature=youtu.be</sublink>
	<sublink>search</sublink>
	<sublink>searchsd</sublink>
	</link>
	<thumbnail>https://image.tmdb.org/t/p/w1280none</thumbnail>
	<fanart>https://image.tmdb.org/t/p/w1280none</fanart>
</item>
<item>
	<title>[COLOR=blue]Deadly Virtues: Love. Honour. Obey.[/COLOR]</title>
	<meta>
	<imdb>tt2824852</imdb>
	<content>movie</content>
	<title>Deadly Virtues: Love. Honour. Obey.</title>
	<year>2015</year>
	</meta>
	<link>
	<sublink>https://www.youtube.com/watch?v=7nc2Ug7PSxo&feature=youtu.be</sublink>
	<sublink>search</sublink>
	<sublink>searchsd</sublink>
	</link>
	<thumbnail>https://image.tmdb.org/t/p/w1280none</thumbnail>
	<fanart>https://image.tmdb.org/t/p/w1280none</fanart>
</item>
<item>
	<title>[COLOR=blue]The House at the End of Time[/COLOR]</title>
	<meta>
	<imdb>tt2640474</imdb>
	<content>movie</content>
	<title>The House at the End of Time</title>
	<year>2013</year>
	</meta>
	<link>
	<sublink>https://www.youtube.com/watch?v=clEBwkjs0sQ&feature=youtu.be</sublink>
	<sublink>search</sublink>
	<sublink>searchsd</sublink>
	</link>
	<thumbnail>https://image.tmdb.org/t/p/w1280/tXvbO6SgmIPdnRRfLpgLIlowv12.jpg</thumbnail>
	<fanart>https://image.tmdb.org/t/p/w1280/oZ2azbL9eWXhEyOO7BCdX80quir.jpg</fanart>
</item>
<item>
	<title>[COLOR=blue]Theatre of Blood[/COLOR]</title>
	<meta>
	<imdb>tt0070791</imdb>
	<content>movie</content>
	<title>Theatre of Blood</title>
	<year>1973</year>
	</meta>
	<link>
	<sublink>https://www.youtube.com/watch?v=abVSa5-Q7JY&feature=youtu.be</sublink>
	<sublink>search</sublink>
	<sublink>searchsd</sublink>
	</link>
	<thumbnail>https://image.tmdb.org/t/p/w1280/edoXcTEmlPnH1MaPuNV2diUEn4W.jpg</thumbnail>
	<fanart>https://image.tmdb.org/t/p/w1280/q3ZZwrfbCcvDBaoBv6trExysLrU.jpg</fanart>
</item>
<item>
	<title>[COLOR=blue]Ejecta[/COLOR]</title>
	<meta>
	<imdb>tt2176722</imdb>
	<content>movie</content>
	<title>Ejecta</title>
	<year>2014</year>
	</meta>
	<link>
	<sublink>https://www.youtube.com/watch?v=4rduC-3xoYU&feature=youtu.be</sublink>
	<sublink>search</sublink>
	<sublink>searchsd</sublink>
	</link>
	<thumbnail>https://image.tmdb.org/t/p/w1280/kV7qvP63zcmKIRL4vO49n4duzXQ.jpg</thumbnail>
	<fanart>https://image.tmdb.org/t/p/w1280/gkvw6nQsQ6V899J7n7xbyBV5xbQ.jpg</fanart>
</item>
<item>
	<title>[COLOR=blue]Coherence[/COLOR]</title>
	<meta>
	<imdb>tt2866360</imdb>
	<content>movie</content>
	<title>Coherence</title>
	<year>2013</year>
	</meta>
	<link>
	<sublink>https://www.youtube.com/watch?v=sEceDz1Rodc&feature=youtu.be</sublink>
	<sublink>search</sublink>
	<sublink>searchsd</sublink>
	</link>
	<thumbnail>https://image.tmdb.org/t/p/w1280/8OIsK5Mlkieeqf5ejZOKFiyH5mM.jpg</thumbnail>
	<fanart>https://image.tmdb.org/t/p/w1280/utghtkDDOhwEDS7r9hhRhn7Wneg.jpg</fanart>
</item>
<item>
	<title>[COLOR=blue]Basket Case[/COLOR]</title>
	<meta>
	<imdb>tt0083624</imdb>
	<content>movie</content>
	<title>Basket Case</title>
	<year>1982</year>
	</meta>
	<link>
	<sublink>https://www.youtube.com/watch?v=4Jgc-aolx5M&feature=youtu.be</sublink>
	<sublink>search</sublink>
	<sublink>searchsd</sublink>
	</link>
	<thumbnail>https://image.tmdb.org/t/p/w1280/ciyzEBzJ1TnafkgGXr6DqEVh1wk.jpg</thumbnail>
	<fanart>https://image.tmdb.org/t/p/w1280/nrRY2LqMdxK1oWwRHRNAQzDndzU.jpg</fanart>
</item>
<item>
	<title>[COLOR=blue]Truth or Dare[/COLOR]</title>
	<meta>
	<imdb>tt2762738</imdb>
	<content>movie</content>
	<title>Truth or Dare</title>
	<year>2013</year>
	</meta>
	<link>
	<sublink>https://www.youtube.com/watch?v=u8J7qVONFmE&feature=youtu.be</sublink>
	<sublink>search</sublink>
	<sublink>searchsd</sublink>
	</link>
	<thumbnail>https://image.tmdb.org/t/p/w1280/aam9LaFnDdumkghoeIaTcw2ICnl.jpg</thumbnail>
	<fanart>https://image.tmdb.org/t/p/w1280None</fanart>
</item>
<item>
	<title>[COLOR=blue]Debug[/COLOR]</title>
	<meta>
	<imdb>tt2769184</imdb>
	<content>movie</content>
	<title>Debug</title>
	<year>2014</year>
	</meta>
	<link>
	<sublink>https://www.youtube.com/watch?v=zgAYqQH2m4Q&feature=youtu.be</sublink>
	<sublink>search</sublink>
	<sublink>searchsd</sublink>
	</link>
	<thumbnail>https://image.tmdb.org/t/p/w1280/eavGUZvsLmEixqOxT4wdAE3RnGB.jpg</thumbnail>
	<fanart>https://image.tmdb.org/t/p/w1280/5jwXg9wIvxpNjYjjWEoC6DHsgQq.jpg</fanart>
</item>
<item>
	<title>[COLOR=blue]Haxan: Witchcraft Through The Ages[/COLOR]</title>
	<meta>
	<imdb>none</imdb>
	<content>movie</content>
	<title>Haxan: Witchcraft Through The Ages</title>
	<year>1968</year>
	</meta>
	<link>
	<sublink>https://www.youtube.com/watch?v=zgAYqQH2m4Q&feature=youtu.be</sublink>
	<sublink>search</sublink>
	<sublink>searchsd</sublink>
	</link>
	<thumbnail>https://image.tmdb.org/t/p/w1280none</thumbnail>
	<fanart>https://image.tmdb.org/t/p/w1280none</fanart>
</item>
<item>
	<title>[COLOR=blue]The House with 100 Eyes[/COLOR]</title>
	<meta>
	<imdb>tt1954520</imdb>
	<content>movie</content>
	<title>The House with 100 Eyes</title>
	<year>2012</year>
	</meta>
	<link>
	<sublink>https://www.youtube.com/watch?v=sYuionzF-ds&feature=youtu.be</sublink>
	<sublink>search</sublink>
	<sublink>searchsd</sublink>
	</link>
	<thumbnail>https://image.tmdb.org/t/p/w1280/2MP3jWyYuLY7C8UhZHcv5WTjZpr.jpg</thumbnail>
	<fanart>https://image.tmdb.org/t/p/w1280/4eLOG0oKMA765DOZPLixnuXD4aK.jpg</fanart>
</item>
<item>
	<title>[COLOR=blue]That's Sexploitation![/COLOR]</title>
	<meta>
	<imdb>tt3384240</imdb>
	<content>movie</content>
	<title>That's Sexploitation!</title>
	<year>2013</year>
	</meta>
	<link>
	<sublink>https://www.youtube.com/watch?v=XhcnbiT9uKA&feature=youtu.be</sublink>
	<sublink>search</sublink>
	<sublink>searchsd</sublink>
	</link>
	<thumbnail>https://image.tmdb.org/t/p/w1280/d5n6W7BPEWqp0da7vqGNaTcPRQN.jpg</thumbnail>
	<fanart>https://image.tmdb.org/t/p/w1280/trFY1YNUM9Q9LgtCM4xjslUKpmZ.jpg</fanart>
</item>
<item>
	<title>[COLOR=blue]Greatful Dead[/COLOR]</title>
	<meta>
	<imdb>tt3181588</imdb>
	<content>movie</content>
	<title>Greatful Dead</title>
	<year>2013</year>
	</meta>
	<link>
	<sublink>https://www.youtube.com/watch?v=ZxYRbG1Ompw&feature=youtu.be</sublink>
	<sublink>search</sublink>
	<sublink>searchsd</sublink>
	</link>
	<thumbnail>https://image.tmdb.org/t/p/w1280/tSPIv9OXRluztx16cJ9FYoyHXSb.jpg</thumbnail>
	<fanart>https://image.tmdb.org/t/p/w1280/1H3BVSFJMu1eMUAL6WXCnxZ0hbD.jpg</fanart>
</item>
<item>
	<title>[COLOR=blue]Alleluia[/COLOR]</title>
	<meta>
	<imdb>tt3218580</imdb>
	<content>movie</content>
	<title>Alleluia</title>
	<year>2014</year>
	</meta>
	<link>
	<sublink>https://www.youtube.com/watch?v=typEhbREaPI&feature=youtu.be</sublink>
	<sublink>search</sublink>
	<sublink>searchsd</sublink>
	</link>
	<thumbnail>https://image.tmdb.org/t/p/w1280/7pkgE9NWDfkh986RAxqGyY3ELcH.jpg</thumbnail>
	<fanart>https://image.tmdb.org/t/p/w1280/20N8M8IFZdvL4vfGlNoHZZ3qWyS.jpg</fanart>
</item>
<item>
	<title>[COLOR=blue]Brain Damage[/COLOR]</title>
	<meta>
	<imdb>tt0094793</imdb>
	<content>movie</content>
	<title>Brain Damage</title>
	<year>1988</year>
	</meta>
	<link>
	<sublink>https://www.youtube.com/watch?v=ub0QVniKTmg&feature=youtu.be</sublink>
	<sublink>search</sublink>
	<sublink>searchsd</sublink>
	</link>
	<thumbnail>https://image.tmdb.org/t/p/w1280/eB0cTAa0ishWLEfjvlpJAeagUMD.jpg</thumbnail>
	<fanart>https://image.tmdb.org/t/p/w1280/o7yWsHtHlUPVN0ddalX8JQZYHi9.jpg</fanart>
</item>
<item>
	<title>[COLOR=blue]The Ecstasy of Isabel Mann[/COLOR]</title>
	<meta>
	<imdb>tt2524934</imdb>
	<content>movie</content>
	<title>The Ecstasy of Isabel Mann</title>
	<year>2012</year>
	</meta>
	<link>
	<sublink>https://www.youtube.com/watch?v=ub0QVniKTmg&feature=youtu.be</sublink>
	<sublink>search</sublink>
	<sublink>searchsd</sublink>
	</link>
	<thumbnail>https://image.tmdb.org/t/p/w1280none</thumbnail>
	<fanart>https://image.tmdb.org/t/p/w1280none</fanart>
</item>
<item>
	<title>[COLOR=blue]Chocolate Strawberry Vanilla[/COLOR]</title>
	<meta>
	<imdb>tt2977672</imdb>
	<content>movie</content>
	<title>Chocolate Strawberry Vanilla</title>
	<year>2013</year>
	</meta>
	<link>
	<sublink>https://www.youtube.com/watch?v=p_b3JGNm_ZU&feature=youtu.be</sublink>
	<sublink>search</sublink>
	<sublink>searchsd</sublink>
	</link>
	<thumbnail>https://image.tmdb.org/t/p/w1280/jfmYdWXjUOxLgss7MT3WSefpSAE.jpg</thumbnail>
	<fanart>https://image.tmdb.org/t/p/w1280/5cK5TU6djueGxYJjSu2ItBZms69.jpg</fanart>
</item>
<item>
	<title>[COLOR=blue]What We Do in the Shadows[/COLOR]</title>
	<meta>
	<imdb>tt3416742</imdb>
	<content>movie</content>
	<title>What We Do in the Shadows</title>
	<year>2014</year>
	</meta>
	<link>
	<sublink>https://www.youtube.com/watch?v=WBly4AfHc3c&feature=youtu.be</sublink>
	<sublink>search</sublink>
	<sublink>searchsd</sublink>
	</link>
	<thumbnail>https://image.tmdb.org/t/p/w1280/4bqqrtzY9vVQeEcqyqWfTJWmpD9.jpg</thumbnail>
	<fanart>https://image.tmdb.org/t/p/w1280/aj0WJXC0Cu172qifgkEpyLXlDEt.jpg</fanart>
</item>
<item>
	<title>[COLOR=blue]House of Usher[/COLOR]</title>
	<meta>
	<imdb>tt0053925</imdb>
	<content>movie</content>
	<title>House of Usher</title>
	<year>1960</year>
	</meta>
	<link>
	<sublink>https://www.youtube.com/watch?v=sxJzAZpGqwI&feature=youtu.be</sublink>
	<sublink>search</sublink>
	<sublink>searchsd</sublink>
	</link>
	<thumbnail>https://image.tmdb.org/t/p/w1280/d5mtkURuKuszmN4cXeyp1cxf11Y.jpg</thumbnail>
	<fanart>https://image.tmdb.org/t/p/w1280/bNFtjsp9v95DL9iL20Gue4gMddZ.jpg</fanart>
</item>
<item>
	<title>[COLOR=blue]Lost Soul: The Doomed Journey of Richard Stanley's "Island of Dr. Moreau"[/COLOR]</title>
	<meta>
	<imdb>tt3966544</imdb>
	<content>movie</content>
	<title>Lost Soul: The Doomed Journey of Richard Stanley's "Island of Dr. Moreau"</title>
	<year>2014</year>
	</meta>
	<link>
	<sublink>https://www.youtube.com/watch?v=5owpCx-EXlE&feature=youtu.be</sublink>
	<sublink>search</sublink>
	<sublink>searchsd</sublink>
	</link>
	<thumbnail>https://image.tmdb.org/t/p/w1280/shtAYLv9GBAHg5ARvCUVAibdBzL.jpg</thumbnail>
	<fanart>https://image.tmdb.org/t/p/w1280/dOxdVzNbm7Q8KSOf4kkGLwppiRl.jpg</fanart>
</item>
<item>
	<title>[COLOR=blue]The Pact II[/COLOR]</title>
	<meta>
	<imdb>tt2924442</imdb>
	<content>movie</content>
	<title>The Pact II</title>
	<year>2014</year>
	</meta>
	<link>
	<sublink>https://www.youtube.com/watch?v=R3xKJ6RDN7Q&feature=youtu.be</sublink>
	<sublink>search</sublink>
	<sublink>searchsd</sublink>
	</link>
	<thumbnail>https://image.tmdb.org/t/p/w1280/7wgdW7nMRyILnt5IAvizZjEZlsA.jpg</thumbnail>
	<fanart>https://image.tmdb.org/t/p/w1280/aD36EuebZloSGKG4RmVCCdCapNo.jpg</fanart>
</item>
<item>
	<title>[COLOR=blue]The Samurai[/COLOR]</title>
	<meta>
	<imdb>tt2401181</imdb>
	<content>movie</content>
	<title>The Samurai</title>
	<year>2014</year>
	</meta>
	<link>
	<sublink>https://www.youtube.com/watch?v=pIc530LsSxM&feature=youtu.be</sublink>
	<sublink>search</sublink>
	<sublink>searchsd</sublink>
	</link>
	<thumbnail>https://image.tmdb.org/t/p/w1280/jzsdqRx40KuAR87zphP3q85MCII.jpg</thumbnail>
	<fanart>https://image.tmdb.org/t/p/w1280/qyxf3ufloWTyzCHrF0mZNnKSEIV.jpg</fanart>
</item>
<item>
	<title>[COLOR=blue]Frankenhooker[/COLOR]</title>
	<meta>
	<imdb>tt0099611</imdb>
	<content>movie</content>
	<title>Frankenhooker</title>
	<year>1990</year>
	</meta>
	<link>
	<sublink>https://www.youtube.com/watch?v=UufcQf0Pmjs&feature=youtu.be</sublink>
	<sublink>search</sublink>
	<sublink>searchsd</sublink>
	</link>
	<thumbnail>https://image.tmdb.org/t/p/w1280/hvkLTEeXtJYWENTImfAAxQNxQp0.jpg</thumbnail>
	<fanart>https://image.tmdb.org/t/p/w1280/wuOhxF4Y3eHXFTv31tzBl0B0ewu.jpg</fanart>
</item>
