<item>
	<title>[COLOR=blue]In Fear[/COLOR]</title>
	<meta>
	<imdb>tt2165859</imdb>
	<content>movie</content>
	<title>In Fear</title>
	<year>2013</year>
	</meta>
	<link>
	<sublink>https://www.youtube.com/watch?v=veFc0X48iT0&feature=youtu.be</sublink>
	<sublink>search</sublink>
	<sublink>searchsd</sublink>
	</link>
	<thumbnail>https://image.tmdb.org/t/p/w1280/4DveZuvlxlFXPfT6m0mnR960IMj.jpg</thumbnail>
	<fanart>https://image.tmdb.org/t/p/w1280/iZ4wHMpxZiKf0k41JeYwDJcrcVr.jpg</fanart>
</item>
<item>
	<title>[COLOR=blue]We Are What We Are[/COLOR]</title>
	<meta>
	<imdb>tt2309021</imdb>
	<content>movie</content>
	<title>We Are What We Are</title>
	<year>2013</year>
	</meta>
	<link>
	<sublink>https://www.youtube.com/watch?v=kPG9kZmEwcs&feature=youtu.be</sublink>
	<sublink>search</sublink>
	<sublink>searchsd</sublink>
	</link>
	<thumbnail>https://image.tmdb.org/t/p/w1280/evlXBQlXI99bcSSj6nLbriHaY3A.jpg</thumbnail>
	<fanart>https://image.tmdb.org/t/p/w1280/BKfK0XIkjLFeNJQGOS0tsF9F2D.jpg</fanart>
</item>
<item>
	<title>[COLOR=blue]The Human Race[/COLOR]</title>
	<meta>
	<imdb>tt1427298</imdb>
	<content>movie</content>
	<title>The Human Race</title>
	<year>2013</year>
	</meta>
	<link>
	<sublink>https://www.youtube.com/watch?v=YhdIy0dQCx0&feature=youtu.be</sublink>
	<sublink>search</sublink>
	<sublink>searchsd</sublink>
	</link>
	<thumbnail>https://image.tmdb.org/t/p/w1280/hef9UpzvgzJb3amvNCeShPHNjeG.jpg</thumbnail>
	<fanart>https://image.tmdb.org/t/p/w1280/8bJSeOlW0mPYIzlGiyK8T22sa2w.jpg</fanart>
</item>
<item>
	<title>[COLOR=blue]Hatchet III[/COLOR]</title>
	<meta>
	<imdb>tt1870419</imdb>
	<content>movie</content>
	<title>Hatchet III</title>
	<year>2013</year>
	</meta>
	<link>
	<sublink>https://www.youtube.com/watch?v=1SSEm5vzNBM&feature=youtu.be</sublink>
	<sublink>search</sublink>
	<sublink>searchsd</sublink>
	</link>
	<thumbnail>https://image.tmdb.org/t/p/w1280/xQPHO8QVE7U3XuPRxqVmqpA4Csq.jpg</thumbnail>
	<fanart>https://image.tmdb.org/t/p/w1280/jMBXArRB02mFB5H4qZIZwojeG1S.jpg</fanart>
</item>
<item>
	<title>[COLOR=blue]Thanatomorphose[/COLOR]</title>
	<meta>
	<imdb>tt2385074</imdb>
	<content>movie</content>
	<title>Thanatomorphose</title>
	<year>2012</year>
	</meta>
	<link>
	<sublink>https://www.youtube.com/watch?v=1SSEm5vzNBM&feature=youtu.be</sublink>
	<sublink>search</sublink>
	<sublink>searchsd</sublink>
	</link>
	<thumbnail>https://image.tmdb.org/t/p/w1280none</thumbnail>
	<fanart>https://image.tmdb.org/t/p/w1280none</fanart>
</item>
<item>
	<title>[COLOR=blue]The Borderlands[/COLOR]</title>
	<meta>
	<imdb>tt2781832</imdb>
	<content>movie</content>
	<title>The Borderlands</title>
	<year>2013</year>
	</meta>
	<link>
	<sublink>https://www.youtube.com/watch?v=qjX2nx7tJ7Y&feature=youtu.be</sublink>
	<sublink>search</sublink>
	<sublink>searchsd</sublink>
	</link>
	<thumbnail>https://image.tmdb.org/t/p/w1280/5Ko3AKXDTL9CV5epydSWZNUnvOA.jpg</thumbnail>
	<fanart>https://image.tmdb.org/t/p/w1280/4HS7cfjhxKhxYhP3klnrAgnjZnO.jpg</fanart>
</item>
<item>
	<title>[COLOR=blue]Chastity Bites[/COLOR]</title>
	<meta>
	<imdb>tt2145637</imdb>
	<content>movie</content>
	<title>Chastity Bites</title>
	<year>2013</year>
	</meta>
	<link>
	<sublink>https://www.youtube.com/watch?v=wwoE2howJPk&feature=youtu.be</sublink>
	<sublink>search</sublink>
	<sublink>searchsd</sublink>
	</link>
	<thumbnail>https://image.tmdb.org/t/p/w1280/9S1RVEHgUkO4YJSPzdRtUtFxqfo.jpg</thumbnail>
	<fanart>https://image.tmdb.org/t/p/w1280/4IlziRbHJwj5WmWz4bGHEontWO.jpg</fanart>
</item>
<item>
	<title>[COLOR=blue]Delivery: The Beast Within[/COLOR]</title>
	<meta>
	<imdb>tt1957886</imdb>
	<content>movie</content>
	<title>Delivery: The Beast Within</title>
	<year>2013</year>
	</meta>
	<link>
	<sublink>https://www.youtube.com/watch?v=wwoE2howJPk&feature=youtu.be</sublink>
	<sublink>search</sublink>
	<sublink>searchsd</sublink>
	</link>
	<thumbnail>https://image.tmdb.org/t/p/w1280none</thumbnail>
	<fanart>https://image.tmdb.org/t/p/w1280none</fanart>
</item>
<item>
	<title>[COLOR=blue]Nosferatu[/COLOR]</title>
	<meta>
	<imdb>tt0013442</imdb>
	<content>movie</content>
	<title>Nosferatu</title>
	<year>1922</year>
	</meta>
	<link>
	<sublink>https://www.youtube.com/watch?v=wwoE2howJPk&feature=youtu.be</sublink>
	<sublink>search</sublink>
	<sublink>searchsd</sublink>
	</link>
	<thumbnail>https://image.tmdb.org/t/p/w1280none</thumbnail>
	<fanart>https://image.tmdb.org/t/p/w1280none</fanart>
</item>
<item>
	<title>[COLOR=blue]Dark Touch[/COLOR]</title>
	<meta>
	<imdb>tt2328549</imdb>
	<content>movie</content>
	<title>Dark Touch</title>
	<year>2013</year>
	</meta>
	<link>
	<sublink>https://www.youtube.com/watch?v=T_uTVaFupmQ&feature=youtu.be</sublink>
	<sublink>search</sublink>
	<sublink>searchsd</sublink>
	</link>
	<thumbnail>https://image.tmdb.org/t/p/w1280/qxN3v8XxRzzkhKvAKN6eRFxIVnr.jpg</thumbnail>
	<fanart>https://image.tmdb.org/t/p/w1280/9Lm2WQcozv1VHr6HPsD6pJPDJA4.jpg</fanart>
</item>
<item>
	<title>[COLOR=blue]Night of the Living Dead[/COLOR]</title>
	<meta>
	<imdb>tt0063350</imdb>
	<content>movie</content>
	<title>Night of the Living Dead</title>
	<year>1968</year>
	</meta>
	<link>
	<sublink>https://www.youtube.com/watch?v=5gUKvmOEGCU&feature=youtu.be</sublink>
	<sublink>search</sublink>
	<sublink>searchsd</sublink>
	</link>
	<thumbnail>https://image.tmdb.org/t/p/w1280/faPfcZ181gWmCoMbal7bAXFPFh9.jpg</thumbnail>
	<fanart>https://image.tmdb.org/t/p/w1280/jixekHe0lX093eZHUe5wqKM8SOR.jpg</fanart>
</item>
<item>
	<title>[COLOR=blue]Creepshow[/COLOR]</title>
	<meta>
	<imdb>tt0083767</imdb>
	<content>movie</content>
	<title>Creepshow</title>
	<year>1982</year>
	</meta>
	<link>
	<sublink>https://www.youtube.com/watch?v=Bg7ldrwogxQ&feature=youtu.be</sublink>
	<sublink>search</sublink>
	<sublink>searchsd</sublink>
	</link>
	<thumbnail>https://image.tmdb.org/t/p/w1280/hgKeTL416BPzLZntcsD1k7mNFRN.jpg</thumbnail>
	<fanart>https://image.tmdb.org/t/p/w1280/eHaGbnX2kukzcYGOpNF3YLPmOG5.jpg</fanart>
</item>
<item>
	<title>[COLOR=blue]Goldberg & Eisenberg[/COLOR]</title>
	<meta>
	<imdb>tt2621664</imdb>
	<content>movie</content>
	<title>Goldberg & Eisenberg</title>
	<year>2013</year>
	</meta>
	<link>
	<sublink>https://www.youtube.com/watch?v=Bg7ldrwogxQ&feature=youtu.be</sublink>
	<sublink>search</sublink>
	<sublink>searchsd</sublink>
	</link>
	<thumbnail>https://image.tmdb.org/t/p/w1280none</thumbnail>
	<fanart>https://image.tmdb.org/t/p/w1280none</fanart>
</item>
<item>
	<title>[COLOR=blue]The Apparition[/COLOR]</title>
	<meta>
	<imdb>tt1433822</imdb>
	<content>movie</content>
	<title>The Apparition</title>
	<year>2012</year>
	</meta>
	<link>
	<sublink>https://www.youtube.com/watch?v=WYELiw9nvnE&feature=youtu.be</sublink>
	<sublink>search</sublink>
	<sublink>searchsd</sublink>
	</link>
	<thumbnail>https://image.tmdb.org/t/p/w1280/qEHx7H3Gvt1zYM1AyitTA8c2XOH.jpg</thumbnail>
	<fanart>https://image.tmdb.org/t/p/w1280/46q5jQbgEOUXsxheIx1KM4hlGO8.jpg</fanart>
</item>
<item>
	<title>[COLOR=blue]Jason and the Argonauts[/COLOR]</title>
	<meta>
	<imdb>tt0057197</imdb>
	<content>movie</content>
	<title>Jason and the Argonauts</title>
	<year>1963</year>
	</meta>
	<link>
	<sublink>https://www.youtube.com/watch?v=YSfZop4IroM&feature=youtu.be</sublink>
	<sublink>search</sublink>
	<sublink>searchsd</sublink>
	</link>
	<thumbnail>https://image.tmdb.org/t/p/w1280/oTvf290Awne5aAEgmPBabN3XVLU.jpg</thumbnail>
	<fanart>https://image.tmdb.org/t/p/w1280/zkBVUPzn7An2CUSS5lgp21fnbDv.jpg</fanart>
</item>
<item>
	<title>[COLOR=blue]Hansel and Gretel Get Baked[/COLOR]</title>
	<meta>
	<imdb>tt2081194</imdb>
	<content>movie</content>
	<title>Hansel and Gretel Get Baked</title>
	<year>2013</year>
	</meta>
	<link>
	<sublink>https://www.youtube.com/watch?v=gxX5KYygsBc&feature=youtu.be</sublink>
	<sublink>search</sublink>
	<sublink>searchsd</sublink>
	</link>
	<thumbnail>https://image.tmdb.org/t/p/w1280/t3uPePLGgHfNow6DUJU220KyRjh.jpg</thumbnail>
	<fanart>https://image.tmdb.org/t/p/w1280/okRjplitj3V5B7t66FnCwfRNxwy.jpg</fanart>
</item>
<item>
	<title>[COLOR=blue]The Strange Color of Your Body's Tears[/COLOR]</title>
	<meta>
	<imdb>tt2733258</imdb>
	<content>movie</content>
	<title>The Strange Color of Your Body's Tears</title>
	<year>2013</year>
	</meta>
	<link>
	<sublink>https://www.youtube.com/watch?v=2qzqPOTELzI&feature=youtu.be</sublink>
	<sublink>search</sublink>
	<sublink>searchsd</sublink>
	</link>
	<thumbnail>https://image.tmdb.org/t/p/w1280/oNvn99czUlzkbvlPAlgcK9GoRTh.jpg</thumbnail>
	<fanart>https://image.tmdb.org/t/p/w1280/qAvXmYLD6Lxr9o5EQBbkYj6b9qH.jpg</fanart>
</item>
<item>
	<title>[COLOR=blue]Discopathe[/COLOR]</title>
	<meta>
	<imdb>tt2677894</imdb>
	<content>movie</content>
	<title>Discopathe</title>
	<year>2013</year>
	</meta>
	<link>
	<sublink>https://www.youtube.com/watch?v=7OYTwSirUj0&feature=youtu.be</sublink>
	<sublink>search</sublink>
	<sublink>searchsd</sublink>
	</link>
	<thumbnail>https://image.tmdb.org/t/p/w1280/1pQoa4iHxvkcmK1SYfBtKNYEz9h.jpg</thumbnail>
	<fanart>https://image.tmdb.org/t/p/w1280/weq7ipwb6zixKl5stMt6aHxmPn5.jpg</fanart>
</item>
<item>
	<title>[COLOR=blue]Odd Thomas[/COLOR]</title>
	<meta>
	<imdb>tt1767354</imdb>
	<content>movie</content>
	<title>Odd Thomas</title>
	<year>2013</year>
	</meta>
	<link>
	<sublink>https://www.youtube.com/watch?v=ZEnvutQ0UI4&feature=youtu.be</sublink>
	<sublink>search</sublink>
	<sublink>searchsd</sublink>
	</link>
	<thumbnail>https://image.tmdb.org/t/p/w1280/b8FUEQnuig1BpBiWVfybOk3VozN.jpg</thumbnail>
	<fanart>https://image.tmdb.org/t/p/w1280/eCZeMfe11gzH83fIQXc0yARmcd7.jpg</fanart>
</item>
<item>
	<title>[COLOR=blue]Dylan Dog: Dead of Night[/COLOR]</title>
	<meta>
	<imdb>tt1013860</imdb>
	<content>movie</content>
	<title>Dylan Dog: Dead of Night</title>
	<year>2011</year>
	</meta>
	<link>
	<sublink>https://www.youtube.com/watch?v=_mqp4QA9Om0&feature=youtu.be</sublink>
	<sublink>search</sublink>
	<sublink>searchsd</sublink>
	</link>
	<thumbnail>https://image.tmdb.org/t/p/w1280/jFedqY0YQnKAbmFq4HUeKat1gYL.jpg</thumbnail>
	<fanart>https://image.tmdb.org/t/p/w1280/ooDLzlnLWbhQvJnd1TOydRHFS9q.jpg</fanart>
</item>
<item>
	<title>[COLOR=blue]Army of Darkness[/COLOR]</title>
	<meta>
	<imdb>tt0106308</imdb>
	<content>movie</content>
	<title>Army of Darkness</title>
	<year>1992</year>
	</meta>
	<link>
	<sublink>https://www.youtube.com/watch?v=gasZjgyMxeg&feature=youtu.be</sublink>
	<sublink>search</sublink>
	<sublink>searchsd</sublink>
	</link>
	<thumbnail>https://image.tmdb.org/t/p/w1280/2eZKDIwLNnySbwqQtAaUz0kYDIL.jpg</thumbnail>
	<fanart>https://image.tmdb.org/t/p/w1280/5RPXs9g0sZ9Woo4pNLxdXdge7tc.jpg</fanart>
</item>
<item>
	<title>[COLOR=blue]Rituals[/COLOR]</title>
	<meta>
	<imdb>tt0076630</imdb>
	<content>movie</content>
	<title>Rituals</title>
	<year>1977</year>
	</meta>
	<link>
	<sublink>https://www.youtube.com/watch?v=LTGctvxTjOI&feature=youtu.be</sublink>
	<sublink>search</sublink>
	<sublink>searchsd</sublink>
	</link>
	<thumbnail>https://image.tmdb.org/t/p/w1280/nfphx0jnl9mTlq7cAjYTQgoJgrD.jpg</thumbnail>
	<fanart>https://image.tmdb.org/t/p/w1280/nKDzxtfzEhyoHrzGu1UVMkwr1S3.jpg</fanart>
</item>
<item>
	<title>[COLOR=blue]Return to Nuke 'Em High Volume 1[/COLOR]</title>
	<meta>
	<imdb>tt2279922</imdb>
	<content>movie</content>
	<title>Return to Nuke 'Em High Volume 1</title>
	<year>2013</year>
	</meta>
	<link>
	<sublink>https://www.youtube.com/watch?v=cV-jg_5w_yE&feature=youtu.be</sublink>
	<sublink>search</sublink>
	<sublink>searchsd</sublink>
	</link>
	<thumbnail>https://image.tmdb.org/t/p/w1280/elpbF2qmAh6T9U0vYDjFTt4BHy6.jpg</thumbnail>
	<fanart>https://image.tmdb.org/t/p/w1280/s9IFUaLFcLGA8YrnxaJhgxbIKvP.jpg</fanart>
</item>
<item>
	<title>[COLOR=blue]The Mummy[/COLOR]</title>
	<meta>
	<imdb>tt0053085</imdb>
	<content>movie</content>
	<title>The Mummy</title>
	<year>1959</year>
	</meta>
	<link>
	<sublink>https://www.youtube.com/watch?v=nTnkLTRR6v8&feature=youtu.be</sublink>
	<sublink>search</sublink>
	<sublink>searchsd</sublink>
	</link>
	<thumbnail>https://image.tmdb.org/t/p/w1280/w3XEtgi8W9tuPQnLVFCPVxtweyC.jpg</thumbnail>
	<fanart>https://image.tmdb.org/t/p/w1280/nxY6wthYExDuQobWRMXWBSNRYPL.jpg</fanart>
</item>
<item>
	<title>[COLOR=blue]Haunter[/COLOR]</title>
	<meta>
	<imdb>tt2345567</imdb>
	<content>movie</content>
	<title>Haunter</title>
	<year>2013</year>
	</meta>
	<link>
	<sublink>https://www.youtube.com/watch?v=j6mElk4vwj4&feature=youtu.be</sublink>
	<sublink>search</sublink>
	<sublink>searchsd</sublink>
	</link>
	<thumbnail>https://image.tmdb.org/t/p/w1280/vq9kFAIPxhfpnIqlE7Gp5H7UwIg.jpg</thumbnail>
	<fanart>https://image.tmdb.org/t/p/w1280/p5rhvTBf0X6sNyyUQYakXnDshyk.jpg</fanart>
</item>
<item>
	<title>[COLOR=blue]The Battery[/COLOR]</title>
	<meta>
	<imdb>tt2272350</imdb>
	<content>movie</content>
	<title>The Battery</title>
	<year>2012</year>
	</meta>
	<link>
	<sublink>https://www.youtube.com/watch?v=TO3_WO2YfGo&feature=youtu.be</sublink>
	<sublink>search</sublink>
	<sublink>searchsd</sublink>
	</link>
	<thumbnail>https://image.tmdb.org/t/p/w1280/4SUoy9s4f2RZ09IiaDLi1EHNbDV.jpg</thumbnail>
	<fanart>https://image.tmdb.org/t/p/w1280/17lPU2ykoUcxbg4UvQM00eqPtLo.jpg</fanart>
</item>
<item>
	<title>[COLOR=blue]Lifeforce[/COLOR]</title>
	<meta>
	<imdb>tt0089489</imdb>
	<content>movie</content>
	<title>Lifeforce</title>
	<year>1985</year>
	</meta>
	<link>
	<sublink>https://www.youtube.com/watch?v=hTKO5taqoAE&feature=youtu.be</sublink>
	<sublink>search</sublink>
	<sublink>searchsd</sublink>
	</link>
	<thumbnail>https://image.tmdb.org/t/p/w1280/vyNbHbsOLY3BXxn02I0ciwAntg7.jpg</thumbnail>
	<fanart>https://image.tmdb.org/t/p/w1280/faDpeQUK2afV0qQ3TfT6fuIg2UK.jpg</fanart>
</item>
<item>
	<title>[COLOR=blue]For Elise[/COLOR]</title>
	<meta>
	<imdb>tt2403419</imdb>
	<content>movie</content>
	<title>For Elise</title>
	<year>2013</year>
	</meta>
	<link>
	<sublink>https://www.youtube.com/watch?v=hTKO5taqoAE&feature=youtu.be</sublink>
	<sublink>search</sublink>
	<sublink>searchsd</sublink>
	</link>
	<thumbnail>https://image.tmdb.org/t/p/w1280none</thumbnail>
	<fanart>https://image.tmdb.org/t/p/w1280none</fanart>
</item>
<item>
	<title>[COLOR=blue]Videodrome[/COLOR]</title>
	<meta>
	<imdb>tt0086541</imdb>
	<content>movie</content>
	<title>Videodrome</title>
	<year>1983</year>
	</meta>
	<link>
	<sublink>https://www.youtube.com/watch?v=UFHey3utk0I&feature=youtu.be</sublink>
	<sublink>search</sublink>
	<sublink>searchsd</sublink>
	</link>
	<thumbnail>https://image.tmdb.org/t/p/w1280/fl09Ai2lKPau49MdLp0pOc5rYlP.jpg</thumbnail>
	<fanart>https://image.tmdb.org/t/p/w1280/ugFOHcNFJ45ZQa8bfjrSQBHUnHS.jpg</fanart>
</item>
<item>
	<title>[COLOR=blue]Blood Glacier[/COLOR]</title>
	<meta>
	<imdb>tt2299206</imdb>
	<content>movie</content>
	<title>Blood Glacier</title>
	<year>2013</year>
	</meta>
	<link>
	<sublink>https://www.youtube.com/watch?v=UFHey3utk0I&feature=youtu.be</sublink>
	<sublink>search</sublink>
	<sublink>searchsd</sublink>
	</link>
	<thumbnail>https://image.tmdb.org/t/p/w1280none</thumbnail>
	<fanart>https://image.tmdb.org/t/p/w1280none</fanart>
</item>
<item>
	<title>[COLOR=blue]Christine[/COLOR]</title>
	<meta>
	<imdb>tt0085333</imdb>
	<content>movie</content>
	<title>Christine</title>
	<year>1983</year>
	</meta>
	<link>
	<sublink>https://www.youtube.com/watch?v=aJ5M11m9vI0&feature=youtu.be</sublink>
	<sublink>search</sublink>
	<sublink>searchsd</sublink>
	</link>
	<thumbnail>https://image.tmdb.org/t/p/w1280/eIFakrk7xLwiNNoiottTBN5EIwy.jpg</thumbnail>
	<fanart>https://image.tmdb.org/t/p/w1280/zvR7GPQSoJTZlwuU5jjZHRiMu2o.jpg</fanart>
</item>
<item>
	<title>[COLOR=blue]Antisocial[/COLOR]</title>
	<meta>
	<imdb>tt2772092</imdb>
	<content>movie</content>
	<title>Antisocial</title>
	<year>2013</year>
	</meta>
	<link>
	<sublink>https://www.youtube.com/watch?v=wCM4Uu7DC2w&feature=youtu.be</sublink>
	<sublink>search</sublink>
	<sublink>searchsd</sublink>
	</link>
	<thumbnail>https://image.tmdb.org/t/p/w1280/pf6QvqAW1aQteOMRGwbSyRMtkZp.jpg</thumbnail>
	<fanart>https://image.tmdb.org/t/p/w1280/3YmPXFXjEa4EkhIjMuyYataVXJa.jpg</fanart>
</item>
<item>
	<title>[COLOR=blue]Big Bad Wolves[/COLOR]</title>
	<meta>
	<imdb>tt2309224</imdb>
	<content>movie</content>
	<title>Big Bad Wolves</title>
	<year>2013</year>
	</meta>
	<link>
	<sublink>https://www.youtube.com/watch?v=GsfzhiW5l8c&feature=youtu.be</sublink>
	<sublink>search</sublink>
	<sublink>searchsd</sublink>
	</link>
	<thumbnail>https://image.tmdb.org/t/p/w1280/uDpkD98PAnAfdk8Bp5G9DvreYs9.jpg</thumbnail>
	<fanart>https://image.tmdb.org/t/p/w1280/gXWMdzDQ6fRW7sUM7unLXjSM33v.jpg</fanart>
</item>
