<item>
	<title>[COLOR=blue]Antiviral[/COLOR]</title>
	<meta>
	<imdb>tt2099556</imdb>
	<content>movie</content>
	<title>Antiviral</title>
	<year>2012</year>
	</meta>
	<link>
	<sublink>https://www.youtube.com/watch?v=TcJTd69dMyQ&feature=youtu.be</sublink>
	<sublink>search</sublink>
	<sublink>searchsd</sublink>
	</link>
	<thumbnail>https://image.tmdb.org/t/p/w1280/6HPqLO3A743rPGmbQkNjRgUX7uN.jpg</thumbnail>
	<fanart>https://image.tmdb.org/t/p/w1280/3TlLl3jCJ9iG8yLpkj86GpqG3FU.jpg</fanart>
</item>
<item>
	<title>[COLOR=blue]Room 237[/COLOR]</title>
	<meta>
	<imdb>tt2085910</imdb>
	<content>movie</content>
	<title>Room 237</title>
	<year>2012</year>
	</meta>
	<link>
	<sublink>https://www.youtube.com/watch?v=hXgVb1E_zxQ&feature=youtu.be</sublink>
	<sublink>search</sublink>
	<sublink>searchsd</sublink>
	</link>
	<thumbnail>https://image.tmdb.org/t/p/w1280/7qu60yUk1GlJY0cG6fScOVPsxyN.jpg</thumbnail>
	<fanart>https://image.tmdb.org/t/p/w1280/qDE5nJPgfYuBr0g4oe4Dp7A8Njq.jpg</fanart>
</item>
<item>
	<title>[COLOR=blue]Detention of the Dead[/COLOR]</title>
	<meta>
	<imdb>tt1865346</imdb>
	<content>movie</content>
	<title>Detention of the Dead</title>
	<year>2012</year>
	</meta>
	<link>
	<sublink>https://www.youtube.com/watch?v=wS66fv-BXAA&feature=youtu.be</sublink>
	<sublink>search</sublink>
	<sublink>searchsd</sublink>
	</link>
	<thumbnail>https://image.tmdb.org/t/p/w1280/2uSMntDhwZEBYlQPP6gyZvdCtlr.jpg</thumbnail>
	<fanart>https://image.tmdb.org/t/p/w1280/gJXbSuCzIA8BhbvaejrgsXkzaf6.jpg</fanart>
</item>
<item>
	<title>[COLOR=blue]Manborg[/COLOR]</title>
	<meta>
	<imdb>tt2060525</imdb>
	<content>movie</content>
	<title>Manborg</title>
	<year>2011</year>
	</meta>
	<link>
	<sublink>https://www.youtube.com/watch?v=zhF6BLFBm9c&feature=youtu.be</sublink>
	<sublink>search</sublink>
	<sublink>searchsd</sublink>
	</link>
	<thumbnail>https://image.tmdb.org/t/p/w1280/7CUgqkDSJFdhMCVa8PaiU42S1i1.jpg</thumbnail>
	<fanart>https://image.tmdb.org/t/p/w1280/dZtWZKqKAWM1uzn4P4T7CR6UW7z.jpg</fanart>
</item>
<item>
	<title>[COLOR=blue]Midnight Son[/COLOR]</title>
	<meta>
	<imdb>tt1068961</imdb>
	<content>movie</content>
	<title>Midnight Son</title>
	<year>2011</year>
	</meta>
	<link>
	<sublink>https://www.youtube.com/watch?v=LS2nLbEoMy8&feature=youtu.be</sublink>
	<sublink>search</sublink>
	<sublink>searchsd</sublink>
	</link>
	<thumbnail>https://image.tmdb.org/t/p/w1280/aaStzlRSum71FsZCqPnXHF169K5.jpg</thumbnail>
	<fanart>https://image.tmdb.org/t/p/w1280/8I1iF6vHRXYNuS529MgzxLP7VlY.jpg</fanart>
</item>
<item>
	<title>[COLOR=blue]Caliber 9[/COLOR]</title>
	<meta>
	<imdb>tt1820407</imdb>
	<content>movie</content>
	<title>Caliber 9</title>
	<year>2011</year>
	</meta>
	<link>
	<sublink>https://www.youtube.com/watch?v=LS2nLbEoMy8&feature=youtu.be</sublink>
	<sublink>search</sublink>
	<sublink>searchsd</sublink>
	</link>
	<thumbnail>https://image.tmdb.org/t/p/w1280none</thumbnail>
	<fanart>https://image.tmdb.org/t/p/w1280none</fanart>
</item>
<item>
	<title>[COLOR=blue]Citadel[/COLOR]</title>
	<meta>
	<imdb>tt1641975</imdb>
	<content>movie</content>
	<title>Citadel</title>
	<year>2012</year>
	</meta>
	<link>
	<sublink>https://www.youtube.com/watch?v=GVXT_D2nGpg&feature=youtu.be</sublink>
	<sublink>search</sublink>
	<sublink>searchsd</sublink>
	</link>
	<thumbnail>https://image.tmdb.org/t/p/w1280/275Ri3oRoi0HRX8OFKF4QewQu4g.jpg</thumbnail>
	<fanart>https://image.tmdb.org/t/p/w1280/ydOnw3JaT4G7nlOZmWJk6qCTUUN.jpg</fanart>
</item>
<item>
	<title>[COLOR=blue]Silent Hill: Revelation 3D[/COLOR]</title>
	<meta>
	<imdb>tt0938330</imdb>
	<content>movie</content>
	<title>Silent Hill: Revelation 3D</title>
	<year>2012</year>
	</meta>
	<link>
	<sublink>https://www.youtube.com/watch?v=f06VJSsh8II&feature=youtu.be</sublink>
	<sublink>search</sublink>
	<sublink>searchsd</sublink>
	</link>
	<thumbnail>https://image.tmdb.org/t/p/w1280/iYueyvEfJ4lPzjyWSI9Yy0bJGjH.jpg</thumbnail>
	<fanart>https://image.tmdb.org/t/p/w1280/hkfL4220Tf7LmAGq55wwRtu0GPr.jpg</fanart>
</item>
<item>
	<title>[COLOR=blue]Zombie Flesh Eaters[/COLOR]</title>
	<meta>
	<imdb>tt0080057</imdb>
	<content>movie</content>
	<title>Zombie Flesh Eaters</title>
	<year>1979</year>
	</meta>
	<link>
	<sublink>https://www.youtube.com/watch?v=2UYvhyzugtA&feature=youtu.be</sublink>
	<sublink>search</sublink>
	<sublink>searchsd</sublink>
	</link>
	<thumbnail>https://image.tmdb.org/t/p/w1280/wew8A4gTZEhSRKCBAmziFFK6gGi.jpg</thumbnail>
	<fanart>https://image.tmdb.org/t/p/w1280/rNfUrodyICg0cNJ4ICTiPgDckAm.jpg</fanart>
</item>
<item>
	<title>[COLOR=blue]Deep Red[/COLOR]</title>
	<meta>
	<imdb>tt0073582</imdb>
	<content>movie</content>
	<title>Deep Red</title>
	<year>1975</year>
	</meta>
	<link>
	<sublink>https://www.youtube.com/watch?v=62YqwaSMN4E&feature=youtu.be</sublink>
	<sublink>search</sublink>
	<sublink>searchsd</sublink>
	</link>
	<thumbnail>https://image.tmdb.org/t/p/w1280/rSHs6nsCw6vJwgz9djlAp4g3NCN.jpg</thumbnail>
	<fanart>https://image.tmdb.org/t/p/w1280/iMUwq7UnXQOlTjKIRWpfKSbyzp3.jpg</fanart>
</item>
<item>
	<title>[COLOR=blue]Slice and Dice: The Slasher Film Forever[/COLOR]</title>
	<meta>
	<imdb>tt1956630</imdb>
	<content>movie</content>
	<title>Slice and Dice: The Slasher Film Forever</title>
	<year>2012</year>
	</meta>
	<link>
	<sublink>https://www.youtube.com/watch?v=62YqwaSMN4E&feature=youtu.be</sublink>
	<sublink>search</sublink>
	<sublink>searchsd</sublink>
	</link>
	<thumbnail>https://image.tmdb.org/t/p/w1280none</thumbnail>
	<fanart>https://image.tmdb.org/t/p/w1280none</fanart>
</item>
<item>
	<title>[COLOR=blue]Rites of Spring[/COLOR]</title>
	<meta>
	<imdb>tt1227789</imdb>
	<content>movie</content>
	<title>Rites of Spring</title>
	<year>2011</year>
	</meta>
	<link>
	<sublink>https://www.youtube.com/watch?v=3gp1nAYgG_w&feature=youtu.be</sublink>
	<sublink>search</sublink>
	<sublink>searchsd</sublink>
	</link>
	<thumbnail>https://image.tmdb.org/t/p/w1280/8KRLhKCMNzNtTnBnKxFneMHJjMW.jpg</thumbnail>
	<fanart>https://image.tmdb.org/t/p/w1280/k0I7uNjW344CtlAJWjDYuiCZ5wz.jpg</fanart>
</item>
<item>
	<title>[COLOR=blue]Eurocrime! The Italian Cop and Gangster Films That Ruled the '70s[/COLOR]</title>
	<meta>
	<imdb>tt2015367</imdb>
	<content>movie</content>
	<title>Eurocrime! The Italian Cop and Gangster Films That Ruled the '70s</title>
	<year>2012</year>
	</meta>
	<link>
	<sublink>https://www.youtube.com/watch?v=3gp1nAYgG_w&feature=youtu.be</sublink>
	<sublink>search</sublink>
	<sublink>searchsd</sublink>
	</link>
	<thumbnail>https://image.tmdb.org/t/p/w1280none</thumbnail>
	<fanart>https://image.tmdb.org/t/p/w1280none</fanart>
</item>
<item>
	<title>[COLOR=blue]V/H/S[/COLOR]</title>
	<meta>
	<imdb>tt2105044</imdb>
	<content>movie</content>
	<title>V/H/S</title>
	<year>2012</year>
	</meta>
	<link>
	<sublink>https://www.youtube.com/watch?v=-uOISibzrUI&feature=youtu.be</sublink>
	<sublink>search</sublink>
	<sublink>searchsd</sublink>
	</link>
	<thumbnail>https://image.tmdb.org/t/p/w1280/yo49x6Jhr1ecCjy1ByFqwAbtARJ.jpg</thumbnail>
	<fanart>https://image.tmdb.org/t/p/w1280/xAC9kXLxUHpdCkISgYcLzYrxIQR.jpg</fanart>
</item>
<item>
	<title>[COLOR=blue]Dracula: Prince of Darkness[/COLOR]</title>
	<meta>
	<imdb>tt0059127</imdb>
	<content>movie</content>
	<title>Dracula: Prince of Darkness</title>
	<year>1966</year>
	</meta>
	<link>
	<sublink>https://www.youtube.com/watch?v=zg9w_5hdL3g&feature=youtu.be</sublink>
	<sublink>search</sublink>
	<sublink>searchsd</sublink>
	</link>
	<thumbnail>https://image.tmdb.org/t/p/w1280/AcrStPFOuXhOTXmJ6uf6V89cnke.jpg</thumbnail>
	<fanart>https://image.tmdb.org/t/p/w1280/ytWOlwgnNotY4PfFfTfxy9WiGGk.jpg</fanart>
</item>
<item>
	<title>[COLOR=blue]American Mary[/COLOR]</title>
	<meta>
	<imdb>tt1959332</imdb>
	<content>movie</content>
	<title>American Mary</title>
	<year>2012</year>
	</meta>
	<link>
	<sublink>https://www.youtube.com/watch?v=0zua8vbLLqU&feature=youtu.be</sublink>
	<sublink>search</sublink>
	<sublink>searchsd</sublink>
	</link>
	<thumbnail>https://image.tmdb.org/t/p/w1280/vLy2Ldg3vGlpXwF8ZeUL40iDtLK.jpg</thumbnail>
	<fanart>https://image.tmdb.org/t/p/w1280/8JredzZYoEoyXtRbx65rbUFEPUz.jpg</fanart>
</item>
<item>
	<title>[COLOR=blue]Among Friends[/COLOR]</title>
	<meta>
	<imdb>tt1984110</imdb>
	<content>movie</content>
	<title>Among Friends</title>
	<year>2012</year>
	</meta>
	<link>
	<sublink>https://www.youtube.com/watch?v=VkWgY3m7j30&feature=youtu.be</sublink>
	<sublink>search</sublink>
	<sublink>searchsd</sublink>
	</link>
	<thumbnail>https://image.tmdb.org/t/p/w1280/f662BmU8oqf8d8s3glT2FlGuFvt.jpg</thumbnail>
	<fanart>https://image.tmdb.org/t/p/w1280/tBrlmsrM62znz0XPnJ4GLNHGQd4.jpg</fanart>
</item>
<item>
	<title>[COLOR=blue]Young Frankenstein[/COLOR]</title>
	<meta>
	<imdb>tt0072431</imdb>
	<content>movie</content>
	<title>Young Frankenstein</title>
	<year>1974</year>
	</meta>
	<link>
	<sublink>https://www.youtube.com/watch?v=gpquMGrMbQA&feature=youtu.be</sublink>
	<sublink>search</sublink>
	<sublink>searchsd</sublink>
	</link>
	<thumbnail>https://image.tmdb.org/t/p/w1280/tQJAWbIjvvqVKLLbIZHtwGw2HTf.jpg</thumbnail>
	<fanart>https://image.tmdb.org/t/p/w1280/108DrCir1YkVyhyxRP6ukB0dZpS.jpg</fanart>
</item>
<item>
	<title>[COLOR=blue]Tulpa - Demon of Desire[/COLOR]</title>
	<meta>
	<imdb>tt2250282</imdb>
	<content>movie</content>
	<title>Tulpa - Demon of Desire</title>
	<year>2012</year>
	</meta>
	<link>
	<sublink>https://www.youtube.com/watch?v=gpquMGrMbQA&feature=youtu.be</sublink>
	<sublink>search</sublink>
	<sublink>searchsd</sublink>
	</link>
	<thumbnail>https://image.tmdb.org/t/p/w1280none</thumbnail>
	<fanart>https://image.tmdb.org/t/p/w1280none</fanart>
</item>
<item>
	<title>[COLOR=blue]Bad Meat[/COLOR]</title>
	<meta>
	<imdb>tt1034010</imdb>
	<content>movie</content>
	<title>Bad Meat</title>
	<year>2011</year>
	</meta>
	<link>
	<sublink>https://www.youtube.com/watch?v=gpquMGrMbQA&feature=youtu.be</sublink>
	<sublink>search</sublink>
	<sublink>searchsd</sublink>
	</link>
	<thumbnail>https://image.tmdb.org/t/p/w1280none</thumbnail>
	<fanart>https://image.tmdb.org/t/p/w1280none</fanart>
</item>
<item>
	<title>[COLOR=blue]The Monster Squad[/COLOR]</title>
	<meta>
	<imdb>tt0093560</imdb>
	<content>movie</content>
	<title>The Monster Squad</title>
	<year>1987</year>
	</meta>
	<link>
	<sublink>https://www.youtube.com/watch?v=6q6p3KwyWTk&feature=youtu.be</sublink>
	<sublink>search</sublink>
	<sublink>searchsd</sublink>
	</link>
	<thumbnail>https://image.tmdb.org/t/p/w1280/ise6Cvp4nWqfQ8hOyEK0MmctLV8.jpg</thumbnail>
	<fanart>https://image.tmdb.org/t/p/w1280/xNUuNEXpibVbUBxlCFWNWNBWcRJ.jpg</fanart>
</item>
<item>
	<title>[COLOR=blue]Shiver[/COLOR]</title>
	<meta>
	<imdb>tt1800734</imdb>
	<content>movie</content>
	<title>Shiver</title>
	<year>2012</year>
	</meta>
	<link>
	<sublink>https://www.youtube.com/watch?v=6q6p3KwyWTk&feature=youtu.be</sublink>
	<sublink>search</sublink>
	<sublink>searchsd</sublink>
	</link>
	<thumbnail>https://image.tmdb.org/t/p/w1280none</thumbnail>
	<fanart>https://image.tmdb.org/t/p/w1280none</fanart>
</item>
<item>
	<title>[COLOR=blue]Excision[/COLOR]</title>
	<meta>
	<imdb>tt1984153</imdb>
	<content>movie</content>
	<title>Excision</title>
	<year>2012</year>
	</meta>
	<link>
	<sublink>https://www.youtube.com/watch?v=dzKlr1V6xzM&feature=youtu.be</sublink>
	<sublink>search</sublink>
	<sublink>searchsd</sublink>
	</link>
	<thumbnail>https://image.tmdb.org/t/p/w1280/q35er2FCLnlcbVPepD8Oj8YER6O.jpg</thumbnail>
	<fanart>https://image.tmdb.org/t/p/w1280/3zDMhdQHWNJ3NhekmP0qjOpR6CF.jpg</fanart>
</item>
<item>
	<title>[COLOR=blue]Halloween III: Season of the Witch[/COLOR]</title>
	<meta>
	<imdb>tt0085636</imdb>
	<content>movie</content>
	<title>Halloween III: Season of the Witch</title>
	<year>1982</year>
	</meta>
	<link>
	<sublink>https://www.youtube.com/watch?v=ZXWSiVxS4hk&feature=youtu.be</sublink>
	<sublink>search</sublink>
	<sublink>searchsd</sublink>
	</link>
	<thumbnail>https://image.tmdb.org/t/p/w1280/svPexK18MEl0lyAqb8fFUGGsEQ8.jpg</thumbnail>
	<fanart>https://image.tmdb.org/t/p/w1280/ePkwopLmKbYy0Ul9WvRrHIPs3YE.jpg</fanart>
</item>
<item>
	<title>[COLOR=blue]The Devil's Business[/COLOR]</title>
	<meta>
	<imdb>tt1714127</imdb>
	<content>movie</content>
	<title>The Devil's Business</title>
	<year>2011</year>
	</meta>
	<link>
	<sublink>https://www.youtube.com/watch?v=ZXWSiVxS4hk&feature=youtu.be</sublink>
	<sublink>search</sublink>
	<sublink>searchsd</sublink>
	</link>
	<thumbnail>https://image.tmdb.org/t/p/w1280none</thumbnail>
	<fanart>https://image.tmdb.org/t/p/w1280none</fanart>
</item>
<item>
	<title>[COLOR=blue]After[/COLOR]</title>
	<meta>
	<imdb>tt1799508</imdb>
	<content>movie</content>
	<title>After</title>
	<year>2012</year>
	</meta>
	<link>
	<sublink>https://www.youtube.com/watch?v=RCFI8lZCA0w&feature=youtu.be</sublink>
	<sublink>search</sublink>
	<sublink>searchsd</sublink>
	</link>
	<thumbnail>https://image.tmdb.org/t/p/w1280/5Wj6IazHsDQOJDnlOfJBVirUEDG.jpg</thumbnail>
	<fanart>https://image.tmdb.org/t/p/w1280/kmMUfkbJgQxnDnjLaKOsnPlddh6.jpg</fanart>
</item>
<item>
	<title>[COLOR=blue]Nightmare Factory[/COLOR]</title>
	<meta>
	<imdb>tt2062602</imdb>
	<content>movie</content>
	<title>Nightmare Factory</title>
	<year>2011</year>
	</meta>
	<link>
	<sublink>https://www.youtube.com/watch?v=CzPbIxfQXuY&feature=youtu.be</sublink>
	<sublink>search</sublink>
	<sublink>searchsd</sublink>
	</link>
	<thumbnail>https://image.tmdb.org/t/p/w1280/aKTceKHI7kCzs6LLFr5262HePMS.jpg</thumbnail>
	<fanart>https://image.tmdb.org/t/p/w1280/iajBhewL7dNdzJe2Tv47Frz62gL.jpg</fanart>
</item>
<item>
	<title>[COLOR=blue]The Burning Moon[/COLOR]</title>
	<meta>
	<imdb>tt0103898</imdb>
	<content>movie</content>
	<title>The Burning Moon</title>
	<year>1992</year>
	</meta>
	<link>
	<sublink>https://www.youtube.com/watch?v=CzPbIxfQXuY&feature=youtu.be</sublink>
	<sublink>search</sublink>
	<sublink>searchsd</sublink>
	</link>
	<thumbnail>https://image.tmdb.org/t/p/w1280none</thumbnail>
	<fanart>https://image.tmdb.org/t/p/w1280none</fanart>
</item>
<item>
	<title>[COLOR=blue]Sleep Tight[/COLOR]</title>
	<meta>
	<imdb>tt1437358</imdb>
	<content>movie</content>
	<title>Sleep Tight</title>
	<year>2011</year>
	</meta>
	<link>
	<sublink>https://www.youtube.com/watch?v=1sMBbvc2o_M&feature=youtu.be</sublink>
	<sublink>search</sublink>
	<sublink>searchsd</sublink>
	</link>
	<thumbnail>https://image.tmdb.org/t/p/w1280/sQMAkEFRNnIBYVONqr0bDqOE995.jpg</thumbnail>
	<fanart>https://image.tmdb.org/t/p/w1280/baBSyzGArztqGdGamUBKGowCSuz.jpg</fanart>
</item>
<item>
	<title>[COLOR=blue]Halloween 4: The Return of Michael Myers[/COLOR]</title>
	<meta>
	<imdb>tt0095271</imdb>
	<content>movie</content>
	<title>Halloween 4: The Return of Michael Myers</title>
	<year>1988</year>
	</meta>
	<link>
	<sublink>https://www.youtube.com/watch?v=1SpDZ1eErzM&feature=youtu.be</sublink>
	<sublink>search</sublink>
	<sublink>searchsd</sublink>
	</link>
	<thumbnail>https://image.tmdb.org/t/p/w1280/oudmrV1WljSJMpgwq6K4VzbIMMK.jpg</thumbnail>
	<fanart>https://image.tmdb.org/t/p/w1280/m0I2GjHod2wiTXmZUvTdCx5mBqH.jpg</fanart>
</item>
<item>
	<title>[COLOR=blue]Nightbreed[/COLOR]</title>
	<meta>
	<imdb>tt0100260</imdb>
	<content>movie</content>
	<title>Nightbreed</title>
	<year>1990</year>
	</meta>
	<link>
	<sublink>https://www.youtube.com/watch?v=Iun3caijnXE&feature=youtu.be</sublink>
	<sublink>search</sublink>
	<sublink>searchsd</sublink>
	</link>
	<thumbnail>https://image.tmdb.org/t/p/w1280/d9T7jZmyXr5htsDtqipveqmKbAa.jpg</thumbnail>
	<fanart>https://image.tmdb.org/t/p/w1280/19onLE8sWZvn9jKGlr1QGFovuUx.jpg</fanart>
</item>
