<item>
	<title>[COLOR=blue]The Awakening[/COLOR]</title>
	<meta>
	<imdb>tt1687901</imdb>
	<content>movie</content>
	<title>The Awakening</title>
	<year>2011</year>
	</meta>
	<link>
	<sublink>https://www.youtube.com/watch?v=3yneMKpmA8w&feature=youtu.be</sublink>
	<sublink>search</sublink>
	<sublink>searchsd</sublink>
	</link>
	<thumbnail>https://image.tmdb.org/t/p/w1280/1iIB1eR9pFxoOdAp4FhPCYwQ1TA.jpg</thumbnail>
	<fanart>https://image.tmdb.org/t/p/w1280/97vocRyj35cdKwCpK4ZEfb7oFZm.jpg</fanart>
</item>
<item>
	<title>[COLOR=blue]The Wicker Tree[/COLOR]</title>
	<meta>
	<imdb>tt0323808</imdb>
	<content>movie</content>
	<title>The Wicker Tree</title>
	<year>2011</year>
	</meta>
	<link>
	<sublink>https://www.youtube.com/watch?v=aKdnshZz-WM&feature=youtu.be</sublink>
	<sublink>search</sublink>
	<sublink>searchsd</sublink>
	</link>
	<thumbnail>https://image.tmdb.org/t/p/w1280/7ZsEaCfKkIm5DerhU3qx0TJdJMy.jpg</thumbnail>
	<fanart>https://image.tmdb.org/t/p/w1280/mfsJlzCDihws1MeoAllILAroQ46.jpg</fanart>
</item>
<item>
	<title>[COLOR=blue]Kidnapped[/COLOR]</title>
	<meta>
	<imdb>tt1629377</imdb>
	<content>movie</content>
	<title>Kidnapped</title>
	<year>2010</year>
	</meta>
	<link>
	<sublink>https://www.youtube.com/watch?v=aKdnshZz-WM&feature=youtu.be</sublink>
	<sublink>search</sublink>
	<sublink>searchsd</sublink>
	</link>
	<thumbnail>https://image.tmdb.org/t/p/w1280none</thumbnail>
	<fanart>https://image.tmdb.org/t/p/w1280none</fanart>
</item>
<item>
	<title>[COLOR=blue]The Texas Chainsaw Massacre 2[/COLOR]</title>
	<meta>
	<imdb>tt0092076</imdb>
	<content>movie</content>
	<title>The Texas Chainsaw Massacre 2</title>
	<year>1986</year>
	</meta>
	<link>
	<sublink>https://www.youtube.com/watch?v=xUyEaYxTI2U&feature=youtu.be</sublink>
	<sublink>search</sublink>
	<sublink>searchsd</sublink>
	</link>
	<thumbnail>https://image.tmdb.org/t/p/w1280/mj2Pe0q3YFRd71Y0RTgDMb58bBy.jpg</thumbnail>
	<fanart>https://image.tmdb.org/t/p/w1280/ajdhwlImMWSWTu1sEMv72yu7IqK.jpg</fanart>
</item>
<item>
	<title>[COLOR=blue]Play Misty for Me[/COLOR]</title>
	<meta>
	<imdb>tt0067588</imdb>
	<content>movie</content>
	<title>Play Misty for Me</title>
	<year>1971</year>
	</meta>
	<link>
	<sublink>https://www.youtube.com/watch?v=t9JAz9-Kxbk&feature=youtu.be</sublink>
	<sublink>search</sublink>
	<sublink>searchsd</sublink>
	</link>
	<thumbnail>https://image.tmdb.org/t/p/w1280/gMMYNpxsVwGjgtMR20dKXr3kWUg.jpg</thumbnail>
	<fanart>https://image.tmdb.org/t/p/w1280/owqxugHrY65LFsSgXkx2O1iIOjG.jpg</fanart>
</item>
<item>
	<title>[COLOR=blue]A Horrible Way to Die[/COLOR]</title>
	<meta>
	<imdb>tt1617620</imdb>
	<content>movie</content>
	<title>A Horrible Way to Die</title>
	<year>2010</year>
	</meta>
	<link>
	<sublink>https://www.youtube.com/watch?v=f-j5tosPhAQ&feature=youtu.be</sublink>
	<sublink>search</sublink>
	<sublink>searchsd</sublink>
	</link>
	<thumbnail>https://image.tmdb.org/t/p/w1280/8gosXJkyiQe0DEQMPgWQoyPwjAW.jpg</thumbnail>
	<fanart>https://image.tmdb.org/t/p/w1280/kkHYViABNw1o117Zet6shDn2sWr.jpg</fanart>
</item>
<item>
	<title>[COLOR=blue]Urban Explorer[/COLOR]</title>
	<meta>
	<imdb>tt1642665</imdb>
	<content>movie</content>
	<title>Urban Explorer</title>
	<year>2011</year>
	</meta>
	<link>
	<sublink>https://www.youtube.com/watch?v=y6OPe_rUdgA&feature=youtu.be</sublink>
	<sublink>search</sublink>
	<sublink>searchsd</sublink>
	</link>
	<thumbnail>https://image.tmdb.org/t/p/w1280/53NdFzIh9omZ9IMLpIlLHNqd23U.jpg</thumbnail>
	<fanart>https://image.tmdb.org/t/p/w1280/gEriAKoNB3HiLXLmcdTffSiEHys.jpg</fanart>
</item>
<item>
	<title>[COLOR=blue]Snowtown[/COLOR]</title>
	<meta>
	<imdb>tt1680114</imdb>
	<content>movie</content>
	<title>Snowtown</title>
	<year>2011</year>
	</meta>
	<link>
	<sublink>https://www.youtube.com/watch?v=sJY6X8utM8A&feature=youtu.be</sublink>
	<sublink>search</sublink>
	<sublink>searchsd</sublink>
	</link>
	<thumbnail>https://image.tmdb.org/t/p/w1280/jLLuK9PQ5rO7VOWzSqTXhKJQDYz.jpg</thumbnail>
	<fanart>https://image.tmdb.org/t/p/w1280/tQfjvumbq1aLjVZwoprzagHZpLi.jpg</fanart>
</item>
<item>
	<title>[COLOR=blue]The Exterminator[/COLOR]</title>
	<meta>
	<imdb>tt0080707</imdb>
	<content>movie</content>
	<title>The Exterminator</title>
	<year>1980</year>
	</meta>
	<link>
	<sublink>https://www.youtube.com/watch?v=92YNeYwYuQI&feature=youtu.be</sublink>
	<sublink>search</sublink>
	<sublink>searchsd</sublink>
	</link>
	<thumbnail>https://image.tmdb.org/t/p/w1280/5fPvIpNmZ71XiLNxZ2072b8wdqg.jpg</thumbnail>
	<fanart>https://image.tmdb.org/t/p/w1280/7WlZBIMGjpWAiTKs6DAfuZtYots.jpg</fanart>
</item>
<item>
	<title>[COLOR=blue]Maniac Cop[/COLOR]</title>
	<meta>
	<imdb>tt0095583</imdb>
	<content>movie</content>
	<title>Maniac Cop</title>
	<year>1988</year>
	</meta>
	<link>
	<sublink>https://www.youtube.com/watch?v=hAkb0cNsf0I&feature=youtu.be</sublink>
	<sublink>search</sublink>
	<sublink>searchsd</sublink>
	</link>
	<thumbnail>https://image.tmdb.org/t/p/w1280/g9dY1Sl8bAen91dcCBEvRav60ky.jpg</thumbnail>
	<fanart>https://image.tmdb.org/t/p/w1280/kY5ZvY6qmg2LVpihcddnQza0q1v.jpg</fanart>
</item>
<item>
	<title>[COLOR=blue]Flash Gordon[/COLOR]</title>
	<meta>
	<imdb>tt0080745</imdb>
	<content>movie</content>
	<title>Flash Gordon</title>
	<year>1980</year>
	</meta>
	<link>
	<sublink>https://www.youtube.com/watch?v=SG_3tABvcp4&feature=youtu.be</sublink>
	<sublink>search</sublink>
	<sublink>searchsd</sublink>
	</link>
	<thumbnail>https://image.tmdb.org/t/p/w1280/9c5vKUX7MB1yixVp0ZFAUDRTaeE.jpg</thumbnail>
	<fanart>https://image.tmdb.org/t/p/w1280/bOVyJyl19wX6crzZDCERXeweeZ8.jpg</fanart>
</item>
<item>
	<title>[COLOR=blue]Rage[/COLOR]</title>
	<meta>
	<imdb>tt1403987</imdb>
	<content>movie</content>
	<title>Rage</title>
	<year>2010</year>
	</meta>
	<link>
	<sublink>https://www.youtube.com/watch?v=_HHJlSS1DvA&feature=youtu.be</sublink>
	<sublink>search</sublink>
	<sublink>searchsd</sublink>
	</link>
	<thumbnail>https://image.tmdb.org/t/p/w1280/89Dk3xTEBVhayJzIJgfCsXpavIr.jpg</thumbnail>
	<fanart>https://image.tmdb.org/t/p/w1280/aavs9NWibzbUmuYsEPc7cyit9i5.jpg</fanart>
</item>
<item>
	<title>[COLOR=blue]Akira[/COLOR]</title>
	<meta>
	<imdb>tt0094625</imdb>
	<content>movie</content>
	<title>Akira</title>
	<year>1988</year>
	</meta>
	<link>
	<sublink>https://www.youtube.com/watch?v=R2buISZP-a0&feature=youtu.be</sublink>
	<sublink>search</sublink>
	<sublink>searchsd</sublink>
	</link>
	<thumbnail>https://image.tmdb.org/t/p/w1280/5KlRFKKSbyCiyYpZSS3A6G5bW0K.jpg</thumbnail>
	<fanart>https://image.tmdb.org/t/p/w1280/ryEVf632AXyhAxLqDDY1eHtC72N.jpg</fanart>
</item>
<item>
	<title>[COLOR=blue]Panic Button[/COLOR]</title>
	<meta>
	<imdb>tt1727358</imdb>
	<content>movie</content>
	<title>Panic Button</title>
	<year>2011</year>
	</meta>
	<link>
	<sublink>https://www.youtube.com/watch?v=5NHd4hKOxcE&feature=youtu.be</sublink>
	<sublink>search</sublink>
	<sublink>searchsd</sublink>
	</link>
	<thumbnail>https://image.tmdb.org/t/p/w1280/wjbubsW5rYQPGIsOfJK5HQZPQFw.jpg</thumbnail>
	<fanart>https://image.tmdb.org/t/p/w1280/dyVdTlcr78m6OaXZzNVMVJybdQa.jpg</fanart>
</item>
<item>
	<title>[COLOR=blue]Chillerama[/COLOR]</title>
	<meta>
	<imdb>tt1727252</imdb>
	<content>movie</content>
	<title>Chillerama</title>
	<year>2011</year>
	</meta>
	<link>
	<sublink>https://www.youtube.com/watch?v=pGUCX53u90I&feature=youtu.be</sublink>
	<sublink>search</sublink>
	<sublink>searchsd</sublink>
	</link>
	<thumbnail>https://image.tmdb.org/t/p/w1280/kgKNXQwyk1582tBAcVDuvMmoOO2.jpg</thumbnail>
	<fanart>https://image.tmdb.org/t/p/w1280/zkqKvMkuv1soAanqB5RPkDV4ecX.jpg</fanart>
</item>
<item>
	<title>[COLOR=blue]The Victim[/COLOR]</title>
	<meta>
	<imdb>tt1684564</imdb>
	<content>movie</content>
	<title>The Victim</title>
	<year>2011</year>
	</meta>
	<link>
	<sublink>https://www.youtube.com/watch?v=uoKGoxwIUuk&feature=youtu.be</sublink>
	<sublink>search</sublink>
	<sublink>searchsd</sublink>
	</link>
	<thumbnail>https://image.tmdb.org/t/p/w1280/xC1pUFu0H1rqbOFZJHSDEhX6SUJ.jpg</thumbnail>
	<fanart>https://image.tmdb.org/t/p/w1280/4lZamVMBrh6JzhP8ct3VBczz97Y.jpg</fanart>
</item>
<item>
	<title>[COLOR=blue]Troll 2[/COLOR]</title>
	<meta>
	<imdb>tt0105643</imdb>
	<content>movie</content>
	<title>Troll 2</title>
	<year>1990</year>
	</meta>
	<link>
	<sublink>https://www.youtube.com/watch?v=LMUC8h4FwFs&feature=youtu.be</sublink>
	<sublink>search</sublink>
	<sublink>searchsd</sublink>
	</link>
	<thumbnail>https://image.tmdb.org/t/p/w1280/h03Huw7ZoyDrgBDc7GteshoJsnx.jpg</thumbnail>
	<fanart>https://image.tmdb.org/t/p/w1280/rtxkcRaD43piUrr9dQpwLiA6byh.jpg</fanart>
</item>
<item>
	<title>[COLOR=blue]Zombie Undead[/COLOR]</title>
	<meta>
	<imdb>tt1581839</imdb>
	<content>movie</content>
	<title>Zombie Undead</title>
	<year>2010</year>
	</meta>
	<link>
	<sublink>https://www.youtube.com/watch?v=5wNkYT7nspo&feature=youtu.be</sublink>
	<sublink>search</sublink>
	<sublink>searchsd</sublink>
	</link>
	<thumbnail>https://image.tmdb.org/t/p/w1280/9y4SVzS7pA8YhtrgPGMHmScAdFJ.jpg</thumbnail>
	<fanart>https://image.tmdb.org/t/p/w1280/rND50zLxeciwc0s6ym4jvzvJUHM.jpg</fanart>
</item>
<item>
	<title>[COLOR=blue]The Dark Crystal[/COLOR]</title>
	<meta>
	<imdb>tt0083791</imdb>
	<content>movie</content>
	<title>The Dark Crystal</title>
	<year>1982</year>
	</meta>
	<link>
	<sublink>https://www.youtube.com/watch?v=b3TARP4bF80&feature=youtu.be</sublink>
	<sublink>search</sublink>
	<sublink>searchsd</sublink>
	</link>
	<thumbnail>https://image.tmdb.org/t/p/w1280/enCcF48dvT16O2ixGRslU4mPjO7.jpg</thumbnail>
	<fanart>https://image.tmdb.org/t/p/w1280/lQBbbNOUvFVlKciHBGp8bNqZKbx.jpg</fanart>
</item>
<item>
	<title>[COLOR=blue]Tomie: Unlimited[/COLOR]</title>
	<meta>
	<imdb>tt1728217</imdb>
	<content>movie</content>
	<title>Tomie: Unlimited</title>
	<year>2011</year>
	</meta>
	<link>
	<sublink>search</sublink>
	<sublink>searchsd</sublink>
	</link>
	<thumbnail>https://image.tmdb.org/t/p/w1280/ogTfgx79VtGnSAmPaYu15SYqXRI.jpg</thumbnail>
	<fanart>https://image.tmdb.org/t/p/w1280/zo2AdZCQ8aO85vThVqhb4zEWSU5.jpg</fanart>
</item>
<item>
	<title>[COLOR=blue]Blow Out[/COLOR]</title>
	<meta>
	<imdb>tt0082085</imdb>
	<content>movie</content>
	<title>Blow Out</title>
	<year>1981</year>
	</meta>
	<link>
	<sublink>https://www.youtube.com/watch?v=rDve1A5EAvk&feature=youtu.be</sublink>
	<sublink>search</sublink>
	<sublink>searchsd</sublink>
	</link>
	<thumbnail>https://image.tmdb.org/t/p/w1280/vt5d1gGPgkAKoKp127WPHjSJF3P.jpg</thumbnail>
	<fanart>https://image.tmdb.org/t/p/w1280/39iGTAyo60mk3KcMay2yYcLsUyP.jpg</fanart>
</item>
<item>
	<title>[COLOR=blue]The Theatre Bizarre[/COLOR]</title>
	<meta>
	<imdb>tt1763316</imdb>
	<content>movie</content>
	<title>The Theatre Bizarre</title>
	<year>2011</year>
	</meta>
	<link>
	<sublink>https://www.youtube.com/watch?v=drisPcSrwEs&feature=youtu.be</sublink>
	<sublink>search</sublink>
	<sublink>searchsd</sublink>
	</link>
	<thumbnail>https://image.tmdb.org/t/p/w1280/m0EGsIHrQa3pLkb2puFoAzJ5mjN.jpg</thumbnail>
	<fanart>https://image.tmdb.org/t/p/w1280/4FByzh1uuQbCO2fGsoNV9McLvqy.jpg</fanart>
</item>
<item>
	<title>[COLOR=blue]The Divide[/COLOR]</title>
	<meta>
	<imdb>tt1535616</imdb>
	<content>movie</content>
	<title>The Divide</title>
	<year>2011</year>
	</meta>
	<link>
	<sublink>https://www.youtube.com/watch?v=J-nMCYEtyv4&feature=youtu.be</sublink>
	<sublink>search</sublink>
	<sublink>searchsd</sublink>
	</link>
	<thumbnail>https://image.tmdb.org/t/p/w1280/3AdJMWYMjZBED2DLfBiOq7Rfw03.jpg</thumbnail>
	<fanart>https://image.tmdb.org/t/p/w1280/lxfQlCTmGuz9u9kxa7lcWLs3JI7.jpg</fanart>
</item>
<item>
	<title>[COLOR=blue]Halloween II[/COLOR]</title>
	<meta>
	<imdb>tt0082495</imdb>
	<content>movie</content>
	<title>Halloween II</title>
	<year>1981</year>
	</meta>
	<link>
	<sublink>https://www.youtube.com/watch?v=spKEP1d644I&feature=youtu.be</sublink>
	<sublink>search</sublink>
	<sublink>searchsd</sublink>
	</link>
	<thumbnail>https://image.tmdb.org/t/p/w1280/9oXa66gARefZBuca4xpD8EFbcVg.jpg</thumbnail>
	<fanart>https://image.tmdb.org/t/p/w1280/mTJ1whjTYradf6jXfF12fAIIcyx.jpg</fanart>
</item>
<item>
	<title>[COLOR=blue]The Hunt[/COLOR]</title>
	<meta>
	<imdb>tt2640570</imdb>
	<content>movie</content>
	<title>The Hunt</title>
	<year></year>
	</meta>
	<link>
	<sublink>https://www.youtube.com/watch?v=spKEP1d644I&feature=youtu.be</sublink>
	<sublink>search</sublink>
	<sublink>searchsd</sublink>
	</link>
	<thumbnail>https://image.tmdb.org/t/p/w1280none</thumbnail>
	<fanart>https://image.tmdb.org/t/p/w1280none</fanart>
</item>
<item>
	<title>[COLOR=blue]The Dead[/COLOR]</title>
	<meta>
	<imdb>tt1386925</imdb>
	<content>movie</content>
	<title>The Dead</title>
	<year>2010</year>
	</meta>
	<link>
	<sublink>https://www.youtube.com/watch?v=OJVdqZww9aE&feature=youtu.be</sublink>
	<sublink>search</sublink>
	<sublink>searchsd</sublink>
	</link>
	<thumbnail>https://image.tmdb.org/t/p/w1280/VS5nSPVVtc5qQb8NdhwQQLGWly.jpg</thumbnail>
	<fanart>https://image.tmdb.org/t/p/w1280/2Ssexz1Y8T36wO2w2v9La0GsYZf.jpg</fanart>
</item>
<item>
	<title>[COLOR=blue]Burnt Offerings[/COLOR]</title>
	<meta>
	<imdb>tt0074258</imdb>
	<content>movie</content>
	<title>Burnt Offerings</title>
	<year>1976</year>
	</meta>
	<link>
	<sublink>https://www.youtube.com/watch?v=-7l5dUZEbug&feature=youtu.be</sublink>
	<sublink>search</sublink>
	<sublink>searchsd</sublink>
	</link>
	<thumbnail>https://image.tmdb.org/t/p/w1280/hZiqE176wGdkv0XuiI8sKJasTDx.jpg</thumbnail>
	<fanart>https://image.tmdb.org/t/p/w1280/kYdPPJONZFvPKIICB2zu5w19jVx.jpg</fanart>
</item>
<item>
	<title>[COLOR=blue]Rabies[/COLOR]</title>
	<meta>
	<imdb>tt1754000</imdb>
	<content>movie</content>
	<title>Rabies</title>
	<year>2010</year>
	</meta>
	<link>
	<sublink>https://www.youtube.com/watch?v=EcfO4PZQDJs&feature=youtu.be</sublink>
	<sublink>search</sublink>
	<sublink>searchsd</sublink>
	</link>
	<thumbnail>https://image.tmdb.org/t/p/w1280/pAklVYYF4fuHsGlLm6H2ASzUMyh.jpg</thumbnail>
	<fanart>https://image.tmdb.org/t/p/w1280/gcEN10huAteNacaJVv67RRupIW6.jpg</fanart>
</item>
<item>
	<title>[COLOR=blue]Saint[/COLOR]</title>
	<meta>
	<imdb>tt1167675</imdb>
	<content>movie</content>
	<title>Saint</title>
	<year>2010</year>
	</meta>
	<link>
	<sublink>https://www.youtube.com/watch?v=QK55nao-vvw&feature=youtu.be</sublink>
	<sublink>search</sublink>
	<sublink>searchsd</sublink>
	</link>
	<thumbnail>https://image.tmdb.org/t/p/w1280/eMDgTtYeLxG7TBJaX3dR52oeZ4K.jpg</thumbnail>
	<fanart>https://image.tmdb.org/t/p/w1280/iJz43pkfZGvvC8UR1d3VwyhcxbH.jpg</fanart>
</item>
<item>
	<title>[COLOR=blue]Aliens[/COLOR]</title>
	<meta>
	<imdb>tt0090605</imdb>
	<content>movie</content>
	<title>Aliens</title>
	<year>1986</year>
	</meta>
	<link>
	<sublink>https://www.youtube.com/watch?v=LSHAgmGR-Ig&feature=youtu.be</sublink>
	<sublink>search</sublink>
	<sublink>searchsd</sublink>
	</link>
	<thumbnail>https://image.tmdb.org/t/p/w1280/nORMXEkYEbzkU5WkMWMgRDJwjSZ.jpg</thumbnail>
	<fanart>https://image.tmdb.org/t/p/w1280/fYoe6SqpNpTjUIIZhLGHfHu1Nt8.jpg</fanart>
</item>
