<item>
	<title>[COLOR=blue]14 Cameras[/COLOR]</title>
	<meta>
	<imdb>tt7476438</imdb>
	<content>movie</content>
	<title>14 Cameras</title>
	<year>2018</year>
	</meta>
	<link>
	<sublink>https://www.youtube.com/watch?v=_HqBKYe0DqA&feature=youtu.be</sublink>
	<sublink>search</sublink>
	<sublink>searchsd</sublink>
	</link>
	<thumbnail>https://image.tmdb.org/t/p/w1280/dzitlCN6BSddbhOyyLetgCmkjAQ.jpg</thumbnail>
	<fanart>https://image.tmdb.org/t/p/w1280/tg7qbtEpTT5uIce5tXTybXVxrI2.jpg</fanart>
</item>
<item>
	<title>[COLOR=blue]Along Came the Devil[/COLOR]</title>
	<meta>
	<imdb>tt3619070</imdb>
	<content>movie</content>
	<title>Along Came the Devil</title>
	<year>2018</year>
	</meta>
	<link>
	<sublink>https://www.youtube.com/watch?v=Ms4ygdHxeIw&feature=youtu.be</sublink>
	<sublink>search</sublink>
	<sublink>searchsd</sublink>
	</link>
	<thumbnail>https://image.tmdb.org/t/p/w1280/rZnGm2jmOWhNtFKn2Gj9zwdkTZs.jpg</thumbnail>
	<fanart>https://image.tmdb.org/t/p/w1280/ltKOlYoilem816Y4d41W4PipHQb.jpg</fanart>
</item>
<item>
	<title>[COLOR=blue]An American Haunting[/COLOR]</title>
	<meta>
	<imdb>tt0429573</imdb>
	<content>movie</content>
	<title>An American Haunting</title>
	<year>2005</year>
	</meta>
	<link>
	<sublink>https://www.youtube.com/watch?v=8Mr1wMiihKI&feature=youtu.be</sublink>
	<sublink>search</sublink>
	<sublink>searchsd</sublink>
	</link>
	<thumbnail>https://image.tmdb.org/t/p/w1280/8JlrHQxwbvrfFyCF8II7IlTNiY5.jpg</thumbnail>
	<fanart>https://image.tmdb.org/t/p/w1280/AfEXfGOyHleuDcMAIXoDGlnJQYa.jpg</fanart>
</item>

<item>
	<title>[COLOR=blue]Annabelle[/COLOR]</title>
	<meta>
	<imdb>tt3322940</imdb>
	<content>movie</content>
	<title>Annabelle</title>
	<year>2014</year>
	</meta>
	<link>
	<sublink>https://www.youtube.com/watch?v=jdUysoK6tdQ&feature=youtu.be</sublink>
	<sublink>search</sublink>
	<sublink>searchsd</sublink>
	</link>
	<thumbnail>https://image.tmdb.org/t/p/w1280/yAgxM61Sn0dYML4C9v3MJFp5zPI.jpg</thumbnail>
	<fanart>https://image.tmdb.org/t/p/w1280/2gKX53lskaCYk9ycXmaDJKqWiy.jpg</fanart>
</item>
<item>
	<title>[COLOR=blue]Annabelle: Creation[/COLOR]</title>
	<meta>
	<imdb>tt5140878</imdb>
	<content>movie</content>
	<title>Annabelle: Creation</title>
	<year>2017</year>
	</meta>
	<link>
	<sublink>https://www.youtube.com/watch?v=KisPhy7T__Q&feature=youtu.be</sublink>
	<sublink>search</sublink>
	<sublink>searchsd</sublink>
	</link>
	<thumbnail>https://image.tmdb.org/t/p/w1280/f7pn0VD3QpEXH8sETFNUow4o7hz.jpg</thumbnail>
	<fanart>https://image.tmdb.org/t/p/w1280/o8u0NyEigCEaZHBdCYTRfXR8U4i.jpg</fanart>
</item>
<item>
	<title>[COLOR=blue]Arcanum[/COLOR]</title>
	<meta>
	<imdb>tt0831272</imdb>
	<content>movie</content>
	<title>Arcanum</title>
	<year>2006</year>
	</meta>
	<link>
	<sublink>https://www.youtube.com/watch?v=KisPhy7T__Q&feature=youtu.be</sublink>
	<sublink>search</sublink>
	<sublink>searchsd</sublink>
	</link>
	<thumbnail>https://image.tmdb.org/t/p/w1280/dDiVOOiBbU5LLvCGPMHaMMBm1fW.jpg</thumbnail>
	<fanart>https://image.tmdb.org/t/p/w1280</fanart>
</item>
<item>
	<title>[COLOR=blue]Audrey Rose[/COLOR]</title>
	<meta>
	<imdb>tt0075704</imdb>
	<content>movie</content>
	<title>Audrey Rose</title>
	<year>1977</year>
	</meta>
	<link>
	<sublink>https://www.youtube.com/watch?v=VA472APep1k&feature=youtu.be</sublink>
	<sublink>search</sublink>
	<sublink>searchsd</sublink>
	</link>
	<thumbnail>https://image.tmdb.org/t/p/w1280/aSleSJrBJ6hKA8HfVuF9mehuyTR.jpg</thumbnail>
	<fanart>https://image.tmdb.org/t/p/w1280/ctkf5rK8spaAvwXX4GHg5sWOHcr.jpg</fanart>
</item>
<item>
	<title>[COLOR=blue]Aura[/COLOR]</title>
	<meta>
	<imdb>tt7631320</imdb>
	<content>movie</content>
	<title>Aura</title>
	<year>2018</year>
	</meta>
	<link>
	<sublink>https://www.youtube.com/watch?v=hmUecUvzNBM&feature=youtu.be</sublink>
	<sublink>search</sublink>
	<sublink>searchsd</sublink>
	</link>
	<thumbnail>https://image.tmdb.org/t/p/w1280/cSHypTpVZa8eugSDOO99MuxGDG5.jpg</thumbnail>
	<fanart>https://image.tmdb.org/t/p/w1280/sRFRnOoBEGGavh9dfP95UQ1mWT.jpg</fanart>
</item>
<item>
	<title>[COLOR=blue]The Babadook[/COLOR]</title>
	<meta>
	<imdb>tt2321549</imdb>
	<content>movie</content>
	<title>The Babadook</title>
	<year>2014</year>
	</meta>
	<link>
	<sublink>https://www.youtube.com/watch?v=79lG2kyhzm8&feature=youtu.be</sublink>
	<sublink>search</sublink>
	<sublink>searchsd</sublink>
	</link>
	<thumbnail>https://image.tmdb.org/t/p/w1280/4zPxsfmeNX438gf77hjb9eYGiLh.jpg</thumbnail>
	<fanart>https://image.tmdb.org/t/p/w1280/pJ10mpKs2mM2AXTUOmM4yl5PJi8.jpg</fanart>
</item>
<dir>
	<title>[COLOR=blue]Bedlam[/COLOR]</title>
	<meta>
	<imdb>tt0069738</imdb>
	<content>tv</content>
	<title>Bedlam</title>
	<year>2011</year>
	</meta>
	<link>
	<sublink>https://www.youtube.com/watch?v=MmB6mkexPuE&feature=youtu.be</sublink>
	</link>
	<thumbnail>https://image.tmdb.org/t/p/w1280/4pCfV19mHFm6NFYvz3ehOVaEEjc.jpg</thumbnail>
	<fanart>https://image.tmdb.org/t/p/w1280/wnUqJPJv0rShwKftAEupN37MYUj.jpg</fanart>
</dir>
<item>
	<title>[COLOR=blue]Before Someone Gets Hurt[/COLOR]</title>
	<meta>
	<imdb>tt3444206</imdb>
	<content>movie</content>
	<title>Before Someone Gets Hurt</title>
	<year>2018</year>
	</meta>
	<link>
	<sublink>https://www.youtube.com/watch?v=8vYrnDNQC6M&feature=youtu.be</sublink>
	<sublink>search</sublink>
	<sublink>searchsd</sublink>
	</link>
	<thumbnail>https://image.tmdb.org/t/p/w1280/dUgoy8qSCZ5Y5pBiu5ipufvS16d.jpg</thumbnail>
	<fanart>https://image.tmdb.org/t/p/w1280/s9YhmrLZ9ndEig1UuMwbMgC3JgE.jpg</fanart>
</item>

<item>
	<title>[COLOR=blue]Black Christmas[/COLOR]</title>
	<meta>
	<imdb>tt0071222</imdb>
	<content>movie</content>
	<title>Black Christmas</title>
	<year>1974</year>
	</meta>
	<link>
	<sublink>https://www.youtube.com/watch?v=ufCj6iUM_zY&feature=youtu.be</sublink>
	<sublink>search</sublink>
	<sublink>searchsd</sublink>
	</link>
	<thumbnail>https://image.tmdb.org/t/p/w1280/qqO98sdPgptFgCua3Z4uZDuPcmP.jpg</thumbnail>
	<fanart>https://image.tmdb.org/t/p/w1280/zfs9QuKkZL6ZCluGvjo5Pk49aMv.jpg</fanart>
</item>
<item>
	<title>[COLOR=blue]Blood Curse: The Haunting of Alicia Stone[/COLOR]</title>
	<meta>
	<imdb>tt4986280</imdb>
	<content>movie</content>
	<title>Blood Curse: The Haunting of Alicia Stone</title>
	<year>2019</year>
	</meta>
	<link>
	<sublink>https://www.youtube.com/watch?v=ufCj6iUM_zY&feature=youtu.be</sublink>
	<sublink>search</sublink>
	<sublink>searchsd</sublink>
	</link>
	<thumbnail>https://image.tmdb.org/t/p/w1280/v5IOjYcq3pljASsUHOjjk5xsmsH.jpg</thumbnail>
	<fanart>https://image.tmdb.org/t/p/w1280</fanart>
</item>
<dir>
	<title>[COLOR=blue]Buffy the Vampire Slayer[/COLOR]</title>
	<meta>
	<imdb>tt0120591</imdb>
	<content>tv</content>
	<title>Buffy the Vampire Slayer</title>
	<year>1997</year>
	</meta>
	<link>
	<sublink>https://www.youtube.com/watch?v=-1v_q6TWAL4&feature=youtu.be</sublink>
	</link>
	<thumbnail>https://image.tmdb.org/t/p/w1280/41jsOEYsh9lJBc6AZqGpR1ETpx5.jpg</thumbnail>
	<fanart>https://image.tmdb.org/t/p/w1280/nTiVkActCwvEyIqBRpJjik8jSuk.jpg</fanart>
</dir>
<item>
	<title>[COLOR=blue]Carrie[/COLOR]</title>
	<meta>
	<imdb>tt0074285</imdb>
	<content>movie</content>
	<title>Carrie</title>
	<year>1976</year>
	</meta>
	<link>
	<sublink>https://www.youtube.com/watch?v=EB9TxhF08ng&feature=youtu.be</sublink>
	<sublink>search</sublink>
	<sublink>searchsd</sublink>
	</link>
	<thumbnail>https://image.tmdb.org/t/p/w1280/n9JxLthRHwTWwu5OjFHVplkVSUg.jpg</thumbnail>
	<fanart>https://image.tmdb.org/t/p/w1280/zwJFfKQdfiptK2GY6N8GkZFrAxJ.jpg</fanart>
</item>
<item>
	<title>[COLOR=blue]The Conjuring[/COLOR]</title>
	<meta>
	<imdb>tt1457767</imdb>
	<content>movie</content>
	<title>The Conjuring</title>
	<year>2013</year>
	</meta>
	<link>
	<sublink>https://www.youtube.com/watch?v=ejMMn0t58Lc&feature=youtu.be</sublink>
	<sublink>search</sublink>
	<sublink>searchsd</sublink>
	</link>
	<thumbnail>https://image.tmdb.org/t/p/w1280/ejrD1lkCIQX26TO8k4gePsFpcyX.jpg</thumbnail>
	<fanart>https://image.tmdb.org/t/p/w1280/ksV4twEYj9HUjq2MP6q2dM0rxWX.jpg</fanart>
</item>
<item>
	<title>[COLOR=blue]The Conjuring 2[/COLOR]</title>
	<meta>
	<imdb>tt3065204</imdb>
	<content>movie</content>
	<title>The Conjuring 2</title>
	<year>2016</year>
	</meta>
	<link>
	<sublink>https://www.youtube.com/watch?v=VFsmuRPClr4&feature=youtu.be</sublink>
	<sublink>search</sublink>
	<sublink>searchsd</sublink>
	</link>
	<thumbnail>https://image.tmdb.org/t/p/w1280/pUwdglql8cbztEink0JCgG1TY28.jpg</thumbnail>
	<fanart>https://image.tmdb.org/t/p/w1280/slpgZisYNapLoN9FWXqDOC1ExbU.jpg</fanart>
</item>
<item>
	<title>[COLOR=blue]The Crescent[/COLOR]</title>
	<meta>
	<imdb>tt6044156</imdb>
	<content>movie</content>
	<title>The Crescent</title>
	<year>2018</year>
	</meta>
	<link>
	<sublink>https://www.youtube.com/watch?v=Bji7jatpHqA&feature=youtu.be</sublink>
	<sublink>search</sublink>
	<sublink>searchsd</sublink>
	</link>
	<thumbnail>https://image.tmdb.org/t/p/w1280/lUfUeDvSzCTVyFlROIEOyUUYRWW.jpg</thumbnail>
	<fanart>https://image.tmdb.org/t/p/w1280/hPnJ3fYwHMpS017IDZsBmgHl7Ue.jpg</fanart>
</item>
<item>
	<title>[COLOR=blue]Damien: Omen II[/COLOR]</title>
	<meta>
	<imdb>tt0077394</imdb>
	<content>movie</content>
	<title>Damien: Omen II</title>
	<year>1978</year>
	</meta>
	<link>
	<sublink>https://www.youtube.com/watch?v=Az86iKhWAjk&feature=youtu.be</sublink>
	<sublink>search</sublink>
	<sublink>searchsd</sublink>
	</link>
	<thumbnail>https://image.tmdb.org/t/p/w1280/gXpCjRUqgWDxufXqt34qyVweJnQ.jpg</thumbnail>
	<fanart>https://image.tmdb.org/t/p/w1280/2uvFzhyfiUihVhvkryhyojjAc99.jpg</fanart>
</item>
<item>
	<title>[COLOR=blue]Dead Night[/COLOR]</title>
	<meta>
	<imdb>tt5719076</imdb>
	<content>movie</content>
	<title>Dead Night</title>
	<year>2018</year>
	</meta>
	<link>
	<sublink>https://www.youtube.com/watch?v=Zc0kON4afqM&feature=youtu.be</sublink>
	<sublink>search</sublink>
	<sublink>searchsd</sublink>
	</link>
	<thumbnail>https://image.tmdb.org/t/p/w1280/ndZ1PVgnTYAlRi5BVup4ZIzlPwA.jpg</thumbnail>
	<fanart>https://image.tmdb.org/t/p/w1280/p2ewDNJo0aT7pGG5pVhI9mSZ28x.jpg</fanart>
</item>
<item>
	<title>[COLOR=blue]Deliver Us from Evil[/COLOR]</title>
	<meta>
	<imdb>tt2377322</imdb>
	<content>movie</content>
	<title>Deliver Us from Evil</title>
	<year>2014</year>
	</meta>
	<link>
	<sublink>https://www.youtube.com/watch?v=F1KY_pMBVXQ&feature=youtu.be</sublink>
	<sublink>search</sublink>
	<sublink>searchsd</sublink>
	</link>
	<thumbnail>https://image.tmdb.org/t/p/w1280/jgtStjg33PH3TwBrMKKhvNL5J1c.jpg</thumbnail>
	<fanart>https://image.tmdb.org/t/p/w1280/h0jrxKeDXS6VKnUnJayXLTo6PDx.jpg</fanart>
</item>
<item>
	<title>[COLOR=blue]The Devil's Doorway[/COLOR]</title>
	<meta>
	<imdb>tt6793280</imdb>
	<content>movie</content>
	<title>The Devil's Doorway</title>
	<year>2018</year>
	</meta>
	<link>
	<sublink>https://www.youtube.com/watch?v=p2QoTwVkTZY&feature=youtu.be</sublink>
	<sublink>search</sublink>
	<sublink>searchsd</sublink>
	</link>
	<thumbnail>https://image.tmdb.org/t/p/w1280/iXZsv8e9Q5mdYjsdNjch8cZzcUs.jpg</thumbnail>
	<fanart>https://image.tmdb.org/t/p/w1280/weaONWEyKX0OmFwcB2SWsNXeP8Z.jpg</fanart>
</item>
<dir>
	<title>[COLOR=blue]Dexter[/COLOR]</title>
	<meta>
	<imdb>tt0015881</imdb>
	<content>tv</content>
	<title>Dexter</title>
	<year>2006</year>
	</meta>
	<link>
	<sublink>https://www.youtube.com/watch?v=YQeUmSD1c3g&feature=youtu.be</sublink>
	</link>
	<thumbnail>https://image.tmdb.org/t/p/w1280/ydmfheI5cJ4NrgcupDEwk8I8y5q.jpg</thumbnail>
	<fanart>https://image.tmdb.org/t/p/w1280/5m05BIoMHgTd4zvJ5OBh7gZFGWV.jpg</fanart>
</dir>
<item>
	<title>[COLOR=blue]Down a Dark Hall[/COLOR]</title>
	<meta>
	<imdb>tt2372251</imdb>
	<content>movie</content>
	<title>Down a Dark Hall</title>
	<year>2018</year>
	</meta>
	<link>
	<sublink>https://www.youtube.com/watch?v=TwHoY2dVZLE&feature=youtu.be</sublink>
	<sublink>search</sublink>
	<sublink>searchsd</sublink>
	</link>
	<thumbnail>https://image.tmdb.org/t/p/w1280/wErHaJrD1QZ2FEVneH6w0GZUz2L.jpg</thumbnail>
	<fanart>https://image.tmdb.org/t/p/w1280/eoTjilPmObqBMcXaBDBYTIPdB7e.jpg</fanart>
</item>
<item>
	<title>[COLOR=blue]Dracula[/COLOR]</title>
	<meta>
	<imdb>tt0103874</imdb>
	<content>movie</content>
	<title>Dracula</title>
	<year>1992</year>
	</meta>
	<link>
	<sublink>https://www.youtube.com/watch?v=fgFPIh5mvNc&feature=youtu.be</sublink>
	<sublink>search</sublink>
	<sublink>searchsd</sublink>
	</link>
	<thumbnail>https://image.tmdb.org/t/p/w1280/ioHxm3D3JdSXR61LRhcVb8KdZOz.jpg</thumbnail>
	<fanart>https://image.tmdb.org/t/p/w1280/x4RwLFKvVm5X6zkrKRLBUkDIwuq.jpg</fanart>
</item>
<item>
	<title>[COLOR=blue]Dracula in Love[/COLOR]</title>
	<meta>
	<imdb>tt7830584</imdb>
	<content>movie</content>
	<title>Dracula in Love</title>
	<year>2018</year>
	</meta>
	<link>
	<sublink>https://www.youtube.com/watch?v=pdh62DMllAU&feature=youtu.be</sublink>
	<sublink>search</sublink>
	<sublink>searchsd</sublink>
	</link>
	<thumbnail>https://image.tmdb.org/t/p/w1280/zLexTw5yhZHcWX5XCqKOdy10FTB.jpg</thumbnail>
	<fanart>https://image.tmdb.org/t/p/w1280/pJwYrv2Fd6ExsPzTNiRusmjjpTn.jpg</fanart>
</item>
<item>
	<title>[COLOR=blue]The Inhabitant[/COLOR]</title>
	<meta>
	<imdb>tt6830412</imdb>
	<content>movie</content>
	<title>The Inhabitant</title>
	<year>2018</year>
	</meta>
	<link>
	<sublink>https://www.youtube.com/watch?v=pdh62DMllAU&feature=youtu.be</sublink>
	<sublink>search</sublink>
	<sublink>searchsd</sublink>
	</link>
	<thumbnail>https://image.tmdb.org/t/p/w1280/E1ryc3622t0iQqyqJTZnhHripg.jpg</thumbnail>
	<fanart>https://image.tmdb.org/t/p/w1280/hgFJd0IsXDPFF77F4VqjlJvTlkc.jpg</fanart>
</item>
<item>
	<title>[COLOR=blue]The Entity[/COLOR]</title>
	<meta>
	<imdb>tt0082334</imdb>
	<content>movie</content>
	<title>The Entity</title>
	<year>1982</year>
	</meta>
	<link>
	<sublink>https://www.youtube.com/watch?v=hqKbDGvIk6o&feature=youtu.be</sublink>
	<sublink>search</sublink>
	<sublink>searchsd</sublink>
	</link>
	<thumbnail>https://image.tmdb.org/t/p/w1280/shESiPSMap1lITPt5dWXuWigRSG.jpg</thumbnail>
	<fanart>https://image.tmdb.org/t/p/w1280/9pDEitMiB9Xyt6i2cEOTe3E07JF.jpg</fanart>
</item>
<item>
	<title>[COLOR=blue]The Exorcism of Emily Rose[/COLOR]</title>
	<meta>
	<imdb>tt0404032</imdb>
	<content>movie</content>
	<title>The Exorcism of Emily Rose</title>
	<year>2005</year>
	</meta>
	<link>
	<sublink>https://www.youtube.com/watch?v=Bi-PLwxwvy8&feature=youtu.be</sublink>
	<sublink>search</sublink>
	<sublink>searchsd</sublink>
	</link>
	<thumbnail>https://image.tmdb.org/t/p/w1280/lDffYgWFiAfA7ztBW6R4LWdjXK6.jpg</thumbnail>
	<fanart>https://image.tmdb.org/t/p/w1280/6thnbe32tzVJlNHGmAKaHoQJRwP.jpg</fanart>
</item>
<item>
	<title>[COLOR=blue]The Exorcist[/COLOR]</title>
	<meta>
	<imdb>tt0070047</imdb>
	<content>movie</content>
	<title>The Exorcist</title>
	<year>1973</year>
	</meta>
	<link>
	<sublink>https://www.youtube.com/watch?v=PkrN-l4G8U4&feature=youtu.be</sublink>
	<sublink>search</sublink>
	<sublink>searchsd</sublink>
	</link>
	<thumbnail>https://image.tmdb.org/t/p/w1280/4ucLGcXVVSVnsfkGtbLY4XAius8.jpg</thumbnail>
	<fanart>https://image.tmdb.org/t/p/w1280/8fbVKzK59OMe5s2l22dfeaM8oxJ.jpg</fanart>
</item>
<item>
	<title>[COLOR=blue]Exorcist II: The Heretic[/COLOR]</title>
	<meta>
	<imdb>tt0076009</imdb>
	<content>movie</content>
	<title>Exorcist II: The Heretic</title>
	<year>1977</year>
	</meta>
	<link>
	<sublink>https://www.youtube.com/watch?v=ZEnaYHPDxyg&feature=youtu.be</sublink>
	<sublink>search</sublink>
	<sublink>searchsd</sublink>
	</link>
	<thumbnail>https://image.tmdb.org/t/p/w1280/jIVYbxsp6y80wyfLlnKkRc9rI6Q.jpg</thumbnail>
	<fanart>https://image.tmdb.org/t/p/w1280/sABEfSEb3ZTu8eO0q20sixezbVY.jpg</fanart>
</item>
<item>
	<title>[COLOR=blue]The Exorcist III[/COLOR]</title>
	<meta>
	<imdb>tt0099528</imdb>
	<content>movie</content>
	<title>The Exorcist III</title>
	<year>1990</year>
	</meta>
	<link>
	<sublink>https://www.youtube.com/watch?v=BXsj26KH4jk&feature=youtu.be</sublink>
	<sublink>search</sublink>
	<sublink>searchsd</sublink>
	</link>
	<thumbnail>https://image.tmdb.org/t/p/w1280/xU1mJq4AihDXAhEmdOmCgPCy1li.jpg</thumbnail>
	<fanart>https://image.tmdb.org/t/p/w1280/be0nR66qvr539GN2n8wVz78SqaC.jpg</fanart>
</item>
<item>
	<title>[COLOR=blue]Get Out[/COLOR]</title>
	<meta>
	<imdb>tt5052448</imdb>
	<content>movie</content>
	<title>Get Out</title>
	<year>2017</year>
	</meta>
	<link>
	<sublink>https://www.youtube.com/watch?v=xnGTjx-AVdc&feature=youtu.be</sublink>
	<sublink>search</sublink>
	<sublink>searchsd</sublink>
	</link>
	<thumbnail>https://image.tmdb.org/t/p/w1280/1SwAVYpuLj8KsHxllTF8Dt9dSSX.jpg</thumbnail>
	<fanart>https://image.tmdb.org/t/p/w1280/vZ7EVk7FaNEWYqlVWbFLHP8Z0LU.jpg</fanart>
</item>

<item>
	<title>[COLOR=blue]The Haunting in Connecticut[/COLOR]</title>
	<meta>
	<imdb>tt0492044</imdb>
	<content>movie</content>
	<title>The Haunting in Connecticut</title>
	<year>2009</year>
	</meta>
	<link>
	<sublink>https://www.youtube.com/watch?v=MRJA3lN0xCQ&feature=youtu.be</sublink>
	<sublink>search</sublink>
	<sublink>searchsd</sublink>
	</link>
	<thumbnail>https://image.tmdb.org/t/p/w1280/8WEkxaRQJSsZ1Yy4advVCVK18Gv.jpg</thumbnail>
	<fanart>https://image.tmdb.org/t/p/w1280/30ZKjZz7jBwJFTrsfFxx8TaTN3R.jpg</fanart>
</item>
<item>
	<title>[COLOR=blue]The Haunting in Connecticut 2: Ghosts of Georgia[/COLOR]</title>
	<meta>
	<imdb>tt1457765</imdb>
	<content>movie</content>
	<title>The Haunting in Connecticut 2: Ghosts of Georgia</title>
	<year>2013</year>
	</meta>
	<link>
	<sublink>https://www.youtube.com/watch?v=Vt_TnDqAYGc&feature=youtu.be</sublink>
	<sublink>search</sublink>
	<sublink>searchsd</sublink>
	</link>
	<thumbnail>https://image.tmdb.org/t/p/w1280/fBuk4jsOUjjjxCqS6rPgMKi1RB0.jpg</thumbnail>
	<fanart>https://image.tmdb.org/t/p/w1280/gv4vhStXehlD3S6mxciqmuIK4kh.jpg</fanart>
</item>
<item>
	<title>[COLOR=blue]Hell Mountain[/COLOR]</title>
	<meta>
	<imdb>tt5276332</imdb>
	<content>movie</content>
	<title>Hell Mountain</title>
	<year>2017</year>
	</meta>
	<link>
	<sublink>https://www.youtube.com/watch?v=Vt_TnDqAYGc&feature=youtu.be</sublink>
	<sublink>search</sublink>
	<sublink>searchsd</sublink>
	</link>
	<thumbnail>https://image.tmdb.org/t/p/w1280/1favNf0gptLzPuCBRDrt4qlUr1b.jpg</thumbnail>
	<fanart>https://image.tmdb.org/t/p/w1280</fanart>
</item>
<item>
	<title>[COLOR=blue]Insidious: The Last Key[/COLOR]</title>
	<meta>
	<imdb>tt5726086</imdb>
	<content>movie</content>
	<title>Insidious: The Last Key</title>
	<year>2018</year>
	</meta>
	<link>
	<sublink>https://www.youtube.com/watch?v=acQyrwQyCOk&feature=youtu.be</sublink>
	<sublink>search</sublink>
	<sublink>searchsd</sublink>
	</link>
	<thumbnail>https://image.tmdb.org/t/p/w1280/nb9fc9INMg8kQ8L7sE7XTNsZnUX.jpg</thumbnail>
	<fanart>https://image.tmdb.org/t/p/w1280/PwI3EfasE9fVuXsmMu9ffJh0Re.jpg</fanart>
</item>
<item>
	<title>[COLOR=blue]Intensive Care[/COLOR]</title>
	<meta>
	<imdb>tt5231992</imdb>
	<content>movie</content>
	<title>Intensive Care</title>
	<year>2018</year>
	</meta>
	<link>
	<sublink>https://www.youtube.com/watch?v=NUmKPPoZE48&feature=youtu.be</sublink>
	<sublink>search</sublink>
	<sublink>searchsd</sublink>
	</link>
	<thumbnail>https://image.tmdb.org/t/p/w1280/tGW3U7qJMMZ1NOeya1UrPM6vYt1.jpg</thumbnail>
	<fanart>https://image.tmdb.org/t/p/w1280/8GU1Rxbe7BdIQXhXk22x0MFHqku.jpg</fanart>
</item>
<item>
	<title>[COLOR=blue]The Lost Boys[/COLOR]</title>
	<meta>
	<imdb>tt0093437</imdb>
	<content>movie</content>
	<title>The Lost Boys</title>
	<year>1987</year>
	</meta>
	<link>
	<sublink>https://www.youtube.com/watch?v=hsv_NQFbQzo&feature=youtu.be</sublink>
	<sublink>search</sublink>
	<sublink>searchsd</sublink>
	</link>
	<thumbnail>https://image.tmdb.org/t/p/w1280/evo7oiay9qDUzY510VhrB3YzyJs.jpg</thumbnail>
	<fanart>https://image.tmdb.org/t/p/w1280/3wMkHCnwG2PdNeFkfou8vTY2g5b.jpg</fanart>
</item>
<dir>
	<title>[COLOR=blue]Masters of Horror[/COLOR]</title>
	<meta>
	<imdb>tt0182071</imdb>
	<content>tv</content>
	<title>Masters of Horror</title>
	<year>2005</year>
	</meta>
	<link>
	<sublink>https://www.youtube.com/watch?v=WMvZbadBEEA&feature=youtu.be</sublink>
	</link>
	<thumbnail>https://image.tmdb.org/t/p/w1280/65QVXDWvWi1IN1Wd6FiPLhmYUMy.jpg</thumbnail>
	<fanart>https://image.tmdb.org/t/p/w1280/e5aupP5RQXnrLPwnIohGkYMfb4M.jpg</fanart>
</dir>
<dir>
	<title>[COLOR=blue]Mayans M.C.[/COLOR]</title>
	<meta>
	<imdb>tt0048528</imdb>
	<content>tv</content>
	<title>Mayans M.C.</title>
	<year>2018</year>
	</meta>
	<link>
	<sublink>https://www.youtube.com/watch?v=uLqdsersVE8&feature=youtu.be</sublink>
	</link>
	<thumbnail>https://image.tmdb.org/t/p/w1280/y8PYGJ7TGjtMxwPA5Mhwa9svTRJ.jpg</thumbnail>
	<fanart>https://image.tmdb.org/t/p/w1280/43yEwj8aJigrDMmBlF6JQrCUrXY.jpg</fanart>
</dir>

<item>
	<title>[COLOR=blue]The Mothman Prophecies[/COLOR]</title>
	<meta>
	<imdb>tt0265349</imdb>
	<content>movie</content>
	<title>The Mothman Prophecies</title>
	<year>2002</year>
	</meta>
	<link>
	<sublink>https://www.youtube.com/watch?v=bXcpwJbXT7o&feature=youtu.be</sublink>
	<sublink>search</sublink>
	<sublink>searchsd</sublink>
	</link>
	<thumbnail>https://image.tmdb.org/t/p/w1280/746O4Rn8TKRp2UZoenD4dgwmKMj.jpg</thumbnail>
	<fanart>https://image.tmdb.org/t/p/w1280/1m5i8hzRYVuKW4MLtXjZDrj6ZAr.jpg</fanart>
</item>
<item>
	<title>[COLOR=blue]Near Dark[/COLOR]</title>
	<meta>
	<imdb>tt0093605</imdb>
	<content>movie</content>
	<title>Near Dark</title>
	<year>1987</year>
	</meta>
	<link>
	<sublink>https://www.youtube.com/watch?v=-WPxTWDEtAg&feature=youtu.be</sublink>
	<sublink>search</sublink>
	<sublink>searchsd</sublink>
	</link>
	<thumbnail>https://image.tmdb.org/t/p/w1280/saRst8v7T8uJTjmd64VOCx1JoQ4.jpg</thumbnail>
	<fanart>https://image.tmdb.org/t/p/w1280/zdERdnOPBWBdkozRhVEaemueQXw.jpg</fanart>
</item>
<item>
	<title>[COLOR=blue]The Omen[/COLOR]</title>
	<meta>
	<imdb>tt0075005</imdb>
	<content>movie</content>
	<title>The Omen</title>
	<year>1976</year>
	</meta>
	<link>
	<sublink>https://www.youtube.com/watch?v=cvrv8U5MfS4&feature=youtu.be</sublink>
	<sublink>search</sublink>
	<sublink>searchsd</sublink>
	</link>
	<thumbnail>https://image.tmdb.org/t/p/w1280/uY14zS4Sm2DdvFXeczFKgLgkQUP.jpg</thumbnail>
	<fanart>https://image.tmdb.org/t/p/w1280/gwGqOoYUVFBlNsuqM5OEtgC8KL2.jpg</fanart>
</item>
<item>
	<title>[COLOR=blue]Omen III: The Final Conflict[/COLOR]</title>
	<meta>
	<imdb>tt0082377</imdb>
	<content>movie</content>
	<title>Omen III: The Final Conflict</title>
	<year>1981</year>
	</meta>
	<link>
	<sublink>https://www.youtube.com/watch?v=MEh07Der7dc&feature=youtu.be</sublink>
	<sublink>search</sublink>
	<sublink>searchsd</sublink>
	</link>
	<thumbnail>https://image.tmdb.org/t/p/w1280/6vbza8mUbfDiBqqYJMfsLSVIAvn.jpg</thumbnail>
	<fanart>https://image.tmdb.org/t/p/w1280/rTqJVYf0tcxGlhKDNC4V97ZPZys.jpg</fanart>
</item>
<item>
	<title>[COLOR=blue]Omen IV: The Awakening[/COLOR]</title>
	<meta>
	<imdb>tt0102585</imdb>
	<content>movie</content>
	<title>Omen IV: The Awakening</title>
	<year>1991</year>
	</meta>
	<link>
	<sublink>https://www.youtube.com/watch?v=4TBDZPRiJ0A&feature=youtu.be</sublink>
	<sublink>search</sublink>
	<sublink>searchsd</sublink>
	</link>
	<thumbnail>https://image.tmdb.org/t/p/w1280/qHXmILIvJkV1sobBGSwbjt40sLh.jpg</thumbnail>
	<fanart>https://image.tmdb.org/t/p/w1280/1GxLeuHamnq4f2MTd1qbVAYLj4D.jpg</fanart>
</item>
<item>
	<title>[COLOR=blue]Ouija Seance: The Final Game[/COLOR]</title>
	<meta>
	<imdb>tt8655708</imdb>
	<content>movie</content>
	<title>Ouija Seance: The Final Game</title>
	<year>2018</year>
	</meta>
	<link>
	<sublink>https://www.youtube.com/watch?v=gMjcvK0ha5o&feature=youtu.be</sublink>
	<sublink>search</sublink>
	<sublink>searchsd</sublink>
	</link>
	<thumbnail>https://image.tmdb.org/t/p/w1280/cMjufnP6CD7zgB3uFFeAII6pu4A.jpg</thumbnail>
	<fanart>https://image.tmdb.org/t/p/w1280/hN1T9wZwF9VhJwC716uGcWkeNy2.jpg</fanart>
</item>
<item>
	<title>[COLOR=blue]Our House[/COLOR]</title>
	<meta>
	<imdb>tt2018069</imdb>
	<content>movie</content>
	<title>Our House</title>
	<year>2018</year>
	</meta>
	<link>
	<sublink>https://www.youtube.com/watch?v=MZRC3xfhxnY&feature=youtu.be</sublink>
	<sublink>search</sublink>
	<sublink>searchsd</sublink>
	</link>
	<thumbnail>https://image.tmdb.org/t/p/w1280/u1Qt0HtO4ZYY2qcgM42XUd8xgtA.jpg</thumbnail>
	<fanart>https://image.tmdb.org/t/p/w1280/67Dy4wX3GjHK1YMvMDa6EjRRDBp.jpg</fanart>
</item>
<item>
	<title>[COLOR=blue]Patient Zero[/COLOR]</title>
	<meta>
	<imdb>tt3458254</imdb>
	<content>movie</content>
	<title>Patient Zero</title>
	<year>2018</year>
	</meta>
	<link>
	<sublink>https://www.youtube.com/watch?v=W9uddyaqAPE&feature=youtu.be</sublink>
	<sublink>search</sublink>
	<sublink>searchsd</sublink>
	</link>
	<thumbnail>https://image.tmdb.org/t/p/w1280/5jOqatpfh0aKYhl6fN83RK69UtC.jpg</thumbnail>
	<fanart>https://image.tmdb.org/t/p/w1280/kpjp9Wqj6U4wdv4oSEe9FLkNhaQ.jpg</fanart>
</item>
<dir>
	<title>[COLOR=blue]Penny Dreadful[/COLOR]</title>
	<meta>
	<imdb>tt0387462</imdb>
	<content>tv</content>
	<title>Penny Dreadful</title>
	<year>2014</year>
	</meta>
	<link>
	<sublink>https://www.youtube.com/watch?v=YFXHfEqMcis&feature=youtu.be</sublink>
	</link>
	<thumbnail>https://image.tmdb.org/t/p/w1280/wdNA7aBxcSebbXoYBumt7yyYyIa.jpg</thumbnail>
	<fanart>https://image.tmdb.org/t/p/w1280/g8RfstDFp1AOO0sSviTYvZ0slW7.jpg</fanart>
</dir>
<item>
	<title>[COLOR=blue]Penny Dreadful[/COLOR]</title>
	<meta>
	<imdb>tt0454224</imdb>
	<content>movie</content>
	<title>Penny Dreadful</title>
	<year>2006</year>
	</meta>
	<link>
	<sublink>https://www.youtube.com/watch?v=HTa32-hUFBI&feature=youtu.be</sublink>
	<sublink>search</sublink>
	<sublink>searchsd</sublink>
	</link>
	<thumbnail>https://image.tmdb.org/t/p/w1280/9sYZBAkkUPJigLrQRrjVJvOp28.jpg</thumbnail>
	<fanart>https://image.tmdb.org/t/p/w1280/ekdHyYpKvI8Y8qaIebzU0gb665g.jpg</fanart>
</item>
<item>
	<title>[COLOR=blue]The Possession[/COLOR]</title>
	<meta>
	<imdb>tt0431021</imdb>
	<content>movie</content>
	<title>The Possession</title>
	<year>2012</year>
	</meta>
	<link>
	<sublink>https://www.youtube.com/watch?v=trjtw_ZwzR0&feature=youtu.be</sublink>
	<sublink>search</sublink>
	<sublink>searchsd</sublink>
	</link>
	<thumbnail>https://image.tmdb.org/t/p/w1280/4QjzFuaZmB4btGnLwAgdp23BzIU.jpg</thumbnail>
	<fanart>https://image.tmdb.org/t/p/w1280/h4ApNjVe5z1lZzqC7i4r1jZqgha.jpg</fanart>
</item>


<item>
	<title>[COLOR=blue]Retribution[/COLOR]</title>
	<meta>
	<imdb>tt4845094</imdb>
	<content>movie</content>
	<title>Retribution</title>
	<year>2017</year>
	</meta>
	<link>
	<sublink>https://www.youtube.com/watch?v=DWD88dEldvo&feature=youtu.be</sublink>
	<sublink>search</sublink>
	<sublink>searchsd</sublink>
	</link>
	<thumbnail>https://image.tmdb.org/t/p/w1280/h5zIG4iXIoEUjFzooOUF3xPTMkY.jpg</thumbnail>
	<fanart>https://image.tmdb.org/t/p/w1280/xcuCOdtznCYhJDN2oW0kuRrzd1k.jpg</fanart>
</item>
<item>
	<title>[COLOR=blue]The Ring[/COLOR]</title>
	<meta>
	<imdb>tt0298130</imdb>
	<content>movie</content>
	<title>The Ring</title>
	<year>2002</year>
	</meta>
	<link>
	<sublink>https://www.youtube.com/watch?v=ymPUAsPsTwg&feature=youtu.be</sublink>
	<sublink>search</sublink>
	<sublink>searchsd</sublink>
	</link>
	<thumbnail>https://image.tmdb.org/t/p/w1280/zHJFdhqEXZJxG653oZvOM3PmNON.jpg</thumbnail>
	<fanart>https://image.tmdb.org/t/p/w1280/kQOLgJGvFjQ7EwGfaPkW9dlGFXJ.jpg</fanart>
</item>
<item>
	<title>[COLOR=blue]The Ring Two[/COLOR]</title>
	<meta>
	<imdb>tt0377109</imdb>
	<content>movie</content>
	<title>The Ring Two</title>
	<year>2005</year>
	</meta>
	<link>
	<sublink>https://www.youtube.com/watch?v=apyfeNwsTu4&feature=youtu.be</sublink>
	<sublink>search</sublink>
	<sublink>searchsd</sublink>
	</link>
	<thumbnail>https://image.tmdb.org/t/p/w1280/mYZdcd5XeZkye72oQejkLuAGI7q.jpg</thumbnail>
	<fanart>https://image.tmdb.org/t/p/w1280/3UPGMO3KqxpBHkAinXr4fknjDV0.jpg</fanart>
</item>
<item>
	<title>[COLOR=blue]Romina[/COLOR]</title>
	<meta>
	<imdb>tt6090044</imdb>
	<content>movie</content>
	<title>Romina</title>
	<year>2018</year>
	</meta>
	<link>
	<sublink>https://www.youtube.com/watch?v=e3xDr6fwsR0&feature=youtu.be</sublink>
	<sublink>search</sublink>
	<sublink>searchsd</sublink>
	</link>
	<thumbnail>https://image.tmdb.org/t/p/w1280/klfBdSpbWnQLqVXXJD8Mczc3XfF.jpg</thumbnail>
	<fanart>https://image.tmdb.org/t/p/w1280/58SPunhpyGsEQi82SkAvBnWaAJ6.jpg</fanart>
</item>
<item>
	<title>[COLOR=blue]Rosemary's Baby[/COLOR]</title>
	<meta>
	<imdb>tt0063522</imdb>
	<content>movie</content>
	<title>Rosemary's Baby</title>
	<year>1968</year>
	</meta>
	<link>
	<sublink>https://www.youtube.com/watch?v=NoXLXMbOgiU&feature=youtu.be</sublink>
	<sublink>search</sublink>
	<sublink>searchsd</sublink>
	</link>
	<thumbnail>https://image.tmdb.org/t/p/w1280/kqA1pt9ovovArgJZi2Lu4Unf6He.jpg</thumbnail>
	<fanart>https://image.tmdb.org/t/p/w1280/3THF7D3uPqhV6k7iKsr2EyjqVPK.jpg</fanart>
</item>
<item>
	<title>[COLOR=blue]Sabrina[/COLOR]</title>
	<meta>
	<imdb>tt7981492</imdb>
	<content>movie</content>
	<title>Sabrina</title>
	<year>2018</year>
	</meta>
	<link>
	<sublink>https://www.youtube.com/watch?v=amRsImdsMkE&feature=youtu.be</sublink>
	<sublink>search</sublink>
	<sublink>searchsd</sublink>
	</link>
	<thumbnail>https://image.tmdb.org/t/p/w1280/mJ9ckYjN8qoM24dWA6HpWYvJ0B5.jpg</thumbnail>
	<fanart>https://image.tmdb.org/t/p/w1280/rXA03j9HBzhcmgjJetcVSjkmwQg.jpg</fanart>
</item>
<item>
	<title>[COLOR=blue]May the Devil Take You[/COLOR]</title>
	<meta>
	<imdb>tt8765496</imdb>
	<content>movie</content>
	<title>May the Devil Take You</title>
	<year>2018</year>
	</meta>
	<link>
	<sublink>https://www.youtube.com/watch?v=WyOdg8psCxI&feature=youtu.be</sublink>
	<sublink>search</sublink>
	<sublink>searchsd</sublink>
	</link>
	<thumbnail>https://image.tmdb.org/t/p/w1280/ozGjFX91USmwJW0Dj6fsUvYmHSg.jpg</thumbnail>
	<fanart>https://image.tmdb.org/t/p/w1280/2DIiC1bgnJF9AaEPYSdk1iEdPlp.jpg</fanart>
</item>


<item>
	<title>[COLOR=blue]Summer of 84[/COLOR]</title>
	<meta>
	<imdb>tt5774450</imdb>
	<content>movie</content>
	<title>Summer of 84</title>
	<year>2018</year>
	</meta>
	<link>
	<sublink>https://www.youtube.com/watch?v=Lxj0mgS3fRg&feature=youtu.be</sublink>
	<sublink>search</sublink>
	<sublink>searchsd</sublink>
	</link>
	<thumbnail>https://image.tmdb.org/t/p/w1280/qPitgXPCIFh23yCEjqnCZnfhBig.jpg</thumbnail>
	<fanart>https://image.tmdb.org/t/p/w1280/iEYDBciiuW68Q5bLCzkVBgKnfi7.jpg</fanart>
</item>
<item>
	<title>[COLOR=blue]Sunset Society[/COLOR]</title>
	<meta>
	<imdb>tt7385836</imdb>
	<content>movie</content>
	<title>Sunset Society</title>
	<year>2018</year>
	</meta>
	<link>
	<sublink>https://www.youtube.com/watch?v=Lxj0mgS3fRg&feature=youtu.be</sublink>
	<sublink>search</sublink>
	<sublink>searchsd</sublink>
	</link>
	<thumbnail>https://image.tmdb.org/t/p/w1280/6k23CyhjRcwniYbPm34mJPwLLk6.jpg</thumbnail>
	<fanart>https://image.tmdb.org/t/p/w1280/7oRga1tpG3zrbII9GAjBYZhLhPR.jpg</fanart>
</item>
<dir>
	<title>[COLOR=blue]Supernatural[/COLOR]</title>
	<meta>
	<imdb>tt0415932</imdb>
	<content>tv</content>
	<title>Supernatural</title>
	<year>2005</year>
	</meta>
	<link>
	<sublink>https://www.youtube.com/watch?v=yy96yJjkvjo&feature=youtu.be</sublink>
	</link>
	<thumbnail>https://image.tmdb.org/t/p/w1280/3iFm6Kz7iYoFaEcj4fLyZHAmTQA.jpg</thumbnail>
	<fanart>https://image.tmdb.org/t/p/w1280/o9OKe3M06QMLOzTl3l6GStYtnE9.jpg</fanart>
</dir>
<dir>
	<title>[COLOR=blue]Tales from the Crypt[/COLOR]</title>
	<meta>
	<imdb>tt0084089</imdb>
	<content>tv</content>
	<title>Tales from the Crypt</title>
	<year>1989</year>
	</meta>
	<link>
	<sublink>https://www.youtube.com/watch?v=yy96yJjkvjo&feature=youtu.be</sublink>
	</link>
	<thumbnail>https://image.tmdb.org/t/p/w1280/s5AMwt5Y8FMvAR5ZDUSLcHch3GT.jpg</thumbnail>
	<fanart>https://image.tmdb.org/t/p/w1280/x0QiJBttHrCJ3nmWFlurgG1THuA.jpg</fanart>
</dir>
<dir>
	<title>[COLOR=blue]Tales from the Darkside[/COLOR]</title>
	<meta>
	<imdb>tt0169173</imdb>
	<content>tv</content>
	<title>Tales from the Darkside</title>
	<year>1984</year>
	</meta>
	<link>
	<sublink>https://www.youtube.com/watch?v=yy96yJjkvjo&feature=youtu.be</sublink>
	</link>
	<thumbnail>https://image.tmdb.org/t/p/w1280/fovSnSAJ7nJr2e77yCjSwHtn9DY.jpg</thumbnail>
	<fanart>https://image.tmdb.org/t/p/w1280/6k4K9xdICnD5b6UyK7NXeyklSjI.jpg</fanart>
</dir>
<item>
	<title>[COLOR=blue]Tales from the Hood 2[/COLOR]</title>
	<meta>
	<imdb>tt8403680</imdb>
	<content>movie</content>
	<title>Tales from the Hood 2</title>
	<year>2018</year>
	</meta>
	<link>
	<sublink>https://www.youtube.com/watch?v=7vpwzvqkZps&feature=youtu.be</sublink>
	<sublink>search</sublink>
	<sublink>searchsd</sublink>
	</link>
	<thumbnail>https://image.tmdb.org/t/p/w1280/k93d4au1KByYKi6FsE0dLrKWowj.jpg</thumbnail>
	<fanart>https://image.tmdb.org/t/p/w1280/w4swhNWy6RH3S7kb6RM7GZRfACj.jpg</fanart>
</item>
<item>
	<title>[COLOR=blue]The Texas Chain Saw Massacre[/COLOR]</title>
	<meta>
	<imdb>tt0072271</imdb>
	<content>movie</content>
	<title>The Texas Chain Saw Massacre</title>
	<year>1974</year>
	</meta>
	<link>
	<sublink>https://www.youtube.com/watch?v=eY4ldz615FA&feature=youtu.be</sublink>
	<sublink>search</sublink>
	<sublink>searchsd</sublink>
	</link>
	<thumbnail>https://image.tmdb.org/t/p/w1280/9s8uSm5K1W0vhGPHv2icM6SFib8.jpg</thumbnail>
	<fanart>https://image.tmdb.org/t/p/w1280/sOw7TZzt3vRQXXCrwdspSHwCJDR.jpg</fanart>
</item>
<item>
	<title>[COLOR=blue]Unfriended: Dark Web[/COLOR]</title>
	<meta>
	<imdb>tt4761916</imdb>
	<content>movie</content>
	<title>Unfriended: Dark Web</title>
	<year>2018</year>
	</meta>
	<link>
	<sublink>https://www.youtube.com/watch?v=4DJAWGXkvq8&feature=youtu.be</sublink>
	<sublink>search</sublink>
	<sublink>searchsd</sublink>
	</link>
	<thumbnail>https://image.tmdb.org/t/p/w1280/nOXuOeD07nZPT29IgiGT0S8PZH.jpg</thumbnail>
	<fanart>https://image.tmdb.org/t/p/w1280/2Dk9WG8R0PYlgZjo5F9iheKybpO.jpg</fanart>
</item>
<item>
	<title>[COLOR=blue]We Need to Talk About Kevin[/COLOR]</title>
	<meta>
	<imdb>tt1242460</imdb>
	<content>movie</content>
	<title>We Need to Talk About Kevin</title>
	<year>2011</year>
	</meta>
	<link>
	<sublink>https://www.youtube.com/watch?v=bf9HeHwV9D4&feature=youtu.be</sublink>
	<sublink>search</sublink>
	<sublink>searchsd</sublink>
	</link>
	<thumbnail>https://image.tmdb.org/t/p/w1280/TBNvX42VMq5vRNppY27mPYEz4Z.jpg</thumbnail>
	<fanart>https://image.tmdb.org/t/p/w1280/pbpy2MqqArr1mfZl4PmBphC0sr6.jpg</fanart>
</item>
<item>
	<title>[COLOR=blue]The Wicker Man[/COLOR]</title>
	<meta>
	<imdb>tt0070917</imdb>
	<content>movie</content>
	<title>The Wicker Man</title>
	<year>1973</year>
	</meta>
	<link>
	<sublink>https://www.youtube.com/watch?v=5FdV-O8o7ok&feature=youtu.be</sublink>
	<sublink>search</sublink>
	<sublink>searchsd</sublink>
	</link>
	<thumbnail>https://image.tmdb.org/t/p/w1280/9kHTypiwFGjqa6N4oT8fv3lB3VW.jpg</thumbnail>
	<fanart>https://image.tmdb.org/t/p/w1280/7cb8HXMXztytgv8xnglmhLRwBhk.jpg</fanart>
</item>
<item>
	<title>[COLOR=blue]The Witch[/COLOR]</title>
	<meta>
	<imdb>tt4263482</imdb>
	<content>movie</content>
	<title>The Witch</title>
	<year>2016</year>
	</meta>
	<link>
	<sublink>https://www.youtube.com/watch?v=TIkW4StMAPE&feature=youtu.be</sublink>
	<sublink>search</sublink>
	<sublink>searchsd</sublink>
	</link>
	<thumbnail>https://image.tmdb.org/t/p/w1280/cNNK6OHWNJdvIgWceV0iK83MPbb.jpg</thumbnail>
	<fanart>https://image.tmdb.org/t/p/w1280/k06hljqysdm9cvHGZk6Meiv81e6.jpg</fanart>
</item>
<item>
	<title>[COLOR=blue]World War Z[/COLOR]</title>
	<meta>
	<imdb>tt0816711</imdb>
	<content>movie</content>
	<title>World War Z</title>
	<year>2013</year>
	</meta>
	<link>
	<sublink>https://www.youtube.com/watch?v=slfrrjPndV4&feature=youtu.be</sublink>
	<sublink>search</sublink>
	<sublink>searchsd</sublink>
	</link>
	<thumbnail>https://image.tmdb.org/t/p/w1280/Ha5t0J21eyiq6Az1EXzx0iwsGH.jpg</thumbnail>
	<fanart>https://image.tmdb.org/t/p/w1280/xMOQVYLeIKBXenJ9KMeasj7S64y.jpg</fanart>
</item>

<item>
	<title>[COLOR=blue]The Zodiac[/COLOR]</title>
	<meta>
	<imdb>tt0371739</imdb>
	<content>movie</content>
	<title>The Zodiac</title>
	<year>2006</year>
	</meta>
	<link>
	<sublink>https://www.youtube.com/watch?v=DZMXxuGuysM&feature=youtu.be</sublink>
	<sublink>search</sublink>
	<sublink>searchsd</sublink>
	</link>
	<thumbnail>https://image.tmdb.org/t/p/w1280/uF4ygnA6Jc4MqCFogsfxRom0F6G.jpg</thumbnail>
	<fanart>https://image.tmdb.org/t/p/w1280/21njQrcwuKAqxK6D5vsKEXEElGL.jpg</fanart>
</item>
<item>
	<title>[COLOR=blue]The Whispering[/COLOR]</title>
	<meta>
	<imdb>tt8737130</imdb>
	<content>movie</content>
	<title>The Whispering</title>
	<year>2018</year>
	</meta>
	<link>
	<sublink>https://www.youtube.com/watch?v=9WZk3J41Kvc&feature=youtu.be</sublink>
	<sublink>search</sublink>
	<sublink>searchsd</sublink>
	</link>
	<thumbnail>https://image.tmdb.org/t/p/w1280/3JzHauIlwmhTf1xhpRaLcQMuje6.jpg</thumbnail>
	<fanart>https://image.tmdb.org/t/p/w1280/uHzZziBfwPk6WeUCDGFmp6RpdMg.jpg</fanart>
</item>
