<plugin>
	<title>Learn Salsa</title>
	<link>plugin://plugin.video.youtube/playlist/PLFq2YEzLx0LnGCDajgGJlK9cro1Aozjpu/</link>
	<thumbnail>https://i.imgur.com/FXswD3j.png</thumbnail>
</plugin>

<plugin>
	<title>Salsa Intermediate</title>
	<link>plugin://plugin.video.youtube/playlist/PLFq2YEzLx0LlVONPUUWQQNUr4MV2tNyZu/</link>
	<thumbnail>https://i.imgur.com/FXswD3j.png</thumbnail>
</plugin>

<plugin>
	<title>Salsa Advanced</title>
	<link>plugin://plugin.video.youtube/playlist/PLFq2YEzLx0Lk6V9OtEy-DtL96X3eetIcf/</link>
	<thumbnail>https://i.imgur.com/FXswD3j.png</thumbnail>
</plugin>


<plugin>
	<title>Learn To Waltz Beginners</title>
	<link>plugin://plugin.video.youtube/playlist/PLFq2YEzLx0LlfNDVXzHov2URYS_Qy3jcR/</link>
	<thumbnail>https://i.imgur.com/FXswD3j.png</thumbnail>
</plugin>

<plugin>
	<title>Waltz With Andy Wong</title>
	<link>plugin://plugin.video.youtube/playlist/PLFq2YEzLx0LmAOQYNZbUeDJqKb_wA-S5N/</link>
	<thumbnail>https://i.imgur.com/FXswD3j.png</thumbnail>
</plugin>

<plugin>
	<title>How To Learn Ballroom Dance Basics - Various Dances</title>
	<link>plugin://plugin.video.youtube/playlist/PLxIl8YU658Tu1PecIS2NkglR9t14-PDtG/</link>
	<thumbnail>https://i.imgur.com/FXswD3j.png</thumbnail>
</plugin>

<plugin>
	<title>Belly Dancing 101</title>
	<link>plugin://plugin.video.youtube/playlist/PLFD096612161E3381/</link>
	<thumbnail>https://i.imgur.com/FXswD3j.png</thumbnail>
</plugin>

plugin>
	<title>Flamenco Technique Level 1 series</title>
	<link>plugin://plugin.video.youtube/playlist/PL6az2PdpXovt-srWw3yfRPeFyqpXU5oop/</link>
	<thumbnail>https://i.imgur.com/FXswD3j.png</thumbnail>
</plugin>