<item>
	<title>[COLOR=blue]88 Minutes[/COLOR]</title>
	<meta>
	<imdb>tt0411061</imdb>
	<content>movie</content>
	<title>88 Minutes</title>
	<year>2007</year>
	</meta>
	<link>
	<sublink>https://www.youtube.com/watch?v=zUCd805JDJk&feature=youtu.be</sublink>
	<sublink>search</sublink>
	<sublink>searchsd</sublink>
	</link>
	<thumbnail>https://image.tmdb.org/t/p/w1280/b5d3iWimQXvjAx9Grjuk912DSij.jpg</thumbnail>
	<fanart>https://image.tmdb.org/t/p/w1280/gLU169RfA0q2nhsboAb1TPCXERl.jpg</fanart>
</item>
<item>
	<title>[COLOR=blue]A Perfect Murder[/COLOR]</title>
	<meta>
	<imdb>tt0120787</imdb>
	<content>movie</content>
	<title>A Perfect Murder</title>
	<year>1998</year>
	</meta>
	<link>
	<sublink>https://www.youtube.com/watch?v=K8X6yTa92VY&feature=youtu.be</sublink>
	<sublink>search</sublink>
	<sublink>searchsd</sublink>
	</link>
	<thumbnail>https://image.tmdb.org/t/p/w1280/3qVJPM6tYilp3x3ckSBb3l4NyzE.jpg</thumbnail>
	<fanart>https://image.tmdb.org/t/p/w1280/4H1bXvPTyTB4FW2v9pk5OS9iOkB.jpg</fanart>
</item>
<item>
	<title>[COLOR=blue]Affliction[/COLOR]</title>
	<meta>
	<imdb>tt0118564</imdb>
	<content>movie</content>
	<title>Affliction</title>
	<year>1997</year>
	</meta>
	<link>
	<sublink>https://www.youtube.com/watch?v=yBvzSs2qo1c&feature=youtu.be</sublink>
	<sublink>search</sublink>
	<sublink>searchsd</sublink>
	</link>
	<thumbnail>https://image.tmdb.org/t/p/w1280/xsdsTbD2yZO8obl5Z8sRnMhjsX1.jpg</thumbnail>
	<fanart>https://image.tmdb.org/t/p/w1280/7mcbAHBFQhNnY1yYhLUAFXQXsif.jpg</fanart>
</item>
<item>
	<title>[COLOR=blue]Anamorph[/COLOR]</title>
	<meta>
	<imdb>tt0497323</imdb>
	<content>movie</content>
	<title>Anamorph</title>
	<year>2007</year>
	</meta>
	<link>
	<sublink>https://www.youtube.com/watch?v=ayvIxctoJkc&feature=youtu.be</sublink>
	<sublink>search</sublink>
	<sublink>searchsd</sublink>
	</link>
	<thumbnail>https://image.tmdb.org/t/p/w1280/pYS2qqkr7DeJTwAJegg6wS1hFHL.jpg</thumbnail>
	<fanart>https://image.tmdb.org/t/p/w1280/14KqpfVMhOtEDskqSLF3p8pWSPG.jpg</fanart>
</item>
<item>
	<title>[COLOR=blue]Awake[/COLOR]</title>
	<meta>
	<imdb>tt0211933</imdb>
	<content>movie</content>
	<title>Awake</title>
	<year>2007</year>
	</meta>
	<link>
	<sublink>https://www.youtube.com/watch?v=egUke7XD_9U&feature=youtu.be</sublink>
	<sublink>search</sublink>
	<sublink>searchsd</sublink>
	</link>
	<thumbnail>https://image.tmdb.org/t/p/w1280/yW2LVppyMyutKrZJNqRUVf4nPON.jpg</thumbnail>
	<fanart>https://image.tmdb.org/t/p/w1280/rONYV6PZ5G2NtOqknM4qN6WN5nM.jpg</fanart>
</item>
<item>
	<title>[COLOR=blue]Before I Go to Sleep[/COLOR]</title>
	<meta>
	<imdb>tt1726592</imdb>
	<content>movie</content>
	<title>Before I Go to Sleep</title>
	<year>2014</year>
	</meta>
	<link>
	<sublink>https://www.youtube.com/watch?v=L6ckwpaFbBM&feature=youtu.be</sublink>
	<sublink>search</sublink>
	<sublink>searchsd</sublink>
	</link>
	<thumbnail>https://image.tmdb.org/t/p/w1280/3UG2Pb122c7Va8MBtr1OHRB1YPh.jpg</thumbnail>
	<fanart>https://image.tmdb.org/t/p/w1280/oP6t2PvX8DFcGyyCcWFQSP6s25W.jpg</fanart>
</item>
<item>
	<title>[COLOR=blue]Being John Malkovich[/COLOR]</title>
	<meta>
	<imdb>tt0120601</imdb>
	<content>movie</content>
	<title>Being John Malkovich</title>
	<year>1999</year>
	</meta>
	<link>
	<sublink>https://www.youtube.com/watch?v=HdVvjvW_OEo&feature=youtu.be</sublink>
	<sublink>search</sublink>
	<sublink>searchsd</sublink>
	</link>
	<thumbnail>https://image.tmdb.org/t/p/w1280/8zkJyC4xImfnYJREDQTfW09m8A5.jpg</thumbnail>
	<fanart>https://image.tmdb.org/t/p/w1280/2duvg8bPkSKq5pekqzBgwyCYAxI.jpg</fanart>
</item>
<item>
	<title>[COLOR=blue]Black Swan[/COLOR]</title>
	<meta>
	<imdb>tt0947798</imdb>
	<content>movie</content>
	<title>Black Swan</title>
	<year>2010</year>
	</meta>
	<link>
	<sublink>https://www.youtube.com/watch?v=5jaI1XOB-bs&feature=youtu.be</sublink>
	<sublink>search</sublink>
	<sublink>searchsd</sublink>
	</link>
	<thumbnail>https://image.tmdb.org/t/p/w1280/dQ7uxvsVTspVIsqjfgQj8usJpwX.jpg</thumbnail>
	<fanart>https://image.tmdb.org/t/p/w1280/t8jFs6cOl1YVSfXXZivWtEb14tF.jpg</fanart>
</item>
<item>
	<title>[COLOR=blue]Breakdown[/COLOR]</title>
	<meta>
	<imdb>tt0118771</imdb>
	<content>movie</content>
	<title>Breakdown</title>
	<year>1997</year>
	</meta>
	<link>
	<sublink>https://www.youtube.com/watch?v=ECIc4pX8zKA&feature=youtu.be</sublink>
	<sublink>search</sublink>
	<sublink>searchsd</sublink>
	</link>
	<thumbnail>https://image.tmdb.org/t/p/w1280/uj5VmM4jrn3HHeuFfEH8XQizA2g.jpg</thumbnail>
	<fanart>https://image.tmdb.org/t/p/w1280/e86x1nXqfXRlqATuy60MmzFUFQr.jpg</fanart>
</item>
<item>
	<title>[COLOR=blue]Bug[/COLOR]</title>
	<meta>
	<imdb>tt0470705</imdb>
	<content>movie</content>
	<title>Bug</title>
	<year>2006</year>
	</meta>
	<link>
	<sublink>https://www.youtube.com/watch?v=Slg59ufLKXk&feature=youtu.be</sublink>
	<sublink>search</sublink>
	<sublink>searchsd</sublink>
	</link>
	<thumbnail>https://image.tmdb.org/t/p/w1280/cMYQJOBRa0u44RIMYqXkjAOWYDy.jpg</thumbnail>
	<fanart>https://image.tmdb.org/t/p/w1280/heuzKmg9RB5pcLLPtBDAmTqJsYf.jpg</fanart>
</item>
<item>
	<title>[COLOR=blue]Copycat[/COLOR]</title>
	<meta>
	<imdb>tt0112722</imdb>
	<content>movie</content>
	<title>Copycat</title>
	<year>1995</year>
	</meta>
	<link>
	<sublink>https://www.youtube.com/watch?v=lsmXhM4yfU0&feature=youtu.be</sublink>
	<sublink>search</sublink>
	<sublink>searchsd</sublink>
	</link>
	<thumbnail>https://image.tmdb.org/t/p/w1280/80czeJGSoik22fhtUM9WzyjUU4r.jpg</thumbnail>
	<fanart>https://image.tmdb.org/t/p/w1280/gE1DHa82NZVb9B2Lx2cLNz43Iwd.jpg</fanart>
</item>
<item>
	<title>[COLOR=blue]Disturbia[/COLOR]</title>
	<meta>
	<imdb>tt0486822</imdb>
	<content>movie</content>
	<title>Disturbia</title>
	<year>2007</year>
	</meta>
	<link>
	<sublink>https://www.youtube.com/watch?v=0XDdo6a_UZA&feature=youtu.be</sublink>
	<sublink>search</sublink>
	<sublink>searchsd</sublink>
	</link>
	<thumbnail>https://image.tmdb.org/t/p/w1280/eyQ7vWEm2SClbAlNLTOhQhkSkFF.jpg</thumbnail>
	<fanart>https://image.tmdb.org/t/p/w1280/5KTQu6ObiYMTia1MwFTZsD8MjDn.jpg</fanart>
</item>
<item>
	<title>[COLOR=blue]Don't Say a Word[/COLOR]</title>
	<meta>
	<imdb>tt0260866</imdb>
	<content>movie</content>
	<title>Don't Say a Word</title>
	<year>2001</year>
	</meta>
	<link>
	<sublink>https://www.youtube.com/watch?v=FV-eFMgSOAw&feature=youtu.be</sublink>
	<sublink>search</sublink>
	<sublink>searchsd</sublink>
	</link>
	<thumbnail>https://image.tmdb.org/t/p/w1280/qx3hgW9MqxsEEFjx4eSbpp1Fe2l.jpg</thumbnail>
	<fanart>https://image.tmdb.org/t/p/w1280/AaOtoMzqWJPSNXPRKwbvqf6MbKo.jpg</fanart>
</item>
<item>
	<title>[COLOR=blue]Donnie Darko[/COLOR]</title>
	<meta>
	<imdb>tt0246578</imdb>
	<content>movie</content>
	<title>Donnie Darko</title>
	<year>2001</year>
	</meta>
	<link>
	<sublink>https://www.youtube.com/watch?v=bzLn8sYeM9o&feature=youtu.be</sublink>
	<sublink>search</sublink>
	<sublink>searchsd</sublink>
	</link>
	<thumbnail>https://image.tmdb.org/t/p/w1280/dGcIsUfeatHYqgp9gX6KOcYT427.jpg</thumbnail>
	<fanart>https://image.tmdb.org/t/p/w1280/ld7huGVoyXAY6EsdAUeLh9QxAl6.jpg</fanart>
</item>
<item>
	<title>[COLOR=blue]Enemy[/COLOR]</title>
	<meta>
	<imdb>tt2316411</imdb>
	<content>movie</content>
	<title>Enemy</title>
	<year>2013</year>
	</meta>
	<link>
	<sublink>https://www.youtube.com/watch?v=siPDDrxxZDg&feature=youtu.be</sublink>
	<sublink>search</sublink>
	<sublink>searchsd</sublink>
	</link>
	<thumbnail>https://image.tmdb.org/t/p/w1280/aQkyFHzNzZoMhxZ7c0IaK8BljED.jpg</thumbnail>
	<fanart>https://image.tmdb.org/t/p/w1280/buZgGbVwR46GSz6lX2TbYBjKNXP.jpg</fanart>
</item>
<item>
	<title>[COLOR=blue]Eternal Sunshine of the Spotless Mind[/COLOR]</title>
	<meta>
	<imdb>tt0338013</imdb>
	<content>movie</content>
	<title>Eternal Sunshine of the Spotless Mind</title>
	<year>2004</year>
	</meta>
	<link>
	<sublink>https://www.youtube.com/watch?v=rb9a00bXf-U&feature=youtu.be</sublink>
	<sublink>search</sublink>
	<sublink>searchsd</sublink>
	</link>
	<thumbnail>https://image.tmdb.org/t/p/w1280/7y3eYvTsGjxPYDtSnumCLIMDkrV.jpg</thumbnail>
	<fanart>https://image.tmdb.org/t/p/w1280/1dXTsaFxHoF9cas08UjAqE8NqOW.jpg</fanart>
</item>
<item>
	<title>[COLOR=blue]Exam[/COLOR]</title>
	<meta>
	<imdb>tt1258197</imdb>
	<content>movie</content>
	<title>Exam</title>
	<year>2009</year>
	</meta>
	<link>
	<sublink>https://www.youtube.com/watch?v=f8bTs6HKiqI&feature=youtu.be</sublink>
	<sublink>search</sublink>
	<sublink>searchsd</sublink>
	</link>
	<thumbnail>https://image.tmdb.org/t/p/w1280/i1J2zBCyOQJKsQipqJ0qXERC1Ma.jpg</thumbnail>
	<fanart>https://image.tmdb.org/t/p/w1280/AtLHKulhe6VTsnU3pe4i0As5zOb.jpg</fanart>
</item>
<item>
	<title>[COLOR=blue]Fight Club[/COLOR]</title>
	<meta>
	<imdb>tt0137523</imdb>
	<content>movie</content>
	<title>Fight Club</title>
	<year>1999</year>
	</meta>
	<link>
	<sublink>https://www.youtube.com/watch?v=BdJKm16Co6M&feature=youtu.be</sublink>
	<sublink>search</sublink>
	<sublink>searchsd</sublink>
	</link>
	<thumbnail>https://image.tmdb.org/t/p/w1280/adw6Lq9FiC9zjYEpOqfq03ituwp.jpg</thumbnail>
	<fanart>https://image.tmdb.org/t/p/w1280/mMZRKb3NVo5ZeSPEIaNW9buLWQ0.jpg</fanart>
</item>
<item>
	<title>[COLOR=blue]Flatliners[/COLOR]</title>
	<meta>
	<imdb>tt0099582</imdb>
	<content>movie</content>
	<title>Flatliners</title>
	<year>1990</year>
	</meta>
	<link>
	<sublink>https://www.youtube.com/watch?v=U8rTNnk8ROM&feature=youtu.be</sublink>
	<sublink>search</sublink>
	<sublink>searchsd</sublink>
	</link>
	<thumbnail>https://image.tmdb.org/t/p/w1280/3CoUzgCU8kR2UCXovrvfNAjvWkI.jpg</thumbnail>
	<fanart>https://image.tmdb.org/t/p/w1280/pXzuGjVkfTNfLBEpYJWrS4AluRY.jpg</fanart>
</item>
<item>
	<title>[COLOR=blue]Fracture[/COLOR]</title>
	<meta>
	<imdb>tt0488120</imdb>
	<content>movie</content>
	<title>Fracture</title>
	<year>2007</year>
	</meta>
	<link>
	<sublink>https://www.youtube.com/watch?v=yAar1EYxloQ&feature=youtu.be</sublink>
	<sublink>search</sublink>
	<sublink>searchsd</sublink>
	</link>
	<thumbnail>https://image.tmdb.org/t/p/w1280/sl5QYze20MclzDLxLDqe3sEJdiW.jpg</thumbnail>
	<fanart>https://image.tmdb.org/t/p/w1280/rf5j1avHtvLkVnBLdGmqh1LbIN0.jpg</fanart>
</item>
<item>
	<title>[COLOR=blue]Frailty[/COLOR]</title>
	<meta>
	<imdb>tt0264616</imdb>
	<content>movie</content>
	<title>Frailty</title>
	<year>2001</year>
	</meta>
	<link>
	<sublink>https://www.youtube.com/watch?v=b8-l6pN0mUQ&feature=youtu.be</sublink>
	<sublink>search</sublink>
	<sublink>searchsd</sublink>
	</link>
	<thumbnail>https://image.tmdb.org/t/p/w1280/z5EhMVaY7lVzNjYp8rK7Y3IJ11s.jpg</thumbnail>
	<fanart>https://image.tmdb.org/t/p/w1280/bhYsiT8V2yV4ZcnxxbIiJUKlRB2.jpg</fanart>
</item>
<item>
	<title>[COLOR=blue]Gone Girl[/COLOR]</title>
	<meta>
	<imdb>tt2267998</imdb>
	<content>movie</content>
	<title>Gone Girl</title>
	<year>2014</year>
	</meta>
	<link>
	<sublink>https://www.youtube.com/watch?v=2-_-1nJf8Vg&feature=youtu.be</sublink>
	<sublink>search</sublink>
	<sublink>searchsd</sublink>
	</link>
	<thumbnail>https://image.tmdb.org/t/p/w1280/gdiLTof3rbPDAmPaCf4g6op46bj.jpg</thumbnail>
	<fanart>https://image.tmdb.org/t/p/w1280/8ZNGBfGoN3uI5Akj5vEUDMxvmGO.jpg</fanart>
</item>
<item>
	<title>[COLOR=blue]Hard Candy[/COLOR]</title>
	<meta>
	<imdb>tt0424136</imdb>
	<content>movie</content>
	<title>Hard Candy</title>
	<year>2005</year>
	</meta>
	<link>
	<sublink>https://www.youtube.com/watch?v=hvx0m2SeOSk&feature=youtu.be</sublink>
	<sublink>search</sublink>
	<sublink>searchsd</sublink>
	</link>
	<thumbnail>https://image.tmdb.org/t/p/w1280/1xInhmQVOOVS7xFT5DthpIwUTDI.jpg</thumbnail>
	<fanart>https://image.tmdb.org/t/p/w1280/pQUxfw0ZVb5AK9PYyTzjYaEIs3m.jpg</fanart>
</item>
<item>
	<title>[COLOR=blue]In the Cut[/COLOR]</title>
	<meta>
	<imdb>tt0199626</imdb>
	<content>movie</content>
	<title>In the Cut</title>
	<year>2003</year>
	</meta>
	<link>
	<sublink>https://www.youtube.com/watch?v=6ZKfF84LKT0&feature=youtu.be</sublink>
	<sublink>search</sublink>
	<sublink>searchsd</sublink>
	</link>
	<thumbnail>https://image.tmdb.org/t/p/w1280/iKKrASV3chFhbjip0Knu2GQr7SJ.jpg</thumbnail>
	<fanart>https://image.tmdb.org/t/p/w1280/j46pI342m9zRHNhDRyFP7gtThu0.jpg</fanart>
</item>
<item>
	<title>[COLOR=blue]Insomnia[/COLOR]</title>
	<meta>
	<imdb>tt0278504</imdb>
	<content>movie</content>
	<title>Insomnia</title>
	<year>2002</year>
	</meta>
	<link>
	<sublink>https://www.youtube.com/watch?v=V8Vu7Zre7h8&feature=youtu.be</sublink>
	<sublink>search</sublink>
	<sublink>searchsd</sublink>
	</link>
	<thumbnail>https://image.tmdb.org/t/p/w1280/zb0D3vfjcPFvuyHp1mFPOIcYJWH.jpg</thumbnail>
	<fanart>https://image.tmdb.org/t/p/w1280/p8UHSddGu2frGk0nCkuPjDemjka.jpg</fanart>
</item>
<item>
	<title>[COLOR=blue]Jacob's Ladder[/COLOR]</title>
	<meta>
	<imdb>tt0099871</imdb>
	<content>movie</content>
	<title>Jacob's Ladder</title>
	<year>1990</year>
	</meta>
	<link>
	<sublink>https://www.youtube.com/watch?v=BZE9bHKmkVM&feature=youtu.be</sublink>
	<sublink>search</sublink>
	<sublink>searchsd</sublink>
	</link>
	<thumbnail>https://image.tmdb.org/t/p/w1280/2Byg7AV91LF7pfByz4ZMvnkZnH7.jpg</thumbnail>
	<fanart>https://image.tmdb.org/t/p/w1280/7D5sfA9KT40zC0qA4j8Fee1IPzL.jpg</fanart>
</item>
<item>
	<title>[COLOR=blue]Memento[/COLOR]</title>
	<meta>
	<imdb>tt0209144</imdb>
	<content>movie</content>
	<title>Memento</title>
	<year>2000</year>
	</meta>
	<link>
	<sublink>https://www.youtube.com/watch?v=Rq9eM4ZXRgs&feature=youtu.be</sublink>
	<sublink>search</sublink>
	<sublink>searchsd</sublink>
	</link>
	<thumbnail>https://image.tmdb.org/t/p/w1280/fQMSaP88cf1nz4qwuNEEFtazuDM.jpg</thumbnail>
	<fanart>https://image.tmdb.org/t/p/w1280/q2CtXYjp9IlnfBcPktNkBPsuAEO.jpg</fanart>
</item>
<item>
	<title>[COLOR=blue]Mr. Brooks[/COLOR]</title>
	<meta>
	<imdb>tt0780571</imdb>
	<content>movie</content>
	<title>Mr. Brooks</title>
	<year>2007</year>
	</meta>
	<link>
	<sublink>https://www.youtube.com/watch?v=hXfbVIFc6t4&feature=youtu.be</sublink>
	<sublink>search</sublink>
	<sublink>searchsd</sublink>
	</link>
	<thumbnail>https://image.tmdb.org/t/p/w1280/atLwYVquG4YrGEk06tx9tJuTcN5.jpg</thumbnail>
	<fanart>https://image.tmdb.org/t/p/w1280/yJjvkbIZesG6ViXDsOLOufmTEIX.jpg</fanart>
</item>
<item>
	<title>[COLOR=blue]Mulholland Drive[/COLOR]</title>
	<meta>
	<imdb>tt0166924</imdb>
	<content>movie</content>
	<title>Mulholland Drive</title>
	<year>2001</year>
	</meta>
	<link>
	<sublink>https://www.youtube.com/watch?v=KzdNrWmAV0E&feature=youtu.be</sublink>
	<sublink>search</sublink>
	<sublink>searchsd</sublink>
	</link>
	<thumbnail>https://image.tmdb.org/t/p/w1280/tVxGt7uffLVhIIcwuldXOMpFBPX.jpg</thumbnail>
	<fanart>https://image.tmdb.org/t/p/w1280/91KNvuQXrWq5vehtQpciCOiOyJe.jpg</fanart>
</item>
<item>
	<title>[COLOR=blue]Mystic River[/COLOR]</title>
	<meta>
	<imdb>tt0327056</imdb>
	<content>movie</content>
	<title>Mystic River</title>
	<year>2003</year>
	</meta>
	<link>
	<sublink>https://www.youtube.com/watch?v=nmiA24jwlbM&feature=youtu.be</sublink>
	<sublink>search</sublink>
	<sublink>searchsd</sublink>
	</link>
	<thumbnail>https://image.tmdb.org/t/p/w1280/qeHasONCKH5sR9HcTWquXI5ZN5y.jpg</thumbnail>
	<fanart>https://image.tmdb.org/t/p/w1280/77SSqcbjWooVLUndqjhGugA8eln.jpg</fanart>
</item>
<item>
	<title>[COLOR=blue]Nemesis Game[/COLOR]</title>
	<meta>
	<imdb>tt0323571</imdb>
	<content>movie</content>
	<title>Nemesis Game</title>
	<year>2003</year>
	</meta>
	<link>
	<sublink>https://www.youtube.com/watch?v=NEvHaal_mJo&feature=youtu.be</sublink>
	<sublink>search</sublink>
	<sublink>searchsd</sublink>
	</link>
	<thumbnail>https://image.tmdb.org/t/p/w1280/vftpsSgzfqC3pgyDp2Gq1OL0ml.jpg</thumbnail>
	<fanart>https://image.tmdb.org/t/p/w1280/uQeFXC74WZGsxAfBWVb58mdP3E1.jpg</fanart>
</item>
<item>
	<title>[COLOR=blue]One Hour Photo[/COLOR]</title>
	<meta>
	<imdb>tt0265459</imdb>
	<content>movie</content>
	<title>One Hour Photo</title>
	<year>2002</year>
	</meta>
	<link>
	<sublink>https://www.youtube.com/watch?v=1kF3SCjGtI0&feature=youtu.be</sublink>
	<sublink>search</sublink>
	<sublink>searchsd</sublink>
	</link>
	<thumbnail>https://image.tmdb.org/t/p/w1280/6ke85Kb6aX8RunZLwKpXCKYO9xv.jpg</thumbnail>
	<fanart>https://image.tmdb.org/t/p/w1280/9zYUh0zOjk2dFQWg1urP3P1ySEl.jpg</fanart>
</item>
<item>
	<title>[COLOR=blue]Primal Fear[/COLOR]</title>
	<meta>
	<imdb>tt0117381</imdb>
	<content>movie</content>
	<title>Primal Fear</title>
	<year>1996</year>
	</meta>
	<link>
	<sublink>https://www.youtube.com/watch?v=PnmTi7hSjrA&feature=youtu.be</sublink>
	<sublink>search</sublink>
	<sublink>searchsd</sublink>
	</link>
	<thumbnail>https://image.tmdb.org/t/p/w1280/qJf2TzE8nRTFbFMPJNW6c8mI0KU.jpg</thumbnail>
	<fanart>https://image.tmdb.org/t/p/w1280/99q8yb6pxGWEFcAC53S5apYQCMB.jpg</fanart>
</item>
<item>
	<title>[COLOR=blue]Red Dragon[/COLOR]</title>
	<meta>
	<imdb>tt0289765</imdb>
	<content>movie</content>
	<title>Red Dragon</title>
	<year>2002</year>
	</meta>
	<link>
	<sublink>https://www.youtube.com/watch?v=VQvuC7_qgTE&feature=youtu.be</sublink>
	<sublink>search</sublink>
	<sublink>searchsd</sublink>
	</link>
	<thumbnail>https://image.tmdb.org/t/p/w1280/sULs7GLEM2tqNBwE5ac5d6FRlBR.jpg</thumbnail>
	<fanart>https://image.tmdb.org/t/p/w1280/kLWavbQnfAPE0s8BKtOhWVcJHvs.jpg</fanart>
</item>
<item>
	<title>[COLOR=blue]Red Road[/COLOR]</title>
	<meta>
	<imdb>tt0471030</imdb>
	<content>movie</content>
	<title>Red Road</title>
	<year>2006</year>
	</meta>
	<link>
	<sublink>https://www.youtube.com/watch?v=jsd0yhKtPkA&feature=youtu.be</sublink>
	<sublink>search</sublink>
	<sublink>searchsd</sublink>
	</link>
	<thumbnail>https://image.tmdb.org/t/p/w1280/mO6eFssKBEYJYfJE152R4uV5VCC.jpg</thumbnail>
	<fanart>https://image.tmdb.org/t/p/w1280/p0UX3aihaqdY7WZli5urUvsCLiX.jpg</fanart>
</item>
<item>
	<title>[COLOR=blue]Requiem for a Dream[/COLOR]</title>
	<meta>
	<imdb>tt0180093</imdb>
	<content>movie</content>
	<title>Requiem for a Dream</title>
	<year>2000</year>
	</meta>
	<link>
	<sublink>https://www.youtube.com/watch?v=lgo3Hb5vWLE&feature=youtu.be</sublink>
	<sublink>search</sublink>
	<sublink>searchsd</sublink>
	</link>
	<thumbnail>https://image.tmdb.org/t/p/w1280/nOd6vjEmzCT0k4VYqsA2hwyi87C.jpg</thumbnail>
	<fanart>https://image.tmdb.org/t/p/w1280/c5g1Dn1tF22CS2oOvHDNKr1Ve2U.jpg</fanart>
</item>
<item>
	<title>[COLOR=blue]Se7en[/COLOR]</title>
	<meta>
	<imdb>tt0114369</imdb>
	<content>movie</content>
	<title>Se7en</title>
	<year>1995</year>
	</meta>
	<link>
	<sublink>https://www.youtube.com/watch?v=SpKbZ_3zlb0&feature=youtu.be</sublink>
	<sublink>search</sublink>
	<sublink>searchsd</sublink>
	</link>
	<thumbnail>https://image.tmdb.org/t/p/w1280/8zw8IL4zEPjkh8Aysdcd0FwGMb0.jpg</thumbnail>
	<fanart>https://image.tmdb.org/t/p/w1280/A0WKbRIojF9DUWG4XLCmg5JK6I5.jpg</fanart>
</item>
<item>
	<title>[COLOR=blue]Secret Window[/COLOR]</title>
	<meta>
	<imdb>tt0363988</imdb>
	<content>movie</content>
	<title>Secret Window</title>
	<year>2004</year>
	</meta>
	<link>
	<sublink>https://www.youtube.com/watch?v=QboGT3v7c5A&feature=youtu.be</sublink>
	<sublink>search</sublink>
	<sublink>searchsd</sublink>
	</link>
	<thumbnail>https://image.tmdb.org/t/p/w1280/f5t7Df50xjniLlE80ty2dYsZBqI.jpg</thumbnail>
	<fanart>https://image.tmdb.org/t/p/w1280/ojsY0XyCSsJvm0n7YTwumQcvBqT.jpg</fanart>
</item>
<item>
	<title>[COLOR=blue]Shutter Island[/COLOR]</title>
	<meta>
	<imdb>tt1130884</imdb>
	<content>movie</content>
	<title>Shutter Island</title>
	<year>2010</year>
	</meta>
	<link>
	<sublink>https://www.youtube.com/watch?v=qdPw9x9h5CY&feature=youtu.be</sublink>
	<sublink>search</sublink>
	<sublink>searchsd</sublink>
	</link>
	<thumbnail>https://image.tmdb.org/t/p/w1280/aZqKsvpJDFy2UzUMsdskNFbfkOd.jpg</thumbnail>
	<fanart>https://image.tmdb.org/t/p/w1280/bcb3FYtLbuPgNYO4M1IY7rfeMal.jpg</fanart>
</item>
<item>
	<title>[COLOR=blue]Side Effects[/COLOR]</title>
	<meta>
	<imdb>tt2053463</imdb>
	<content>movie</content>
	<title>Side Effects</title>
	<year>2013</year>
	</meta>
	<link>
	<sublink>https://www.youtube.com/watch?v=uhB5PdcB2OI&feature=youtu.be</sublink>
	<sublink>search</sublink>
	<sublink>searchsd</sublink>
	</link>
	<thumbnail>https://image.tmdb.org/t/p/w1280/ttD69Yhh2BV1WVqr27NRbF8ubOW.jpg</thumbnail>
	<fanart>https://image.tmdb.org/t/p/w1280/jQR6de9dwOjvx91wC4tqpTlMqCD.jpg</fanart>
</item>
<item>
	<title>[COLOR=blue]The Butterfly Effect[/COLOR]</title>
	<meta>
	<imdb>tt0289879</imdb>
	<content>movie</content>
	<title>The Butterfly Effect</title>
	<year>2004</year>
	</meta>
	<link>
	<sublink>https://www.youtube.com/watch?v=B8_dgqfPXFg&feature=youtu.be</sublink>
	<sublink>search</sublink>
	<sublink>searchsd</sublink>
	</link>
	<thumbnail>https://image.tmdb.org/t/p/w1280/3PAQy3CyNNJPES772OFMx47lFEE.jpg</thumbnail>
	<fanart>https://image.tmdb.org/t/p/w1280/zXTUrm0BIrrZn3nEhybg0hlY275.jpg</fanart>
</item>
<item>
	<title>[COLOR=blue]The Double[/COLOR]</title>
	<meta>
	<imdb>tt1825157</imdb>
	<content>movie</content>
	<title>The Double</title>
	<year>2014</year>
	</meta>
	<link>
	<sublink>https://www.youtube.com/watch?v=XG8qATRtNuU&feature=youtu.be</sublink>
	<sublink>search</sublink>
	<sublink>searchsd</sublink>
	</link>
	<thumbnail>https://image.tmdb.org/t/p/w1280/hN6bP9XWKHI8JhlZpk8ieF1lcyG.jpg</thumbnail>
	<fanart>https://image.tmdb.org/t/p/w1280/gSNqUnQSgYWxsFQ59xH077dW1Zx.jpg</fanart>
</item>
<item>
	<title>[COLOR=blue]The Flock[/COLOR]</title>
	<meta>
	<imdb>tt0473356</imdb>
	<content>movie</content>
	<title>The Flock</title>
	<year>2007</year>
	</meta>
	<link>
	<sublink>https://www.youtube.com/watch?v=4J4ewFfwMvc&feature=youtu.be</sublink>
	<sublink>search</sublink>
	<sublink>searchsd</sublink>
	</link>
	<thumbnail>https://image.tmdb.org/t/p/w1280/yFWcwDAXBaDMaOnguqV8sDjOObb.jpg</thumbnail>
	<fanart>https://image.tmdb.org/t/p/w1280/2gcEqG1uOYr9OdIRpvsys9SnTfJ.jpg</fanart>
</item>
<item>
	<title>[COLOR=blue]The Game[/COLOR]</title>
	<meta>
	<imdb>tt0119174</imdb>
	<content>movie</content>
	<title>The Game</title>
	<year>1997</year>
	</meta>
	<link>
	<sublink>https://www.youtube.com/watch?v=dsvcU3hdi5E&feature=youtu.be</sublink>
	<sublink>search</sublink>
	<sublink>searchsd</sublink>
	</link>
	<thumbnail>https://image.tmdb.org/t/p/w1280/4b7QXyDJsDFXrwVHUNlrmezCZJC.jpg</thumbnail>
	<fanart>https://image.tmdb.org/t/p/w1280/3Eux3wcYYb79D2sr8aA6BEH9kVl.jpg</fanart>
</item>
<item>
	<title>[COLOR=blue]The Girl with the Dragon Tattoo[/COLOR]</title>
	<meta>
	<imdb>tt1568346</imdb>
	<content>movie</content>
	<title>The Girl with the Dragon Tattoo</title>
	<year>2011</year>
	</meta>
	<link>
	<sublink>https://www.youtube.com/watch?v=YKWXEfXGWtA&feature=youtu.be</sublink>
	<sublink>search</sublink>
	<sublink>searchsd</sublink>
	</link>
	<thumbnail>https://image.tmdb.org/t/p/w1280/voxRWFTtagLiqnJQs9tWQLB0MN.jpg</thumbnail>
	<fanart>https://image.tmdb.org/t/p/w1280/1fk2xS5hRkblBuag5JXZkmE8pg6.jpg</fanart>
</item>
<item>
	<title>[COLOR=blue]Pi[/COLOR]</title>
	<meta>
	<imdb>tt0138704</imdb>
	<content>movie</content>
	<title>Pi</title>
	<year>1998</year>
	</meta>
	<link>
	<sublink>https://www.youtube.com/watch?v=jo18VIoR2xU&feature=youtu.be</sublink>
	<sublink>search</sublink>
	<sublink>searchsd</sublink>
	</link>
	<thumbnail>https://image.tmdb.org/t/p/w1280/d4pDorUHjIVFiVGiJar6sF2r8TQ.jpg</thumbnail>
	<fanart>https://image.tmdb.org/t/p/w1280/yAH2318Mx6WGLZveKes8aj2Yrcl.jpg</fanart>
</item>
<item>
	<title>[COLOR=blue]The Jacket[/COLOR]</title>
	<meta>
	<imdb>tt0366627</imdb>
	<content>movie</content>
	<title>The Jacket</title>
	<year>2005</year>
	</meta>
	<link>
	<sublink>https://www.youtube.com/watch?v=rCxQ83Pg1Ko&feature=youtu.be</sublink>
	<sublink>search</sublink>
	<sublink>searchsd</sublink>
	</link>
	<thumbnail>https://image.tmdb.org/t/p/w1280/ts5hSSpgHEcPFpdfk6gmLLgx5k4.jpg</thumbnail>
	<fanart>https://image.tmdb.org/t/p/w1280/4y4jpkHGh10QPNWy1iClCUgF8rX.jpg</fanart>
</item>
<item>
	<title>[COLOR=blue]The Lazarus Project[/COLOR]</title>
	<meta>
	<imdb>tt0464041</imdb>
	<content>movie</content>
	<title>The Lazarus Project</title>
	<year>2008</year>
	</meta>
	<link>
	<sublink>https://www.youtube.com/watch?v=9PnR562GsZw&feature=youtu.be</sublink>
	<sublink>search</sublink>
	<sublink>searchsd</sublink>
	</link>
	<thumbnail>https://image.tmdb.org/t/p/w1280/oehWKqXq3ZxKuIKbzGDNDYa4HhR.jpg</thumbnail>
	<fanart>https://image.tmdb.org/t/p/w1280/onedOXewvF98i2DW0Hf4WzOPG4z.jpg</fanart>
</item>
<item>
	<title>[COLOR=blue]The Machinist[/COLOR]</title>
	<meta>
	<imdb>tt0361862</imdb>
	<content>movie</content>
	<title>The Machinist</title>
	<year>2004</year>
	</meta>
	<link>
	<sublink>https://www.youtube.com/watch?v=H0fuHY4U1UA&feature=youtu.be</sublink>
	<sublink>search</sublink>
	<sublink>searchsd</sublink>
	</link>
	<thumbnail>https://image.tmdb.org/t/p/w1280/2tYr40n1ZjbMfYq20ieiAPsSe5.jpg</thumbnail>
	<fanart>https://image.tmdb.org/t/p/w1280/uqJKqddBjETEv4LsXCYLbHeIui7.jpg</fanart>
</item>
<item>
	<title>[COLOR=blue]The Perfect Host[/COLOR]</title>
	<meta>
	<imdb>tt1334553</imdb>
	<content>movie</content>
	<title>The Perfect Host</title>
	<year>2010</year>
	</meta>
	<link>
	<sublink>https://www.youtube.com/watch?v=DVqMrcakPg0&feature=youtu.be</sublink>
	<sublink>search</sublink>
	<sublink>searchsd</sublink>
	</link>
	<thumbnail>https://image.tmdb.org/t/p/w1280/n6OHmrKpwXAFvobJhNWAT5VnBTf.jpg</thumbnail>
	<fanart>https://image.tmdb.org/t/p/w1280/jfhjs0KDEAWbG12wYEexjKbXf8n.jpg</fanart>
</item>
<item>
	<title>[COLOR=blue]The Pledge[/COLOR]</title>
	<meta>
	<imdb>tt0237572</imdb>
	<content>movie</content>
	<title>The Pledge</title>
	<year>2001</year>
	</meta>
	<link>
	<sublink>https://www.youtube.com/watch?v=jTf_2OKsXKk&feature=youtu.be</sublink>
	<sublink>search</sublink>
	<sublink>searchsd</sublink>
	</link>
	<thumbnail>https://image.tmdb.org/t/p/w1280/1SLCUsNThBezrLcXHZ7j0t1wRY4.jpg</thumbnail>
	<fanart>https://image.tmdb.org/t/p/w1280/2ll6GTHjrEHLfEvW3i7MFF8T18x.jpg</fanart>
</item>
<item>
	<title>[COLOR=blue]The Prestige[/COLOR]</title>
	<meta>
	<imdb>tt0482571</imdb>
	<content>movie</content>
	<title>The Prestige</title>
	<year>2006</year>
	</meta>
	<link>
	<sublink>https://www.youtube.com/watch?v=ijXruSzfGEc&feature=youtu.be</sublink>
	<sublink>search</sublink>
	<sublink>searchsd</sublink>
	</link>
	<thumbnail>https://image.tmdb.org/t/p/w1280/5MXyQfz8xUP3dIFPTubhTsbFY6N.jpg</thumbnail>
	<fanart>https://image.tmdb.org/t/p/w1280/dsj7lnVsOGq4BfkCWAqIRs4kojk.jpg</fanart>
</item>
<item>
	<title>[COLOR=blue]The Shining[/COLOR]</title>
	<meta>
	<imdb>tt0081505</imdb>
	<content>movie</content>
	<title>The Shining</title>
	<year>1980</year>
	</meta>
	<link>
	<sublink>https://www.youtube.com/watch?v=S014oGZiSdI&feature=youtu.be</sublink>
	<sublink>search</sublink>
	<sublink>searchsd</sublink>
	</link>
	<thumbnail>https://image.tmdb.org/t/p/w1280/9fgh3Ns1iRzlQNYuJyK0ARQZU7w.jpg</thumbnail>
	<fanart>https://image.tmdb.org/t/p/w1280/h4DcDCOkQBENWBJZjNlPv3adQfM.jpg</fanart>
</item>
<item>
	<title>[COLOR=blue]The Silence of the Lambs[/COLOR]</title>
	<meta>
	<imdb>tt0102926</imdb>
	<content>movie</content>
	<title>The Silence of the Lambs</title>
	<year>1991</year>
	</meta>
	<link>
	<sublink>https://www.youtube.com/watch?v=8xWbc_kFus4&feature=youtu.be</sublink>
	<sublink>search</sublink>
	<sublink>searchsd</sublink>
	</link>
	<thumbnail>https://image.tmdb.org/t/p/w1280/qjAyTj2BSth1EQ89vNfo0JYVPFN.jpg</thumbnail>
	<fanart>https://image.tmdb.org/t/p/w1280/pzmrKXQgL7GEZvigD6W1bUEzXJN.jpg</fanart>
</item>
<item>
	<title>[COLOR=blue]The Talented Mr. Ripley[/COLOR]</title>
	<meta>
	<imdb>tt0134119</imdb>
	<content>movie</content>
	<title>The Talented Mr. Ripley</title>
	<year>1999</year>
	</meta>
	<link>
	<sublink>https://www.youtube.com/watch?v=Ylc5ToQoLg0&feature=youtu.be</sublink>
	<sublink>search</sublink>
	<sublink>searchsd</sublink>
	</link>
	<thumbnail>https://image.tmdb.org/t/p/w1280/uprzxfRlR9mifUDZYo3js5qOt07.jpg</thumbnail>
	<fanart>https://image.tmdb.org/t/p/w1280/pOm4IfypKwWUKjM5G2SZ2HSrJyM.jpg</fanart>
</item>
<item>
	<title>[COLOR=blue]The Village[/COLOR]</title>
	<meta>
	<imdb>tt0368447</imdb>
	<content>movie</content>
	<title>The Village</title>
	<year>2004</year>
	</meta>
	<link>
	<sublink>https://www.youtube.com/watch?v=c7TL1BZegLo&feature=youtu.be</sublink>
	<sublink>search</sublink>
	<sublink>searchsd</sublink>
	</link>
	<thumbnail>https://image.tmdb.org/t/p/w1280/v7UvYtKfIVaHLaHwVgfalyrK7Ho.jpg</thumbnail>
	<fanart>https://image.tmdb.org/t/p/w1280/sWypV7T6AXwmpoSEGrmPkkSsAo0.jpg</fanart>
</item>
<item>
	<title>[COLOR=blue]Transsiberian[/COLOR]</title>
	<meta>
	<imdb>tt0800241</imdb>
	<content>movie</content>
	<title>Transsiberian</title>
	<year>2008</year>
	</meta>
	<link>
	<sublink>https://www.youtube.com/watch?v=386HCnvhQ2A&feature=youtu.be</sublink>
	<sublink>search</sublink>
	<sublink>searchsd</sublink>
	</link>
	<thumbnail>https://image.tmdb.org/t/p/w1280/izYDkKxj9sI8KNKK0PR54dpuiFu.jpg</thumbnail>
	<fanart>https://image.tmdb.org/t/p/w1280/XeGSylfb6fqKvqqEcwKsHech47.jpg</fanart>
</item>
<item>
	<title>[COLOR=blue]Trauma[/COLOR]</title>
	<meta>
	<imdb>tt0363143</imdb>
	<content>movie</content>
	<title>Trauma</title>
	<year>2004</year>
	</meta>
	<link>
	<sublink>https://www.youtube.com/watch?v=M-ZZ-PhDeF0&feature=youtu.be</sublink>
	<sublink>search</sublink>
	<sublink>searchsd</sublink>
	</link>
	<thumbnail>https://image.tmdb.org/t/p/w1280/k9uFGgQYmyhGFhwRM9jZuIlYAiu.jpg</thumbnail>
	<fanart>https://image.tmdb.org/t/p/w1280/d4ANOhvEjGJKZgOmDhEmPstkL6F.jpg</fanart>
</item>
<item>
	<title>[COLOR=blue]Triangle[/COLOR]</title>
	<meta>
	<imdb>tt1187064</imdb>
	<content>movie</content>
	<title>Triangle</title>
	<year>2009</year>
	</meta>
	<link>
	<sublink>https://www.youtube.com/watch?v=17XqBdCiHOI&feature=youtu.be</sublink>
	<sublink>search</sublink>
	<sublink>searchsd</sublink>
	</link>
	<thumbnail>https://image.tmdb.org/t/p/w1280/hjC00Wus7IoCywVTHt68W8QxcyW.jpg</thumbnail>
	<fanart>https://image.tmdb.org/t/p/w1280/cL1R5nz7BUVU3d2shLDTaDcU0Ga.jpg</fanart>
</item>
<item>
	<title>[COLOR=blue]Untraceable[/COLOR]</title>
	<meta>
	<imdb>tt0880578</imdb>
	<content>movie</content>
	<title>Untraceable</title>
	<year>2008</year>
	</meta>
	<link>
	<sublink>https://www.youtube.com/watch?v=oIqnESZW0qc&feature=youtu.be</sublink>
	<sublink>search</sublink>
	<sublink>searchsd</sublink>
	</link>
	<thumbnail>https://image.tmdb.org/t/p/w1280/ySUwDRDEn01lKIMPQorpFCMLWqE.jpg</thumbnail>
	<fanart>https://image.tmdb.org/t/p/w1280/eXuIPt9I1xuaVddlgzEQRC2EMnJ.jpg</fanart>
</item>
<item>
	<title>[COLOR=blue]We Need to Talk About Kevin[/COLOR]</title>
	<meta>
	<imdb>tt1242460</imdb>
	<content>movie</content>
	<title>We Need to Talk About Kevin</title>
	<year>2011</year>
	</meta>
	<link>
	<sublink>https://www.youtube.com/watch?v=bf9HeHwV9D4&feature=youtu.be</sublink>
	<sublink>search</sublink>
	<sublink>searchsd</sublink>
	</link>
	<thumbnail>https://image.tmdb.org/t/p/w1280/TBNvX42VMq5vRNppY27mPYEz4Z.jpg</thumbnail>
	<fanart>https://image.tmdb.org/t/p/w1280/pbpy2MqqArr1mfZl4PmBphC0sr6.jpg</fanart>
</item>
<item>
	<title>[COLOR=blue]Zodiac[/COLOR]</title>
	<meta>
	<imdb>tt0443706</imdb>
	<content>movie</content>
	<title>Zodiac</title>
	<year>2007</year>
	</meta>
	<link>
	<sublink>https://www.youtube.com/watch?v=dJ0oNfjzx4k&feature=youtu.be</sublink>
	<sublink>search</sublink>
	<sublink>searchsd</sublink>
	</link>
	<thumbnail>https://image.tmdb.org/t/p/w1280/bgLyOROfFQI3FqYL7jQbiaV8lkN.jpg</thumbnail>
	<fanart>https://image.tmdb.org/t/p/w1280/jP2htGBHE7vKq4MLeC75UeC0sZH.jpg</fanart>
</item>
<item>
	<title>[COLOR=blue]Identity[/COLOR]</title>
	<meta>
	<imdb>tt0309698</imdb>
	<content>movie</content>
	<title>Identity</title>
	<year>2003</year>
	</meta>
	<link>
	<sublink>https://www.youtube.com/watch?v=TQkG2x3qTf4&feature=youtu.be</sublink>
	<sublink>search</sublink>
	<sublink>searchsd</sublink>
	</link>
	<thumbnail>https://image.tmdb.org/t/p/w1280/xSNSp2wmCUwFavxdkMF417hBc39.jpg</thumbnail>
	<fanart>https://image.tmdb.org/t/p/w1280/arcpWGGnUkGkakOwZo7xfPsaz7h.jpg</fanart>
</item>
<item>
	<title>[COLOR=blue]Derailed[/COLOR]</title>
	<meta>
	<imdb>tt0398017</imdb>
	<content>movie</content>
	<title>Derailed</title>
	<year>2005</year>
	</meta>
	<link>
	<sublink>https://www.youtube.com/watch?v=84mGKTTv5Gc&feature=youtu.be</sublink>
	<sublink>search</sublink>
	<sublink>searchsd</sublink>
	</link>
	<thumbnail>https://image.tmdb.org/t/p/w1280/fWZK40LvrjJ2w7IBuuadJMdHgVK.jpg</thumbnail>
	<fanart>https://image.tmdb.org/t/p/w1280/tFm0uRDFh9SarRyQN1mZLWvxJvE.jpg</fanart>
</item>
<item>
	<title>[COLOR=blue]Prisoners[/COLOR]</title>
	<meta>
	<imdb>tt1392214</imdb>
	<content>movie</content>
	<title>Prisoners</title>
	<year>2013</year>
	</meta>
	<link>
	<sublink>https://www.youtube.com/watch?v=bpXfcTF6iVk&feature=youtu.be</sublink>
	<sublink>search</sublink>
	<sublink>searchsd</sublink>
	</link>
	<thumbnail>https://image.tmdb.org/t/p/w1280/yAhqW57pwMAsCgmZpM5zSIVQVTh.jpg</thumbnail>
	<fanart>https://image.tmdb.org/t/p/w1280/cLGKawjQ5tUJCuDyR0OnGYT4fyf.jpg</fanart>
</item>
