<item>
	<title>[COLOR=white]The Attic Expeditions[/COLOR]</title>
	<meta>
	<imdb>tt0118652</imdb>
	<content>movie</content>
	<title>The Attic Expeditions</title>
	<year>2001</year>
	</meta>
	<link>
	<sublink>search</sublink>
	<sublink>searchsd</sublink>
	</link>
	<thumbnail>https://image.tmdb.org/t/p/w1280/xUouit79qeOpZs55qKEOxMubykX.jpg</thumbnail>
	<fanart>https://image.tmdb.org/t/p/w1280/t2P5ydkbvJxB0aaIxy7HAQFl95.jpg</fanart>
</item>
<item>
	<title>[COLOR=white]Bereavement[/COLOR]</title>
	<meta>
	<imdb>tt1100051</imdb>
	<content>movie</content>
	<title>Bereavement</title>
	<year>2010</year>
	</meta>
	<link>
	<sublink>search</sublink>
	<sublink>searchsd</sublink>
	</link>
	<thumbnail>https://image.tmdb.org/t/p/w1280/7cFVnLCTaGJHQ3DIx1CXM7AmEXP.jpg</thumbnail>
	<fanart>https://image.tmdb.org/t/p/w1280/59kvQ7mtI4n0MMUxSBpSm8jHruN.jpg</fanart>
</item>
<item>
	<title>[COLOR=white]The Dunwich Horror[/COLOR]</title>
	<meta>
	<imdb>tt1226752</imdb>
	<content>movie</content>
	<title>The Dunwich Horror</title>
	<year>2009</year>
	</meta>
	<link>
	<sublink>search</sublink>
	<sublink>searchsd</sublink>
	</link>
	<thumbnail>https://image.tmdb.org/t/p/w1280/hHfF2sKfI6ssK6F2Y7CpLwffIsP.jpg</thumbnail>
	<fanart>https://image.tmdb.org/t/p/w1280/hXfsBAOSgKr9RNiQ1v1bi6mDJHF.jpg</fanart>
</item>
<item>
	<title>[COLOR=white]Nun[/COLOR]</title>
	<meta>
	<imdb>tt2378145</imdb>
	<content>movie</content>
	<title>Nun</title>
	<year>2017</year>
	</meta>
	<link>
	<sublink>search</sublink>
	<sublink>searchsd</sublink>
	</link>
	<thumbnail>https://image.tmdb.org/t/p/w1280/7exoMgBsEnHGIIz7tZr8VpVERJH.jpg</thumbnail>
	<fanart>https://image.tmdb.org/t/p/w1280</fanart>
</item>
<item>
	<title>[COLOR=white]The Grand Horror[/COLOR]</title>
	<meta>
	<imdb>tt1599358</imdb>
	<content>movie</content>
	<title>The Grand Horror</title>
	<year>2006</year>
	</meta>
	<link>
	<sublink>search</sublink>
	<sublink>searchsd</sublink>
	</link>
	<thumbnail>https://image.tmdb.org/t/p/w1280/wzW2VY1QKsHoRcKChB3ru5HroGC.jpg</thumbnail>
	<fanart>https://image.tmdb.org/t/p/w1280/3YlbWfqquSpdRtlHAdhPqnG3com.jpg</fanart>
</item>
<item>
	<title>[COLOR=white]The Horror Convention Massacre[/COLOR]</title>
	<meta>
	<imdb>tt0829196</imdb>
	<content>movie</content>
	<title>The Horror Convention Massacre</title>
	<year>2007</year>
	</meta>
	<link>
	<sublink>search</sublink>
	<sublink>searchsd</sublink>
	</link>
	<thumbnail>https://image.tmdb.org/t/p/w1280/m21NyowFK5MIVGvI2vWW9Ov5WMv.jpg</thumbnail>
	<fanart>https://image.tmdb.org/t/p/w1280</fanart>
</item>
<item>
	<title>[COLOR=white]The Horror Convention Massacre 2[/COLOR]</title>
	<meta>
	<imdb>tt3087662</imdb>
	<content>movie</content>
	<title>The Horror Convention Massacre 2</title>
	<year>2008</year>
	</meta>
	<link>
	<sublink>search</sublink>
	<sublink>searchsd</sublink>
	</link>
	<thumbnail>https://image.tmdb.org/t/p/w1280/whVulWcKba3OQ2rTidk5PCARVv2.jpg</thumbnail>
	<fanart>https://image.tmdb.org/t/p/w1280</fanart>
</item>
<item>
	<title>[COLOR=white]Initiation: Silent Night, Deadly Night 4[/COLOR]</title>
	<meta>
	<imdb>tt0100618</imdb>
	<content>movie</content>
	<title>Initiation: Silent Night, Deadly Night 4</title>
	<year>1990</year>
	</meta>
	<link>
	<sublink>search</sublink>
	<sublink>searchsd</sublink>
	</link>
	<thumbnail>https://image.tmdb.org/t/p/w1280/vCBRXhWgaf9Eo5RP53spmloOiSP.jpg</thumbnail>
	<fanart>https://image.tmdb.org/t/p/w1280/j4qzbQ8A52kvmAieaCiCzCxnqtP.jpg</fanart>
</item>
<item>
	<title>[COLOR=white]Inner Demon[/COLOR]</title>
	<meta>
	<imdb>tt2887840</imdb>
	<content>movie</content>
	<title>Inner Demon</title>
	<year>2014</year>
	</meta>
	<link>
	<sublink>search</sublink>
	<sublink>searchsd</sublink>
	</link>
	<thumbnail>https://image.tmdb.org/t/p/w1280/LpBUyTumBMFjpnKkfYFiPgjhsR.jpg</thumbnail>
	<fanart>https://image.tmdb.org/t/p/w1280</fanart>
</item>
<item>
	<title>[COLOR=white]Insidious[/COLOR]</title>
	<meta>
	<imdb>tt1591095</imdb>
	<content>movie</content>
	<title>Insidious</title>
	<year>2010</year>
	</meta>
	<link>
	<sublink>search</sublink>
	<sublink>searchsd</sublink>
	</link>
	<thumbnail>https://image.tmdb.org/t/p/w1280/6Tjg6DWVo2cpqDLxrOQNw1UvIMB.jpg</thumbnail>
	<fanart>https://image.tmdb.org/t/p/w1280/xVNR5eperbCm1DI1JfGhUXd4lqm.jpg</fanart>
</item>
<item>
	<title>[COLOR=white]Insidious: Chapter 2[/COLOR]</title>
	<meta>
	<imdb>tt2226417</imdb>
	<content>movie</content>
	<title>Insidious: Chapter 2</title>
	<year>2013</year>
	</meta>
	<link>
	<sublink>search</sublink>
	<sublink>searchsd</sublink>
	</link>
	<thumbnail>https://image.tmdb.org/t/p/w1280/vmWgw1Lsc6bHThA6S2k8fPsROaI.jpg</thumbnail>
	<fanart>https://image.tmdb.org/t/p/w1280/59baGxEztxeXW1oFjs8EBgXxTXk.jpg</fanart>
</item>
<item>
	<title>[COLOR=white]Insidious: Chapter 3[/COLOR]</title>
	<meta>
	<imdb>tt3195644</imdb>
	<content>movie</content>
	<title>Insidious: Chapter 3</title>
	<year>2015</year>
	</meta>
	<link>
	<sublink>search</sublink>
	<sublink>searchsd</sublink>
	</link>
	<thumbnail>https://image.tmdb.org/t/p/w1280/ixANIbPRTNMAstlqJa2FlfBesyQ.jpg</thumbnail>
	<fanart>https://image.tmdb.org/t/p/w1280/fkUAz8gKVzH8OoEEcHf9MJpO1wu.jpg</fanart>
</item>
<item>
	<title>[COLOR=white]Insidious: The Last Key[/COLOR]</title>
	<meta>
	<imdb>tt5726086</imdb>
	<content>movie</content>
	<title>Insidious: The Last Key</title>
	<year>2018</year>
	</meta>
	<link>
	<sublink>search</sublink>
	<sublink>searchsd</sublink>
	</link>
	<thumbnail>https://image.tmdb.org/t/p/w1280/nb9fc9INMg8kQ8L7sE7XTNsZnUX.jpg</thumbnail>
	<fanart>https://image.tmdb.org/t/p/w1280/PwI3EfasE9fVuXsmMu9ffJh0Re.jpg</fanart>
</item>
<item>
	<title>[COLOR=white]It[/COLOR]</title>
	<meta>
	<imdb>tt1396484</imdb>
	<content>movie</content>
	<title>It</title>
	<year>2017</year>
	</meta>
	<link>
	<sublink>search</sublink>
	<sublink>searchsd</sublink>
	</link>
	<thumbnail>https://image.tmdb.org/t/p/w1280/9E2y5Q7WlCVNEhP5GiVTjhEhx1o.jpg</thumbnail>
	<fanart>https://image.tmdb.org/t/p/w1280/tcheoA2nPATCm2vvXw2hVQoaEFD.jpg</fanart>
</item>
<item>
	<title>[COLOR=white]Jurassic Predator[/COLOR]</title>
	<meta>
	<imdb>tt5001456</imdb>
	<content>movie</content>
	<title>Jurassic Predator</title>
	<year>2018</year>
	</meta>
	<link>
	<sublink>search</sublink>
	<sublink>searchsd</sublink>
	</link>
	<thumbnail>https://image.tmdb.org/t/p/w1280/kQkx3WUH0ahWKYUJjkGpEOoK6Ep.jpg</thumbnail>
	<fanart>https://image.tmdb.org/t/p/w1280</fanart>
</item>
<item>
	<title>[COLOR=white]The Last Horror Movie[/COLOR]</title>
	<meta>
	<imdb>tt0319728</imdb>
	<content>movie</content>
	<title>The Last Horror Movie</title>
	<year>2004</year>
	</meta>
	<link>
	<sublink>search</sublink>
	<sublink>searchsd</sublink>
	</link>
	<thumbnail>https://image.tmdb.org/t/p/w1280/j6Ok8JETcTlclWCWCZR8dn3uXM9.jpg</thumbnail>
	<fanart>https://image.tmdb.org/t/p/w1280</fanart>
</item>
<item>
	<title>[COLOR=white]The Legend of Bloody Mary[/COLOR]</title>
	<meta>
	<imdb>tt1190074</imdb>
	<content>movie</content>
	<title>The Legend of Bloody Mary</title>
	<year>2008</year>
	</meta>
	<link>
	<sublink>search</sublink>
	<sublink>searchsd</sublink>
	</link>
	<thumbnail>https://image.tmdb.org/t/p/w1280/x1kIVaqFOZkTV9zlHIUYsVnqzn8.jpg</thumbnail>
	<fanart>https://image.tmdb.org/t/p/w1280</fanart>
</item>
<item>
	<title>[COLOR=white]Lifechanger[/COLOR]</title>
	<meta>
	<imdb>tt7188978</imdb>
	<content>movie</content>
	<title>Lifechanger</title>
	<year>2018</year>
	</meta>
	<link>
	<sublink>search</sublink>
	<sublink>searchsd</sublink>
	</link>
	<thumbnail>https://image.tmdb.org/t/p/w1280/vvGYe6vGFL8VnAbkGFvpu5bpLHY.jpg</thumbnail>
	<fanart>https://image.tmdb.org/t/p/w1280/vnU60ruIOvTYRJ2WI9pWOrIwBFS.jpg</fanart>
</item>
<item>
	<title>[COLOR=white]Lycan[/COLOR]</title>
	<meta>
	<imdb>tt4031126</imdb>
	<content>movie</content>
	<title>Lycan</title>
	<year>2017</year>
	</meta>
	<link>
	<sublink>search</sublink>
	<sublink>searchsd</sublink>
	</link>
	<thumbnail>https://image.tmdb.org/t/p/w1280/bY9hv9FwVyCxsW4cufD8n22mmN6.jpg</thumbnail>
	<fanart>https://image.tmdb.org/t/p/w1280/zWafJY58fq3i9mpCHkjNLO0elxf.jpg</fanart>
</item>
<item>
	<title>[COLOR=white]Malevolence[/COLOR]</title>
	<meta>
	<imdb>tt0388230</imdb>
	<content>movie</content>
	<title>Malevolence</title>
	<year>2004</year>
	</meta>
	<link>
	<sublink>search</sublink>
	<sublink>searchsd</sublink>
	</link>
	<thumbnail>https://image.tmdb.org/t/p/w1280/hEzxNcqGxO7ITYi7Oy8gZUoYdgL.jpg</thumbnail>
	<fanart>https://image.tmdb.org/t/p/w1280/1tSik1QvragjdJW9Pu0rm5gE8gL.jpg</fanart>
</item>
<item>
	<title>[COLOR=white]Malevolence 3: Killer[/COLOR]</title>
	<meta>
	<imdb>tt3487610</imdb>
	<content>movie</content>
	<title>Malevolence 3: Killer</title>
	<year>2018</year>
	</meta>
	<link>
	<sublink>search</sublink>
	<sublink>searchsd</sublink>
	</link>
	<thumbnail>https://image.tmdb.org/t/p/w1280/gJlsbI4OvBoMpKMU0VAg2RDbK8U.jpg</thumbnail>
	<fanart>https://image.tmdb.org/t/p/w1280/3NBOtCe3UShwYhXxVMHi1uzKPml.jpg</fanart>
</item>
<item>
	<title>[COLOR=white]Malevolent[/COLOR]</title>
	<meta>
	<imdb>tt2386237</imdb>
	<content>movie</content>
	<title>Malevolent</title>
	<year>2018</year>
	</meta>
	<link>
	<sublink>search</sublink>
	<sublink>searchsd</sublink>
	</link>
	<thumbnail>https://image.tmdb.org/t/p/w1280/lm29Sf2uI69CmbCsUkWFn7sbvL6.jpg</thumbnail>
	<fanart>https://image.tmdb.org/t/p/w1280/i2PQLKOun5HzRMuGEG6tzeBIcbF.jpg</fanart>
</item>
<item>
	<title>[COLOR=white]Marrowbone[/COLOR]</title>
	<meta>
	<imdb>tt5886440</imdb>
	<content>movie</content>
	<title>Marrowbone</title>
	<year>2017</year>
	</meta>
	<link>
	<sublink>search</sublink>
	<sublink>searchsd</sublink>
	</link>
	<thumbnail>https://image.tmdb.org/t/p/w1280/iX77zMSqUv2Qt7ToEnN2mmEudEf.jpg</thumbnail>
	<fanart>https://image.tmdb.org/t/p/w1280/5Dd6HYOSzodtsoVKUR7H6442XRm.jpg</fanart>
</item>
<item>
	<title>[COLOR=white]The Meg[/COLOR]</title>
	<meta>
	<imdb>tt4779682</imdb>
	<content>movie</content>
	<title>The Meg</title>
	<year>2018</year>
	</meta>
	<link>
	<sublink>search</sublink>
	<sublink>searchsd</sublink>
	</link>
	<thumbnail>https://image.tmdb.org/t/p/w1280/xqECHNvzbDL5I3iiOVUkVPJMSbc.jpg</thumbnail>
	<fanart>https://image.tmdb.org/t/p/w1280/rH79sB6Nkx4cMW3JzsUy7wK0rhX.jpg</fanart>
</item>
<item>
	<title>[COLOR=white]Monsterland 2[/COLOR]</title>
	<meta>
	<imdb>tt7575702</imdb>
	<content>movie</content>
	<title>Monsterland 2</title>
	<year>2019</year>
	</meta>
	<link>
	<sublink>search</sublink>
	<sublink>searchsd</sublink>
	</link>
	<thumbnail>https://image.tmdb.org/t/p/w1280/pcNWwhOjf9kZ8bvFxFFiM3ZIOYc.jpg</thumbnail>
	<fanart>https://image.tmdb.org/t/p/w1280</fanart>
</item>
<item>
	<title>[COLOR=white]Night of the Living Dead[/COLOR]</title>
	<meta>
	<imdb>tt0063350</imdb>
	<content>movie</content>
	<title>Night of the Living Dead</title>
	<year>1968</year>
	</meta>
	<link>
	<sublink>search</sublink>
	<sublink>searchsd</sublink>
	</link>
	<thumbnail>https://image.tmdb.org/t/p/w1280/aE65rDcG2xiKPnl5ypAqh2jg0g6.jpg</thumbnail>
	<fanart>https://image.tmdb.org/t/p/w1280/jixekHe0lX093eZHUe5wqKM8SOR.jpg</fanart>
</item>
<item>
	<title>[COLOR=white]The Nightmare[/COLOR]</title>
	<meta>
	<imdb>tt3317522</imdb>
	<content>movie</content>
	<title>The Nightmare</title>
	<year>2015</year>
	</meta>
	<link>
	<sublink>search</sublink>
	<sublink>searchsd</sublink>
	</link>
	<thumbnail>https://image.tmdb.org/t/p/w1280/6rbCB06ActB2gbqPWOdFvgiMFUw.jpg</thumbnail>
	<fanart>https://image.tmdb.org/t/p/w1280/oXkzmRUEACkQHdIdUvspLjqQwg9.jpg</fanart>
</item>
<item>
	<title>[COLOR=white]The Nun[/COLOR]</title>
	<meta>
	<imdb>tt5814060</imdb>
	<content>movie</content>
	<title>The Nun</title>
	<year>2018</year>
	</meta>
	<link>
	<sublink>search</sublink>
	<sublink>searchsd</sublink>
	</link>
	<thumbnail>https://image.tmdb.org/t/p/w1280/sFC1ElvoKGdHJIWRpNB3xWJ9lJA.jpg</thumbnail>
	<fanart>https://image.tmdb.org/t/p/w1280/fgsHxz21B27hOOqQBiw9L6yWcM7.jpg</fanart>
</item>
<item>
	<title>[COLOR=white]Oculus[/COLOR]</title>
	<meta>
	<imdb>tt2388715</imdb>
	<content>movie</content>
	<title>Oculus</title>
	<year>2014</year>
	</meta>
	<link>
	<sublink>search</sublink>
	<sublink>searchsd</sublink>
	</link>
	<thumbnail>https://image.tmdb.org/t/p/w1280/ic8C94ylSfcoLkXqPOKzL6DqPcH.jpg</thumbnail>
	<fanart>https://image.tmdb.org/t/p/w1280/yjorFsCy0DsSiK0HwABu0SHQv1P.jpg</fanart>
</item>
<item>
	<title>[COLOR=white]Ouija[/COLOR]</title>
	<meta>
	<imdb>tt1204977</imdb>
	<content>movie</content>
	<title>Ouija</title>
	<year>2014</year>
	</meta>
	<link>
	<sublink>search</sublink>
	<sublink>searchsd</sublink>
	</link>
	<thumbnail>https://image.tmdb.org/t/p/w1280/vHTXN00kJktCbSLV50Vbk9siNiX.jpg</thumbnail>
	<fanart>https://image.tmdb.org/t/p/w1280/pJXFPBOild76vDAiapX5BOTtj2B.jpg</fanart>
</item>
<item>
	<title>[COLOR=white]The Ouija Possession[/COLOR]</title>
	<meta>
	<imdb>tt5934788</imdb>
	<content>movie</content>
	<title>The Ouija Possession</title>
	<year>2016</year>
	</meta>
	<link>
	<sublink>search</sublink>
	<sublink>searchsd</sublink>
	</link>
	<thumbnail>https://image.tmdb.org/t/p/w1280/eN67c5zB5JdpZfzxCXhfo6xs0er.jpg</thumbnail>
	<fanart>https://image.tmdb.org/t/p/w1280</fanart>
</item>
<item>
	<title>[COLOR=white]Painless[/COLOR]</title>
	<meta>
	<imdb>tt3412738</imdb>
	<content>movie</content>
	<title>Painless</title>
	<year>2017</year>
	</meta>
	<link>
	<sublink>search</sublink>
	<sublink>searchsd</sublink>
	</link>
	<thumbnail>https://image.tmdb.org/t/p/w1280/mvO99HQJkOiSyyk7lpdSuD4xGul.jpg</thumbnail>
	<fanart>https://image.tmdb.org/t/p/w1280/18kVKiosc9kTq8mj0iwzfQAy8Jn.jpg</fanart>
</item>
<item>
	<title>[COLOR=white]Paranormal Entity[/COLOR]</title>
	<meta>
	<imdb>tt1586261</imdb>
	<content>movie</content>
	<title>Paranormal Entity</title>
	<year>2009</year>
	</meta>
	<link>
	<sublink>search</sublink>
	<sublink>searchsd</sublink>
	</link>
	<thumbnail>https://image.tmdb.org/t/p/w1280/mvoL4oqsWjSEU56MeTyrJ554mCC.jpg</thumbnail>
	<fanart>https://image.tmdb.org/t/p/w1280/d9UA2VPu7p84vI4ZM5dLhdVzb78.jpg</fanart>
</item>
<item>
	<title>[COLOR=white]Paranormal Incident[/COLOR]</title>
	<meta>
	<imdb>tt2095742</imdb>
	<content>movie</content>
	<title>Paranormal Incident</title>
	<year>2011</year>
	</meta>
	<link>
	<sublink>search</sublink>
	<sublink>searchsd</sublink>
	</link>
	<thumbnail>https://image.tmdb.org/t/p/w1280/p9dCLAcUFBlUZ6UBKyHDJW1iQEG.jpg</thumbnail>
	<fanart>https://image.tmdb.org/t/p/w1280/iBTnxGkr4BbaBLjtHfadUPXFMU3.jpg</fanart>
</item>
<item>
	<title>[COLOR=white]Party Bus To Hell[/COLOR]</title>
	<meta>
	<imdb>tt6360872</imdb>
	<content>movie</content>
	<title>Party Bus To Hell</title>
	<year>2018</year>
	</meta>
	<link>
	<sublink>search</sublink>
	<sublink>searchsd</sublink>
	</link>
	<thumbnail>https://image.tmdb.org/t/p/w1280/sFTfYUE7lSK7rwTvrM9DGu3utU6.jpg</thumbnail>
	<fanart>https://image.tmdb.org/t/p/w1280/4M1sacd63AoDUob1S7q3T81OUDr.jpg</fanart>
</item>
<item>
	<title>[COLOR=white]Pet Sematary[/COLOR]</title>
	<meta>
	<imdb>tt0098084</imdb>
	<content>movie</content>
	<title>Pet Sematary</title>
	<year>1989</year>
	</meta>
	<link>
	<sublink>search</sublink>
	<sublink>searchsd</sublink>
	</link>
	<thumbnail>https://image.tmdb.org/t/p/w1280/9zUax4pjRgoPIJla9CQejqNJofB.jpg</thumbnail>
	<fanart>https://image.tmdb.org/t/p/w1280/cmzp7nnHQzj5etaTmpKXvowQdOZ.jpg</fanart>
</item>
<item>
	<title>[COLOR=white]Pet Sematary II[/COLOR]</title>
	<meta>
	<imdb>tt0105128</imdb>
	<content>movie</content>
	<title>Pet Sematary II</title>
	<year>1992</year>
	</meta>
	<link>
	<sublink>search</sublink>
	<sublink>searchsd</sublink>
	</link>
	<thumbnail>https://image.tmdb.org/t/p/w1280/iaWnUo0RNDMg3uGSVrFtvlxH7EB.jpg</thumbnail>
	<fanart>https://image.tmdb.org/t/p/w1280/9rBui4Ipju1b0uFe43fDkTjtDro.jpg</fanart>
</item>
<item>
	<title>[COLOR=white]Pledge[/COLOR]</title>
	<meta>
	<imdb>tt6220752</imdb>
	<content>movie</content>
	<title>Pledge</title>
	<year>2019</year>
	</meta>
	<link>
	<sublink>search</sublink>
	<sublink>searchsd</sublink>
	</link>
	<thumbnail>https://image.tmdb.org/t/p/w1280/3eol8FnndIY8drMknjUnRCjYaIe.jpg</thumbnail>
	<fanart>https://image.tmdb.org/t/p/w1280/aqdjM6chmFlOtt1bzW0uLVIJWan.jpg</fanart>
</item>
<item>
	<title>[COLOR=white]The Possession Experiment[/COLOR]</title>
	<meta>
	<imdb>tt3697398</imdb>
	<content>movie</content>
	<title>The Possession Experiment</title>
	<year>2016</year>
	</meta>
	<link>
	<sublink>search</sublink>
	<sublink>searchsd</sublink>
	</link>
	<thumbnail>https://image.tmdb.org/t/p/w1280/6zDTizwhjYz7HJILnAM2aAdwbnT.jpg</thumbnail>
	<fanart>https://image.tmdb.org/t/p/w1280/nPiUvuHXWuhVjQLKBKuJOzWOENM.jpg</fanart>
</item>
<item>
	<title>[COLOR=white]The Possession of Michael King[/COLOR]</title>
	<meta>
	<imdb>tt2282016</imdb>
	<content>movie</content>
	<title>The Possession of Michael King</title>
	<year>2014</year>
	</meta>
	<link>
	<sublink>search</sublink>
	<sublink>searchsd</sublink>
	</link>
	<thumbnail>https://image.tmdb.org/t/p/w1280/gjo8Mdb2O1wu4YsDoDVtf4WrRrr.jpg</thumbnail>
	<fanart>https://image.tmdb.org/t/p/w1280/wksVb9WT6m3kPgFJCZI8YYMB2h5.jpg</fanart>
</item>
<item>
	<title>[COLOR=white]The Predator[/COLOR]</title>
	<meta>
	<imdb>tt3829266</imdb>
	<content>movie</content>
	<title>The Predator</title>
	<year>2018</year>
	</meta>
	<link>
	<sublink>search</sublink>
	<sublink>searchsd</sublink>
	</link>
	<thumbnail>https://image.tmdb.org/t/p/w1280/wMq9kQXTeQCHUZOG4fAe5cAxyUA.jpg</thumbnail>
	<fanart>https://image.tmdb.org/t/p/w1280/f4E0ocYeToEuXvczZv6QArrMDJ.jpg</fanart>
</item>
<item>
	<title>[COLOR=white]Preston Castle[/COLOR]</title>
	<meta>
	<imdb>tt2521436</imdb>
	<content>movie</content>
	<title>Preston Castle</title>
	<year>2012</year>
	</meta>
	<link>
	<sublink>search</sublink>
	<sublink>searchsd</sublink>
	</link>
	<thumbnail>https://image.tmdb.org/t/p/w1280/oPZAvFqgmPyVsDWZVoq1baCJwIT.jpg</thumbnail>
	<fanart>https://image.tmdb.org/t/p/w1280/5em9VPZ03A7SFsGHg7rrTsRHJXh.jpg</fanart>
</item>
<item>
	<title>[COLOR=white]Prom Night[/COLOR]</title>
	<meta>
	<imdb>tt0081383</imdb>
	<content>movie</content>
	<title>Prom Night</title>
	<year>1980</year>
	</meta>
	<link>
	<sublink>search</sublink>
	<sublink>searchsd</sublink>
	</link>
	<thumbnail>https://image.tmdb.org/t/p/w1280/3KIy1qFmdLMwUrSlRAiovX5anhR.jpg</thumbnail>
	<fanart>https://image.tmdb.org/t/p/w1280/7MJNhkXpbsoE8BuxwJLuTPcjYvH.jpg</fanart>
</item>
<item>
	<title>[COLOR=white]Psycho[/COLOR]</title>
	<meta>
	<imdb>tt0054215</imdb>
	<content>movie</content>
	<title>Psycho</title>
	<year>1960</year>
	</meta>
	<link>
	<sublink>search</sublink>
	<sublink>searchsd</sublink>
	</link>
	<thumbnail>https://image.tmdb.org/t/p/w1280/81d8oyEFgj7FlxJqSDXWr8JH8kV.jpg</thumbnail>
	<fanart>https://image.tmdb.org/t/p/w1280/3md49VBCeqY6MSNyAVY6d5eC6bA.jpg</fanart>
</item>
<item>
	<title>[COLOR=white]Pyewacket[/COLOR]</title>
	<meta>
	<imdb>tt5119116</imdb>
	<content>movie</content>
	<title>Pyewacket</title>
	<year>2017</year>
	</meta>
	<link>
	<sublink>search</sublink>
	<sublink>searchsd</sublink>
	</link>
	<thumbnail>https://image.tmdb.org/t/p/w1280/qJFbDjUNdVlcWtuqk2LiQ3Aq5hA.jpg</thumbnail>
	<fanart>https://image.tmdb.org/t/p/w1280/yAlx2Ew98rsxyoFVKnPKtGNf3ys.jpg</fanart>
</item>
<item>
	<title>[COLOR=white]The Redwood Massacre[/COLOR]</title>
	<meta>
	<imdb>tt3242756</imdb>
	<content>movie</content>
	<title>The Redwood Massacre</title>
	<year>2014</year>
	</meta>
	<link>
	<sublink>search</sublink>
	<sublink>searchsd</sublink>
	</link>
	<thumbnail>https://image.tmdb.org/t/p/w1280/1isFMzWIdydEmmCKwRgePWpeNqu.jpg</thumbnail>
	<fanart>https://image.tmdb.org/t/p/w1280/h09XG5f2QCKvA3jf7SoEeiWStec.jpg</fanart>
</item>
<item>
	<title>[COLOR=white]Resolution[/COLOR]</title>
	<meta>
	<imdb>tt1977895</imdb>
	<content>movie</content>
	<title>Resolution</title>
	<year>2012</year>
	</meta>
	<link>
	<sublink>search</sublink>
	<sublink>searchsd</sublink>
	</link>
	<thumbnail>https://image.tmdb.org/t/p/w1280/3aSPNKARW911kNiX9fmmwMG3bWH.jpg</thumbnail>
	<fanart>https://image.tmdb.org/t/p/w1280/mNyYYz8q1ysI1Kk2rOzhp7WYqeJ.jpg</fanart>
</item>
<item>
	<title>[COLOR=white]Revenge[/COLOR]</title>
	<meta>
	<imdb>tt6738136</imdb>
	<content>movie</content>
	<title>Revenge</title>
	<year>2018</year>
	</meta>
	<link>
	<sublink>search</sublink>
	<sublink>searchsd</sublink>
	</link>
	<thumbnail>https://image.tmdb.org/t/p/w1280/lDjY67pqcIoQCe0kK91TVgL14om.jpg</thumbnail>
	<fanart>https://image.tmdb.org/t/p/w1280/brZ6uY49Htby7zzLB40IXhfbwH2.jpg</fanart>
</item>
<item>
	<title>[COLOR=white]The Ritual[/COLOR]</title>
	<meta>
	<imdb>tt5638642</imdb>
	<content>movie</content>
	<title>The Ritual</title>
	<year>2017</year>
	</meta>
	<link>
	<sublink>search</sublink>
	<sublink>searchsd</sublink>
	</link>
	<thumbnail>https://image.tmdb.org/t/p/w1280/hHuJqzby593lmYmw1SzT0XYy99t.jpg</thumbnail>
	<fanart>https://image.tmdb.org/t/p/w1280/vaArQHq1lHFNppoJlMlv30Gs2fQ.jpg</fanart>
</item>
<item>
	<title>[COLOR=white]Sacrifice[/COLOR]</title>
	<meta>
	<imdb>tt2078718</imdb>
	<content>movie</content>
	<title>Sacrifice</title>
	<year>2016</year>
	</meta>
	<link>
	<sublink>search</sublink>
	<sublink>searchsd</sublink>
	</link>
	<thumbnail>https://image.tmdb.org/t/p/w1280/wIjG4JF12KsjgKUIh1gO0bjrkID.jpg</thumbnail>
	<fanart>https://image.tmdb.org/t/p/w1280/gvNcYK0OKbKiVmQxUeEoeMAxXvl.jpg</fanart>
</item>
<item>
	<title>[COLOR=white]The Shining[/COLOR]</title>
	<meta>
	<imdb>tt0081505</imdb>
	<content>movie</content>
	<title>The Shining</title>
	<year>1980</year>
	</meta>
	<link>
	<sublink>search</sublink>
	<sublink>searchsd</sublink>
	</link>
	<thumbnail>https://image.tmdb.org/t/p/w1280/9fgh3Ns1iRzlQNYuJyK0ARQZU7w.jpg</thumbnail>
	<fanart>https://image.tmdb.org/t/p/w1280/h4DcDCOkQBENWBJZjNlPv3adQfM.jpg</fanart>
</item>
<item>
	<title>[COLOR=white]Silent Night[/COLOR]</title>
	<meta>
	<imdb>tt2347497</imdb>
	<content>movie</content>
	<title>Silent Night</title>
	<year>2012</year>
	</meta>
	<link>
	<sublink>search</sublink>
	<sublink>searchsd</sublink>
	</link>
	<thumbnail>https://image.tmdb.org/t/p/w1280/f5UMEIJEIbWz9wnBSxACxu5crz.jpg</thumbnail>
	<fanart>https://image.tmdb.org/t/p/w1280/fLP19oyg6LKsmp4gLdDGle8gDBC.jpg</fanart>
</item>
<item>
	<title>[COLOR=white]Silent Night, Deadly Night[/COLOR]</title>
	<meta>
	<imdb>tt0088117</imdb>
	<content>movie</content>
	<title>Silent Night, Deadly Night</title>
	<year>1984</year>
	</meta>
	<link>
	<sublink>search</sublink>
	<sublink>searchsd</sublink>
	</link>
	<thumbnail>https://image.tmdb.org/t/p/w1280/2Lu1ry6sM1aQzZijIQrdBF70rX8.jpg</thumbnail>
	<fanart>https://image.tmdb.org/t/p/w1280/ylrwx7Smk0Ybs40dkBY0IRlsh3x.jpg</fanart>
</item>
<item>
	<title>[COLOR=white]Silent Night, Deadly Night 5: The Toy Maker[/COLOR]</title>
	<meta>
	<imdb>tt0105410</imdb>
	<content>movie</content>
	<title>Silent Night, Deadly Night 5: The Toy Maker</title>
	<year>1991</year>
	</meta>
	<link>
	<sublink>search</sublink>
	<sublink>searchsd</sublink>
	</link>
	<thumbnail>https://image.tmdb.org/t/p/w1280/pM7fzaIiC6Cu2dPS6i5Ii2uMNkU.jpg</thumbnail>
	<fanart>https://image.tmdb.org/t/p/w1280/9N9AwRjoiOmqSgVN5bJL5VxUp4P.jpg</fanart>
</item>
<item>
	<title>[COLOR=white]Silent Night, Deadly Night III: Better Watch Out![/COLOR]</title>
	<meta>
	<imdb>tt0098331</imdb>
	<content>movie</content>
	<title>Silent Night, Deadly Night III: Better Watch Out!</title>
	<year>1989</year>
	</meta>
	<link>
	<sublink>search</sublink>
	<sublink>searchsd</sublink>
	</link>
	<thumbnail>https://image.tmdb.org/t/p/w1280/s4orjIJ141ax25w1CZ8yYF4tF0B.jpg</thumbnail>
	<fanart>https://image.tmdb.org/t/p/w1280/x5drWqNlcbqJ342SjXvUqFK0iZY.jpg</fanart>
</item>
<item>
	<title>[COLOR=white]Silent Night, Deadly Night Part 2[/COLOR]</title>
	<meta>
	<imdb>tt0093974</imdb>
	<content>movie</content>
	<title>Silent Night, Deadly Night Part 2</title>
	<year>1987</year>
	</meta>
	<link>
	<sublink>search</sublink>
	<sublink>searchsd</sublink>
	</link>
	<thumbnail>https://image.tmdb.org/t/p/w1280/AnxqEQOIHMnBP8THzLvBqnbrhEq.jpg</thumbnail>
	<fanart>https://image.tmdb.org/t/p/w1280/9kuRO6UyJ5NBwShxx1GfU09XsaM.jpg</fanart>
</item>
<item>
	<title>[COLOR=white]Sinister[/COLOR]</title>
	<meta>
	<imdb>tt1922777</imdb>
	<content>movie</content>
	<title>Sinister</title>
	<year>2012</year>
	</meta>
	<link>
	<sublink>search</sublink>
	<sublink>searchsd</sublink>
	</link>
	<thumbnail>https://image.tmdb.org/t/p/w1280/hrRYY7FcRc46Ue7h9jcKiW1xqJ3.jpg</thumbnail>
	<fanart>https://image.tmdb.org/t/p/w1280/lAdRfK0Clun517bq5V0meoIx7SG.jpg</fanart>
</item>
<item>
	<title>[COLOR=white]Sinister 2[/COLOR]</title>
	<meta>
	<imdb>tt2752772</imdb>
	<content>movie</content>
	<title>Sinister 2</title>
	<year>2015</year>
	</meta>
	<link>
	<sublink>search</sublink>
	<sublink>searchsd</sublink>
	</link>
	<thumbnail>https://image.tmdb.org/t/p/w1280/AeJYo2wLVL6NpkHxpWIptGbQD0N.jpg</thumbnail>
	<fanart>https://image.tmdb.org/t/p/w1280/iQY3kJ2oqHqmcSm32xPfkFF4xW9.jpg</fanart>
</item>
<item>
	<title>[COLOR=white]Stake Land[/COLOR]</title>
	<meta>
	<imdb>tt1464580</imdb>
	<content>movie</content>
	<title>Stake Land</title>
	<year>2010</year>
	</meta>
	<link>
	<sublink>search</sublink>
	<sublink>searchsd</sublink>
	</link>
	<thumbnail>https://image.tmdb.org/t/p/w1280/xohrZtjqSsP5hWK5J3dn8YyelKY.jpg</thumbnail>
	<fanart>https://image.tmdb.org/t/p/w1280/gg44CEzDnr0FZSxNuKyy1A5T5qz.jpg</fanart>
</item>
<item>
	<title>[COLOR=white]The Stakelander[/COLOR]</title>
	<meta>
	<imdb>tt5843670</imdb>
	<content>movie</content>
	<title>The Stakelander</title>
	<year>2016</year>
	</meta>
	<link>
	<sublink>search</sublink>
	<sublink>searchsd</sublink>
	</link>
	<thumbnail>https://image.tmdb.org/t/p/w1280/3K9sca6hMxVzCtE7EnAxTjdKWpM.jpg</thumbnail>
	<fanart>https://image.tmdb.org/t/p/w1280/6OmrokBxCpkjGmBbYu9WW5sRPha.jpg</fanart>
</item>
<item>
	<title>[COLOR=white]The Strangers: Prey at Night[/COLOR]</title>
	<meta>
	<imdb>tt1285009</imdb>
	<content>movie</content>
	<title>The Strangers: Prey at Night</title>
	<year>2018</year>
	</meta>
	<link>
	<sublink>search</sublink>
	<sublink>searchsd</sublink>
	</link>
	<thumbnail>https://image.tmdb.org/t/p/w1280/vdxLpPsZkPZdFrREp7eSeSzcimj.jpg</thumbnail>
	<fanart>https://image.tmdb.org/t/p/w1280/qqdVRlVCvVWdmSBYrEHwQuC3GBd.jpg</fanart>
</item>
<item>
	<title>[COLOR=white]Tales of Frankenstein[/COLOR]</title>
	<meta>
	<imdb>tt7365740</imdb>
	<content>movie</content>
	<title>Tales of Frankenstein</title>
	<year>2018</year>
	</meta>
	<link>
	<sublink>search</sublink>
	<sublink>searchsd</sublink>
	</link>
	<thumbnail>https://image.tmdb.org/t/p/w1280/bqrtfK7AhgJy67GvTeGL37D7y8l.jpg</thumbnail>
	<fanart>https://image.tmdb.org/t/p/w1280</fanart>
</item>
<item>
	<title>[COLOR=white]The Terrible Two[/COLOR]</title>
	<meta>
	<imdb>tt5278886</imdb>
	<content>movie</content>
	<title>The Terrible Two</title>
	<year>2018</year>
	</meta>
	<link>
	<sublink>search</sublink>
	<sublink>searchsd</sublink>
	</link>
	<thumbnail>https://image.tmdb.org/t/p/w1280/47ZBTOg6cljaHgDAcpHptjQULJx.jpg</thumbnail>
	<fanart>https://image.tmdb.org/t/p/w1280/18SDNP28HYYS1tHVrqcmDhR5vqL.jpg</fanart>
</item>
<item>
	<title>[COLOR=white]Truth or Dare[/COLOR]</title>
	<meta>
	<imdb>tt6772950</imdb>
	<content>movie</content>
	<title>Truth or Dare</title>
	<year>2018</year>
	</meta>
	<link>
	<sublink>search</sublink>
	<sublink>searchsd</sublink>
	</link>
	<thumbnail>https://image.tmdb.org/t/p/w1280/ei2waWQAG8NP244WShIFgGu9IOu.jpg</thumbnail>
	<fanart>https://image.tmdb.org/t/p/w1280/jrZTNZmcjUVh7DPy6txp93Aczpa.jpg</fanart>
</item>
<item>
	<title>[COLOR=white]The Unfolding[/COLOR]</title>
	<meta>
	<imdb>tt3477620</imdb>
	<content>movie</content>
	<title>The Unfolding</title>
	<year>2016</year>
	</meta>
	<link>
	<sublink>search</sublink>
	<sublink>searchsd</sublink>
	</link>
	<thumbnail>https://image.tmdb.org/t/p/w1280/l21Tk3w4Up72cO4ezdvcMsaDfpT.jpg</thumbnail>
	<fanart>https://image.tmdb.org/t/p/w1280/9tZh3oJOHssB4KtPUtzos8wMVxv.jpg</fanart>
</item>
<item>
	<title>[COLOR=white]Unfriended: Dark Web[/COLOR]</title>
	<meta>
	<imdb>tt4761916</imdb>
	<content>movie</content>
	<title>Unfriended: Dark Web</title>
	<year>2018</year>
	</meta>
	<link>
	<sublink>search</sublink>
	<sublink>searchsd</sublink>
	</link>
	<thumbnail>https://image.tmdb.org/t/p/w1280/nOXuOeD07nZPT29IgiGT0S8PZH.jpg</thumbnail>
	<fanart>https://image.tmdb.org/t/p/w1280/2Dk9WG8R0PYlgZjo5F9iheKybpO.jpg</fanart>
</item>
<item>
	<title>[COLOR=white]Unsane[/COLOR]</title>
	<meta>
	<imdb>tt7153766</imdb>
	<content>movie</content>
	<title>Unsane</title>
	<year>2018</year>
	</meta>
	<link>
	<sublink>search</sublink>
	<sublink>searchsd</sublink>
	</link>
	<thumbnail>https://image.tmdb.org/t/p/w1280/jvDBfavZASdKsJunu9VCAtXjLS2.jpg</thumbnail>
	<fanart>https://image.tmdb.org/t/p/w1280/xj6qPnD9DIVvlhTsteXumeF2OsV.jpg</fanart>
</item>
<item>
	<title>[COLOR=white]Unwanted Presence[/COLOR]</title>
	<meta>
	<imdb>tt3984016</imdb>
	<content>movie</content>
	<title>Unwanted Presence</title>
	<year>2014</year>
	</meta>
	<link>
	<sublink>search</sublink>
	<sublink>searchsd</sublink>
	</link>
	<thumbnail>https://image.tmdb.org/t/p/w1280/cPvyZ8Zbkdxxjaqv9vW0nh2Spe8.jpg</thumbnail>
	<fanart>https://image.tmdb.org/t/p/w1280</fanart>
</item>
<item>
	<title>[COLOR=white]Venom[/COLOR]</title>
	<meta>
	<imdb>tt1270797</imdb>
	<content>movie</content>
	<title>Venom</title>
	<year>2018</year>
	</meta>
	<link>
	<sublink>search</sublink>
	<sublink>searchsd</sublink>
	</link>
	<thumbnail>https://image.tmdb.org/t/p/w1280/2uNW4WbgBXL25BAbXGLnLqX71Sw.jpg</thumbnail>
	<fanart>https://image.tmdb.org/t/p/w1280/VuukZLgaCrho2Ar8Scl9HtV3yD.jpg</fanart>
</item>
<item>
	<title>[COLOR=white]Wake Wood[/COLOR]</title>
	<meta>
	<imdb>tt1296899</imdb>
	<content>movie</content>
	<title>Wake Wood</title>
	<year>2011</year>
	</meta>
	<link>
	<sublink>search</sublink>
	<sublink>searchsd</sublink>
	</link>
	<thumbnail>https://image.tmdb.org/t/p/w1280/lpF65RcsehHl1fAZ1roT8eXxXsO.jpg</thumbnail>
	<fanart>https://image.tmdb.org/t/p/w1280/9E1DF74YxPiNZMv8gwV0Qt0RAut.jpg</fanart>
</item>
<item>
	<title>[COLOR=white]What Still Remains[/COLOR]</title>
	<meta>
	<imdb>tt6013156</imdb>
	<content>movie</content>
	<title>What Still Remains</title>
	<year>2018</year>
	</meta>
	<link>
	<sublink>search</sublink>
	<sublink>searchsd</sublink>
	</link>
	<thumbnail>https://image.tmdb.org/t/p/w1280/m5CarXbHeeCCd4x2pTvez3dV39p.jpg</thumbnail>
	<fanart>https://image.tmdb.org/t/p/w1280/oaPOCe47Z9sZICfifoK7ZdY3983.jpg</fanart>
</item>
<item>
	<title>[COLOR=white]The Wicked Within[/COLOR]</title>
	<meta>
	<imdb>tt1943014</imdb>
	<content>movie</content>
	<title>The Wicked Within</title>
	<year>2015</year>
	</meta>
	<link>
	<sublink>search</sublink>
	<sublink>searchsd</sublink>
	</link>
	<thumbnail>https://image.tmdb.org/t/p/w1280/82lKQXWuPBaGA9048pHB9WsPAPO.jpg</thumbnail>
	<fanart>https://image.tmdb.org/t/p/w1280/5e1D0tx6B5ox5jjXWfgQH2Y1SG2.jpg</fanart>
</item>
<item>
	<title>[COLOR=white]Wildling[/COLOR]</title>
	<meta>
	<imdb>tt5085924</imdb>
	<content>movie</content>
	<title>Wildling</title>
	<year>2018</year>
	</meta>
	<link>
	<sublink>search</sublink>
	<sublink>searchsd</sublink>
	</link>
	<thumbnail>https://image.tmdb.org/t/p/w1280/wZQR6hKRUBqHRL4lfECFES68zGF.jpg</thumbnail>
	<fanart>https://image.tmdb.org/t/p/w1280/xhGYXyPfey7jDDbIGJKxQMnNNrE.jpg</fanart>
</item>
<item>
	<title>[COLOR=white]Winchester[/COLOR]</title>
	<meta>
	<imdb>tt1072748</imdb>
	<content>movie</content>
	<title>Winchester</title>
	<year>2018</year>
	</meta>
	<link>
	<sublink>search</sublink>
	<sublink>searchsd</sublink>
	</link>
	<thumbnail>https://image.tmdb.org/t/p/w1280/tHDtskokZeO9B3JBdR1dSH0uqad.jpg</thumbnail>
	<fanart>https://image.tmdb.org/t/p/w1280/d4wnMDSrQonB9iArMzd90WqaoJ4.jpg</fanart>
</item>
<item>
	<title>[COLOR=white]Without Warning[/COLOR]</title>
	<meta>
	<imdb>tt0081764</imdb>
	<content>movie</content>
	<title>Without Warning</title>
	<year>1980</year>
	</meta>
	<link>
	<sublink>search</sublink>
	<sublink>searchsd</sublink>
	</link>
	<thumbnail>https://image.tmdb.org/t/p/w1280/walvlnCMgZxJT1OAYER3eYErEMu.jpg</thumbnail>
	<fanart>https://image.tmdb.org/t/p/w1280/gwinmVbatxw4jY4jsXrAjCBetsI.jpg</fanart>
</item>
<item>
	<title>[COLOR=white]The Woman in Black[/COLOR]</title>
	<meta>
	<imdb>tt1596365</imdb>
	<content>movie</content>
	<title>The Woman in Black</title>
	<year>2012</year>
	</meta>
	<link>
	<sublink>search</sublink>
	<sublink>searchsd</sublink>
	</link>
	<thumbnail>https://image.tmdb.org/t/p/w1280/y4Z9m5jbPhFAEMWsMHo71Bh1vzi.jpg</thumbnail>
	<fanart>https://image.tmdb.org/t/p/w1280/y0L24lZ8HGMsG0G1yKEtgH6MOs2.jpg</fanart>
</item>
<item>
	<title>[COLOR=white]The Woman in Black 2: Angel of Death[/COLOR]</title>
	<meta>
	<imdb>tt2339741</imdb>
	<content>movie</content>
	<title>The Woman in Black 2: Angel of Death</title>
	<year>2014</year>
	</meta>
	<link>
	<sublink>search</sublink>
	<sublink>searchsd</sublink>
	</link>
	<thumbnail>https://image.tmdb.org/t/p/w1280/kzWRtyMtazWA22LJXA64KKZ3slY.jpg</thumbnail>
	<fanart>https://image.tmdb.org/t/p/w1280/zZAJke7HMmQfc52L1AzvQkmMR3e.jpg</fanart>
</item>
<item>
	<title>[COLOR=white]World War Z[/COLOR]</title>
	<meta>
	<imdb>tt0816711</imdb>
	<content>movie</content>
	<title>World War Z</title>
	<year>2013</year>
	</meta>
	<link>
	<sublink>search</sublink>
	<sublink>searchsd</sublink>
	</link>
	<thumbnail>https://image.tmdb.org/t/p/w1280/Ha5t0J21eyiq6Az1EXzx0iwsGH.jpg</thumbnail>
	<fanart>https://image.tmdb.org/t/p/w1280/xMOQVYLeIKBXenJ9KMeasj7S64y.jpg</fanart>
</item>
<item>
	<title>[COLOR=white]Z-O-M-B-I-E-S[/COLOR]</title>
	<meta>
	<imdb>tt6878820</imdb>
	<content>movie</content>
	<title>Z-O-M-B-I-E-S</title>
	<year>2018</year>
	</meta>
	<link>
	<sublink>search</sublink>
	<sublink>searchsd</sublink>
	</link>
	<thumbnail>https://image.tmdb.org/t/p/w1280/okTdaEgs0qdwHvqzAYOuHkmdwyI.jpg</thumbnail>
	<fanart>https://image.tmdb.org/t/p/w1280/qF1xJzdLOzwhizgOngwRI4sSrN7.jpg</fanart>
</item>
<item>
	<title>[COLOR=white]mother![/COLOR]</title>
	<meta>
	<imdb>tt5109784</imdb>
	<content>movie</content>
	<title>mother!</title>
	<year>2017</year>
	</meta>
	<link>
	<sublink>search</sublink>
	<sublink>searchsd</sublink>
	</link>
	<thumbnail>https://image.tmdb.org/t/p/w1280/2yOKarmL8B4oXaLXUdHu882SUbu.jpg</thumbnail>
	<fanart>https://image.tmdb.org/t/p/w1280/uuQpQ8VDOtVL2IO4y2pR58odkS5.jpg</fanart>
</item>
<item>
	<title>[COLOR=white]Train to Busan[/COLOR]</title>
	<meta>
	<imdb>tt5700672</imdb>
	<content>movie</content>
	<title>Train to Busan</title>
	<year>2016</year>
	</meta>
	<link>
	<sublink>search</sublink>
	<sublink>searchsd</sublink>
	</link>
	<thumbnail>https://image.tmdb.org/t/p/w1280/7ECxt8z3EM9jJmS4XErT5IgivnI.jpg</thumbnail>
	<fanart>https://image.tmdb.org/t/p/w1280/cyCv00egs7ZNAyNpI8LlRaIi6K8.jpg</fanart>
</item>
