<item>
	<title>[COLOR=white]28 Days Later[/COLOR]</title>
	<meta>
	<imdb>tt0289043</imdb>
	<content>movie</content>
	<title>28 Days Later</title>
	<year>2002</year>
	</meta>
	<link>
	<sublink>search</sublink>
	<sublink>searchsd</sublink>
	</link>
	<thumbnail>https://image.tmdb.org/t/p/w1280/xaYdxi1PBEAYvqknvAmMPK5Eff3.jpg</thumbnail>
	<fanart>https://image.tmdb.org/t/p/w1280/nESF8Tw4BYnDy8PUDkF5SLIlzTJ.jpg</fanart>
</item>
<item>
	<title>[COLOR=white]28 Weeks Later[/COLOR]</title>
	<meta>
	<imdb>tt0463854</imdb>
	<content>movie</content>
	<title>28 Weeks Later</title>
	<year>2007</year>
	</meta>
	<link>
	<sublink>search</sublink>
	<sublink>searchsd</sublink>
	</link>
	<thumbnail>https://image.tmdb.org/t/p/w1280/bElOpwpp45BGMWrMBdZAy9j3Vx7.jpg</thumbnail>
	<fanart>https://image.tmdb.org/t/p/w1280/q4GEKbi4ZO2lhZJg0Zr6kYNKQgm.jpg</fanart>
</item>
<item>
	<title>[COLOR=white]30 Days of Night[/COLOR]</title>
	<meta>
	<imdb>tt0389722</imdb>
	<content>movie</content>
	<title>30 Days of Night</title>
	<year>2007</year>
	</meta>
	<link>
	<sublink>search</sublink>
	<sublink>searchsd</sublink>
	</link>
	<thumbnail>https://image.tmdb.org/t/p/w1280/utaOrixJukf5HrlMjmHrRhA7DKk.jpg</thumbnail>
	<fanart>https://image.tmdb.org/t/p/w1280/o3DpXmKBjLUNrd7P1R1cyO5sQsn.jpg</fanart>
</item>
<item>
	<title>[COLOR=white]A Haunting at Silver Falls[/COLOR]</title>
	<meta>
	<imdb>tt1813609</imdb>
	<content>movie</content>
	<title>A Haunting at Silver Falls</title>
	<year>2013</year>
	</meta>
	<link>
	<sublink>search</sublink>
	<sublink>searchsd</sublink>
	</link>
	<thumbnail>https://image.tmdb.org/t/p/w1280/ljr4r0T6BaTLj67DtositlU2LzD.jpg</thumbnail>
	<fanart>https://image.tmdb.org/t/p/w1280/y5JUEN0Yk1RBAMiz84qo2M43qVh.jpg</fanart>
</item>
<item>
	<title>[COLOR=white]A Haunting in Salem[/COLOR]</title>
	<meta>
	<imdb>tt1912981</imdb>
	<content>movie</content>
	<title>A Haunting in Salem</title>
	<year>2011</year>
	</meta>
	<link>
	<sublink>search</sublink>
	<sublink>searchsd</sublink>
	</link>
	<thumbnail>https://image.tmdb.org/t/p/w1280/iAjc9VTFU0TWEZMirjCBc8t7YUY.jpg</thumbnail>
	<fanart>https://image.tmdb.org/t/p/w1280/z7saWXwkVP84UsLhOrwJmpHPpV.jpg</fanart>
</item>
<item>
	<title>[COLOR=white]A Quiet Place[/COLOR]</title>
	<meta>
	<imdb>tt6644200</imdb>
	<content>movie</content>
	<title>A Quiet Place</title>
	<year>2018</year>
	</meta>
	<link>
	<sublink>search</sublink>
	<sublink>searchsd</sublink>
	</link>
	<thumbnail>https://image.tmdb.org/t/p/w1280/nAU74GmpUk7t5iklEp3bufwDq4n.jpg</thumbnail>
	<fanart>https://image.tmdb.org/t/p/w1280/roYyPiQDQKmIKUEhO912693tSja.jpg</fanart>
</item>
<item>
	<title>[COLOR=white]Abbey Grace[/COLOR]</title>
	<meta>
	<imdb>tt4241824</imdb>
	<content>movie</content>
	<title>Abbey Grace</title>
	<year>2016</year>
	</meta>
	<link>
	<sublink>search</sublink>
	<sublink>searchsd</sublink>
	</link>
	<thumbnail>https://image.tmdb.org/t/p/w1280/mYwbrf2Vqpx99kL8k7MxGH2RCRn.jpg</thumbnail>
	<fanart>https://image.tmdb.org/t/p/w1280</fanart>
</item>
<item>
	<title>[COLOR=white]Alligator[/COLOR]</title>
	<meta>
	<imdb>tt0080354</imdb>
	<content>movie</content>
	<title>Alligator</title>
	<year>1980</year>
	</meta>
	<link>
	<sublink>search</sublink>
	<sublink>searchsd</sublink>
	</link>
	<thumbnail>https://image.tmdb.org/t/p/w1280/2wZtSH9oSuhkdvG79dClQZVvctR.jpg</thumbnail>
	<fanart>https://image.tmdb.org/t/p/w1280/qMVM1NZvj70UPLGKYh22uSjY2OH.jpg</fanart>
</item>
<item>
	<title>[COLOR=white]The Amityville Horror[/COLOR]</title>
	<meta>
	<imdb>tt0078767</imdb>
	<content>movie</content>
	<title>The Amityville Horror</title>
	<year>1979</year>
	</meta>
	<link>
	<sublink>search</sublink>
	<sublink>searchsd</sublink>
	</link>
	<thumbnail>https://image.tmdb.org/t/p/w1280/orociMcS1GExIcuiGbYYHlRlcL8.jpg</thumbnail>
	<fanart>https://image.tmdb.org/t/p/w1280/s2z4t3y5gvFKId09smKOUq8I8gK.jpg</fanart>
</item>
<item>
	<title>[COLOR=white]Amityville II: The Possession[/COLOR]</title>
	<meta>
	<imdb>tt0083550</imdb>
	<content>movie</content>
	<title>Amityville II: The Possession</title>
	<year>1982</year>
	</meta>
	<link>
	<sublink>search</sublink>
	<sublink>searchsd</sublink>
	</link>
	<thumbnail>https://image.tmdb.org/t/p/w1280/qzvf4p6bKyadZQo2aZFsR4uuT2W.jpg</thumbnail>
	<fanart>https://image.tmdb.org/t/p/w1280/rZHdqFaKU6FuSCfchnyjm8nMjrd.jpg</fanart>
</item>
<item>
	<title>[COLOR=white]Amityville: Dollhouse[/COLOR]</title>
	<meta>
	<imdb>tt0115535</imdb>
	<content>movie</content>
	<title>Amityville: Dollhouse</title>
	<year>1996</year>
	</meta>
	<link>
	<sublink>search</sublink>
	<sublink>searchsd</sublink>
	</link>
	<thumbnail>https://image.tmdb.org/t/p/w1280/e2h6nV7RAUiNQNeK4dqbmqbEorF.jpg</thumbnail>
	<fanart>https://image.tmdb.org/t/p/w1280/xCtK8ny3aDTY9GKcF9ISZ7FhKUW.jpg</fanart>
</item>
<item>
	<title>[COLOR=white]Anna and the Apocalypse[/COLOR]</title>
	<meta>
	<imdb>tt6433880</imdb>
	<content>movie</content>
	<title>Anna and the Apocalypse</title>
	<year>2018</year>
	</meta>
	<link>
	<sublink>search</sublink>
	<sublink>searchsd</sublink>
	</link>
	<thumbnail>https://image.tmdb.org/t/p/w1280/36HmDXMzeLpTPEhjEbpzI3Kv4Vk.jpg</thumbnail>
	<fanart>https://image.tmdb.org/t/p/w1280/7GR03LqwB7ePPPhaK5BAYNzt3Vm.jpg</fanart>
</item>
<item>
	<title>[COLOR=white]Annabelle[/COLOR]</title>
	<meta>
	<imdb>tt3322940</imdb>
	<content>movie</content>
	<title>Annabelle</title>
	<year>2014</year>
	</meta>
	<link>
	<sublink>search</sublink>
	<sublink>searchsd</sublink>
	</link>
	<thumbnail>https://image.tmdb.org/t/p/w1280/yLsuU2P2SpDYFwtZQ7dtfVAf6TE.jpg</thumbnail>
	<fanart>https://image.tmdb.org/t/p/w1280/2gKX53lskaCYk9ycXmaDJKqWiy.jpg</fanart>
</item>
<item>
	<title>[COLOR=white]Annabelle: Creation[/COLOR]</title>
	<meta>
	<imdb>tt5140878</imdb>
	<content>movie</content>
	<title>Annabelle: Creation</title>
	<year>2017</year>
	</meta>
	<link>
	<sublink>search</sublink>
	<sublink>searchsd</sublink>
	</link>
	<thumbnail>https://image.tmdb.org/t/p/w1280/f7pn0VD3QpEXH8sETFNUow4o7hz.jpg</thumbnail>
	<fanart>https://image.tmdb.org/t/p/w1280/o8u0NyEigCEaZHBdCYTRfXR8U4i.jpg</fanart>
</item>
<item>
	<title>[COLOR=white]Annihilation[/COLOR]</title>
	<meta>
	<imdb>tt2798920</imdb>
	<content>movie</content>
	<title>Annihilation</title>
	<year>2018</year>
	</meta>
	<link>
	<sublink>search</sublink>
	<sublink>searchsd</sublink>
	</link>
	<thumbnail>https://image.tmdb.org/t/p/w1280/d3qcpfNwbAMCNqWDHzPQsUYiUgS.jpg</thumbnail>
	<fanart>https://image.tmdb.org/t/p/w1280/9trZvBr44UGedUOiGo3jgSUw13e.jpg</fanart>
</item>
<item>
	<title>[COLOR=white]Apostle[/COLOR]</title>
	<meta>
	<imdb>tt6217306</imdb>
	<content>movie</content>
	<title>Apostle</title>
	<year>2018</year>
	</meta>
	<link>
	<sublink>search</sublink>
	<sublink>searchsd</sublink>
	</link>
	<thumbnail>https://image.tmdb.org/t/p/w1280/rd269f2Yftxxam3EOJPYVwrvjIJ.jpg</thumbnail>
	<fanart>https://image.tmdb.org/t/p/w1280/73iZGJA287epF2nf2UvSbjelvlK.jpg</fanart>
</item>
<item>
	<title>[COLOR=white]The Babadook[/COLOR]</title>
	<meta>
	<imdb>tt2321549</imdb>
	<content>movie</content>
	<title>The Babadook</title>
	<year>2014</year>
	</meta>
	<link>
	<sublink>search</sublink>
	<sublink>searchsd</sublink>
	</link>
	<thumbnail>https://image.tmdb.org/t/p/w1280/4zPxsfmeNX438gf77hjb9eYGiLh.jpg</thumbnail>
	<fanart>https://image.tmdb.org/t/p/w1280/pJ10mpKs2mM2AXTUOmM4yl5PJi8.jpg</fanart>
</item>
<item>
	<title>[COLOR=white]Bayou Ghost Story[/COLOR]</title>
	<meta>
	<imdb>tt5941004</imdb>
	<content>movie</content>
	<title>Bayou Ghost Story</title>
	<year>2017</year>
	</meta>
	<link>
	<sublink>search</sublink>
	<sublink>searchsd</sublink>
	</link>
	<thumbnail>https://image.tmdb.org/t/p/w1280/q7SExWwkdt77nGdncqv5vMCYzIi.jpg</thumbnail>
	<fanart>https://image.tmdb.org/t/p/w1280</fanart>
</item>
<item>
	<title>[COLOR=white]The Birds[/COLOR]</title>
	<meta>
	<imdb>tt0056869</imdb>
	<content>movie</content>
	<title>The Birds</title>
	<year>1963</year>
	</meta>
	<link>
	<sublink>search</sublink>
	<sublink>searchsd</sublink>
	</link>
	<thumbnail>https://image.tmdb.org/t/p/w1280/z0iYrJ6GsAMP3abOha7uGMuc5kZ.jpg</thumbnail>
	<fanart>https://image.tmdb.org/t/p/w1280/oHrTL0iTwLJMKbx2T3R5L5DPSyz.jpg</fanart>
</item>
<item>
	<title>[COLOR=white]The Blackcoat's Daughter[/COLOR]</title>
	<meta>
	<imdb>tt3286052</imdb>
	<content>movie</content>
	<title>The Blackcoat's Daughter</title>
	<year>2017</year>
	</meta>
	<link>
	<sublink>search</sublink>
	<sublink>searchsd</sublink>
	</link>
	<thumbnail>https://image.tmdb.org/t/p/w1280/gW5MnkQ9zHtyVPzdDDHPEDCrZ57.jpg</thumbnail>
	<fanart>https://image.tmdb.org/t/p/w1280/pe1yqTDWXGdCB81q3lKmaDiKFRs.jpg</fanart>
</item>
<item>
	<title>[COLOR=white]Blood Beach[/COLOR]</title>
	<meta>
	<imdb>tt0082083</imdb>
	<content>movie</content>
	<title>Blood Beach</title>
	<year>1980</year>
	</meta>
	<link>
	<sublink>search</sublink>
	<sublink>searchsd</sublink>
	</link>
	<thumbnail>https://image.tmdb.org/t/p/w1280/deHuQLKwpaUeIgDa9CU7iKZis7f.jpg</thumbnail>
	<fanart>https://image.tmdb.org/t/p/w1280/kj6u5ucGSYo70slhVgkGP2b7L18.jpg</fanart>
</item>
<item>
	<title>[COLOR=white]Blood Feast[/COLOR]</title>
	<meta>
	<imdb>tt4847546</imdb>
	<content>movie</content>
	<title>Blood Feast</title>
	<year>2016</year>
	</meta>
	<link>
	<sublink>search</sublink>
	<sublink>searchsd</sublink>
	</link>
	<thumbnail>https://image.tmdb.org/t/p/w1280/gg9PvKLhxH4oW9y0pazvScQu0jJ.jpg</thumbnail>
	<fanart>https://image.tmdb.org/t/p/w1280/ssBvVKKRCZizDIskMgMOUNHc3MQ.jpg</fanart>
</item>
<item>
	<title>[COLOR=white]Cannibal Holocaust[/COLOR]</title>
	<meta>
	<imdb>tt0078935</imdb>
	<content>movie</content>
	<title>Cannibal Holocaust</title>
	<year>1980</year>
	</meta>
	<link>
	<sublink>search</sublink>
	<sublink>searchsd</sublink>
	</link>
	<thumbnail>https://image.tmdb.org/t/p/w1280/r0VmAFHWAqlaraVg0krIEhDCPWH.jpg</thumbnail>
	<fanart>https://image.tmdb.org/t/p/w1280/nmZrtjeP3j7lTDKlNv4ayhq6AYR.jpg</fanart>
</item>
<item>
	<title>[COLOR=white]The Cloverfield Paradox[/COLOR]</title>
	<meta>
	<imdb>tt2548396</imdb>
	<content>movie</content>
	<title>The Cloverfield Paradox</title>
	<year>2018</year>
	</meta>
	<link>
	<sublink>search</sublink>
	<sublink>searchsd</sublink>
	</link>
	<thumbnail>https://image.tmdb.org/t/p/w1280/dJe4s2h9hac0Fu3pQVV4OuWe8kU.jpg</thumbnail>
	<fanart>https://image.tmdb.org/t/p/w1280/lX4jScWnurasu6Kxuqo9819mjM2.jpg</fanart>
</item>
<item>
	<title>[COLOR=white]The Conjuring[/COLOR]</title>
	<meta>
	<imdb>tt1457767</imdb>
	<content>movie</content>
	<title>The Conjuring</title>
	<year>2013</year>
	</meta>
	<link>
	<sublink>search</sublink>
	<sublink>searchsd</sublink>
	</link>
	<thumbnail>https://image.tmdb.org/t/p/w1280/ejrD1lkCIQX26TO8k4gePsFpcyX.jpg</thumbnail>
	<fanart>https://image.tmdb.org/t/p/w1280/ksV4twEYj9HUjq2MP6q2dM0rxWX.jpg</fanart>
</item>
<item>
	<title>[COLOR=white]The Conjuring 2[/COLOR]</title>
	<meta>
	<imdb>tt3065204</imdb>
	<content>movie</content>
	<title>The Conjuring 2</title>
	<year>2016</year>
	</meta>
	<link>
	<sublink>search</sublink>
	<sublink>searchsd</sublink>
	</link>
	<thumbnail>https://image.tmdb.org/t/p/w1280/e3lBJCedHnZPfNfmBArKHZXXNC0.jpg</thumbnail>
	<fanart>https://image.tmdb.org/t/p/w1280/slpgZisYNapLoN9FWXqDOC1ExbU.jpg</fanart>
</item>
<item>
	<title>[COLOR=white]Cult of Chucky[/COLOR]</title>
	<meta>
	<imdb>tt3280262</imdb>
	<content>movie</content>
	<title>Cult of Chucky</title>
	<year>2017</year>
	</meta>
	<link>
	<sublink>search</sublink>
	<sublink>searchsd</sublink>
	</link>
	<thumbnail>https://image.tmdb.org/t/p/w1280/r5JUiMYfatwYeDkxkLWYUx5GIjY.jpg</thumbnail>
	<fanart>https://image.tmdb.org/t/p/w1280/lle3uwidvcWxBV6JDhb1NlVGxdE.jpg</fanart>
</item>
<item>
	<title>[COLOR=white]The Cured[/COLOR]</title>
	<meta>
	<imdb>tt3463106</imdb>
	<content>movie</content>
	<title>The Cured</title>
	<year>2018</year>
	</meta>
	<link>
	<sublink>search</sublink>
	<sublink>searchsd</sublink>
	</link>
	<thumbnail>https://image.tmdb.org/t/p/w1280/qheJcFjQ3hAMroE8y6FpCg6jNeN.jpg</thumbnail>
	<fanart>https://image.tmdb.org/t/p/w1280/slCqWqN1gtgOHDvQMZwsKJLCLoO.jpg</fanart>
</item>
<item>
	<title>[COLOR=white]Curse of the Nun[/COLOR]</title>
	<meta>
	<imdb>tt6993174</imdb>
	<content>movie</content>
	<title>Curse of the Nun</title>
	<year>2018</year>
	</meta>
	<link>
	<sublink>search</sublink>
	<sublink>searchsd</sublink>
	</link>
	<thumbnail>https://image.tmdb.org/t/p/w1280/7ksU3xPkEnfd7XClq7c2owSTKIA.jpg</thumbnail>
	<fanart>https://image.tmdb.org/t/p/w1280/hSdVjJ1kJD7EZ4jSLpmnBWeDz6g.jpg</fanart>
</item>
<item>
	<title>[COLOR=white]Curse of the Witch's Doll[/COLOR]</title>
	<meta>
	<imdb>tt6578228</imdb>
	<content>movie</content>
	<title>Curse of the Witch's Doll</title>
	<year>2018</year>
	</meta>
	<link>
	<sublink>search</sublink>
	<sublink>searchsd</sublink>
	</link>
	<thumbnail>https://image.tmdb.org/t/p/w1280/l0i4JKc6pscQO1F6ub0MRQ76WhI.jpg</thumbnail>
	<fanart>https://image.tmdb.org/t/p/w1280/6PJEG9uyYxFgmQpHcK2t3tk6B80.jpg</fanart>
</item>
<item>
	<title>[COLOR=white]Day of the Dead: Bloodline[/COLOR]</title>
	<meta>
	<imdb>tt3053228</imdb>
	<content>movie</content>
	<title>Day of the Dead: Bloodline</title>
	<year>2018</year>
	</meta>
	<link>
	<sublink>search</sublink>
	<sublink>searchsd</sublink>
	</link>
	<thumbnail>https://image.tmdb.org/t/p/w1280/3jM4C1wJxHLWlF4tcSyyv6fnJPR.jpg</thumbnail>
	<fanart>https://image.tmdb.org/t/p/w1280/1CKntz5l7oblq2RYligHHvY64sh.jpg</fanart>
</item>
<item>
	<title>[COLOR=white]Daybreakers[/COLOR]</title>
	<meta>
	<imdb>tt0433362</imdb>
	<content>movie</content>
	<title>Daybreakers</title>
	<year>2009</year>
	</meta>
	<link>
	<sublink>search</sublink>
	<sublink>searchsd</sublink>
	</link>
	<thumbnail>https://image.tmdb.org/t/p/w1280/ilicCtkHIBb90PvTfXMeSeJ7b0o.jpg</thumbnail>
	<fanart>https://image.tmdb.org/t/p/w1280/jjTK7kQS0LBU8GNZlUvlRK0dR1h.jpg</fanart>
</item>
<item>
	<title>[COLOR=white]Dead 7[/COLOR]</title>
	<meta>
	<imdb>tt4405860</imdb>
	<content>movie</content>
	<title>Dead 7</title>
	<year>2016</year>
	</meta>
	<link>
	<sublink>search</sublink>
	<sublink>searchsd</sublink>
	</link>
	<thumbnail>https://image.tmdb.org/t/p/w1280/xJdhF5RozAZinsMtVaScaArHyIY.jpg</thumbnail>
	<fanart>https://image.tmdb.org/t/p/w1280/2HNnwUG2oDlqnCdQevLF9BZO58c.jpg</fanart>
</item>
<item>
	<title>[COLOR=white]Dead Afterlife[/COLOR]</title>
	<meta>
	<imdb>tt3079186</imdb>
	<content>movie</content>
	<title>Dead Afterlife</title>
	<year></year>
	</meta>
	<link>
	<sublink>search</sublink>
	<sublink>searchsd</sublink>
	</link>
	<thumbnail>https://image.tmdb.org/t/p/w1280/muZmu3aXBzjT3ApgGAmh0JmqYro.jpg</thumbnail>
	<fanart>https://image.tmdb.org/t/p/w1280</fanart>
</item>
<item>
	<title>[COLOR=white]Dead Rising: Watchtower[/COLOR]</title>
	<meta>
	<imdb>tt3816458</imdb>
	<content>movie</content>
	<title>Dead Rising: Watchtower</title>
	<year>2015</year>
	</meta>
	<link>
	<sublink>search</sublink>
	<sublink>searchsd</sublink>
	</link>
	<thumbnail>https://image.tmdb.org/t/p/w1280/ysTty2OpMud8RTda60yvf6AhFuj.jpg</thumbnail>
	<fanart>https://image.tmdb.org/t/p/w1280/7yHNNBzkffJzk6THcgGqvNZ8k7I.jpg</fanart>
</item>
<item>
	<title>[COLOR=white]Dead Rising: Endgame[/COLOR]</title>
	<meta>
	<imdb>tt5481404</imdb>
	<content>movie</content>
	<title>Dead Rising: Endgame</title>
	<year>2016</year>
	</meta>
	<link>
	<sublink>search</sublink>
	<sublink>searchsd</sublink>
	</link>
	<thumbnail>https://image.tmdb.org/t/p/w1280/7pQL75g5mmQxeOg3atTEw6OhvTo.jpg</thumbnail>
	<fanart>https://image.tmdb.org/t/p/w1280/23KUOxHUD9oI0eesmgFNWWOnMcV.jpg</fanart>
</item>
<item>
	<title>[COLOR=white]Death Ship[/COLOR]</title>
	<meta>
	<imdb>tt0080603</imdb>
	<content>movie</content>
	<title>Death Ship</title>
	<year>1980</year>
	</meta>
	<link>
	<sublink>search</sublink>
	<sublink>searchsd</sublink>
	</link>
	<thumbnail>https://image.tmdb.org/t/p/w1280/oQzIrYU7G7SfPPC1439IIY5ld3t.jpg</thumbnail>
	<fanart>https://image.tmdb.org/t/p/w1280/mmlIO3Pf7JGja8XxgCiZoMpJVig.jpg</fanart>
</item>
<item>
	<title>[COLOR=white]The Demon Code[/COLOR]</title>
	<meta>
	<imdb>tt2710342</imdb>
	<content>movie</content>
	<title>The Demon Code</title>
	<year></year>
	</meta>
	<link>
	<sublink>search</sublink>
	<sublink>searchsd</sublink>
	</link>
	<thumbnail>https://image.tmdb.org/t/p/w1280/jwW0XnS2jumznA8kOAEkjA0XqUA.jpg</thumbnail>
	<fanart>https://image.tmdb.org/t/p/w1280</fanart>
</item>
<item>
	<title>[COLOR=white]Demon House[/COLOR]</title>
	<meta>
	<imdb>tt4130484</imdb>
	<content>movie</content>
	<title>Demon House</title>
	<year>2018</year>
	</meta>
	<link>
	<sublink>search</sublink>
	<sublink>searchsd</sublink>
	</link>
	<thumbnail>https://image.tmdb.org/t/p/w1280/80gFuW9wIeKEaswSspSGjSEOcDE.jpg</thumbnail>
	<fanart>https://image.tmdb.org/t/p/w1280/fZEVyHIKdLzDFC29W6JCeaJwvUz.jpg</fanart>
</item>
<item>
	<title>[COLOR=white]The Demonologist[/COLOR]</title>
	<meta>
	<imdb>tt7130192</imdb>
	<content>movie</content>
	<title>The Demonologist</title>
	<year>2019</year>
	</meta>
	<link>
	<sublink>search</sublink>
	<sublink>searchsd</sublink>
	</link>
	<thumbnail>https://image.tmdb.org/t/p/w1280/mplI0Z0Oum8fFVs3Jdak0Xymcq5.jpg</thumbnail>
	<fanart>https://image.tmdb.org/t/p/w1280/a8mU1qBEfYVSM8g5KkvO4g559kz.jpg</fanart>
</item>
<item>
	<title>[COLOR=white]Demons[/COLOR]</title>
	<meta>
	<imdb>tt6175486</imdb>
	<content>movie</content>
	<title>Demons</title>
	<year>2017</year>
	</meta>
	<link>
	<sublink>search</sublink>
	<sublink>searchsd</sublink>
	</link>
	<thumbnail>https://image.tmdb.org/t/p/w1280/cIROisS4lZZTsoykty128bGiXPw.jpg</thumbnail>
	<fanart>https://image.tmdb.org/t/p/w1280/uxddzfRfnASfB5lz7hJDRm2VYIF.jpg</fanart>
</item>
<item>
	<title>[COLOR=white]The Devil's Doorway[/COLOR]</title>
	<meta>
	<imdb>tt6793280</imdb>
	<content>movie</content>
	<title>The Devil's Doorway</title>
	<year>2018</year>
	</meta>
	<link>
	<sublink>search</sublink>
	<sublink>searchsd</sublink>
	</link>
	<thumbnail>https://image.tmdb.org/t/p/w1280/iXZsv8e9Q5mdYjsdNjch8cZzcUs.jpg</thumbnail>
	<fanart>https://image.tmdb.org/t/p/w1280/cXMnH1nMsleofidLTfLVsREMhp3.jpg</fanart>
</item>
<item>
	<title>[COLOR=white]Dominion: Prequel to the Exorcist[/COLOR]</title>
	<meta>
	<imdb>tt0449086</imdb>
	<content>movie</content>
	<title>Dominion: Prequel to the Exorcist</title>
	<year>2005</year>
	</meta>
	<link>
	<sublink>search</sublink>
	<sublink>searchsd</sublink>
	</link>
	<thumbnail>https://image.tmdb.org/t/p/w1280/3jIQOCB8ghrxvfWzSjzNv41LR9P.jpg</thumbnail>
	<fanart>https://image.tmdb.org/t/p/w1280/t9nWzNIVohUYp1qEJo2ECYq5MoF.jpg</fanart>
</item>
<item>
	<title>[COLOR=white]Dracula Untold[/COLOR]</title>
	<meta>
	<imdb>tt0829150</imdb>
	<content>movie</content>
	<title>Dracula Untold</title>
	<year>2014</year>
	</meta>
	<link>
	<sublink>search</sublink>
	<sublink>searchsd</sublink>
	</link>
	<thumbnail>https://image.tmdb.org/t/p/w1280/4oy4e0DP6LRwRszfx8NY8EYBj8V.jpg</thumbnail>
	<fanart>https://image.tmdb.org/t/p/w1280/gy5ItoprIPOT7Z1c2YhNhart39l.jpg</fanart>
</item>
<item>
	<title>[COLOR=white]The Emeryville Experiments[/COLOR]</title>
	<meta>
	<imdb>tt4513074</imdb>
	<content>movie</content>
	<title>The Emeryville Experiments</title>
	<year>2016</year>
	</meta>
	<link>
	<sublink>search</sublink>
	<sublink>searchsd</sublink>
	</link>
	<thumbnail>https://image.tmdb.org/t/p/w1280/a0hMlCfFR9YMPua0YHbqWez9d67.jpg</thumbnail>
	<fanart>https://image.tmdb.org/t/p/w1280/1hoDFCU6HFWQqYpk3lYMAKwUYrT.jpg</fanart>
</item>
<item>
	<title>[COLOR=white]Emma[/COLOR]</title>
	<meta>
	<imdb>tt3319070</imdb>
	<content>movie</content>
	<title>Emma</title>
	<year>2016</year>
	</meta>
	<link>
	<sublink>search</sublink>
	<sublink>searchsd</sublink>
	</link>
	<thumbnail>https://image.tmdb.org/t/p/w1280/vXEv0agqrZBdINIhbMacI8fwHc3.jpg</thumbnail>
	<fanart>https://image.tmdb.org/t/p/w1280</fanart>
</item>
<item>
	<title>[COLOR=white]The Endless[/COLOR]</title>
	<meta>
	<imdb>tt3986820</imdb>
	<content>movie</content>
	<title>The Endless</title>
	<year>2018</year>
	</meta>
	<link>
	<sublink>search</sublink>
	<sublink>searchsd</sublink>
	</link>
	<thumbnail>https://image.tmdb.org/t/p/w1280/49sb3kEZplzudQBhJDSt0mNJm4V.jpg</thumbnail>
	<fanart>https://image.tmdb.org/t/p/w1280/zX0pEwk0zDnS85Nxl1hI6h6dfFu.jpg</fanart>
</item>
<item>
	<title>[COLOR=white]Enter The Wild[/COLOR]</title>
	<meta>
	<imdb>tt7973916</imdb>
	<content>movie</content>
	<title>Enter The Wild</title>
	<year>2017</year>
	</meta>
	<link>
	<sublink>search</sublink>
	<sublink>searchsd</sublink>
	</link>
	<thumbnail>https://image.tmdb.org/t/p/w1280/x66k8PyMeGk6Ctj9GqWg7go0vvg.jpg</thumbnail>
	<fanart>https://image.tmdb.org/t/p/w1280</fanart>
</item>
<item>
	<title>[COLOR=white]Family Demons[/COLOR]</title>
	<meta>
	<imdb>tt1378238</imdb>
	<content>movie</content>
	<title>Family Demons</title>
	<year>2009</year>
	</meta>
	<link>
	<sublink>search</sublink>
	<sublink>searchsd</sublink>
	</link>
	<thumbnail>https://image.tmdb.org/t/p/w1280/1Js5Jxm7ju3Adspw6MHs8QuHsp1.jpg</thumbnail>
	<fanart>https://image.tmdb.org/t/p/w1280/xwrQtndn2X3AuOhUzmDCHUTZJc4.jpg</fanart>
</item>
<item>
	<title>[COLOR=white]Fear Level[/COLOR]</title>
	<meta>
	<imdb>tt6807256</imdb>
	<content>movie</content>
	<title>Fear Level</title>
	<year>2018</year>
	</meta>
	<link>
	<sublink>search</sublink>
	<sublink>searchsd</sublink>
	</link>
	<thumbnail>https://image.tmdb.org/t/p/w1280/oj7gQO0Aw6G8F3JeEidT0Ina86i.jpg</thumbnail>
	<fanart>https://image.tmdb.org/t/p/w1280/AuFHevt9J4eSIeQu87wCUfE2ES.jpg</fanart>
</item>
<item>
	<title>[COLOR=white]Escape from Hell[/COLOR]</title>
	<meta>
	<imdb>tt0079115</imdb>
	<content>movie</content>
	<title>Escape from Hell</title>
	<year>1980</year>
	</meta>
	<link>
	<sublink>search</sublink>
	<sublink>searchsd</sublink>
	</link>
	<thumbnail>https://image.tmdb.org/t/p/w1280/e5zPSs0nlNPv9fbIqYBFtWrSkfO.jpg</thumbnail>
	<fanart>https://image.tmdb.org/t/p/w1280</fanart>
</item>
<item>
	<title>[COLOR=white]The First Purge[/COLOR]</title>
	<meta>
	<imdb>tt6133466</imdb>
	<content>movie</content>
	<title>The First Purge</title>
	<year>2018</year>
	</meta>
	<link>
	<sublink>search</sublink>
	<sublink>searchsd</sublink>
	</link>
	<thumbnail>https://image.tmdb.org/t/p/w1280/litjsBoiydO6JlO70uOX4N3WnNL.jpg</thumbnail>
	<fanart>https://image.tmdb.org/t/p/w1280/r4clWIxKeWoqrHspQP0XunuUmB7.jpg</fanart>
</item>
<item>
	<title>[COLOR=white]Flu Bird Horror[/COLOR]</title>
	<meta>
	<imdb>tt1282045</imdb>
	<content>movie</content>
	<title>Flu Bird Horror</title>
	<year>2008</year>
	</meta>
	<link>
	<sublink>search</sublink>
	<sublink>searchsd</sublink>
	</link>
	<thumbnail>https://image.tmdb.org/t/p/w1280/mVQDlAiSgvJ1Iml3cO7HaQjuyU7.jpg</thumbnail>
	<fanart>https://image.tmdb.org/t/p/w1280/hzDZoNDhRzNEALmVWYSrJ4F3Wvu.jpg</fanart>
</item>
<item>
	<title>[COLOR=white]Found Footage 3D[/COLOR]</title>
	<meta>
	<imdb>tt3449006</imdb>
	<content>movie</content>
	<title>Found Footage 3D</title>
	<year>2016</year>
	</meta>
	<link>
	<sublink>search</sublink>
	<sublink>searchsd</sublink>
	</link>
	<thumbnail>https://image.tmdb.org/t/p/w1280/2i22W6T2aXzqeXGJle4l1KWPC2i.jpg</thumbnail>
	<fanart>https://image.tmdb.org/t/p/w1280/yIzCS3eyhnmE7al6kp7A1CVaKvD.jpg</fanart>
</item>
<item>
	<title>[COLOR=white]Freaks[/COLOR]</title>
	<meta>
	<imdb>tt0022913</imdb>
	<content>movie</content>
	<title>Freaks</title>
	<year>1932</year>
	</meta>
	<link>
	<sublink>search</sublink>
	<sublink>searchsd</sublink>
	</link>
	<thumbnail>https://image.tmdb.org/t/p/w1280/9hmmE4K6tOEXB1KeTajIC0pNta6.jpg</thumbnail>
	<fanart>https://image.tmdb.org/t/p/w1280/vYmJOrvjHl9trvRsmrmpYoQUCse.jpg</fanart>
</item>
<item>
	<title>[COLOR=white]From a House on Willow Street[/COLOR]</title>
	<meta>
	<imdb>tt4961380</imdb>
	<content>movie</content>
	<title>From a House on Willow Street</title>
	<year>2017</year>
	</meta>
	<link>
	<sublink>search</sublink>
	<sublink>searchsd</sublink>
	</link>
	<thumbnail>https://image.tmdb.org/t/p/w1280/d3aHtMxYUmGAyYrTNk52BqXeOQl.jpg</thumbnail>
	<fanart>https://image.tmdb.org/t/p/w1280/8SXRtvIJSvoJQpBjfrYLU3HhliQ.jpg</fanart>
</item>
<item>
	<title>[COLOR=white]Get Out[/COLOR]</title>
	<meta>
	<imdb>tt5052448</imdb>
	<content>movie</content>
	<title>Get Out</title>
	<year>2017</year>
	</meta>
	<link>
	<sublink>search</sublink>
	<sublink>searchsd</sublink>
	</link>
	<thumbnail>https://image.tmdb.org/t/p/w1280/1SwAVYpuLj8KsHxllTF8Dt9dSSX.jpg</thumbnail>
	<fanart>https://image.tmdb.org/t/p/w1280/vZ7EVk7FaNEWYqlVWbFLHP8Z0LU.jpg</fanart>
</item>
<item>
	<title>[COLOR=white]Ghost Stories[/COLOR]</title>
	<meta>
	<imdb>tt5516328</imdb>
	<content>movie</content>
	<title>Ghost Stories</title>
	<year>2018</year>
	</meta>
	<link>
	<sublink>search</sublink>
	<sublink>searchsd</sublink>
	</link>
	<thumbnail>https://image.tmdb.org/t/p/w1280/7a0sai9k5jr7YJRP5S3YIDErMVY.jpg</thumbnail>
	<fanart>https://image.tmdb.org/t/p/w1280/7vyzEMfcEpBChEyK7cP6XW6B7hi.jpg</fanart>
</item>
<item>
	<title>[COLOR=white]Ghosthunters[/COLOR]</title>
	<meta>
	<imdb>tt5725894</imdb>
	<content>movie</content>
	<title>Ghosthunters</title>
	<year>2016</year>
	</meta>
	<link>
	<sublink>search</sublink>
	<sublink>searchsd</sublink>
	</link>
	<thumbnail>https://image.tmdb.org/t/p/w1280/rSfv9HaRD6iPoN8F8gpHPLivE9b.jpg</thumbnail>
	<fanart>https://image.tmdb.org/t/p/w1280/jwIlEwoFlleoxToBVcgcQwY1qgv.jpg</fanart>
</item>
<item>
	<title>[COLOR=white]Ginger Snaps[/COLOR]</title>
	<meta>
	<imdb>tt0210070</imdb>
	<content>movie</content>
	<title>Ginger Snaps</title>
	<year>2000</year>
	</meta>
	<link>
	<sublink>search</sublink>
	<sublink>searchsd</sublink>
	</link>
	<thumbnail>https://image.tmdb.org/t/p/w1280/ChTLC17F4nIjA7jP4F6QX9A8FJ.jpg</thumbnail>
	<fanart>https://image.tmdb.org/t/p/w1280/giwO1GLcNoNNeRwaC7ydAvJWbWr.jpg</fanart>
</item>
<item>
	<title>[COLOR=white]Ginger Snaps 2: Unleashed[/COLOR]</title>
	<meta>
	<imdb>tt0353489</imdb>
	<content>movie</content>
	<title>Ginger Snaps 2: Unleashed</title>
	<year>2004</year>
	</meta>
	<link>
	<sublink>search</sublink>
	<sublink>searchsd</sublink>
	</link>
	<thumbnail>https://image.tmdb.org/t/p/w1280/nTtyzQ1qFDJXLWvXX4wvOu0nYun.jpg</thumbnail>
	<fanart>https://image.tmdb.org/t/p/w1280/10U9ZSSSw3MpPN2vpGuVgfkigzy.jpg</fanart>
</item>
<item>
	<title>[COLOR=white]Ginger Snaps Back: The Beginning[/COLOR]</title>
	<meta>
	<imdb>tt0365265</imdb>
	<content>movie</content>
	<title>Ginger Snaps Back: The Beginning</title>
	<year>2004</year>
	</meta>
	<link>
	<sublink>search</sublink>
	<sublink>searchsd</sublink>
	</link>
	<thumbnail>https://image.tmdb.org/t/p/w1280/tQ17krYhctcHnnslqq90zzGkhg7.jpg</thumbnail>
	<fanart>https://image.tmdb.org/t/p/w1280/dfeT7ZYUdcClTIz1GSqQ6KXwbT3.jpg</fanart>
</item>
<item>
	<title>[COLOR=white]The Girl with All the Gifts[/COLOR]</title>
	<meta>
	<imdb>tt4547056</imdb>
	<content>movie</content>
	<title>The Girl with All the Gifts</title>
	<year>2016</year>
	</meta>
	<link>
	<sublink>search</sublink>
	<sublink>searchsd</sublink>
	</link>
	<thumbnail>https://image.tmdb.org/t/p/w1280/33IDooA29ctGHNE7gQW6cwbmRP3.jpg</thumbnail>
	<fanart>https://image.tmdb.org/t/p/w1280/1ovpL0Oc1mqy8fllLR511UJkKsj.jpg</fanart>
</item>
<item>
	<title>[COLOR=white]Gnome Alone[/COLOR]</title>
	<meta>
	<imdb>tt3381068</imdb>
	<content>movie</content>
	<title>Gnome Alone</title>
	<year>2015</year>
	</meta>
	<link>
	<sublink>search</sublink>
	<sublink>searchsd</sublink>
	</link>
	<thumbnail>https://image.tmdb.org/t/p/w1280/8K3plogvSUpz5ncwvK3pyNXUMGm.jpg</thumbnail>
	<fanart>https://image.tmdb.org/t/p/w1280/mhwMA0ezJQWfyL3rzoaIH1zVQCD.jpg</fanart>
</item>
<item>
	<title>[COLOR=white]Guardians of the Tomb[/COLOR]</title>
	<meta>
	<imdb>tt4915672</imdb>
	<content>movie</content>
	<title>Guardians of the Tomb</title>
	<year>2018</year>
	</meta>
	<link>
	<sublink>search</sublink>
	<sublink>searchsd</sublink>
	</link>
	<thumbnail>https://image.tmdb.org/t/p/w1280/ca799tQJwj4lkkQpBdXohlvEtuQ.jpg</thumbnail>
	<fanart>https://image.tmdb.org/t/p/w1280/2CjY7TiNDKhuI0rk8K0Vq0UvIHZ.jpg</fanart>
</item>
<item>
	<title>[COLOR=white]The Hallow[/COLOR]</title>
	<meta>
	<imdb>tt2474976</imdb>
	<content>movie</content>
	<title>The Hallow</title>
	<year>2015</year>
	</meta>
	<link>
	<sublink>search</sublink>
	<sublink>searchsd</sublink>
	</link>
	<thumbnail>https://image.tmdb.org/t/p/w1280/fTkS0EuaCFefCeP1gBSRHYsaSKY.jpg</thumbnail>
	<fanart>https://image.tmdb.org/t/p/w1280/4IuHZFDUCmyxdf7JaF9oRqhTC9M.jpg</fanart>
</item>
<item>
	<title>[COLOR=white]Halloween[/COLOR]</title>
	<meta>
	<imdb>tt1502407</imdb>
	<content>movie</content>
	<title>Halloween</title>
	<year>2018</year>
	</meta>
	<link>
	<sublink>search</sublink>
	<sublink>searchsd</sublink>
	</link>
	<thumbnail>https://image.tmdb.org/t/p/w1280/bXs0zkv2iGVViZEy78teg2ycDBm.jpg</thumbnail>
	<fanart>https://image.tmdb.org/t/p/w1280/jLLsaKktHOUp0goIFu3R9x6knJ3.jpg</fanart>
</item>
<item>
	<title>[COLOR=white]The Haunting in Connecticut[/COLOR]</title>
	<meta>
	<imdb>tt0492044</imdb>
	<content>movie</content>
	<title>The Haunting in Connecticut</title>
	<year>2009</year>
	</meta>
	<link>
	<sublink>search</sublink>
	<sublink>searchsd</sublink>
	</link>
	<thumbnail>https://image.tmdb.org/t/p/w1280/8WEkxaRQJSsZ1Yy4advVCVK18Gv.jpg</thumbnail>
	<fanart>https://image.tmdb.org/t/p/w1280/30ZKjZz7jBwJFTrsfFxx8TaTN3R.jpg</fanart>
</item>
<item>
	<title>[COLOR=white]The Haunting of Alice D[/COLOR]</title>
	<meta>
	<imdb>tt2306342</imdb>
	<content>movie</content>
	<title>The Haunting of Alice D</title>
	<year>2014</year>
	</meta>
	<link>
	<sublink>search</sublink>
	<sublink>searchsd</sublink>
	</link>
	<thumbnail>https://image.tmdb.org/t/p/w1280/om8qi8y26bOOeOqOa1rrvGoWGQO.jpg</thumbnail>
	<fanart>https://image.tmdb.org/t/p/w1280/bQqoPPuc2JO9HHORPUL31zlMFfx.jpg</fanart>
</item>
<item>
	<title>[COLOR=white]He Knows You're Alone[/COLOR]</title>
	<meta>
	<imdb>tt0080850</imdb>
	<content>movie</content>
	<title>He Knows You're Alone</title>
	<year>1980</year>
	</meta>
	<link>
	<sublink>search</sublink>
	<sublink>searchsd</sublink>
	</link>
	<thumbnail>https://image.tmdb.org/t/p/w1280/90rdztFCRAxQsEfy35cxH9qt3N1.jpg</thumbnail>
	<fanart>https://image.tmdb.org/t/p/w1280/5qGsyBHPIVkqz6kWVd5gpH8EWY2.jpg</fanart>
</item>
<item>
	<title>[COLOR=white]Hell Fest[/COLOR]</title>
	<meta>
	<imdb>tt1999890</imdb>
	<content>movie</content>
	<title>Hell Fest</title>
	<year>2018</year>
	</meta>
	<link>
	<sublink>search</sublink>
	<sublink>searchsd</sublink>
	</link>
	<thumbnail>https://image.tmdb.org/t/p/w1280/qgLlnlrUtTKXkdrgMBwUfkyAkya.jpg</thumbnail>
	<fanart>https://image.tmdb.org/t/p/w1280/vIsKcpscdELfbBHHsfLvfTTMIc3.jpg</fanart>
</item>
<item>
	<title>[COLOR=white]Hell's Kitty[/COLOR]</title>
	<meta>
	<imdb>tt6051424</imdb>
	<content>movie</content>
	<title>Hell's Kitty</title>
	<year>2018</year>
	</meta>
	<link>
	<sublink>search</sublink>
	<sublink>searchsd</sublink>
	</link>
	<thumbnail>https://image.tmdb.org/t/p/w1280/lz2RdjMZzQU6QzWbTsB2HH6l9w3.jpg</thumbnail>
	<fanart>https://image.tmdb.org/t/p/w1280/m8BUqMaRjZOknk6ebJNDxq13PV0.jpg</fanart>
</item>
<item>
	<title>[COLOR=white]Hereditary[/COLOR]</title>
	<meta>
	<imdb>tt7784604</imdb>
	<content>movie</content>
	<title>Hereditary</title>
	<year>2018</year>
	</meta>
	<link>
	<sublink>search</sublink>
	<sublink>searchsd</sublink>
	</link>
	<thumbnail>https://image.tmdb.org/t/p/w1280/lHV8HHlhwNup2VbpiACtlKzaGIQ.jpg</thumbnail>
	<fanart>https://image.tmdb.org/t/p/w1280/4DUoPZOHdPuROP4nyEIsPaMIiQl.jpg</fanart>
</item>
<item>
	<title>[COLOR=white]The Hollow One[/COLOR]</title>
	<meta>
	<imdb>tt3305176</imdb>
	<content>movie</content>
	<title>The Hollow One</title>
	<year>2015</year>
	</meta>
	<link>
	<sublink>search</sublink>
	<sublink>searchsd</sublink>
	</link>
	<thumbnail>https://image.tmdb.org/t/p/w1280/aZXsye90MqSxLvDoByZm0qdK8Ne.jpg</thumbnail>
	<fanart>https://image.tmdb.org/t/p/w1280/aa7bTuNOwcFIjwjP6Pg371n89CU.jpg</fanart>
</item>
<item>
	<title>[COLOR=white]Holy Terror[/COLOR]</title>
	<meta>
	<imdb>tt5924114</imdb>
	<content>movie</content>
	<title>Holy Terror</title>
	<year>2017</year>
	</meta>
	<link>
	<sublink>search</sublink>
	<sublink>searchsd</sublink>
	</link>
	<thumbnail>https://image.tmdb.org/t/p/w1280/xCiAHDqxY7dlYG8PX0BvKrlBbgr.jpg</thumbnail>
	<fanart>https://image.tmdb.org/t/p/w1280/sNuWjSVeahhN0JALm3MVy6iKUaB.jpg</fanart>
</item>
<item>
	<title>[COLOR=white]Hounds of Love[/COLOR]</title>
	<meta>
	<imdb>tt3896738</imdb>
	<content>movie</content>
	<title>Hounds of Love</title>
	<year>2016</year>
	</meta>
	<link>
	<sublink>search</sublink>
	<sublink>searchsd</sublink>
	</link>
	<thumbnail>https://image.tmdb.org/t/p/w1280/b4niGo8hpxIpmAZsGkpZK4mXiDo.jpg</thumbnail>
	<fanart>https://image.tmdb.org/t/p/w1280/5DR1tghOeCBZ3an7E5C3lGdx63O.jpg</fanart>
</item>
<item>
	<title>[COLOR=white]House on Elm Lake[/COLOR]</title>
	<meta>
	<imdb>tt6333200</imdb>
	<content>movie</content>
	<title>House on Elm Lake</title>
	<year>2017</year>
	</meta>
	<link>
	<sublink>search</sublink>
	<sublink>searchsd</sublink>
	</link>
	<thumbnail>https://image.tmdb.org/t/p/w1280/2StUYdhstE9yautrNQAo0d8snE0.jpg</thumbnail>
	<fanart>https://image.tmdb.org/t/p/w1280/4AFCLsO64LDjY49EkZc9hD6RKWE.jpg</fanart>
</item>
<item>
	<title>[COLOR=white]How to Save Us[/COLOR]</title>
	<meta>
	<imdb>tt3466248</imdb>
	<content>movie</content>
	<title>How to Save Us</title>
	<year>2014</year>
	</meta>
	<link>
	<sublink>search</sublink>
	<sublink>searchsd</sublink>
	</link>
	<thumbnail>https://image.tmdb.org/t/p/w1280/dtk7H7bjz0wbfJYooHbYontnZes.jpg</thumbnail>
	<fanart>https://image.tmdb.org/t/p/w1280/xwMe5szyCQcC4hKkFSYL88zUBZD.jpg</fanart>
</item>
<item>
	<title>[COLOR=white]The Howling[/COLOR]</title>
	<meta>
	<imdb>tt0082533</imdb>
	<content>movie</content>
	<title>The Howling</title>
	<year>1981</year>
	</meta>
	<link>
	<sublink>search</sublink>
	<sublink>searchsd</sublink>
	</link>
	<thumbnail>https://image.tmdb.org/t/p/w1280/zXiQCqtw5lZwrLDqRPbAJhT80Ri.jpg</thumbnail>
	<fanart>https://image.tmdb.org/t/p/w1280/jkYLLMhDhnJIp5Sp1ujdWh44wOz.jpg</fanart>
</item>
<item>
	<title>[COLOR=white]Humanoids from the Deep[/COLOR]</title>
	<meta>
	<imdb>tt0080904</imdb>
	<content>movie</content>
	<title>Humanoids from the Deep</title>
	<year>1980</year>
	</meta>
	<link>
	<sublink>search</sublink>
	<sublink>searchsd</sublink>
	</link>
	<thumbnail>https://image.tmdb.org/t/p/w1280/oFsXLoEwVmd8Z9PxTRVJjuYHJdH.jpg</thumbnail>
	<fanart>https://image.tmdb.org/t/p/w1280/rkOTlSeqNkP6zgTR27MqbQfy60s.jpg</fanart>
</item>
<item>
	<title>[COLOR=white]The Nun[/COLOR]</title>
	<meta>
	<imdb>tt5814060</imdb>
	<content>movie</content>
	<title>The Nun</title>
	<year>2018</year>
	</meta>
	<link>
	<sublink>search</sublink>
	<sublink>searchsd</sublink>
	</link>
	<thumbnail>https://image.tmdb.org/t/p/w1280/sFC1ElvoKGdHJIWRpNB3xWJ9lJA.jpg</thumbnail>
	<fanart>https://image.tmdb.org/t/p/w1280/fgsHxz21B27hOOqQBiw9L6yWcM7.jpg</fanart>
</item>
<item>
	<title>[COLOR=white]Horror Stories[/COLOR]</title>
	<meta>
	<imdb>tt2961768</imdb>
	<content>movie</content>
	<title>Horror Stories</title>
	<year>2012</year>
	</meta>
	<link>
	<sublink>search</sublink>
	<sublink>searchsd</sublink>
	</link>
	<thumbnail>https://image.tmdb.org/t/p/w1280/nG3CD0YY0ccIVjCQPYfVyaknqDG.jpg</thumbnail>
	<fanart>https://image.tmdb.org/t/p/w1280/iheyWC7Gbf5YADhzSMLO53QB23u.jpg</fanart>
</item>
