<item>
	<title>[COLOR=blue]Peeping Tom[/COLOR]</title>
	<meta>
	<imdb>tt0054167</imdb>
	<content>movie</content>
	<title>Peeping Tom</title>
	<year>1960</year>
	</meta>
	<link>
	<sublink>https://www.youtube.com/watch?v=cd59DT2nPWQ&feature=youtu.be</sublink>
	<sublink>search</sublink>
	<sublink>searchsd</sublink>
	</link>
	<thumbnail>https://image.tmdb.org/t/p/w1280/tJyGgOLDLDhJkUEI4wSoD4eO7n4.jpg</thumbnail>
	<fanart>https://image.tmdb.org/t/p/w1280/3xvmvjKibxboJXL3wWnGyz7ltRZ.jpg</fanart>
</item>
<item>
	<title>[COLOR=blue]Phantasm[/COLOR]</title>
	<meta>
	<imdb>tt0079714</imdb>
	<content>movie</content>
	<title>Phantasm</title>
	<year>1979</year>
	</meta>
	<link>
	<sublink>https://www.youtube.com/watch?v=SBD6-Od1RQI&feature=youtu.be</sublink>
	<sublink>search</sublink>
	<sublink>searchsd</sublink>
	</link>
	<thumbnail>https://image.tmdb.org/t/p/w1280/59GIYULisvSYMwawbbtCnjaPMAn.jpg</thumbnail>
	<fanart>https://image.tmdb.org/t/p/w1280/mLXW1TJoutwUVorMncIxOmos6H3.jpg</fanart>
</item>
<item>
	<title>[COLOR=blue]Poltergeist[/COLOR]</title>
	<meta>
	<imdb>tt0084516</imdb>
	<content>movie</content>
	<title>Poltergeist</title>
	<year>1982</year>
	</meta>
	<link>
	<sublink>https://www.youtube.com/watch?v=QaIVip3HuHY&feature=youtu.be</sublink>
	<sublink>search</sublink>
	<sublink>searchsd</sublink>
	</link>
	<thumbnail>https://image.tmdb.org/t/p/w1280/hKs6umpuLSgZhOiZI1pxpO0iVTQ.jpg</thumbnail>
	<fanart>https://image.tmdb.org/t/p/w1280/i998vFSbMKlLL5EfMVY1kvDDUuO.jpg</fanart>
</item>
<item>
	<title>[COLOR=blue]Possession[/COLOR]</title>
	<meta>
	<imdb>tt0082933</imdb>
	<content>movie</content>
	<title>Possession</title>
	<year>1981</year>
	</meta>
	<link>
	<sublink>https://www.youtube.com/watch?v=40R0ccBfYpM&feature=youtu.be</sublink>
	<sublink>search</sublink>
	<sublink>searchsd</sublink>
	</link>
	<thumbnail>https://image.tmdb.org/t/p/w1280/36dqEcj90gwnYIif9BqfuHXafyZ.jpg</thumbnail>
	<fanart>https://image.tmdb.org/t/p/w1280/8hrk035AWgJPJZXLbOxuIgfBOWg.jpg</fanart>
</item>
<item>
	<title>[COLOR=blue]Psycho[/COLOR]</title>
	<meta>
	<imdb>tt0054215</imdb>
	<content>movie</content>
	<title>Psycho</title>
	<year>1960</year>
	</meta>
	<link>
	<sublink>https://www.youtube.com/watch?v=tRFnwT6tnbU&feature=youtu.be</sublink>
	<sublink>search</sublink>
	<sublink>searchsd</sublink>
	</link>
	<thumbnail>https://image.tmdb.org/t/p/w1280/81d8oyEFgj7FlxJqSDXWr8JH8kV.jpg</thumbnail>
	<fanart>https://image.tmdb.org/t/p/w1280/3md49VBCeqY6MSNyAVY6d5eC6bA.jpg</fanart>
</item>
<item>
	<title>[COLOR=blue]Pulse[/COLOR]</title>
	<meta>
	<imdb>tt0286751</imdb>
	<content>movie</content>
	<title>Pulse</title>
	<year>2001</year>
	</meta>
	<link>
	<sublink>https://www.youtube.com/watch?v=4BEBY-VCKPM&feature=youtu.be</sublink>
	<sublink>search</sublink>
	<sublink>searchsd</sublink>
	</link>
	<thumbnail>https://image.tmdb.org/t/p/w1280/2unV6GQtDKszsEGql5Dylxg4sVP.jpg</thumbnail>
	<fanart>https://image.tmdb.org/t/p/w1280/oguyGSoSAtOhQz3jbRPglpq7bqh.jpg</fanart>
</item>
<item>
	<title>[COLOR=blue]Re-Animator[/COLOR]</title>
	<meta>
	<imdb>tt0089885</imdb>
	<content>movie</content>
	<title>Re-Animator</title>
	<year>1985</year>
	</meta>
	<link>
	<sublink>https://www.youtube.com/watch?v=wLJ8Z3PDEGU&feature=youtu.be</sublink>
	<sublink>search</sublink>
	<sublink>searchsd</sublink>
	</link>
	<thumbnail>https://image.tmdb.org/t/p/w1280/hJnP2O0uTuh8HsR094WLTi3sQwc.jpg</thumbnail>
	<fanart>https://image.tmdb.org/t/p/w1280/aGLdPN9aF8o2b4P8tuKUwLCHFFG.jpg</fanart>
</item>
<item>
	<title>[COLOR=blue]Repulsion[/COLOR]</title>
	<meta>
	<imdb>tt0059646</imdb>
	<content>movie</content>
	<title>Repulsion</title>
	<year>1965</year>
	</meta>
	<link>
	<sublink>https://www.youtube.com/watch?v=BYZzJC_DqBI&feature=youtu.be</sublink>
	<sublink>search</sublink>
	<sublink>searchsd</sublink>
	</link>
	<thumbnail>https://image.tmdb.org/t/p/w1280/4payjKRO69Aew6Y53DfJ4KqhWs8.jpg</thumbnail>
	<fanart>https://image.tmdb.org/t/p/w1280/kDnN3JQKaJHYfl0jYsv0CIwNpPU.jpg</fanart>
</item>
<item>
	<title>[COLOR=blue]Ringu[/COLOR]</title>
	<meta>
	<imdb>tt0178868</imdb>
	<content>movie</content>
	<title>Ringu</title>
	<year>1998</year>
	</meta>
	<link>
	<sublink>https://www.youtube.com/watch?v=oTtz7g2tiuI&feature=youtu.be</sublink>
	<sublink>search</sublink>
	<sublink>searchsd</sublink>
	</link>
	<thumbnail>https://image.tmdb.org/t/p/w1280/3joRI3S4jK4ZOuxnhauOdc0uvjb.jpg</thumbnail>
	<fanart>https://image.tmdb.org/t/p/w1280/zoBEPyPnJ9dsyoKTz3BfH80Icef.jpg</fanart>
</item>
<item>
	<title>[COLOR=blue]Rosemary's Baby[/COLOR]</title>
	<meta>
	<imdb>tt0063522</imdb>
	<content>movie</content>
	<title>Rosemary's Baby</title>
	<year>1968</year>
	</meta>
	<link>
	<sublink>https://www.youtube.com/watch?v=NoXLXMbOgiU&feature=youtu.be</sublink>
	<sublink>search</sublink>
	<sublink>searchsd</sublink>
	</link>
	<thumbnail>https://image.tmdb.org/t/p/w1280/kqA1pt9ovovArgJZi2Lu4Unf6He.jpg</thumbnail>
	<fanart>https://image.tmdb.org/t/p/w1280/3THF7D3uPqhV6k7iKsr2EyjqVPK.jpg</fanart>
</item>
<item>
	<title>[COLOR=blue]Salo, or the 120 Days of Sodom[/COLOR]</title>
	<meta>
	<imdb>tt0073650</imdb>
	<content>movie</content>
	<title>Salo, or the 120 Days of Sodom</title>
	<year>1975</year>
	</meta>
	<link>
	<sublink>https://www.youtube.com/watch?v=0o2ul-UwOvU&feature=youtu.be</sublink>
	<sublink>search</sublink>
	<sublink>searchsd</sublink>
	</link>
	<thumbnail>https://image.tmdb.org/t/p/w1280/xnaDdiRfZlJaTf6JRc4in40eaeI.jpg</thumbnail>
	<fanart>https://image.tmdb.org/t/p/w1280/wWvHu8AQlyc2D5VEEmlrDj4SuQy.jpg</fanart>
</item>
<item>
	<title>[COLOR=blue]Scream[/COLOR]</title>
	<meta>
	<imdb>tt0117571</imdb>
	<content>movie</content>
	<title>Scream</title>
	<year>1996</year>
	</meta>
	<link>
	<sublink>https://www.youtube.com/watch?v=xRqAmYpV_Ts&feature=youtu.be</sublink>
	<sublink>search</sublink>
	<sublink>searchsd</sublink>
	</link>
	<thumbnail>https://image.tmdb.org/t/p/w1280/ewi7gYW22t8T3piRvrXO73GlzuL.jpg</thumbnail>
	<fanart>https://image.tmdb.org/t/p/w1280/tdcb0RHusaQxScWORevtKQ0u9NG.jpg</fanart>
</item>
<item>
	<title>[COLOR=blue]Session 9[/COLOR]</title>
	<meta>
	<imdb>tt0261983</imdb>
	<content>movie</content>
	<title>Session 9</title>
	<year>2001</year>
	</meta>
	<link>
	<sublink>https://www.youtube.com/watch?v=LsxkRNvEbhM&feature=youtu.be</sublink>
	<sublink>search</sublink>
	<sublink>searchsd</sublink>
	</link>
	<thumbnail>https://image.tmdb.org/t/p/w1280/mWwrWhPHiHSoCWUkYcq4GplRF6V.jpg</thumbnail>
	<fanart>https://image.tmdb.org/t/p/w1280/d5tK8tUD4qhtfupIEaIGnnMSLiB.jpg</fanart>
</item>
<item>
	<title>[COLOR=blue]Society[/COLOR]</title>
	<meta>
	<imdb>tt0098354</imdb>
	<content>movie</content>
	<title>Society</title>
	<year>1989</year>
	</meta>
	<link>
	<sublink>https://www.youtube.com/watch?v=sEzMMJSkEHE&feature=youtu.be</sublink>
	<sublink>search</sublink>
	<sublink>searchsd</sublink>
	</link>
	<thumbnail>https://image.tmdb.org/t/p/w1280/otGd93PuwKLEfRAS9cGnOhK2Yjj.jpg</thumbnail>
	<fanart>https://image.tmdb.org/t/p/w1280/yhSrVW0lYFusibaaowUu52gcze6.jpg</fanart>
</item>
<item>
	<title>[COLOR=blue]Suspiria[/COLOR]</title>
	<meta>
	<imdb>tt0076786</imdb>
	<content>movie</content>
	<title>Suspiria</title>
	<year>1977</year>
	</meta>
	<link>
	<sublink>https://www.youtube.com/watch?v=GCJkJ2c4E0Y&feature=youtu.be</sublink>
	<sublink>search</sublink>
	<sublink>searchsd</sublink>
	</link>
	<thumbnail>https://image.tmdb.org/t/p/w1280/qtHlaxwLIKuZCHjFaHa2IGYWe4C.jpg</thumbnail>
	<fanart>https://image.tmdb.org/t/p/w1280/aCV40BdNn9MNEPapmLHw4nyLKHm.jpg</fanart>
</item>
<item>
	<title>[COLOR=blue]The Abominable Dr. Phibes[/COLOR]</title>
	<meta>
	<imdb>tt0066740</imdb>
	<content>movie</content>
	<title>The Abominable Dr. Phibes</title>
	<year>1971</year>
	</meta>
	<link>
	<sublink>https://www.youtube.com/watch?v=N2Jf_rcpBTA&feature=youtu.be</sublink>
	<sublink>search</sublink>
	<sublink>searchsd</sublink>
	</link>
	<thumbnail>https://image.tmdb.org/t/p/w1280/jfw3lj3lt8AeA7oS7rPnUsSS3za.jpg</thumbnail>
	<fanart>https://image.tmdb.org/t/p/w1280/AqqoTCV3xGs3E9r2TYo4hPb67vq.jpg</fanart>
</item>
<item>
	<title>[COLOR=blue]The Babadook[/COLOR]</title>
	<meta>
	<imdb>tt2321549</imdb>
	<content>movie</content>
	<title>The Babadook</title>
	<year>2014</year>
	</meta>
	<link>
	<sublink>https://www.youtube.com/watch?v=79lG2kyhzm8&feature=youtu.be</sublink>
	<sublink>search</sublink>
	<sublink>searchsd</sublink>
	</link>
	<thumbnail>https://image.tmdb.org/t/p/w1280/4zPxsfmeNX438gf77hjb9eYGiLh.jpg</thumbnail>
	<fanart>https://image.tmdb.org/t/p/w1280/pJ10mpKs2mM2AXTUOmM4yl5PJi8.jpg</fanart>
</item>
<item>
	<title>[COLOR=blue]The Beyond[/COLOR]</title>
	<meta>
	<imdb>tt0082307</imdb>
	<content>movie</content>
	<title>The Beyond</title>
	<year>1981</year>
	</meta>
	<link>
	<sublink>https://www.youtube.com/watch?v=Uayv9J90qQo&feature=youtu.be</sublink>
	<sublink>search</sublink>
	<sublink>searchsd</sublink>
	</link>
	<thumbnail>https://image.tmdb.org/t/p/w1280/pMYz6BWdJ90lDqpHlKKi4BtxHDd.jpg</thumbnail>
	<fanart>https://image.tmdb.org/t/p/w1280/uZOjbcEpQMFsEQauTIrN95hn6gG.jpg</fanart>
</item>
<item>
	<title>[COLOR=blue]The Birds[/COLOR]</title>
	<meta>
	<imdb>tt0056869</imdb>
	<content>movie</content>
	<title>The Birds</title>
	<year>1963</year>
	</meta>
	<link>
	<sublink>https://www.youtube.com/watch?v=lCxR7dlavwg&feature=youtu.be</sublink>
	<sublink>search</sublink>
	<sublink>searchsd</sublink>
	</link>
	<thumbnail>https://image.tmdb.org/t/p/w1280/z0iYrJ6GsAMP3abOha7uGMuc5kZ.jpg</thumbnail>
	<fanart>https://image.tmdb.org/t/p/w1280/oHrTL0iTwLJMKbx2T3R5L5DPSyz.jpg</fanart>
</item>
<item>
	<title>[COLOR=blue]The Black Cat[/COLOR]</title>
	<meta>
	<imdb>tt0024894</imdb>
	<content>movie</content>
	<title>The Black Cat</title>
	<year>1934</year>
	</meta>
	<link>
	<sublink>https://www.youtube.com/watch?v=aXZ-O7fmmm8&feature=youtu.be</sublink>
	<sublink>search</sublink>
	<sublink>searchsd</sublink>
	</link>
	<thumbnail>https://image.tmdb.org/t/p/w1280/nEg3B0YySjSgoJCntuPzYKNOzGm.jpg</thumbnail>
	<fanart>https://image.tmdb.org/t/p/w1280/jMasJb7IaCs4G1m5WSHxblKYmR4.jpg</fanart>
</item>
<item>
	<title>[COLOR=blue]The Blair Witch Project[/COLOR]</title>
	<meta>
	<imdb>tt0185937</imdb>
	<content>movie</content>
	<title>The Blair Witch Project</title>
	<year>1999</year>
	</meta>
	<link>
	<sublink>https://www.youtube.com/watch?v=a_Hw4bAUj8A&feature=youtu.be</sublink>
	<sublink>search</sublink>
	<sublink>searchsd</sublink>
	</link>
	<thumbnail>https://image.tmdb.org/t/p/w1280/hyaOKmxuF8YJKHqWlwpiZU5QsAr.jpg</thumbnail>
	<fanart>https://image.tmdb.org/t/p/w1280/rEUhIQZCk9ZAhyEyRFG0wPLYdXn.jpg</fanart>
</item>
<item>
	<title>[COLOR=blue]The Bride of Frankenstein[/COLOR]</title>
	<meta>
	<imdb>tt0026138</imdb>
	<content>movie</content>
	<title>The Bride of Frankenstein</title>
	<year>1935</year>
	</meta>
	<link>
	<sublink>https://www.youtube.com/watch?v=rYD3-pIF9jQ&feature=youtu.be</sublink>
	<sublink>search</sublink>
	<sublink>searchsd</sublink>
	</link>
	<thumbnail>https://image.tmdb.org/t/p/w1280/7YOfYQ6yhpBYWOh8vFQYfo2mm5I.jpg</thumbnail>
	<fanart>https://image.tmdb.org/t/p/w1280/vLfbjecIkkJeM3dot7Zig1YOBaO.jpg</fanart>
</item>
<item>
	<title>[COLOR=blue]The Cabinet of Dr. Caligari[/COLOR]</title>
	<meta>
	<imdb>tt0010323</imdb>
	<content>movie</content>
	<title>The Cabinet of Dr. Caligari</title>
	<year>1920</year>
	</meta>
	<link>
	<sublink>https://www.youtube.com/watch?v=gkPdvRontMc&feature=youtu.be</sublink>
	<sublink>search</sublink>
	<sublink>searchsd</sublink>
	</link>
	<thumbnail>https://image.tmdb.org/t/p/w1280/myK9DeIsXWGKgUTZyGXg2IfFk0W.jpg</thumbnail>
	<fanart>https://image.tmdb.org/t/p/w1280/6Xt1Iq0sct6LQcGF4WA5I4VqQmP.jpg</fanart>
</item>
<item>
	<title>[COLOR=blue]The Changeling[/COLOR]</title>
	<meta>
	<imdb>tt0080516</imdb>
	<content>movie</content>
	<title>The Changeling</title>
	<year>1980</year>
	</meta>
	<link>
	<sublink>https://www.youtube.com/watch?v=kqOYI4TeGtA&feature=youtu.be</sublink>
	<sublink>search</sublink>
	<sublink>searchsd</sublink>
	</link>
	<thumbnail>https://image.tmdb.org/t/p/w1280/3CCvhdKXLAvDcAdyyfdY4jtrWgx.jpg</thumbnail>
	<fanart>https://image.tmdb.org/t/p/w1280/ywwh2fs13mF9NQ1o19O4ENaxSSQ.jpg</fanart>
</item>
<item>
	<title>[COLOR=blue]The Descent[/COLOR]</title>
	<meta>
	<imdb>tt0435625</imdb>
	<content>movie</content>
	<title>The Descent</title>
	<year>2005</year>
	</meta>
	<link>
	<sublink>https://www.youtube.com/watch?v=uT17cBrUKjg&feature=youtu.be</sublink>
	<sublink>search</sublink>
	<sublink>searchsd</sublink>
	</link>
	<thumbnail>https://image.tmdb.org/t/p/w1280/ldzNyitGjBLjjOzLTaQyYDMVDF1.jpg</thumbnail>
	<fanart>https://image.tmdb.org/t/p/w1280/yiJonnQUW5luTsQy2KuUuOZqtjM.jpg</fanart>
</item>
<item>
	<title>[COLOR=blue]The Devil's Backbone[/COLOR]</title>
	<meta>
	<imdb>tt0256009</imdb>
	<content>movie</content>
	<title>The Devil's Backbone</title>
	<year>2001</year>
	</meta>
	<link>
	<sublink>https://www.youtube.com/watch?v=90o1YhN0vHY&feature=youtu.be</sublink>
	<sublink>search</sublink>
	<sublink>searchsd</sublink>
	</link>
	<thumbnail>https://image.tmdb.org/t/p/w1280/e9UizPFgoCnRCPtR0tyg2JNXY6A.jpg</thumbnail>
	<fanart>https://image.tmdb.org/t/p/w1280/vEK1JcaRbwK3jiVGZy78EMj11dI.jpg</fanart>
</item>
<item>
	<title>[COLOR=blue]The Devils[/COLOR]</title>
	<meta>
	<imdb>tt0066993</imdb>
	<content>movie</content>
	<title>The Devils</title>
	<year>1971</year>
	</meta>
	<link>
	<sublink>https://www.youtube.com/watch?v=eCF2S3vchE4&feature=youtu.be</sublink>
	<sublink>search</sublink>
	<sublink>searchsd</sublink>
	</link>
	<thumbnail>https://image.tmdb.org/t/p/w1280/7EWcEBzGYJusF01Jvw2C1EG6GG4.jpg</thumbnail>
	<fanart>https://image.tmdb.org/t/p/w1280/dmf3bLc9XI90yagC5800FvfXbj.jpg</fanart>
</item>
<item>
	<title>[COLOR=blue]The Evil Dead[/COLOR]</title>
	<meta>
	<imdb>tt0083907</imdb>
	<content>movie</content>
	<title>The Evil Dead</title>
	<year>1981</year>
	</meta>
	<link>
	<sublink>https://www.youtube.com/watch?v=coGH4OaR9hc&feature=youtu.be</sublink>
	<sublink>search</sublink>
	<sublink>searchsd</sublink>
	</link>
	<thumbnail>https://image.tmdb.org/t/p/w1280/7cpSdCrBY7UhiygkcP57dpixXsW.jpg</thumbnail>
	<fanart>https://image.tmdb.org/t/p/w1280/9jCyLmRaF1eCRJHxM0Bh3RvXhLd.jpg</fanart>
</item>
<item>
	<title>[COLOR=blue]The Exorcist[/COLOR]</title>
	<meta>
	<imdb>tt0070047</imdb>
	<content>movie</content>
	<title>The Exorcist</title>
	<year>1973</year>
	</meta>
	<link>
	<sublink>https://www.youtube.com/watch?v=PkrN-l4G8U4&feature=youtu.be</sublink>
	<sublink>search</sublink>
	<sublink>searchsd</sublink>
	</link>
	<thumbnail>https://image.tmdb.org/t/p/w1280/4ucLGcXVVSVnsfkGtbLY4XAius8.jpg</thumbnail>
	<fanart>https://image.tmdb.org/t/p/w1280/xcjJ5khg2yzOa282mza39Lbrm7j.jpg</fanart>
</item>
<item>
	<title>[COLOR=blue]The Fly[/COLOR]</title>
	<meta>
	<imdb>tt0091064</imdb>
	<content>movie</content>
	<title>The Fly</title>
	<year>1986</year>
	</meta>
	<link>
	<sublink>https://www.youtube.com/watch?v=7BzwxJ-M_M0&feature=youtu.be</sublink>
	<sublink>search</sublink>
	<sublink>searchsd</sublink>
	</link>
	<thumbnail>https://image.tmdb.org/t/p/w1280/q49tjSe3O152t9QVwaradePGu7W.jpg</thumbnail>
	<fanart>https://image.tmdb.org/t/p/w1280/bukhBqYdlcLxQBL1rVswewSka6R.jpg</fanart>
</item>
<item>
	<title>[COLOR=blue]The Fog[/COLOR]</title>
	<meta>
	<imdb>tt0080749</imdb>
	<content>movie</content>
	<title>The Fog</title>
	<year>1980</year>
	</meta>
	<link>
	<sublink>https://www.youtube.com/watch?v=nOZwnivtLbc&feature=youtu.be</sublink>
	<sublink>search</sublink>
	<sublink>searchsd</sublink>
	</link>
	<thumbnail>https://image.tmdb.org/t/p/w1280/u9wAIHya0BHJvGJh3mBPr010U7C.jpg</thumbnail>
	<fanart>https://image.tmdb.org/t/p/w1280/jPXJxQE64xP8TArB8BTLfGdR41l.jpg</fanart>
</item>
<item>
	<title>[COLOR=blue]The Haunting[/COLOR]</title>
	<meta>
	<imdb>tt0057129</imdb>
	<content>movie</content>
	<title>The Haunting</title>
	<year>1963</year>
	</meta>
	<link>
	<sublink>https://www.youtube.com/watch?v=noW6c70Yrbs&feature=youtu.be</sublink>
	<sublink>search</sublink>
	<sublink>searchsd</sublink>
	</link>
	<thumbnail>https://image.tmdb.org/t/p/w1280/QDO3dClQX70yxTLM08SGjXOqA0.jpg</thumbnail>
	<fanart>https://image.tmdb.org/t/p/w1280/nnGWgtJOc0H2nI36AkDfpXLqrqC.jpg</fanart>
</item>
<item>
	<title>[COLOR=blue]The Innocents[/COLOR]</title>
	<meta>
	<imdb>tt0055018</imdb>
	<content>movie</content>
	<title>The Innocents</title>
	<year>1961</year>
	</meta>
	<link>
	<sublink>https://www.youtube.com/watch?v=aOsF0S65RR0&feature=youtu.be</sublink>
	<sublink>search</sublink>
	<sublink>searchsd</sublink>
	</link>
	<thumbnail>https://image.tmdb.org/t/p/w1280/1niUVi1tcmPqjloreUMw3LqOXGN.jpg</thumbnail>
	<fanart>https://image.tmdb.org/t/p/w1280/bgJuEW5Mb8SeeNobBkQa6u5kA7D.jpg</fanart>
</item>
<item>
	<title>[COLOR=blue]The Mist[/COLOR]</title>
	<meta>
	<imdb>tt0884328</imdb>
	<content>movie</content>
	<title>The Mist</title>
	<year>2007</year>
	</meta>
	<link>
	<sublink>https://www.youtube.com/watch?v=LhCKXJNGzN8&feature=youtu.be</sublink>
	<sublink>search</sublink>
	<sublink>searchsd</sublink>
	</link>
	<thumbnail>https://image.tmdb.org/t/p/w1280/uYVheUBf8ITaocUP4Og9GXxOMIH.jpg</thumbnail>
	<fanart>https://image.tmdb.org/t/p/w1280/slQnhKRIPkA2Cm5x6VvrOPXt4Qu.jpg</fanart>
</item>
<item>
	<title>[COLOR=blue]The Night of the Hunter[/COLOR]</title>
	<meta>
	<imdb>tt0048424</imdb>
	<content>movie</content>
	<title>The Night of the Hunter</title>
	<year>1955</year>
	</meta>
	<link>
	<sublink>https://www.youtube.com/watch?v=Y8dX6ZKJe2o&feature=youtu.be</sublink>
	<sublink>search</sublink>
	<sublink>searchsd</sublink>
	</link>
	<thumbnail>https://image.tmdb.org/t/p/w1280/brECyRPAWJS1clF0unAC3MtERMA.jpg</thumbnail>
	<fanart>https://image.tmdb.org/t/p/w1280/2bBGFSrnTg1AFhjHoczbfPnb9D4.jpg</fanart>
</item>
<item>
	<title>[COLOR=blue]The Old Dark House[/COLOR]</title>
	<meta>
	<imdb>tt0023293</imdb>
	<content>movie</content>
	<title>The Old Dark House</title>
	<year>1932</year>
	</meta>
	<link>
	<sublink>https://www.youtube.com/watch?v=bsBN-jxXRAw&feature=youtu.be</sublink>
	<sublink>search</sublink>
	<sublink>searchsd</sublink>
	</link>
	<thumbnail>https://image.tmdb.org/t/p/w1280/gnpXV5KChckAdK7EocNoPuXcLD8.jpg</thumbnail>
	<fanart>https://image.tmdb.org/t/p/w1280/h0YNeMLuE2fx1hmNrIuel2yi26M.jpg</fanart>
</item>
<item>
	<title>[COLOR=blue]The Omen[/COLOR]</title>
	<meta>
	<imdb>tt0075005</imdb>
	<content>movie</content>
	<title>The Omen</title>
	<year>1976</year>
	</meta>
	<link>
	<sublink>https://www.youtube.com/watch?v=cvrv8U5MfS4&feature=youtu.be</sublink>
	<sublink>search</sublink>
	<sublink>searchsd</sublink>
	</link>
	<thumbnail>https://image.tmdb.org/t/p/w1280/uY14zS4Sm2DdvFXeczFKgLgkQUP.jpg</thumbnail>
	<fanart>https://image.tmdb.org/t/p/w1280/gwGqOoYUVFBlNsuqM5OEtgC8KL2.jpg</fanart>
</item>
<item>
	<title>[COLOR=blue]The Orphanage[/COLOR]</title>
	<meta>
	<imdb>tt0464141</imdb>
	<content>movie</content>
	<title>The Orphanage</title>
	<year>2007</year>
	</meta>
	<link>
	<sublink>https://www.youtube.com/watch?v=ChRHpVPx0VQ&feature=youtu.be</sublink>
	<sublink>search</sublink>
	<sublink>searchsd</sublink>
	</link>
	<thumbnail>https://image.tmdb.org/t/p/w1280/3DMsF5gbTfEZoDp6fQH0QATOc7l.jpg</thumbnail>
	<fanart>https://image.tmdb.org/t/p/w1280/ecBXVg8bxCcs8QpHwnEkyyPa8AM.jpg</fanart>
</item>
<item>
	<title>[COLOR=blue]The Others[/COLOR]</title>
	<meta>
	<imdb>tt0230600</imdb>
	<content>movie</content>
	<title>The Others</title>
	<year>2001</year>
	</meta>
	<link>
	<sublink>https://www.youtube.com/watch?v=C7pKqaPtMiA&feature=youtu.be</sublink>
	<sublink>search</sublink>
	<sublink>searchsd</sublink>
	</link>
	<thumbnail>https://image.tmdb.org/t/p/w1280/k9GpVK2dyMMzjciQiMdoaL1WUlS.jpg</thumbnail>
	<fanart>https://image.tmdb.org/t/p/w1280/sLZULNJbQ4ZlomXzFIKKzqr4dte.jpg</fanart>
</item>
<item>
	<title>[COLOR=blue]The Shining[/COLOR]</title>
	<meta>
	<imdb>tt0081505</imdb>
	<content>movie</content>
	<title>The Shining</title>
	<year>1980</year>
	</meta>
	<link>
	<sublink>https://www.youtube.com/watch?v=S014oGZiSdI&feature=youtu.be</sublink>
	<sublink>search</sublink>
	<sublink>searchsd</sublink>
	</link>
	<thumbnail>https://image.tmdb.org/t/p/w1280/9fgh3Ns1iRzlQNYuJyK0ARQZU7w.jpg</thumbnail>
	<fanart>https://image.tmdb.org/t/p/w1280/h4DcDCOkQBENWBJZjNlPv3adQfM.jpg</fanart>
</item>
<item>
	<title>[COLOR=blue]The Silence of the Lambs[/COLOR]</title>
	<meta>
	<imdb>tt0102926</imdb>
	<content>movie</content>
	<title>The Silence of the Lambs</title>
	<year>1991</year>
	</meta>
	<link>
	<sublink>https://www.youtube.com/watch?v=8xWbc_kFus4&feature=youtu.be</sublink>
	<sublink>search</sublink>
	<sublink>searchsd</sublink>
	</link>
	<thumbnail>https://image.tmdb.org/t/p/w1280/qjAyTj2BSth1EQ89vNfo0JYVPFN.jpg</thumbnail>
	<fanart>https://image.tmdb.org/t/p/w1280/pzmrKXQgL7GEZvigD6W1bUEzXJN.jpg</fanart>
</item>
<item>
	<title>[COLOR=blue]The Sixth Sense[/COLOR]</title>
	<meta>
	<imdb>tt0167404</imdb>
	<content>movie</content>
	<title>The Sixth Sense</title>
	<year>1999</year>
	</meta>
	<link>
	<sublink>https://www.youtube.com/watch?v=VG9AGf66tXM&feature=youtu.be</sublink>
	<sublink>search</sublink>
	<sublink>searchsd</sublink>
	</link>
	<thumbnail>https://image.tmdb.org/t/p/w1280/imps263dHNe3SuoaAJORZyNTdDT.jpg</thumbnail>
	<fanart>https://image.tmdb.org/t/p/w1280/1X6F9OvfaWl6AGcCdqYl8icxG9z.jpg</fanart>
</item>
<item>
	<title>[COLOR=blue]The Tenant[/COLOR]</title>
	<meta>
	<imdb>tt0074811</imdb>
	<content>movie</content>
	<title>The Tenant</title>
	<year>1976</year>
	</meta>
	<link>
	<sublink>https://www.youtube.com/watch?v=B4bUxCF0o48&feature=youtu.be</sublink>
	<sublink>search</sublink>
	<sublink>searchsd</sublink>
	</link>
	<thumbnail>https://image.tmdb.org/t/p/w1280/ochT2dykUUsk7RGrJjnJItLvreO.jpg</thumbnail>
	<fanart>https://image.tmdb.org/t/p/w1280/hd3oBumhVja2MsuKhnodntHE2No.jpg</fanart>
</item>
<item>
	<title>[COLOR=blue]The Texas Chain Saw Massacre[/COLOR]</title>
	<meta>
	<imdb>tt0072271</imdb>
	<content>movie</content>
	<title>The Texas Chain Saw Massacre</title>
	<year>1974</year>
	</meta>
	<link>
	<sublink>https://www.youtube.com/watch?v=eY4ldz615FA&feature=youtu.be</sublink>
	<sublink>search</sublink>
	<sublink>searchsd</sublink>
	</link>
	<thumbnail>https://image.tmdb.org/t/p/w1280/3JGr4ANWJMPc0cQPXHb2i7YXxic.jpg</thumbnail>
	<fanart>https://image.tmdb.org/t/p/w1280/sOw7TZzt3vRQXXCrwdspSHwCJDR.jpg</fanart>
</item>
<item>
	<title>[COLOR=blue]The Thing[/COLOR]</title>
	<meta>
	<imdb>tt0084787</imdb>
	<content>movie</content>
	<title>The Thing</title>
	<year>1982</year>
	</meta>
	<link>
	<sublink>https://www.youtube.com/watch?v=p35JDJLa9ec&feature=youtu.be</sublink>
	<sublink>search</sublink>
	<sublink>searchsd</sublink>
	</link>
	<thumbnail>https://image.tmdb.org/t/p/w1280/tzGY49kseSE9QAKk47uuDGwnSCu.jpg</thumbnail>
	<fanart>https://image.tmdb.org/t/p/w1280/7mdGrxp3ZL2OqNSrQ5LoYySi5MH.jpg</fanart>
</item>
<item>
	<title>[COLOR=blue]The Unknown[/COLOR]</title>
	<meta>
	<imdb>tt0018528</imdb>
	<content>movie</content>
	<title>The Unknown</title>
	<year>1927</year>
	</meta>
	<link>
	<sublink>https://www.youtube.com/watch?v=gxqjcF2PjaY&feature=youtu.be</sublink>
	<sublink>search</sublink>
	<sublink>searchsd</sublink>
	</link>
	<thumbnail>https://image.tmdb.org/t/p/w1280/yVMg0gzLy9xCTI6ayQ27b6AAGCE.jpg</thumbnail>
	<fanart>https://image.tmdb.org/t/p/w1280/2UxtRnKVDg8UzQVXQurJwtM0Ggz.jpg</fanart>
</item>
<item>
	<title>[COLOR=blue]The Vanishing[/COLOR]</title>
	<meta>
	<imdb>tt0096163</imdb>
	<content>movie</content>
	<title>The Vanishing</title>
	<year>1988</year>
	</meta>
	<link>
	<sublink>https://www.youtube.com/watch?v=KlO2oIieI44&feature=youtu.be</sublink>
	<sublink>search</sublink>
	<sublink>searchsd</sublink>
	</link>
	<thumbnail>https://image.tmdb.org/t/p/w1280/rInUOmuP36paf3fQ4gJMUZNx6Bp.jpg</thumbnail>
	<fanart>https://image.tmdb.org/t/p/w1280/vrw4sO7cGOk2V0kkciRXRSYiOGR.jpg</fanart>
</item>
<item>
	<title>[COLOR=blue]The Wicker Man[/COLOR]</title>
	<meta>
	<imdb>tt0070917</imdb>
	<content>movie</content>
	<title>The Wicker Man</title>
	<year>1973</year>
	</meta>
	<link>
	<sublink>https://www.youtube.com/watch?v=5FdV-O8o7ok&feature=youtu.be</sublink>
	<sublink>search</sublink>
	<sublink>searchsd</sublink>
	</link>
	<thumbnail>https://image.tmdb.org/t/p/w1280/9kHTypiwFGjqa6N4oT8fv3lB3VW.jpg</thumbnail>
	<fanart>https://image.tmdb.org/t/p/w1280/7cb8HXMXztytgv8xnglmhLRwBhk.jpg</fanart>
</item>
<item>
	<title>[COLOR=blue]Threads[/COLOR]</title>
	<meta>
	<imdb>tt0090163</imdb>
	<content>movie</content>
	<title>Threads</title>
	<year>1984</year>
	</meta>
	<link>
	<sublink>https://www.youtube.com/watch?v=vgT4Y30DkaA&feature=youtu.be</sublink>
	<sublink>search</sublink>
	<sublink>searchsd</sublink>
	</link>
	<thumbnail>https://image.tmdb.org/t/p/w1280/lBhU4U9Eehr9shstPem6I7BdkxK.jpg</thumbnail>
	<fanart>https://image.tmdb.org/t/p/w1280/eMlwsWkclgWfwdjmwkuDqIPYD9B.jpg</fanart>
</item>
<item>
	<title>[COLOR=blue]Vampyr[/COLOR]</title>
	<meta>
	<imdb>tt0023649</imdb>
	<content>movie</content>
	<title>Vampyr</title>
	<year>1932</year>
	</meta>
	<link>
	<sublink>https://www.youtube.com/watch?v=Uayv9J90qQo&feature=youtu.be</sublink>
	<sublink>search</sublink>
	<sublink>searchsd</sublink>
	</link>
	<thumbnail>https://image.tmdb.org/t/p/w1280none</thumbnail>
	<fanart>https://image.tmdb.org/t/p/w1280none</fanart>
</item>
<item>
	<title>[COLOR=blue]Videodrome[/COLOR]</title>
	<meta>
	<imdb>tt0086541</imdb>
	<content>movie</content>
	<title>Videodrome</title>
	<year>1983</year>
	</meta>
	<link>
	<sublink>https://www.youtube.com/watch?v=UFHey3utk0I&feature=youtu.be</sublink>
	<sublink>search</sublink>
	<sublink>searchsd</sublink>
	</link>
	<thumbnail>https://image.tmdb.org/t/p/w1280/fl09Ai2lKPau49MdLp0pOc5rYlP.jpg</thumbnail>
	<fanart>https://image.tmdb.org/t/p/w1280/ugFOHcNFJ45ZQa8bfjrSQBHUnHS.jpg</fanart>
</item>
<item>
	<title>[COLOR=blue]Wolf Creek[/COLOR]</title>
	<meta>
	<imdb>tt0416315</imdb>
	<content>movie</content>
	<title>Wolf Creek</title>
	<year>2005</year>
	</meta>
	<link>
	<sublink>https://www.youtube.com/watch?v=8S13W69FQhs&feature=youtu.be</sublink>
	<sublink>search</sublink>
	<sublink>searchsd</sublink>
	</link>
	<thumbnail>https://image.tmdb.org/t/p/w1280/eiQqXee0LwUvwHWp6QnZDoP1qdI.jpg</thumbnail>
	<fanart>https://image.tmdb.org/t/p/w1280/frkFxkU02YpPDi6bOSCwUBSd6I4.jpg</fanart>
</item>
<item>
	<title>[COLOR=blue][REC][/COLOR]</title>
	<meta>
	<imdb>tt1038988</imdb>
	<content>movie</content>
	<title>[REC]</title>
	<year>2007</year>
	</meta>
	<link>
	<sublink>https://www.youtube.com/watch?v=YQUkX_XowqI&feature=youtu.be</sublink>
	<sublink>search</sublink>
	<sublink>searchsd</sublink>
	</link>
	<thumbnail>https://image.tmdb.org/t/p/w1280/lLSXs26iZe0aIzYrobr3FruUG36.jpg</thumbnail>
	<fanart>https://image.tmdb.org/t/p/w1280/qJjGPJSXtCMOvBLJwusTGkiboYZ.jpg</fanart>
</item>
