<item>
	<title>[COLOR=blue]28 Days Later[/COLOR]</title>
	<meta>
	<imdb>tt0289043</imdb>
	<content>movie</content>
	<title>28 Days Later</title>
	<year>2002</year>
	</meta>
	<link>
	<sublink>https://www.youtube.com/watch?v=MHMdWUeYudk&feature=youtu.be</sublink>
	<sublink>search</sublink>
	<sublink>searchsd</sublink>
	</link>
	<thumbnail>https://image.tmdb.org/t/p/w1280/xaYdxi1PBEAYvqknvAmMPK5Eff3.jpg</thumbnail>
	<fanart>https://image.tmdb.org/t/p/w1280/nESF8Tw4BYnDy8PUDkF5SLIlzTJ.jpg</fanart>
</item>
<item>
	<title>[COLOR=blue]A Nightmare on Elm Street[/COLOR]</title>
	<meta>
	<imdb>tt0087800</imdb>
	<content>movie</content>
	<title>A Nightmare on Elm Street</title>
	<year>1984</year>
	</meta>
	<link>
	<sublink>https://www.youtube.com/watch?v=Adgp0v_mfTk&feature=youtu.be</sublink>
	<sublink>search</sublink>
	<sublink>searchsd</sublink>
	</link>
	<thumbnail>https://image.tmdb.org/t/p/w1280/sXFlyjfWv544uKOJmPd2vVsaFm9.jpg</thumbnail>
	<fanart>https://image.tmdb.org/t/p/w1280/67qMLI58HmQ5ArBsTVBxG4KHuRJ.jpg</fanart>
</item>
<item>
	<title>[COLOR=blue]Alien[/COLOR]</title>
	<meta>
	<imdb>tt0078748</imdb>
	<content>movie</content>
	<title>Alien</title>
	<year>1979</year>
	</meta>
	<link>
	<sublink>https://www.youtube.com/watch?v=097uj1HjkbM&feature=youtu.be</sublink>
	<sublink>search</sublink>
	<sublink>searchsd</sublink>
	</link>
	<thumbnail>https://image.tmdb.org/t/p/w1280/2h00HrZs89SL3tXB4nbkiM7BKHs.jpg</thumbnail>
	<fanart>https://image.tmdb.org/t/p/w1280/dfNrZ82poQ8blHWJreIv6JZQ9JA.jpg</fanart>
</item>
<item>
	<title>[COLOR=blue]Aliens[/COLOR]</title>
	<meta>
	<imdb>tt0090605</imdb>
	<content>movie</content>
	<title>Aliens</title>
	<year>1986</year>
	</meta>
	<link>
	<sublink>https://www.youtube.com/watch?v=LSHAgmGR-Ig&feature=youtu.be</sublink>
	<sublink>search</sublink>
	<sublink>searchsd</sublink>
	</link>
	<thumbnail>https://image.tmdb.org/t/p/w1280/nORMXEkYEbzkU5WkMWMgRDJwjSZ.jpg</thumbnail>
	<fanart>https://image.tmdb.org/t/p/w1280/fYoe6SqpNpTjUIIZhLGHfHu1Nt8.jpg</fanart>
</item>
<item>
	<title>[COLOR=blue]An American Werewolf in London[/COLOR]</title>
	<meta>
	<imdb>tt0082010</imdb>
	<content>movie</content>
	<title>An American Werewolf in London</title>
	<year>1981</year>
	</meta>
	<link>
	<sublink>https://www.youtube.com/watch?v=bRVH3z_erjA&feature=youtu.be</sublink>
	<sublink>search</sublink>
	<sublink>searchsd</sublink>
	</link>
	<thumbnail>https://image.tmdb.org/t/p/w1280/5LhU4gI8ltKYpLtI9X2DVFtwBrN.jpg</thumbnail>
	<fanart>https://image.tmdb.org/t/p/w1280/lFiEdW3zVjR2Wujxu3yZLpL2N8n.jpg</fanart>
</item>
<item>
	<title>[COLOR=blue]Angel Heart[/COLOR]</title>
	<meta>
	<imdb>tt0092563</imdb>
	<content>movie</content>
	<title>Angel Heart</title>
	<year>1987</year>
	</meta>
	<link>
	<sublink>https://www.youtube.com/watch?v=Vp0LXxkx7yA&feature=youtu.be</sublink>
	<sublink>search</sublink>
	<sublink>searchsd</sublink>
	</link>
	<thumbnail>https://image.tmdb.org/t/p/w1280/xFtrVJWygDiK2iZluUxNwuQZ6Sm.jpg</thumbnail>
	<fanart>https://image.tmdb.org/t/p/w1280/lMsT7WcLHVucDsOG2aUlm8AbkvZ.jpg</fanart>
</item>
<item>
	<title>[COLOR=blue]Audition[/COLOR]</title>
	<meta>
	<imdb>tt0235198</imdb>
	<content>movie</content>
	<title>Audition</title>
	<year>2000</year>
	</meta>
	<link>
	<sublink>https://www.youtube.com/watch?v=yhsrsWcEspc&feature=youtu.be</sublink>
	<sublink>search</sublink>
	<sublink>searchsd</sublink>
	</link>
	<thumbnail>https://image.tmdb.org/t/p/w1280/mrK8hwRqaR1lveGoIcBICBqdmTG.jpg</thumbnail>
	<fanart>https://image.tmdb.org/t/p/w1280/erYnALHXFCzDwIDFthyOoGiLfsg.jpg</fanart>
</item>
<item>
	<title>[COLOR=blue]Black Christmas[/COLOR]</title>
	<meta>
	<imdb>tt0071222</imdb>
	<content>movie</content>
	<title>Black Christmas</title>
	<year>1974</year>
	</meta>
	<link>
	<sublink>https://www.youtube.com/watch?v=ufCj6iUM_zY&feature=youtu.be</sublink>
	<sublink>search</sublink>
	<sublink>searchsd</sublink>
	</link>
	<thumbnail>https://image.tmdb.org/t/p/w1280/qqO98sdPgptFgCua3Z4uZDuPcmP.jpg</thumbnail>
	<fanart>https://image.tmdb.org/t/p/w1280/zfs9QuKkZL6ZCluGvjo5Pk49aMv.jpg</fanart>
</item>
<item>
	<title>[COLOR=blue]Black Sabbath[/COLOR]</title>
	<meta>
	<imdb>tt0057603</imdb>
	<content>movie</content>
	<title>Black Sabbath</title>
	<year>1963</year>
	</meta>
	<link>
	<sublink>https://www.youtube.com/watch?v=LvqT1D7qvrc&feature=youtu.be</sublink>
	<sublink>search</sublink>
	<sublink>searchsd</sublink>
	</link>
	<thumbnail>https://image.tmdb.org/t/p/w1280/ihn8Di4gI6dAG6vBgbN2RIn0Jq7.jpg</thumbnail>
	<fanart>https://image.tmdb.org/t/p/w1280/ifq2Ea9bfN84LEEX41Pck6rtFLV.jpg</fanart>
</item>
<item>
	<title>[COLOR=blue]Black Sunday[/COLOR]</title>
	<meta>
	<imdb>tt0054067</imdb>
	<content>movie</content>
	<title>Black Sunday</title>
	<year>1960</year>
	</meta>
	<link>
	<sublink>https://www.youtube.com/watch?v=1Q5nV12AgVc&feature=youtu.be</sublink>
	<sublink>search</sublink>
	<sublink>searchsd</sublink>
	</link>
	<thumbnail>https://image.tmdb.org/t/p/w1280/rYsXRKUOdQW8xSy5heWzaO7N4nL.jpg</thumbnail>
	<fanart>https://image.tmdb.org/t/p/w1280/g7utu84ZPvQtbVpml5cuRH7hjfQ.jpg</fanart>
</item>
<item>
	<title>[COLOR=blue]Braindead[/COLOR]</title>
	<meta>
	<imdb>tt0103873</imdb>
	<content>movie</content>
	<title>Braindead</title>
	<year>1992</year>
	</meta>
	<link>
	<sublink>https://www.youtube.com/watch?v=Ogj4f-V--h0&feature=youtu.be</sublink>
	<sublink>search</sublink>
	<sublink>searchsd</sublink>
	</link>
	<thumbnail>https://image.tmdb.org/t/p/w1280/zzgn2fBeKmIMDEuX7FqS2l1WGfu.jpg</thumbnail>
	<fanart>https://image.tmdb.org/t/p/w1280/3qgqAUA1JQT3o3CUxUhKQ3qZXBY.jpg</fanart>
</item>
<item>
	<title>[COLOR=blue]Cannibal Holocaust[/COLOR]</title>
	<meta>
	<imdb>tt0078935</imdb>
	<content>movie</content>
	<title>Cannibal Holocaust</title>
	<year>1980</year>
	</meta>
	<link>
	<sublink>https://www.youtube.com/watch?v=cZ-Xp6VC7RQ&feature=youtu.be</sublink>
	<sublink>search</sublink>
	<sublink>searchsd</sublink>
	</link>
	<thumbnail>https://image.tmdb.org/t/p/w1280/r0VmAFHWAqlaraVg0krIEhDCPWH.jpg</thumbnail>
	<fanart>https://image.tmdb.org/t/p/w1280/nmZrtjeP3j7lTDKlNv4ayhq6AYR.jpg</fanart>
</item>
<item>
	<title>[COLOR=blue]Carnival of Souls[/COLOR]</title>
	<meta>
	<imdb>tt0055830</imdb>
	<content>movie</content>
	<title>Carnival of Souls</title>
	<year>1962</year>
	</meta>
	<link>
	<sublink>https://www.youtube.com/watch?v=w81n8BUWixM&feature=youtu.be</sublink>
	<sublink>search</sublink>
	<sublink>searchsd</sublink>
	</link>
	<thumbnail>https://image.tmdb.org/t/p/w1280/3rKD5cJpXgzNosKVDpZYJSHm7P5.jpg</thumbnail>
	<fanart>https://image.tmdb.org/t/p/w1280/42Qw609wFkUFLlNHTHp4zyDFGS9.jpg</fanart>
</item>
<item>
	<title>[COLOR=blue]Carrie[/COLOR]</title>
	<meta>
	<imdb>tt0074285</imdb>
	<content>movie</content>
	<title>Carrie</title>
	<year>1976</year>
	</meta>
	<link>
	<sublink>https://www.youtube.com/watch?v=EB9TxhF08ng&feature=youtu.be</sublink>
	<sublink>search</sublink>
	<sublink>searchsd</sublink>
	</link>
	<thumbnail>https://image.tmdb.org/t/p/w1280/n9JxLthRHwTWwu5OjFHVplkVSUg.jpg</thumbnail>
	<fanart>https://image.tmdb.org/t/p/w1280/zwJFfKQdfiptK2GY6N8GkZFrAxJ.jpg</fanart>
</item>
<item>
	<title>[COLOR=blue]Cat People[/COLOR]</title>
	<meta>
	<imdb>tt0034587</imdb>
	<content>movie</content>
	<title>Cat People</title>
	<year>1942</year>
	</meta>
	<link>
	<sublink>https://www.youtube.com/watch?v=y7iL_9sbpV4&feature=youtu.be</sublink>
	<sublink>search</sublink>
	<sublink>searchsd</sublink>
	</link>
	<thumbnail>https://image.tmdb.org/t/p/w1280/lQgGh5QLdmlhNABHQcl5bBn5tmk.jpg</thumbnail>
	<fanart>https://image.tmdb.org/t/p/w1280/gDgGv0TGkxrFAYgO3q50Hl6ScxU.jpg</fanart>
</item>
<item>
	<title>[COLOR=blue]Come and See[/COLOR]</title>
	<meta>
	<imdb>tt0091251</imdb>
	<content>movie</content>
	<title>Come and See</title>
	<year>1985</year>
	</meta>
	<link>
	<sublink>https://www.youtube.com/watch?v=L-Ro0SZf438&feature=youtu.be</sublink>
	<sublink>search</sublink>
	<sublink>searchsd</sublink>
	</link>
	<thumbnail>https://image.tmdb.org/t/p/w1280/2s3OKpYDe7ASMfwL7kocdUbjsrh.jpg</thumbnail>
	<fanart>https://image.tmdb.org/t/p/w1280/1RKpaOeY60gCNbkW2xGBrXYkZUg.jpg</fanart>
</item>
<item>
	<title>[COLOR=blue]Cronos[/COLOR]</title>
	<meta>
	<imdb>tt0104029</imdb>
	<content>movie</content>
	<title>Cronos</title>
	<year>1993</year>
	</meta>
	<link>
	<sublink>https://www.youtube.com/watch?v=xFTJ2FqLmH8&feature=youtu.be</sublink>
	<sublink>search</sublink>
	<sublink>searchsd</sublink>
	</link>
	<thumbnail>https://image.tmdb.org/t/p/w1280/6ZgqGgguuKU0Ba2aQOjzikbwnNQ.jpg</thumbnail>
	<fanart>https://image.tmdb.org/t/p/w1280/zcMJL31W31a0MHYr7HELl7dza78.jpg</fanart>
</item>
<item>
	<title>[COLOR=blue]Daughters of Darkness[/COLOR]</title>
	<meta>
	<imdb>tt0067690</imdb>
	<content>movie</content>
	<title>Daughters of Darkness</title>
	<year>1971</year>
	</meta>
	<link>
	<sublink>https://www.youtube.com/watch?v=sFRuSbykaV0&feature=youtu.be</sublink>
	<sublink>search</sublink>
	<sublink>searchsd</sublink>
	</link>
	<thumbnail>https://image.tmdb.org/t/p/w1280/mqdPclLbwUvghhYW5ebMHyWnhlZ.jpg</thumbnail>
	<fanart>https://image.tmdb.org/t/p/w1280/3HbCpBeGrteC9mNtKpyfPj00RKA.jpg</fanart>
</item>
<item>
	<title>[COLOR=blue]Dawn of the Dead[/COLOR]</title>
	<meta>
	<imdb>tt0077402</imdb>
	<content>movie</content>
	<title>Dawn of the Dead</title>
	<year>1978</year>
	</meta>
	<link>
	<sublink>https://www.youtube.com/watch?v=E9aXHumUv6Y&feature=youtu.be</sublink>
	<sublink>search</sublink>
	<sublink>searchsd</sublink>
	</link>
	<thumbnail>https://image.tmdb.org/t/p/w1280/yK8BmYEvd0IPpDXL6zzlTA2geDf.jpg</thumbnail>
	<fanart>https://image.tmdb.org/t/p/w1280/vCD9mRgSY4HuoSowm8JO4tm2mhj.jpg</fanart>
</item>
<item>
	<title>[COLOR=blue]Day of the Dead[/COLOR]</title>
	<meta>
	<imdb>tt0088993</imdb>
	<content>movie</content>
	<title>Day of the Dead</title>
	<year>1985</year>
	</meta>
	<link>
	<sublink>https://www.youtube.com/watch?v=V01FVJr4kag&feature=youtu.be</sublink>
	<sublink>search</sublink>
	<sublink>searchsd</sublink>
	</link>
	<thumbnail>https://image.tmdb.org/t/p/w1280/yJ2emwXWwQc6VHW3fO4GZr0hXBt.jpg</thumbnail>
	<fanart>https://image.tmdb.org/t/p/w1280/pWaXoU1aqD2KpMVLt4E9ZmKQXIk.jpg</fanart>
</item>
<item>
	<title>[COLOR=blue]Dead Ringers[/COLOR]</title>
	<meta>
	<imdb>tt0094964</imdb>
	<content>movie</content>
	<title>Dead Ringers</title>
	<year>1988</year>
	</meta>
	<link>
	<sublink>https://www.youtube.com/watch?v=7iFUnw9ewhk&feature=youtu.be</sublink>
	<sublink>search</sublink>
	<sublink>searchsd</sublink>
	</link>
	<thumbnail>https://image.tmdb.org/t/p/w1280/9ZGBwiWIvN9KmHaLeSS5it44G21.jpg</thumbnail>
	<fanart>https://image.tmdb.org/t/p/w1280/3mEfawlJnuu4OmUlAOesrAMsWv6.jpg</fanart>
</item>
<item>
	<title>[COLOR=blue]Dead of Night[/COLOR]</title>
	<meta>
	<imdb>tt0037635</imdb>
	<content>movie</content>
	<title>Dead of Night</title>
	<year>1945</year>
	</meta>
	<link>
	<sublink>https://www.youtube.com/watch?v=86v2N-GffQM&feature=youtu.be</sublink>
	<sublink>search</sublink>
	<sublink>searchsd</sublink>
	</link>
	<thumbnail>https://image.tmdb.org/t/p/w1280/oVAlugIkLCkyyXufNDhtr5kl3yB.jpg</thumbnail>
	<fanart>https://image.tmdb.org/t/p/w1280/bqOfS18irsvpvut7I70SsIcNEjQ.jpg</fanart>
</item>
<item>
	<title>[COLOR=blue]Deep Red[/COLOR]</title>
	<meta>
	<imdb>tt0073582</imdb>
	<content>movie</content>
	<title>Deep Red</title>
	<year>1975</year>
	</meta>
	<link>
	<sublink>https://www.youtube.com/watch?v=62YqwaSMN4E&feature=youtu.be</sublink>
	<sublink>search</sublink>
	<sublink>searchsd</sublink>
	</link>
	<thumbnail>https://image.tmdb.org/t/p/w1280/rSHs6nsCw6vJwgz9djlAp4g3NCN.jpg</thumbnail>
	<fanart>https://image.tmdb.org/t/p/w1280/iMUwq7UnXQOlTjKIRWpfKSbyzp3.jpg</fanart>
</item>
<item>
	<title>[COLOR=blue]Diabolique[/COLOR]</title>
	<meta>
	<imdb>tt0046911</imdb>
	<content>movie</content>
	<title>Diabolique</title>
	<year>1955</year>
	</meta>
	<link>
	<sublink>https://www.youtube.com/watch?v=BzbGtjtfZwA&feature=youtu.be</sublink>
	<sublink>search</sublink>
	<sublink>searchsd</sublink>
	</link>
	<thumbnail>https://image.tmdb.org/t/p/w1280/mNaL2CFsABXJKmnst1V2X2Or3Go.jpg</thumbnail>
	<fanart>https://image.tmdb.org/t/p/w1280/oMpX8thZFDVZNS4j240HYSMMvyg.jpg</fanart>
</item>
<item>
	<title>[COLOR=blue]Don't Look Now[/COLOR]</title>
	<meta>
	<imdb>tt0069995</imdb>
	<content>movie</content>
	<title>Don't Look Now</title>
	<year>1973</year>
	</meta>
	<link>
	<sublink>https://www.youtube.com/watch?v=NaGAw5uCaY0&feature=youtu.be</sublink>
	<sublink>search</sublink>
	<sublink>searchsd</sublink>
	</link>
	<thumbnail>https://image.tmdb.org/t/p/w1280/mK1SxllUiyAjtugZg3M64e2CTu3.jpg</thumbnail>
	<fanart>https://image.tmdb.org/t/p/w1280/r8mKZ6RWpRR4uDPqc9HM7lR4A2m.jpg</fanart>
</item>
<item>
	<title>[COLOR=blue]Dracula[/COLOR]</title>
	<meta>
	<imdb>tt0051554</imdb>
	<content>movie</content>
	<title>Dracula</title>
	<year>1958</year>
	</meta>
	<link>
	<sublink>https://www.youtube.com/watch?v=4o0n9VWlCGE&feature=youtu.be</sublink>
	<sublink>search</sublink>
	<sublink>searchsd</sublink>
	</link>
	<thumbnail>https://image.tmdb.org/t/p/w1280/1L45hwUu1P4NRhbRRrE5d9oHamm.jpg</thumbnail>
	<fanart>https://image.tmdb.org/t/p/w1280/8Fi5uAQeOEKbgSYBnmN4FoIrO6O.jpg</fanart>
</item>
<item>
	<title>[COLOR=blue]Eraserhead[/COLOR]</title>
	<meta>
	<imdb>tt0074486</imdb>
	<content>movie</content>
	<title>Eraserhead</title>
	<year>1977</year>
	</meta>
	<link>
	<sublink>https://www.youtube.com/watch?v=oK-2_OsBe0s&feature=youtu.be</sublink>
	<sublink>search</sublink>
	<sublink>searchsd</sublink>
	</link>
	<thumbnail>https://image.tmdb.org/t/p/w1280/l8oAmU5swopsyWzTHpZtAK15Mrc.jpg</thumbnail>
	<fanart>https://image.tmdb.org/t/p/w1280/2hUB03FXuG72Zsa4rlXVopEzokm.jpg</fanart>
</item>
<item>
	<title>[COLOR=blue]Evil Dead II[/COLOR]</title>
	<meta>
	<imdb>tt0092991</imdb>
	<content>movie</content>
	<title>Evil Dead II</title>
	<year>1987</year>
	</meta>
	<link>
	<sublink>https://www.youtube.com/watch?v=6lM3NPeEG24&feature=youtu.be</sublink>
	<sublink>search</sublink>
	<sublink>searchsd</sublink>
	</link>
	<thumbnail>https://image.tmdb.org/t/p/w1280/n49mpgUsPgBfRg2qIEj31HX0chu.jpg</thumbnail>
	<fanart>https://image.tmdb.org/t/p/w1280/9meXjIwJZk9aMMoMZk3AMzt8o44.jpg</fanart>
</item>
<item>
	<title>[COLOR=blue]Eyes Without a Face[/COLOR]</title>
	<meta>
	<imdb>tt0053459</imdb>
	<content>movie</content>
	<title>Eyes Without a Face</title>
	<year>1960</year>
	</meta>
	<link>
	<sublink>https://www.youtube.com/watch?v=IVfqvLxyC_E&feature=youtu.be</sublink>
	<sublink>search</sublink>
	<sublink>searchsd</sublink>
	</link>
	<thumbnail>https://image.tmdb.org/t/p/w1280/8y7Z9Gvcq52uOlJlUWyn2epGGRd.jpg</thumbnail>
	<fanart>https://image.tmdb.org/t/p/w1280/2UBToNtyA56L9ASbybpy4ZqSoqC.jpg</fanart>
</item>
<item>
	<title>[COLOR=blue]Flesh for Frankenstein[/COLOR]</title>
	<meta>
	<imdb>tt0071508</imdb>
	<content>movie</content>
	<title>Flesh for Frankenstein</title>
	<year>1973</year>
	</meta>
	<link>
	<sublink>https://www.youtube.com/watch?v=bY9CG7RUjQw&feature=youtu.be</sublink>
	<sublink>search</sublink>
	<sublink>searchsd</sublink>
	</link>
	<thumbnail>https://image.tmdb.org/t/p/w1280/deXO2Jg9RRpsbKuPLa6QM3u0CKw.jpg</thumbnail>
	<fanart>https://image.tmdb.org/t/p/w1280/dYW0HzcvzBQy7UMAIGrRLqWbQME.jpg</fanart>
</item>
<item>
	<title>[COLOR=blue]Frankenstein[/COLOR]</title>
	<meta>
	<imdb>tt0021884</imdb>
	<content>movie</content>
	<title>Frankenstein</title>
	<year>1931</year>
	</meta>
	<link>
	<sublink>https://www.youtube.com/watch?v=bKyiXjyVsfw&feature=youtu.be</sublink>
	<sublink>search</sublink>
	<sublink>searchsd</sublink>
	</link>
	<thumbnail>https://image.tmdb.org/t/p/w1280/wB58wlBAr6484Wm6VyFDqSD8VOJ.jpg</thumbnail>
	<fanart>https://image.tmdb.org/t/p/w1280/nwmG8pQQ1xFAPZruYNnrnld2KMC.jpg</fanart>
</item>
<item>
	<title>[COLOR=blue]Freaks[/COLOR]</title>
	<meta>
	<imdb>tt0022913</imdb>
	<content>movie</content>
	<title>Freaks</title>
	<year>1932</year>
	</meta>
	<link>
	<sublink>https://www.youtube.com/watch?v=H6Dm9fRaB-4&feature=youtu.be</sublink>
	<sublink>search</sublink>
	<sublink>searchsd</sublink>
	</link>
	<thumbnail>https://image.tmdb.org/t/p/w1280/9hmmE4K6tOEXB1KeTajIC0pNta6.jpg</thumbnail>
	<fanart>https://image.tmdb.org/t/p/w1280/vYmJOrvjHl9trvRsmrmpYoQUCse.jpg</fanart>
</item>
<item>
	<title>[COLOR=blue]Ginger Snaps[/COLOR]</title>
	<meta>
	<imdb>tt0210070</imdb>
	<content>movie</content>
	<title>Ginger Snaps</title>
	<year>2000</year>
	</meta>
	<link>
	<sublink>https://www.youtube.com/watch?v=Zoa1A987A_k&feature=youtu.be</sublink>
	<sublink>search</sublink>
	<sublink>searchsd</sublink>
	</link>
	<thumbnail>https://image.tmdb.org/t/p/w1280/ChTLC17F4nIjA7jP4F6QX9A8FJ.jpg</thumbnail>
	<fanart>https://image.tmdb.org/t/p/w1280/giwO1GLcNoNNeRwaC7ydAvJWbWr.jpg</fanart>
</item>
<item>
	<title>[COLOR=blue]God Told Me To[/COLOR]</title>
	<meta>
	<imdb>tt0075930</imdb>
	<content>movie</content>
	<title>God Told Me To</title>
	<year>1976</year>
	</meta>
	<link>
	<sublink>https://www.youtube.com/watch?v=G0d46bZOIHQ&feature=youtu.be</sublink>
	<sublink>search</sublink>
	<sublink>searchsd</sublink>
	</link>
	<thumbnail>https://image.tmdb.org/t/p/w1280/xptk4Pa5CdfofDlskITmKup9CN7.jpg</thumbnail>
	<fanart>https://image.tmdb.org/t/p/w1280/wK0VBeczU8ooMbqCnMc8NnUgCQ6.jpg</fanart>
</item>
<item>
	<title>[COLOR=blue]Halloween[/COLOR]</title>
	<meta>
	<imdb>tt0077651</imdb>
	<content>movie</content>
	<title>Halloween</title>
	<year>1978</year>
	</meta>
	<link>
	<sublink>https://www.youtube.com/watch?v=0ZF23Hfwihg&feature=youtu.be</sublink>
	<sublink>search</sublink>
	<sublink>searchsd</sublink>
	</link>
	<thumbnail>https://image.tmdb.org/t/p/w1280/vjoOFOTBJcJvA1weJejlZ92LZD4.jpg</thumbnail>
	<fanart>https://image.tmdb.org/t/p/w1280/6Io0gvfEVpMQsB46yXOKCpSJOoJ.jpg</fanart>
</item>
<item>
	<title>[COLOR=blue]Hellraiser[/COLOR]</title>
	<meta>
	<imdb>tt0093177</imdb>
	<content>movie</content>
	<title>Hellraiser</title>
	<year>1987</year>
	</meta>
	<link>
	<sublink>https://www.youtube.com/watch?v=P7TWm3Akw-s&feature=youtu.be</sublink>
	<sublink>search</sublink>
	<sublink>searchsd</sublink>
	</link>
	<thumbnail>https://image.tmdb.org/t/p/w1280/4nfAhOTlfZUHNorHJXEib7GYFpp.jpg</thumbnail>
	<fanart>https://image.tmdb.org/t/p/w1280/jd7pIx2XnO8wRdPT5ncAjhFxNwL.jpg</fanart>
</item>
<item>
	<title>[COLOR=blue]Henry: Portrait of a Serial Killer[/COLOR]</title>
	<meta>
	<imdb>tt0099763</imdb>
	<content>movie</content>
	<title>Henry: Portrait of a Serial Killer</title>
	<year>1986</year>
	</meta>
	<link>
	<sublink>https://www.youtube.com/watch?v=IU3P6WXzvXU&feature=youtu.be</sublink>
	<sublink>search</sublink>
	<sublink>searchsd</sublink>
	</link>
	<thumbnail>https://image.tmdb.org/t/p/w1280/jE9bDB7v7lMED5PWpPMsmc3SzlI.jpg</thumbnail>
	<fanart>https://image.tmdb.org/t/p/w1280/9ZYJvlx2nzoi2Q4O11wuDHvTZQe.jpg</fanart>
</item>
<item>
	<title>[COLOR=blue]High Tension[/COLOR]</title>
	<meta>
	<imdb>tt0338095</imdb>
	<content>movie</content>
	<title>High Tension</title>
	<year>2003</year>
	</meta>
	<link>
	<sublink>https://www.youtube.com/watch?v=ZfkysYCxTdU&feature=youtu.be</sublink>
	<sublink>search</sublink>
	<sublink>searchsd</sublink>
	</link>
	<thumbnail>https://image.tmdb.org/t/p/w1280/oyyhw5Ph9p5M4pargwN2aE9OLCO.jpg</thumbnail>
	<fanart>https://image.tmdb.org/t/p/w1280/4FenaN6dlmyjaPCBqTnd0ssRfmg.jpg</fanart>
</item>
<item>
	<title>[COLOR=blue]Hour of the Wolf[/COLOR]</title>
	<meta>
	<imdb>tt0063759</imdb>
	<content>movie</content>
	<title>Hour of the Wolf</title>
	<year>1968</year>
	</meta>
	<link>
	<sublink>https://www.youtube.com/watch?v=DXk6VXs6jh4&feature=youtu.be</sublink>
	<sublink>search</sublink>
	<sublink>searchsd</sublink>
	</link>
	<thumbnail>https://image.tmdb.org/t/p/w1280/loCd5o7kk8wzNEJUwVSXGfOsisa.jpg</thumbnail>
	<fanart>https://image.tmdb.org/t/p/w1280/cQUL28jjk7ILCx4i8WGjgooQLfx.jpg</fanart>
</item>
<item>
	<title>[COLOR=blue]I Walked with a Zombie[/COLOR]</title>
	<meta>
	<imdb>tt0036027</imdb>
	<content>movie</content>
	<title>I Walked with a Zombie</title>
	<year>1943</year>
	</meta>
	<link>
	<sublink>https://www.youtube.com/watch?v=R0NhhvTNND0&feature=youtu.be</sublink>
	<sublink>search</sublink>
	<sublink>searchsd</sublink>
	</link>
	<thumbnail>https://image.tmdb.org/t/p/w1280/uoyBR8XNxPQRojujtczfG1qJezY.jpg</thumbnail>
	<fanart>https://image.tmdb.org/t/p/w1280/gNLoch27EP2w1ezFQQCcqQnZivq.jpg</fanart>
</item>
<item>
	<title>[COLOR=blue]Inferno[/COLOR]</title>
	<meta>
	<imdb>tt0080923</imdb>
	<content>movie</content>
	<title>Inferno</title>
	<year>1980</year>
	</meta>
	<link>
	<sublink>https://www.youtube.com/watch?v=WvYcy961kD4&feature=youtu.be</sublink>
	<sublink>search</sublink>
	<sublink>searchsd</sublink>
	</link>
	<thumbnail>https://image.tmdb.org/t/p/w1280/oTTIGtDkRRwTklBnPtjyyxXe46H.jpg</thumbnail>
	<fanart>https://image.tmdb.org/t/p/w1280/pQFfsMmrxDU4XCnAKhGlWuYLMix.jpg</fanart>
</item>
<item>
	<title>[COLOR=blue]Invasion of the Body Snatchers[/COLOR]</title>
	<meta>
	<imdb>tt0049366</imdb>
	<content>movie</content>
	<title>Invasion of the Body Snatchers</title>
	<year>1956</year>
	</meta>
	<link>
	<sublink>https://www.youtube.com/watch?v=Ie1iJpS5qn4&feature=youtu.be</sublink>
	<sublink>search</sublink>
	<sublink>searchsd</sublink>
	</link>
	<thumbnail>https://image.tmdb.org/t/p/w1280/4oj0G2Zr6tQKBDOzKaLuefdeBsG.jpg</thumbnail>
	<fanart>https://image.tmdb.org/t/p/w1280/eTxgy8eROB5Ly7ZXKLukQoF6tKl.jpg</fanart>
</item>
<item>
	<title>[COLOR=blue]Invasion of the Body Snatchers[/COLOR]</title>
	<meta>
	<imdb>tt0077745</imdb>
	<content>movie</content>
	<title>Invasion of the Body Snatchers</title>
	<year>1978</year>
	</meta>
	<link>
	<sublink>https://www.youtube.com/watch?v=dCOtncsaU80&feature=youtu.be</sublink>
	<sublink>search</sublink>
	<sublink>searchsd</sublink>
	</link>
	<thumbnail>https://image.tmdb.org/t/p/w1280/skS02wdeH2C0nrbCQP3qKwJdZtZ.jpg</thumbnail>
	<fanart>https://image.tmdb.org/t/p/w1280/bh2oxs3WjVGOlOJExWDecMNgrrK.jpg</fanart>
</item>
<item>
	<title>[COLOR=blue]It Follows[/COLOR]</title>
	<meta>
	<imdb>tt3235888</imdb>
	<content>movie</content>
	<title>It Follows</title>
	<year>2014</year>
	</meta>
	<link>
	<sublink>https://www.youtube.com/watch?v=HkZYbOH0ujw&feature=youtu.be</sublink>
	<sublink>search</sublink>
	<sublink>searchsd</sublink>
	</link>
	<thumbnail>https://image.tmdb.org/t/p/w1280/4MrwJZr0R9LbyOgZqwLNmtzzxbu.jpg</thumbnail>
	<fanart>https://image.tmdb.org/t/p/w1280/nwQgcgGVrKyjlxNzaDZud82pUly.jpg</fanart>
</item>
<item>
	<title>[COLOR=blue]Jacob's Ladder[/COLOR]</title>
	<meta>
	<imdb>tt0099871</imdb>
	<content>movie</content>
	<title>Jacob's Ladder</title>
	<year>1990</year>
	</meta>
	<link>
	<sublink>https://www.youtube.com/watch?v=BZE9bHKmkVM&feature=youtu.be</sublink>
	<sublink>search</sublink>
	<sublink>searchsd</sublink>
	</link>
	<thumbnail>https://image.tmdb.org/t/p/w1280/2Byg7AV91LF7pfByz4ZMvnkZnH7.jpg</thumbnail>
	<fanart>https://image.tmdb.org/t/p/w1280/7D5sfA9KT40zC0qA4j8Fee1IPzL.jpg</fanart>
</item>
<item>
	<title>[COLOR=blue]Jaws[/COLOR]</title>
	<meta>
	<imdb>tt0073195</imdb>
	<content>movie</content>
	<title>Jaws</title>
	<year>1975</year>
	</meta>
	<link>
	<sublink>https://www.youtube.com/watch?v=U1fu_sA7XhE&feature=youtu.be</sublink>
	<sublink>search</sublink>
	<sublink>searchsd</sublink>
	</link>
	<thumbnail>https://image.tmdb.org/t/p/w1280/l1yltvzILaZcx2jYvc5sEMkM7Eh.jpg</thumbnail>
	<fanart>https://image.tmdb.org/t/p/w1280/uTVuKo6OTGiead1ncsfH2klqYHC.jpg</fanart>
</item>
<item>
	<title>[COLOR=blue]Kill Baby, Kill[/COLOR]</title>
	<meta>
	<imdb>tt0060794</imdb>
	<content>movie</content>
	<title>Kill Baby, Kill</title>
	<year>1966</year>
	</meta>
	<link>
	<sublink>https://www.youtube.com/watch?v=a1RULhoVSMc&feature=youtu.be</sublink>
	<sublink>search</sublink>
	<sublink>searchsd</sublink>
	</link>
	<thumbnail>https://image.tmdb.org/t/p/w1280/fyGzcMVf8iospgEtBoZkvO9j9Vr.jpg</thumbnail>
	<fanart>https://image.tmdb.org/t/p/w1280/dfPMlFEOSG6URAJrKyTF8Zkicgj.jpg</fanart>
</item>
<item>
	<title>[COLOR=blue]Kwaidan[/COLOR]</title>
	<meta>
	<imdb>tt0058279</imdb>
	<content>movie</content>
	<title>Kwaidan</title>
	<year>1964</year>
	</meta>
	<link>
	<sublink>https://www.youtube.com/watch?v=XG5mvupo9Wc&feature=youtu.be</sublink>
	<sublink>search</sublink>
	<sublink>searchsd</sublink>
	</link>
	<thumbnail>https://image.tmdb.org/t/p/w1280/f6C9B1YssqKZjykS6K12ZNsEDRk.jpg</thumbnail>
	<fanart>https://image.tmdb.org/t/p/w1280/mcZaFw5NXr8i5Mx33xMv80NOSif.jpg</fanart>
</item>
<item>
	<title>[COLOR=blue]Lake Mungo[/COLOR]</title>
	<meta>
	<imdb>tt0816556</imdb>
	<content>movie</content>
	<title>Lake Mungo</title>
	<year>2008</year>
	</meta>
	<link>
	<sublink>https://www.youtube.com/watch?v=d2ISuVvP-XI&feature=youtu.be</sublink>
	<sublink>search</sublink>
	<sublink>searchsd</sublink>
	</link>
	<thumbnail>https://image.tmdb.org/t/p/w1280/g0zCELYfBfSv8TOGC13buABVN53.jpg</thumbnail>
	<fanart>https://image.tmdb.org/t/p/w1280/fRkanrRqPL1gzQjYCtXIuJ7Z9EW.jpg</fanart>
</item>
<item>
	<title>[COLOR=blue]Let the Right One In[/COLOR]</title>
	<meta>
	<imdb>tt1139797</imdb>
	<content>movie</content>
	<title>Let the Right One In</title>
	<year>2008</year>
	</meta>
	<link>
	<sublink>https://www.youtube.com/watch?v=ICp4g9p_rgo&feature=youtu.be</sublink>
	<sublink>search</sublink>
	<sublink>searchsd</sublink>
	</link>
	<thumbnail>https://image.tmdb.org/t/p/w1280/9FGpMfbpKjN7i2jF2gQpvQvK9VB.jpg</thumbnail>
	<fanart>https://image.tmdb.org/t/p/w1280/wMRVKIIIn5035KIY0J793aHWVOj.jpg</fanart>
</item>
<item>
	<title>[COLOR=blue]Let's Scare Jessica to Death[/COLOR]</title>
	<meta>
	<imdb>tt0067341</imdb>
	<content>movie</content>
	<title>Let's Scare Jessica to Death</title>
	<year>1971</year>
	</meta>
	<link>
	<sublink>https://www.youtube.com/watch?v=cX4eZD3GiL0&feature=youtu.be</sublink>
	<sublink>search</sublink>
	<sublink>searchsd</sublink>
	</link>
	<thumbnail>https://image.tmdb.org/t/p/w1280/9vZ5mRGPzaPCaoa4b58k837orvF.jpg</thumbnail>
	<fanart>https://image.tmdb.org/t/p/w1280/aJqwMpR2uKZdweBNt2IXvTMruDv.jpg</fanart>
</item>
<item>
	<title>[COLOR=blue]Martin[/COLOR]</title>
	<meta>
	<imdb>tt0077914</imdb>
	<content>movie</content>
	<title>Martin</title>
	<year>1978</year>
	</meta>
	<link>
	<sublink>https://www.youtube.com/watch?v=Cgs3U-gLZwE&feature=youtu.be</sublink>
	<sublink>search</sublink>
	<sublink>searchsd</sublink>
	</link>
	<thumbnail>https://image.tmdb.org/t/p/w1280/gzLFtS4nJay8b1ziAriUf1LMtdU.jpg</thumbnail>
	<fanart>https://image.tmdb.org/t/p/w1280/5ONGOkRSxtObStG8ErZ4anHx75Y.jpg</fanart>
</item>
<item>
	<title>[COLOR=blue]Martyrs[/COLOR]</title>
	<meta>
	<imdb>tt1029234</imdb>
	<content>movie</content>
	<title>Martyrs</title>
	<year>2008</year>
	</meta>
	<link>
	<sublink>https://www.youtube.com/watch?v=7ifU8X8Ewqk&feature=youtu.be</sublink>
	<sublink>search</sublink>
	<sublink>searchsd</sublink>
	</link>
	<thumbnail>https://image.tmdb.org/t/p/w1280/fC2Uld8qZ6waCuo71oTKzJTscaN.jpg</thumbnail>
	<fanart>https://image.tmdb.org/t/p/w1280/6ZGUYAhUvhJ54HrSPliTzoZ8evy.jpg</fanart>
</item>
<item>
	<title>[COLOR=blue]Night of the Demon[/COLOR]</title>
	<meta>
	<imdb>tt0050766</imdb>
	<content>movie</content>
	<title>Night of the Demon</title>
	<year>1957</year>
	</meta>
	<link>
	<sublink>https://www.youtube.com/watch?v=kCp-c_buFlw&feature=youtu.be</sublink>
	<sublink>search</sublink>
	<sublink>searchsd</sublink>
	</link>
	<thumbnail>https://image.tmdb.org/t/p/w1280/7VnwPylFw3prF7B62t5EpTeXWRj.jpg</thumbnail>
	<fanart>https://image.tmdb.org/t/p/w1280/dYGzCLfdww7fJRbp6djKcIVyLef.jpg</fanart>
</item>
<item>
	<title>[COLOR=blue]Night of the Living Dead[/COLOR]</title>
	<meta>
	<imdb>tt0063350</imdb>
	<content>movie</content>
	<title>Night of the Living Dead</title>
	<year>1968</year>
	</meta>
	<link>
	<sublink>https://www.youtube.com/watch?v=5gUKvmOEGCU&feature=youtu.be</sublink>
	<sublink>search</sublink>
	<sublink>searchsd</sublink>
	</link>
	<thumbnail>https://image.tmdb.org/t/p/w1280/faPfcZ181gWmCoMbal7bAXFPFh9.jpg</thumbnail>
	<fanart>https://image.tmdb.org/t/p/w1280/jixekHe0lX093eZHUe5wqKM8SOR.jpg</fanart>
</item>
<item>
	<title>[COLOR=blue]Nosferatu[/COLOR]</title>
	<meta>
	<imdb>tt0013442</imdb>
	<content>movie</content>
	<title>Nosferatu</title>
	<year>1922</year>
	</meta>
	<link>
	<sublink>https://www.youtube.com/watch?v=H6Dm9fRaB-4&feature=youtu.be</sublink>
	<sublink>search</sublink>
	<sublink>searchsd</sublink>
	</link>
	<thumbnail>https://image.tmdb.org/t/p/w1280none</thumbnail>
	<fanart>https://image.tmdb.org/t/p/w1280none</fanart>
</item>