<dir>
     <title> Hotel Transylvania The series </title>
  <link>nolink</link>
  <thumbnail>http://i63.tinypic.com/2rwvjoo.jpg</thumbnail>
  </dir>
  
  <item>
	<title>[COLOR=white]Enter the Nose Picker[/COLOR]</title>
	<meta>
	<imdb>tt1741669</imdb>
	<content>episode</content>
	<tvshowtitle>Hotel Transylvania The Series</tvshowtitle>
	<year>2017</year>
	<season>1</season>
	<episode>1</episode>
	</meta>
	<link>
	<sublink>search</sublink>
	<sublink>searchsd</sublink>
	</link>
	<thumbnail>https://image.tmdb.org/t/p/w1280</thumbnail>
	<fanart>https://image.tmdb.org/t/p/w1280/6DztqZL27iemPZNQGst9DhnxMM3.jpg</fanart>
</item>
<item>
	<title>[COLOR=white]Hide & Shriek[/COLOR]</title>
	<meta>
	<imdb>tt1741669</imdb>
	<content>episode</content>
	<tvshowtitle>Hotel Transylvania The Series</tvshowtitle>
	<year>2017</year>
	<season>1</season>
	<episode>2</episode>
	</meta>
	<link>
	<sublink>search</sublink>
	<sublink>searchsd</sublink>
	</link>
	<thumbnail>https://image.tmdb.org/t/p/w1280</thumbnail>
	<fanart>https://image.tmdb.org/t/p/w1280/6DztqZL27iemPZNQGst9DhnxMM3.jpg</fanart>
</item>
<item>
	<title>[COLOR=white]Bad Friday[/COLOR]</title>
	<meta>
	<imdb>tt1741669</imdb>
	<content>episode</content>
	<tvshowtitle>Hotel Transylvania The Series</tvshowtitle>
	<year>2017</year>
	<season>1</season>
	<episode>3</episode>
	</meta>
	<link>
	<sublink>search</sublink>
	<sublink>searchsd</sublink>
	</link>
	<thumbnail>https://image.tmdb.org/t/p/w1280</thumbnail>
	<fanart>https://image.tmdb.org/t/p/w1280/6DztqZL27iemPZNQGst9DhnxMM3.jpg</fanart>
</item>
<item>
	<title>[COLOR=white]Hoop Screams[/COLOR]</title>
	<meta>
	<imdb>tt1741669</imdb>
	<content>episode</content>
	<tvshowtitle>Hotel Transylvania The Series</tvshowtitle>
	<year>2017</year>
	<season>1</season>
	<episode>4</episode>
	</meta>
	<link>
	<sublink>search</sublink>
	<sublink>searchsd</sublink>
	</link>
	<thumbnail>https://image.tmdb.org/t/p/w1280</thumbnail>
	<fanart>https://image.tmdb.org/t/p/w1280/6DztqZL27iemPZNQGst9DhnxMM3.jpg</fanart>
</item>
<item>
	<title>[COLOR=white]Buggin' Out[/COLOR]</title>
	<meta>
	<imdb>tt1741669</imdb>
	<content>episode</content>
	<tvshowtitle>Hotel Transylvania The Series</tvshowtitle>
	<year>2017</year>
	<season>1</season>
	<episode>5</episode>
	</meta>
	<link>
	<sublink>search</sublink>
	<sublink>searchsd</sublink>
	</link>
	<thumbnail>https://image.tmdb.org/t/p/w1280</thumbnail>
	<fanart>https://image.tmdb.org/t/p/w1280/6DztqZL27iemPZNQGst9DhnxMM3.jpg</fanart>
</item>
<item>
	<title>[COLOR=white]How Do You Solve a Problem Like Medusa[/COLOR]</title>
	<meta>
	<imdb>tt1741669</imdb>
	<content>episode</content>
	<tvshowtitle>Hotel Transylvania The Series</tvshowtitle>
	<year>2017</year>
	<season>1</season>
	<episode>6</episode>
	</meta>
	<link>
	<sublink>search</sublink>
	<sublink>searchsd</sublink>
	</link>
	<thumbnail>https://image.tmdb.org/t/p/w1280</thumbnail>
	<fanart>https://image.tmdb.org/t/p/w1280/6DztqZL27iemPZNQGst9DhnxMM3.jpg</fanart>
</item>
<item>
	<title>[COLOR=white]Adventures in Vampiresitting[/COLOR]</title>
	<meta>
	<imdb>tt1741669</imdb>
	<content>episode</content>
	<tvshowtitle>Hotel Transylvania The Series</tvshowtitle>
	<year>2017</year>
	<season>1</season>
	<episode>7</episode>
	</meta>
	<link>
	<sublink>search</sublink>
	<sublink>searchsd</sublink>
	</link>
	<thumbnail>https://image.tmdb.org/t/p/w1280/3BVKnWwzaTpHfz3IFDGPQwXdWsx.jpg</thumbnail>
	<fanart>https://image.tmdb.org/t/p/w1280/6DztqZL27iemPZNQGst9DhnxMM3.jpg</fanart>
</item>
<item>
	<title>[COLOR=white]Phlegm Ball[/COLOR]</title>
	<meta>
	<imdb>tt1741669</imdb>
	<content>episode</content>
	<tvshowtitle>Hotel Transylvania The Series</tvshowtitle>
	<year>2017</year>
	<season>1</season>
	<episode>8</episode>
	</meta>
	<link>
	<sublink>search</sublink>
	<sublink>searchsd</sublink>
	</link>
	<thumbnail>https://image.tmdb.org/t/p/w1280</thumbnail>
	<fanart>https://image.tmdb.org/t/p/w1280/6DztqZL27iemPZNQGst9DhnxMM3.jpg</fanart>
</item>
<item>
	<title>[COLOR=white]Wendy Big and Tall[/COLOR]</title>
	<meta>
	<imdb>tt1741669</imdb>
	<content>episode</content>
	<tvshowtitle>Hotel Transylvania The Series</tvshowtitle>
	<year>2017</year>
	<season>1</season>
	<episode>9</episode>
	</meta>
	<link>
	<sublink>search</sublink>
	<sublink>searchsd</sublink>
	</link>
	<thumbnail>https://image.tmdb.org/t/p/w1280/9V4rFXnHMbtOWSMzhy8cceE3Vur.jpg</thumbnail>
	<fanart>https://image.tmdb.org/t/p/w1280/6DztqZL27iemPZNQGst9DhnxMM3.jpg</fanart>
</item>
<item>
	<title>[COLOR=white]Doppelfanger[/COLOR]</title>
	<meta>
	<imdb>tt1741669</imdb>
	<content>episode</content>
	<tvshowtitle>Hotel Transylvania The Series</tvshowtitle>
	<year>2017</year>
	<season>1</season>
	<episode>10</episode>
	</meta>
	<link>
	<sublink>search</sublink>
	<sublink>searchsd</sublink>
	</link>
	<thumbnail>https://image.tmdb.org/t/p/w1280</thumbnail>
	<fanart>https://image.tmdb.org/t/p/w1280/6DztqZL27iemPZNQGst9DhnxMM3.jpg</fanart>
</item>
<item>
	<title>[COLOR=white]Great Eggspectations[/COLOR]</title>
	<meta>
	<imdb>tt1741669</imdb>
	<content>episode</content>
	<tvshowtitle>Hotel Transylvania The Series</tvshowtitle>
	<year>2017</year>
	<season>1</season>
	<episode>11</episode>
	</meta>
	<link>
	<sublink>search</sublink>
	<sublink>searchsd</sublink>
	</link>
	<thumbnail>https://image.tmdb.org/t/p/w1280/1rKE8O5szhthqYiQQPeTjvVrHvf.jpg</thumbnail>
	<fanart>https://image.tmdb.org/t/p/w1280/6DztqZL27iemPZNQGst9DhnxMM3.jpg</fanart>
</item>
<item>
	<title>[COLOR=white]Hotel Pennsylvania[/COLOR]</title>
	<meta>
	<imdb>tt1741669</imdb>
	<content>episode</content>
	<tvshowtitle>Hotel Transylvania The Series</tvshowtitle>
	<year>2017</year>
	<season>1</season>
	<episode>12</episode>
	</meta>
	<link>
	<sublink>search</sublink>
	<sublink>searchsd</sublink>
	</link>
	<thumbnail>https://image.tmdb.org/t/p/w1280</thumbnail>
	<fanart>https://image.tmdb.org/t/p/w1280/6DztqZL27iemPZNQGst9DhnxMM3.jpg</fanart>
</item>
<item>
	<title>[COLOR=white]Breakfast at Lydia's[/COLOR]</title>
	<meta>
	<imdb>tt1741669</imdb>
	<content>episode</content>
	<tvshowtitle>Hotel Transylvania The Series</tvshowtitle>
	<year>2017</year>
	<season>1</season>
	<episode>13</episode>
	</meta>
	<link>
	<sublink>search</sublink>
	<sublink>searchsd</sublink>
	</link>
	<thumbnail>https://image.tmdb.org/t/p/w1280</thumbnail>
	<fanart>https://image.tmdb.org/t/p/w1280/6DztqZL27iemPZNQGst9DhnxMM3.jpg</fanart>
</item>
<item>
	<title>[COLOR=white]The Trouble with Wendys[/COLOR]</title>
	<meta>
	<imdb>tt1741669</imdb>
	<content>episode</content>
	<tvshowtitle>Hotel Transylvania The Series</tvshowtitle>
	<year>2017</year>
	<season>1</season>
	<episode>14</episode>
	</meta>
	<link>
	<sublink>search</sublink>
	<sublink>searchsd</sublink>
	</link>
	<thumbnail>https://image.tmdb.org/t/p/w1280</thumbnail>
	<fanart>https://image.tmdb.org/t/p/w1280/6DztqZL27iemPZNQGst9DhnxMM3.jpg</fanart>
</item>
<item>
	<title>[COLOR=white]Frankenstunt[/COLOR]</title>
	<meta>
	<imdb>tt1741669</imdb>
	<content>episode</content>
	<tvshowtitle>Hotel Transylvania The Series</tvshowtitle>
	<year>2017</year>
	<season>1</season>
	<episode>15</episode>
	</meta>
	<link>
	<sublink>search</sublink>
	<sublink>searchsd</sublink>
	</link>
	<thumbnail>https://image.tmdb.org/t/p/w1280</thumbnail>
	<fanart>https://image.tmdb.org/t/p/w1280/6DztqZL27iemPZNQGst9DhnxMM3.jpg</fanart>
</item>
<item>
	<title>[COLOR=white]What About Blob?[/COLOR]</title>
	<meta>
	<imdb>tt1741669</imdb>
	<content>episode</content>
	<tvshowtitle>Hotel Transylvania The Series</tvshowtitle>
	<year>2017</year>
	<season>1</season>
	<episode>16</episode>
	</meta>
	<link>
	<sublink>search</sublink>
	<sublink>searchsd</sublink>
	</link>
	<thumbnail>https://image.tmdb.org/t/p/w1280</thumbnail>
	<fanart>https://image.tmdb.org/t/p/w1280/6DztqZL27iemPZNQGst9DhnxMM3.jpg</fanart>
</item>
<item>
	<title>[COLOR=white]Curse Club[/COLOR]</title>
	<meta>
	<imdb>tt1741669</imdb>
	<content>episode</content>
	<tvshowtitle>Hotel Transylvania The Series</tvshowtitle>
	<year>2017</year>
	<season>1</season>
	<episode>17</episode>
	</meta>
	<link>
	<sublink>search</sublink>
	<sublink>searchsd</sublink>
	</link>
	<thumbnail>https://image.tmdb.org/t/p/w1280</thumbnail>
	<fanart>https://image.tmdb.org/t/p/w1280/6DztqZL27iemPZNQGst9DhnxMM3.jpg</fanart>
</item>
<item>
	<title>[COLOR=white]Casket if You Can[/COLOR]</title>
	<meta>
	<imdb>tt1741669</imdb>
	<content>episode</content>
	<tvshowtitle>Hotel Transylvania The Series</tvshowtitle>
	<year>2017</year>
	<season>1</season>
	<episode>18</episode>
	</meta>
	<link>
	<sublink>search</sublink>
	<sublink>searchsd</sublink>
	</link>
	<thumbnail>https://image.tmdb.org/t/p/w1280</thumbnail>
	<fanart>https://image.tmdb.org/t/p/w1280/6DztqZL27iemPZNQGst9DhnxMM3.jpg</fanart>
</item>
<item>
	<title>[COLOR=white]A Scare to Remember[/COLOR]</title>
	<meta>
	<imdb>tt1741669</imdb>
	<content>episode</content>
	<tvshowtitle>Hotel Transylvania The Series</tvshowtitle>
	<year>2017</year>
	<season>1</season>
	<episode>19</episode>
	</meta>
	<link>
	<sublink>search</sublink>
	<sublink>searchsd</sublink>
	</link>
	<thumbnail>https://image.tmdb.org/t/p/w1280</thumbnail>
	<fanart>https://image.tmdb.org/t/p/w1280/6DztqZL27iemPZNQGst9DhnxMM3.jpg</fanart>
</item>
<item>
	<title>[COLOR=white]Hank and the Real Boy[/COLOR]</title>
	<meta>
	<imdb>tt1741669</imdb>
	<content>episode</content>
	<tvshowtitle>Hotel Transylvania The Series</tvshowtitle>
	<year>2017</year>
	<season>1</season>
	<episode>20</episode>
	</meta>
	<link>
	<sublink>search</sublink>
	<sublink>searchsd</sublink>
	</link>
	<thumbnail>https://image.tmdb.org/t/p/w1280</thumbnail>
	<fanart>https://image.tmdb.org/t/p/w1280/6DztqZL27iemPZNQGst9DhnxMM3.jpg</fanart>
</item>
<item>
	<title>[COLOR=white]The Wrapture[/COLOR]</title>
	<meta>
	<imdb>tt1741669</imdb>
	<content>episode</content>
	<tvshowtitle>Hotel Transylvania The Series</tvshowtitle>
	<year>2017</year>
	<season>1</season>
	<episode>21</episode>
	</meta>
	<link>
	<sublink>search</sublink>
	<sublink>searchsd</sublink>
	</link>
	<thumbnail>https://image.tmdb.org/t/p/w1280</thumbnail>
	<fanart>https://image.tmdb.org/t/p/w1280/6DztqZL27iemPZNQGst9DhnxMM3.jpg</fanart>
</item>
<item>
	<title>[COLOR=white]Becoming Klaus[/COLOR]</title>
	<meta>
	<imdb>tt1741669</imdb>
	<content>episode</content>
	<tvshowtitle>Hotel Transylvania The Series</tvshowtitle>
	<year>2017</year>
	<season>1</season>
	<episode>22</episode>
	</meta>
	<link>
	<sublink>search</sublink>
	<sublink>searchsd</sublink>
	</link>
	<thumbnail>https://image.tmdb.org/t/p/w1280</thumbnail>
	<fanart>https://image.tmdb.org/t/p/w1280/6DztqZL27iemPZNQGst9DhnxMM3.jpg</fanart>
</item>
<item>
	<title>[COLOR=white]116 Candles[/COLOR]</title>
	<meta>
	<imdb>tt1741669</imdb>
	<content>episode</content>
	<tvshowtitle>Hotel Transylvania The Series</tvshowtitle>
	<year>2017</year>
	<season>1</season>
	<episode>23</episode>
	</meta>
	<link>
	<sublink>search</sublink>
	<sublink>searchsd</sublink>
	</link>
	<thumbnail>https://image.tmdb.org/t/p/w1280</thumbnail>
	<fanart>https://image.tmdb.org/t/p/w1280/6DztqZL27iemPZNQGst9DhnxMM3.jpg</fanart>
</item>
<item>
	<title>[COLOR=white]Stop or My Mummy Will Shout[/COLOR]</title>
	<meta>
	<imdb>tt1741669</imdb>
	<content>episode</content>
	<tvshowtitle>Hotel Transylvania The Series</tvshowtitle>
	<year>2017</year>
	<season>1</season>
	<episode>24</episode>
	</meta>
	<link>
	<sublink>search</sublink>
	<sublink>searchsd</sublink>
	</link>
	<thumbnail>https://image.tmdb.org/t/p/w1280/fbLfai3PNh6UVTUWO1WpegCm6ry.jpg</thumbnail>
	<fanart>https://image.tmdb.org/t/p/w1280/6DztqZL27iemPZNQGst9DhnxMM3.jpg</fanart>
</item>
<item>
	<title>[COLOR=white]The Legend of Pumpkin Guts[/COLOR]</title>
	<meta>
	<imdb>tt1741669</imdb>
	<content>episode</content>
	<tvshowtitle>Hotel Transylvania The Series</tvshowtitle>
	<year>2017</year>
	<season>1</season>
	<episode>25</episode>
	</meta>
	<link>
	<sublink>search</sublink>
	<sublink>searchsd</sublink>
	</link>
	<thumbnail>https://image.tmdb.org/t/p/w1280/dRL3dYWUGyfYmuHdDNOvycwUtMe.jpg</thumbnail>
	<fanart>https://image.tmdb.org/t/p/w1280/6DztqZL27iemPZNQGst9DhnxMM3.jpg</fanart>
</item>
<item>
	<title>[COLOR=white]Fright of Hand[/COLOR]</title>
	<meta>
	<imdb>tt1741669</imdb>
	<content>episode</content>
	<tvshowtitle>Hotel Transylvania The Series</tvshowtitle>
	<year>2017</year>
	<season>1</season>
	<episode>26</episode>
	</meta>
	<link>
	<sublink>search</sublink>
	<sublink>searchsd</sublink>
	</link>
	<thumbnail>https://image.tmdb.org/t/p/w1280</thumbnail>
	<fanart>https://image.tmdb.org/t/p/w1280/6DztqZL27iemPZNQGst9DhnxMM3.jpg</fanart>
</item>
<item>
	<title>[COLOR=white]Dude Where's My Garlic?[/COLOR]</title>
	<meta>
	<imdb>tt1741669</imdb>
	<content>episode</content>
	<tvshowtitle>Hotel Transylvania The Series</tvshowtitle>
	<year>2017</year>
	<season>1</season>
	<episode>27</episode>
	</meta>
	<link>
	<sublink>search</sublink>
	<sublink>searchsd</sublink>
	</link>
	<thumbnail>https://image.tmdb.org/t/p/w1280</thumbnail>
	<fanart>https://image.tmdb.org/t/p/w1280/6DztqZL27iemPZNQGst9DhnxMM3.jpg</fanart>
</item>
<item>
	<title>[COLOR=white]Bat Flap Fever[/COLOR]</title>
	<meta>
	<imdb>tt1741669</imdb>
	<content>episode</content>
	<tvshowtitle>Hotel Transylvania The Series</tvshowtitle>
	<year>2017</year>
	<season>1</season>
	<episode>28</episode>
	</meta>
	<link>
	<sublink>search</sublink>
	<sublink>searchsd</sublink>
	</link>
	<thumbnail>https://image.tmdb.org/t/p/w1280</thumbnail>
	<fanart>https://image.tmdb.org/t/p/w1280/6DztqZL27iemPZNQGst9DhnxMM3.jpg</fanart>
</item>
<item>
	<title>[COLOR=white]Thumb and Thumber[/COLOR]</title>
	<meta>
	<imdb>tt1741669</imdb>
	<content>episode</content>
	<tvshowtitle>Hotel Transylvania The Series</tvshowtitle>
	<year>2017</year>
	<season>1</season>
	<episode>29</episode>
	</meta>
	<link>
	<sublink>search</sublink>
	<sublink>searchsd</sublink>
	</link>
	<thumbnail>https://image.tmdb.org/t/p/w1280/slzuYZTrOPzb4rH2KrGglPHrq7R.jpg</thumbnail>
	<fanart>https://image.tmdb.org/t/p/w1280/6DztqZL27iemPZNQGst9DhnxMM3.jpg</fanart>
</item>
<item>
	<title>[COLOR=white]Brain Drain[/COLOR]</title>
	<meta>
	<imdb>tt1741669</imdb>
	<content>episode</content>
	<tvshowtitle>Hotel Transylvania The Series</tvshowtitle>
	<year>2017</year>
	<season>1</season>
	<episode>30</episode>
	</meta>
	<link>
	<sublink>search</sublink>
	<sublink>searchsd</sublink>
	</link>
	<thumbnail>https://image.tmdb.org/t/p/w1280</thumbnail>
	<fanart>https://image.tmdb.org/t/p/w1280/6DztqZL27iemPZNQGst9DhnxMM3.jpg</fanart>
</item>
<item>
	<title>[COLOR=white]Hair Today, Gone Tomorrow[/COLOR]</title>
	<meta>
	<imdb>tt1741669</imdb>
	<content>episode</content>
	<tvshowtitle>Hotel Transylvania The Series</tvshowtitle>
	<year>2017</year>
	<season>1</season>
	<episode>31</episode>
	</meta>
	<link>
	<sublink>search</sublink>
	<sublink>searchsd</sublink>
	</link>
	<thumbnail>https://image.tmdb.org/t/p/w1280/eceq3mo0IAuv5Mq3ZXCWcepDW6x.jpg</thumbnail>
	<fanart>https://image.tmdb.org/t/p/w1280/6DztqZL27iemPZNQGst9DhnxMM3.jpg</fanart>
</item>
<item>
	<title>[COLOR=white]Drop the Needle[/COLOR]</title>
	<meta>
	<imdb>tt1741669</imdb>
	<content>episode</content>
	<tvshowtitle>Hotel Transylvania The Series</tvshowtitle>
	<year>2017</year>
	<season>1</season>
	<episode>32</episode>
	</meta>
	<link>
	<sublink>search</sublink>
	<sublink>searchsd</sublink>
	</link>
	<thumbnail>https://image.tmdb.org/t/p/w1280</thumbnail>
	<fanart>https://image.tmdb.org/t/p/w1280/6DztqZL27iemPZNQGst9DhnxMM3.jpg</fanart>
</item>
<item>
	<title>[COLOR=white]Really Gross Anatomy[/COLOR]</title>
	<meta>
	<imdb>tt1741669</imdb>
	<content>episode</content>
	<tvshowtitle>Hotel Transylvania The Series</tvshowtitle>
	<year>2017</year>
	<season>1</season>
	<episode>33</episode>
	</meta>
	<link>
	<sublink>search</sublink>
	<sublink>searchsd</sublink>
	</link>
	<thumbnail>https://image.tmdb.org/t/p/w1280</thumbnail>
	<fanart>https://image.tmdb.org/t/p/w1280/6DztqZL27iemPZNQGst9DhnxMM3.jpg</fanart>
</item>
<item>
	<title>[COLOR=white]The Fright Before Creepmas[/COLOR]</title>
	<meta>
	<imdb>tt1741669</imdb>
	<content>episode</content>
	<tvshowtitle>Hotel Transylvania The Series</tvshowtitle>
	<year>2017</year>
	<season>1</season>
	<episode>34</episode>
	</meta>
	<link>
	<sublink>search</sublink>
	<sublink>searchsd</sublink>
	</link>
	<thumbnail>https://image.tmdb.org/t/p/w1280/onTFrOXbfxZNawXH5C6kB1VLBwA.jpg</thumbnail>
	<fanart>https://image.tmdb.org/t/p/w1280/6DztqZL27iemPZNQGst9DhnxMM3.jpg</fanart>
</item>
<item>
	<title>[COLOR=white]Exit Sandman[/COLOR]</title>
	<meta>
	<imdb>tt1741669</imdb>
	<content>episode</content>
	<tvshowtitle>Hotel Transylvania The Series</tvshowtitle>
	<year>2018</year>
	<season>1</season>
	<episode>35</episode>
	</meta>
	<link>
	<sublink>search</sublink>
	<sublink>searchsd</sublink>
	</link>
	<thumbnail>https://image.tmdb.org/t/p/w1280/24DaRbcm33Jvfr0osqfEW4RBEMr.jpg</thumbnail>
	<fanart>https://image.tmdb.org/t/p/w1280/6DztqZL27iemPZNQGst9DhnxMM3.jpg</fanart>
</item>
<item>
	<title>[COLOR=white]Roadkill Trip[/COLOR]</title>
	<meta>
	<imdb>tt1741669</imdb>
	<content>episode</content>
	<tvshowtitle>Hotel Transylvania The Series</tvshowtitle>
	<year>2018</year>
	<season>1</season>
	<episode>36</episode>
	</meta>
	<link>
	<sublink>search</sublink>
	<sublink>searchsd</sublink>
	</link>
	<thumbnail>https://image.tmdb.org/t/p/w1280</thumbnail>
	<fanart>https://image.tmdb.org/t/p/w1280/6DztqZL27iemPZNQGst9DhnxMM3.jpg</fanart>
</item>
<item>
	<title>[COLOR=white]Top Wing[/COLOR]</title>
	<meta>
	<imdb>tt1741669</imdb>
	<content>episode</content>
	<tvshowtitle>Hotel Transylvania The Series</tvshowtitle>
	<year>2018</year>
	<season>1</season>
	<episode>37</episode>
	</meta>
	<link>
	<sublink>search</sublink>
	<sublink>searchsd</sublink>
	</link>
	<thumbnail>https://image.tmdb.org/t/p/w1280</thumbnail>
	<fanart>https://image.tmdb.org/t/p/w1280/6DztqZL27iemPZNQGst9DhnxMM3.jpg</fanart>
</item>
<item>
	<title>[COLOR=white]Fried Mean Tomatoes[/COLOR]</title>
	<meta>
	<imdb>tt1741669</imdb>
	<content>episode</content>
	<tvshowtitle>Hotel Transylvania The Series</tvshowtitle>
	<year>2018</year>
	<season>1</season>
	<episode>38</episode>
	</meta>
	<link>
	<sublink>search</sublink>
	<sublink>searchsd</sublink>
	</link>
	<thumbnail>https://image.tmdb.org/t/p/w1280</thumbnail>
	<fanart>https://image.tmdb.org/t/p/w1280/6DztqZL27iemPZNQGst9DhnxMM3.jpg</fanart>
</item>
<item>
	<title>[COLOR=white]Four Monsters and a Funeral[/COLOR]</title>
	<meta>
	<imdb>tt1741669</imdb>
	<content>episode</content>
	<tvshowtitle>Hotel Transylvania The Series</tvshowtitle>
	<year>2018</year>
	<season>1</season>
	<episode>39</episode>
	</meta>
	<link>
	<sublink>search</sublink>
	<sublink>searchsd</sublink>
	</link>
	<thumbnail>https://image.tmdb.org/t/p/w1280</thumbnail>
	<fanart>https://image.tmdb.org/t/p/w1280/6DztqZL27iemPZNQGst9DhnxMM3.jpg</fanart>
</item>
<item>
	<title>[COLOR=white]Rainbow Doom[/COLOR]</title>
	<meta>
	<imdb>tt1741669</imdb>
	<content>episode</content>
	<tvshowtitle>Hotel Transylvania The Series</tvshowtitle>
	<year>2018</year>
	<season>1</season>
	<episode>40</episode>
	</meta>
	<link>
	<sublink>search</sublink>
	<sublink>searchsd</sublink>
	</link>
	<thumbnail>https://image.tmdb.org/t/p/w1280/8Kg0R2EdFGg1xUy3QZLfBXLI1au.jpg</thumbnail>
	<fanart>https://image.tmdb.org/t/p/w1280/6DztqZL27iemPZNQGst9DhnxMM3.jpg</fanart>
</item>
<item>
	<title>[COLOR=white]Drac to the Future[/COLOR]</title>
	<meta>
	<imdb>tt1741669</imdb>
	<content>episode</content>
	<tvshowtitle>Hotel Transylvania The Series</tvshowtitle>
	<year>2018</year>
	<season>1</season>
	<episode>41</episode>
	</meta>
	<link>
	<sublink>search</sublink>
	<sublink>searchsd</sublink>
	</link>
	<thumbnail>https://image.tmdb.org/t/p/w1280/z305nTnqGZ2gj7auKrJtmrultAY.jpg</thumbnail>
	<fanart>https://image.tmdb.org/t/p/w1280/6DztqZL27iemPZNQGst9DhnxMM3.jpg</fanart>
</item>
<item>
	<title>[COLOR=white]Gorytelling[/COLOR]</title>
	<meta>
	<imdb>tt1741669</imdb>
	<content>episode</content>
	<tvshowtitle>Hotel Transylvania The Series</tvshowtitle>
	<year>2018</year>
	<season>1</season>
	<episode>42</episode>
	</meta>
	<link>
	<sublink>search</sublink>
	<sublink>searchsd</sublink>
	</link>
	<thumbnail>https://image.tmdb.org/t/p/w1280</thumbnail>
	<fanart>https://image.tmdb.org/t/p/w1280/6DztqZL27iemPZNQGst9DhnxMM3.jpg</fanart>
</item>
<item>
	<title>[COLOR=white]A Few Good Monsters[/COLOR]</title>
	<meta>
	<imdb>tt1741669</imdb>
	<content>episode</content>
	<tvshowtitle>Hotel Transylvania The Series</tvshowtitle>
	<year>2018</year>
	<season>1</season>
	<episode>43</episode>
	</meta>
	<link>
	<sublink>search</sublink>
	<sublink>searchsd</sublink>
	</link>
	<thumbnail>https://image.tmdb.org/t/p/w1280</thumbnail>
	<fanart>https://image.tmdb.org/t/p/w1280/6DztqZL27iemPZNQGst9DhnxMM3.jpg</fanart>
</item>
<item>
	<title>[COLOR=white]Mummyfest Destiny[/COLOR]</title>
	<meta>
	<imdb>tt1741669</imdb>
	<content>episode</content>
	<tvshowtitle>Hotel Transylvania The Series</tvshowtitle>
	<year>2018</year>
	<season>1</season>
	<episode>44</episode>
	</meta>
	<link>
	<sublink>search</sublink>
	<sublink>searchsd</sublink>
	</link>
	<thumbnail>https://image.tmdb.org/t/p/w1280</thumbnail>
	<fanart>https://image.tmdb.org/t/p/w1280/6DztqZL27iemPZNQGst9DhnxMM3.jpg</fanart>
</item>
<item>
	<title>[COLOR=white]Bandages of Brothers[/COLOR]</title>
	<meta>
	<imdb>tt1741669</imdb>
	<content>episode</content>
	<tvshowtitle>Hotel Transylvania The Series</tvshowtitle>
	<year>2018</year>
	<season>1</season>
	<episode>45</episode>
	</meta>
	<link>
	<sublink>search</sublink>
	<sublink>searchsd</sublink>
	</link>
	<thumbnail>https://image.tmdb.org/t/p/w1280</thumbnail>
	<fanart>https://image.tmdb.org/t/p/w1280/6DztqZL27iemPZNQGst9DhnxMM3.jpg</fanart>
</item>
<item>
	<title>[COLOR=white]Creepover Party[/COLOR]</title>
	<meta>
	<imdb>tt1741669</imdb>
	<content>episode</content>
	<tvshowtitle>Hotel Transylvania The Series</tvshowtitle>
	<year>2018</year>
	<season>1</season>
	<episode>46</episode>
	</meta>
	<link>
	<sublink>search</sublink>
	<sublink>searchsd</sublink>
	</link>
	<thumbnail>https://image.tmdb.org/t/p/w1280</thumbnail>
	<fanart>https://image.tmdb.org/t/p/w1280/6DztqZL27iemPZNQGst9DhnxMM3.jpg</fanart>
</item>
<item>
	<title>[COLOR=white]Frankstein & Son[/COLOR]</title>
	<meta>
	<imdb>tt1741669</imdb>
	<content>episode</content>
	<tvshowtitle>Hotel Transylvania The Series</tvshowtitle>
	<year>2018</year>
	<season>1</season>
	<episode>47</episode>
	</meta>
	<link>
	<sublink>search</sublink>
	<sublink>searchsd</sublink>
	</link>
	<thumbnail>https://image.tmdb.org/t/p/w1280</thumbnail>
	<fanart>https://image.tmdb.org/t/p/w1280/6DztqZL27iemPZNQGst9DhnxMM3.jpg</fanart>
</item>
<item>