<plugin>
	<title>[B][COLOR ffdaff4d]• [/COLOR][/B][COLORorange][B]Every Number One: 2018[/B][/COLOR]</title>
	<link>plugin://plugin.video.youtube/playlist/PLM0a_0pSJ-8b330OmYQ7mu3Owwr2HViXh/</link>
	<thumbnail>https://i.imgur.com/93EbQJF.png</thumbnail>
	<fanart>special://home/addons/plugin.video.thevault/fanart.jpg</fanart>
</plugin>

<plugin>
	<title>[B][COLOR ffdaff4d]• [/COLOR][/B][COLORorange][B]All The  Number 1s of 2017[/B][/COLOR]</title>
	<link>plugin://plugin.video.youtube/playlist/PLihfzYpidiAh5yUFxNYQWHn3vr5pveg-o/</link>
	<thumbnail>https://i.imgur.com/93EbQJF.png</thumbnail>
	<fanart>special://home/addons/plugin.video.thevault/fanart.jpg</fanart>
</plugin>

<plugin>
	<title>[B][COLOR ffdaff4d]• [/COLOR][/B][COLORorange][B]All The No 1 Hits :: 2000 - 2016[/B][/COLOR]</title>
	<link>plugin://plugin.video.youtube/playlist/PLgz_Ist_hI3rW43lLctvLjd2zHEfNVG5/</link>
	<thumbnail>https://i.imgur.com/93EbQJF.png</thumbnail>
	<fanart>special://home/addons/plugin.video.thevault/fanart.jpg</fanart>
</plugin>

<plugin>
	<title>[B][COLOR ffdaff4d]• [/COLOR][/B][COLORorange][B]All The  Number 1s of the 2000s[/B][/COLOR]</title>
	<link>plugin://plugin.video.youtube/playlist/PLNcc_xviTx6mU9te551m_JJrrDBd0bmGJ/</link>
	<thumbnail>https://i.imgur.com/93EbQJF.png</thumbnail>
	<fanart>special://home/addons/plugin.video.thevault/fanart.jpg</fanart>
</plugin>

<plugin>
	<title>[B][COLOR ffdaff4d]• [/COLOR][/B][COLORorange][B]All The  Number 1s of The 90s[/B][/COLOR]</title>
	<link>plugin://plugin.video.youtube/playlist/PLsdPA0A_fKLnaPRiKMrK9wz2y0qJ-xLkX/</link>
	<thumbnail>https://i.imgur.com/93EbQJF.png</thumbnail>
	<fanart>special://home/addons/plugin.video.thevault/fanart.jpg</fanart>
</plugin>

<plugin>
	<title>[B][COLOR ffdaff4d]• [/COLOR][/B][COLORorange][B]All The  Number 1s of The 80's[/B][/COLOR]</title>
	<link>plugin://plugin.video.youtube/playlist/PL2BaWYGwFDr6ooRqxu-mu4FZgm2QUH8nZ/</link>
	<thumbnail>https://i.imgur.com/93EbQJF.png</thumbnail>
	<fanart>special://home/addons/plugin.video.thevault/fanart.jpg</fanart>
</plugin>

<plugin>
	<title>[B][COLOR ffdaff4d]• [/COLOR][/B][COLORorange][B]All The  Number 1s of The 70s[/B][/COLOR]</title>
	<link>plugin://plugin.video.youtube/playlist/PLNcc_xviTx6nsPhXOaDgZkum9AmBNtZ2I/</link>
	<thumbnail>https://i.imgur.com/93EbQJF.png</thumbnail>
	<fanart>special://home/addons/plugin.video.thevault/fanart.jpg</fanart>
</plugin>

<plugin>
	<title>[B][COLOR ffdaff4d]• [/COLOR][/B][COLORorange][B]All The  Number 1s of The 60s[/B][/COLOR]</title>
	<link>plugin://plugin.video.youtube/playlist/PLiiG3Q27dAdWFckXa232fkjKEQk9xdHd6/</link>
	<thumbnail>https://i.imgur.com/93EbQJF.png</thumbnail>
	<fanart>special://home/addons/plugin.video.thevault/fanart.jpg</fanart>
</plugin>