<xml>

<plugin>
	<title>[B][COLOR ff304ffe]• [COLORblue][B]Top Boybands - Blue all The Top Tracks[/B][/COLOR]</title>
	<link>plugin://plugin.video.youtube/playlist/PL40E5DA2DDE09C340/</link>
	<thumbnail></thumbnail>
</plugin>

 <plugin>
	<title>[B][COLOR ff304ffe]• [COLORblue][B]Top Boybands - One Direction - All The Top Tracks[/B][/COLOR]</title>
	<link>plugin://plugin.video.youtube/playlist/PLxdmSpdkY-5LG9ZYDrX3qQq_iqsjfJhx9/</link>
	<thumbnail></thumbnail>
</plugin>

 <plugin>
	<title>[B][COLOR ff304ffe]• [COLORblue][B]Top Boybands - westlife - All The Top Tracks[/B][/COLOR]</title>
	<link>plugin://plugin.video.youtube/playlist/PLp_G0HWfCo5oboCka1ZrWNQGVvswzUkIm/</link>
	<thumbnail></thumbnail>
</plugin>

 <plugin>
	<title>[B][COLOR ff304ffe]• [COLORblue][B]Top Boybands - East 17 - All The top Tracks[/B][/COLOR]</title>
	<link>plugin://plugin.video.youtube/playlist/PL1gVW2qfa7V5kkotFIKzVkBm50AsQyb3B/</link>
	<thumbnail></thumbnail>
</plugin>

 <plugin>
	<title>[B][COLOR ff304ffe]• [COLORblue][B]Top boybands - Take That - All The Top Tracks[/B][/COLOR]</title>
	<link>plugin://plugin.video.youtube/playlist/PLbbY7s-ePYESeC-zQ3CjpAGYl2i8VhvxX/</link>
	<thumbnail></thumbnail>
</plugin>

 <plugin>
	<title>[B][COLOR ff304ffe]• [COLORblue][B]Top Boybands - Boyzone - All The Top Tracks[/B][/COLOR]</title>
	<link>plugin://plugin.video.youtube/playlist/PLD6E4192E1ABEE8F9/</link>
	<thumbnail></thumbnail>
</plugin>

 <plugin>
	<title>[B][COLOR ff304ffe]• [COLORblue][B]p[/B][/COLOR]</title>
	<link>plugin://plugin.video.youtube/playlist//</link>
	<thumbnail></thumbnail>
</plugin>

 <plugin>
	<title>[B][COLOR ff304ffe]• [COLORblue][B]p[/B][/COLOR]</title>
	<link>plugin://plugin.video.youtube/playlist//</link>
	<thumbnail></thumbnail>
</plugin>

</xml>