<xml>


 <plugin>
	<title>[COLORred][B]Queen - All Top Tracks With Lyrics[/B][/COLOR]</title>
	<link>plugin://plugin.video.youtube/playlist/PLC7BP2QZenrVUrZPciCuqma4JpL8mtP_B/</link>
	<thumbnail></thumbnail>
</plugin>

 <plugin>
	<title>[COLORred][B]Black Sabbath and Ozzy- All Tracks[/B][/COLOR]</title>
	<link>plugin://plugin.video.youtube/playlist/PLI4GHKe3HEhIU0pLsMo64IH3srdms8eg1/</link>
	<thumbnail></thumbnail>
</plugin>

 <plugin>
	<title>[COLORred][B]Beatles Complete Playlist[/B][/COLOR]</title>
	<link>plugin://plugin.video.youtube/playlist/PLYq_mcte9NvDA2Xi5Qjl1DrH5LuDKDlAI/</link>
	<thumbnail></thumbnail>
</plugin>

 <plugin>
	<title>[COLORred][B]Coldplay All Albums All songs[/B][/COLOR]</title>
	<link>plugin://plugin.video.youtube/playlist/PLVj9t-6G4uo0FpIxtD9nIsRHeBC_OGVKo/</link>
	<thumbnail></thumbnail>
</plugin>

 <plugin>
	<title>[COLORred][B]Oasis  full Discography[/B][/COLOR]</title>
	<link>plugin://plugin.video.youtube/playlist/PL8-2m5KklpBTWWfutOG7OytL83D8phsLl/</link>
	<thumbnail></thumbnail>
</plugin>

 <plugin>
	<title>[COLORred][B]Led Zeppelin - All Albums[/B][/COLOR]</title>
	<link>plugin://plugin.video.youtube/playlist/PL34RkyNxMtmw91urP07awADwtHUEW2fgO/</link>
	<thumbnail></thumbnail>
</plugin>

 <plugin>
	<title>[COLORred][B]Iron Maiden Full Discography[/B][/COLOR]</title>
	<link>plugin://plugin.video.youtube/playlist/PLveTikQ6xbLaCxCQUj2rsEgh9SqgUX2c1/</link>
	<thumbnail></thumbnail>
</plugin>

 <plugin>
	<title>[COLORred][B]Arctic Monkeys All Top Songs[/B][/COLOR]</title>
	<link>plugin://plugin.video.youtube/playlist/PLDWpVgtUQbArZCmhvFtAhfZYje8q7e9bA/</link>
	<thumbnail></thumbnail>
</plugin>


 <plugin>
	<title>[COLORred][B]Pink Floyd All Top Songs[/B][/COLOR]</title>
	<link>plugin://plugin.video.youtube/playlist/PL8CQIFqDrjYUVdJbkHe4--PkWZYBB3NoW/</link>
	<thumbnail></thumbnail>
</plugin>

 <plugin>
	<title>[COLORred][B]Radiohead All Top Tracks[/B][/COLOR]</title>
	<link>plugin://plugin.video.youtube/playlist/PLReI40KGodv68IN6akuNuvDJ9kiRnT-Ih/</link>
	<thumbnail></thumbnail>
</plugin>

 <plugin>
	<title>[COLORred][B]Rolling Stones All Top Songs[/B][/COLOR]</title>
	<link>plugin://plugin.video.youtube/playlist/PLP02sRgldWRb9LjuQgJ4AfxCd4cxygDrA/</link>
	<thumbnail></thumbnail>
</plugin>

 <plugin>
	<title>[COLORred][B]The Smiths All Top Songs[/B][/COLOR]</title>
	<link>plugin://plugin.video.youtube/playlist/PL62xlzw19CxajNB3G9dqXM1MeTGEHOgRL/</link>
	<thumbnail></thumbnail>
</plugin>

 <plugin>
	<title>[COLORred][B]The Cure All The Best Tracks[/B][/COLOR]</title>
	<link>plugin://plugin.video.youtube/playlist/PLkhX1KefAh24wQtRs3Xwkiy62ha4W2SNL/</link>
	<thumbnail></thumbnail>
</plugin>

 <plugin>
	<title>[COLORred][B]T Rex  The Best Tracks[/B][/COLOR]</title>
	<link>plugin://plugin.video.youtube/playlist/PLFq2YEzLx0LmHuRUowIGxrC-GwZwSyGsy/</link>
	<thumbnail></thumbnail>
</plugin>

 <plugin>
	<title>[COLORred][B]The Who All Top Tracks[/B][/COLOR]</title>
	<link>plugin://plugin.video.youtube/playlist/PL8CQIFqDrjYVQ2kXsKKGoVGGwplH5y0aN/</link>
	<thumbnail></thumbnail>
</plugin>

 <plugin>
	<title>[COLORred][B]Texas - All The Top Tracks[/B][/COLOR]</title>
	<link>plugin://plugin.video.youtube/playlist/PLWisEAJpKTgRs1majJMcbJh48VFFXoboI/</link>
	<thumbnail></thumbnail>
</plugin>


 <plugin>
	<title>[COLORred][B]The Kinks - All The Top Tracks[/B][/COLOR]</title>
	<link>plugin://plugin.video.youtube/playlist/PLW1w8neoXejvfbHotsf4LP_UsnJ4vy2yw/</link>
	<thumbnail></thumbnail>
</plugin>

 <plugin>
	<title>[COLORred][B]The Jam - All The Top Tracks[/B][/COLOR]</title>
	<link>plugin://plugin.video.youtube/playlist/PLF5865DE1BA70FB7A/</link>
	<thumbnail></thumbnail>
</plugin>

 <plugin>
	<title>[COLORred][B]Roxy Music - All The Top Tracks[/B][/COLOR]</title>
	<link>plugin://plugin.video.youtube/playlist/PLUhqFX6g_9Nd-MBiK9eYPz8wpqU4oKrO7/</link>
	<thumbnail></thumbnail>
</plugin>

 <plugin>
	<title>[COLORred][B]Wizard - All The Top Tracks[/B][/COLOR]</title>
	<link>plugin://plugin.video.youtube/playlist/PLFq2YEzLx0LmmNgdlnmIrcF4OKtfmW-ss/</link>
	<thumbnail></thumbnail>
</plugin>

 <plugin>
	<title>[COLORred][B]Oasis- All The Top Tracks[/B][/COLOR]</title>
	<link>plugin://plugin.video.youtube/playlist/PL385F1D8C18DE2659/</link>
	<thumbnail></thumbnail>
</plugin>

 <plugin>
	<title>[COLORred][B]The Stone Roses - All The Top Tracks[/B][/COLOR]</title>
	<link>plugin://plugin.video.youtube/playlist/PLJziKgkV9M2yLSkGYXYgvLHsL0IVSUDO0/</link>
	<thumbnail></thumbnail>
</plugin>

 <plugin>
	<title>[COLORred][B]The Police - All The Top Tracks[/B][/COLOR]</title>
	<link>plugin://plugin.video.youtube/playlist/PL36494E8634856791/</link>
	<thumbnail></thumbnail>
</plugin>

 <plugin>
	<title>[COLORred][B]Simple Minds - All The Top Tracks[/B][/COLOR]</title>
	<link>plugin://plugin.video.youtube/playlist/PLtJK_InIjqtTA32qW-nWKZKEWvCvCZGPm/</link>
	<thumbnail></thumbnail>
</plugin>

 <plugin>
	<title>[COLORred][B]Bee Gees - All The Top Tracks[/B][/COLOR]</title>
	<link>plugin://plugin.video.youtube/playlist/PLuBXVkMStHrrKA06R7FPYfA0dNB1epYTC/</link>
	<thumbnail></thumbnail>
</plugin>

 <plugin>
	<title>[COLORred][B]Electric Light Orchestra - All The Top Tracks[/B][/COLOR]</title>
	<link>plugin://plugin.video.youtube/playlist/PLB-99rPb6xno3wOAp94WNdVS93mfk_mDR/</link>
	<thumbnail></thumbnail>
</plugin>


 <plugin>
	<title>[COLORred][B]Genesis - All The Top Tracks[/B][/COLOR]</title>
	<link>plugin://plugin.video.youtube/playlist/PLA621DF4DA8243B5A/</link>
	<thumbnail></thumbnail>
</plugin>


 <plugin>
	<title>[COLORred][B]Jethro Tull - All The Top Tracks[/B][/COLOR]</title>
	<link>plugin://plugin.video.youtube/playlist/PLMEZyDHJojxM9Qc6oa2JaJRyFjfBGmac4/</link>
	<thumbnail></thumbnail>
</plugin>

 <plugin>
	<title>[COLORred][B]Iron Maiden - All Top Tracks[/B][/COLOR]</title>
	<link>plugin://plugin.video.youtube/playlist/PLd6x4-VpRx7jixWOSzAvK31_xqXWXG16p/</link>
	<thumbnail></thumbnail>
</plugin>

 <plugin>
	<title>[COLORred][B]Madness - All Top Tracks[/B][/COLOR]</title>
	<link>plugin://plugin.video.youtube/playlist/PLA8B2A5000C60D484/</link>
	<thumbnail></thumbnail>
</plugin>

 <plugin>
	<title>[COLORred][B]Dire Straits - All Top Tracks[/B][/COLOR]</title>
	<link>plugin://plugin.video.youtube/playlist/PL2A8718A6C9A98D14/</link>
	<thumbnail></thumbnail>
</plugin>

 <plugin>
	<title>[COLORred][B]Simply Red- All Top Tracks[/B][/COLOR]</title>
	<link>plugin://plugin.video.youtube/playlist/PLTTOYH4D7KqrqgOnXdIV_XUq1814gG97m/</link>
	<thumbnail></thumbnail>
</plugin>

 <plugin>
	<title>[COLORred][B]Duran Duran - All Top Tracks[/B][/COLOR]</title>
	<link>plugin://plugin.video.youtube/playlist/PL0O4mu7c5F7mXV3levfkHZ4iAIjBXkze4/</link>
	<thumbnail></thumbnail>
</plugin>

 <plugin>
	<title>[COLORred][B]Jamiroquai - All Top Tracks[/B][/COLOR]</title>
	<link>plugin://plugin.video.youtube/playlist/PL6x9BNiJPyMsiKTvjrS0eA5P08Ik6lLKd/</link>
	<thumbnail></thumbnail>
</plugin>

 <plugin>
	<title>[COLORred][B]Pet Shop Boys - All Top Tracks[/B][/COLOR]</title>
	<link>plugin://plugin.video.youtube/playlist/PLEADED7B724C71AD4/</link>
	<thumbnail></thumbnail>
</plugin>


 <plugin>
	<title>[COLORred][B]Judas Priest  - All Top Tracks[/B][/COLOR]</title>
	<link>plugin://plugin.video.youtube/playlist/PLAC3F189E9FF6A885/</link>
	<thumbnail></thumbnail>
</plugin>

 <plugin>
	<title>[COLORred][B]The Yard Birds  - All Top Tracks[/B][/COLOR]</title>
	<link>plugin://plugin.video.youtube/playlist/PL-UXgiPwWfsb40Dy6klRD6HE5PGr2So23/</link>
	<thumbnail></thumbnail>
</plugin>

<plugin>
	<title>[COLORred][B]Sex Pistols - All Top Tracks [/B][/COLOR]</title>
	<link>plugin://plugin.video.youtube/playlist/PLDu7LLOpqIB38v1SAv9pO8E6qHJTTBKhM/</link>
	<thumbnail></thumbnail>
</plugin>

<plugin>
	<title>[COLORred][B]Yes - All Top Tracks [/B][/COLOR]</title>
	<link>plugin://plugin.video.youtube/playlist/PLmn-dGhdbyEHgXBmYg5nE5Oa_gGTfyaBG/</link>
	<thumbnail></thumbnail>
</plugin>

<plugin>
	<title>[COLORred][B]Emerson Lake and Palmer - All Top Tracks [/B][/COLOR]</title>
	<link>plugin://plugin.video.youtube/playlist/PLYtUDYMM_E1PxgZnGHfRWXWDq1mHwE53m/</link>
	<thumbnail></thumbnail>
</plugin>

<plugin>
	<title>[COLORred][B]Sex Pistols - All Top Tracks [/B][/COLOR]</title>
	<link>plugin://plugin.video.youtube/playlist/PLDu7LLOpqIB38v1SAv9pO8E6qHJTTBKhM/</link>
	<thumbnail></thumbnail>
</plugin>

<plugin>
	<title>[COLORred][B]Blur - All Top Tracks [/B][/COLOR]</title>
	<link>plugin://plugin.video.youtube/playlist/PLD7B470256637D6BC/</link>
	<thumbnail></thumbnail>
</plugin>

<plugin>
	<title>[COLORred][B]Small Faces - All Top Tracks [/B][/COLOR]</title>
	<link>plugin://plugin.video.youtube/playlist/PLcSYf7ip_VP9dIf3y_zYzsOKn2CXiWjVU/</link>
	<thumbnail></thumbnail>
</plugin>

<plugin>
	<title>[COLORred][B]Supertramp - All Top Tracks [/B][/COLOR]</title>
	<link>plugin://plugin.video.youtube/playlist/PL6X_XlGgVWNms4IXrlCMj-qR0xFwEcCuh/</link>
	<thumbnail></thumbnail>
</plugin>

 
    
</xml>
