<xml>

<plugin>
	<title>[COLORwhite][B]Sam Smith - All Top Tracks[/B][/COLOR]</title>
	<link>plugin://plugin.video.youtube/playlist/PLluhO3FgxrHs34ChxEKveeSL3QRQLvscV/</link>
	<thumbnail></thumbnail>
</plugin>

 <plugin>
	<title>[COLORwhite][B]Paul McCartney - All The Top Tracks[/B][/COLOR]</title>
	<link>plugin://plugin.video.youtube/playlist/PL85FC508016067D2D/</link>
	<thumbnail></thumbnail>
</plugin>

 <plugin>
	<title>[COLORwhite][B]Rag'N'Bone Man - All The Top Tracks[/B][/COLOR]</title>
	<link>plugin://plugin.video.youtube/playlist/PL0ASAbNKu0z0ZHL1gwmKq348dSSixL8nn/</link>
	<thumbnail></thumbnail>
</plugin>

 <plugin>
	<title>[COLORwhite][B]Stormzy - All The Top Tracks[/B][/COLOR]</title>
	<link>plugin://plugin.video.youtube/playlist/PLHWo_Y0zX6HYy1qMIN6ZoEckW0p969D7I/</link>
	<thumbnail></thumbnail>
</plugin>

 <plugin>
	<title>[COLORwhite][B]George Michael _ All The top Tracks[/B][/COLOR]</title>
	<link>plugin://plugin.video.youtube/playlist/PL83AFD347A6024FE4/</link>
	<thumbnail></thumbnail>
</plugin>

 <plugin>
	<title>[COLORwhite][B]Amy Winehouse Ultimate Playlist (some rare stuff)[/B][/COLOR]</title>
	<link>plugin://plugin.video.youtube/playlist/PL7z7sVdHRIC1BekoLHwgpVaD721DeX5XE/</link>
	<thumbnail></thumbnail>
</plugin>

 <plugin>
	<title>[COLORwhite][B]Phil Collins - All The Top Tracks[/B][/COLOR]</title>
	<link>plugin://plugin.video.youtube/playlist/PLJ5cGDOKPw72LWDHjlfcwjnAiKvxOSa-C/</link>
	<thumbnail></thumbnail>
</plugin>

 <plugin>
	<title>[COLORwhite][B]John Lennon - All The Top Tracks[/B][/COLOR]</title>
	<link>plugin://plugin.video.youtube/playlist/PLir_7uE-qn_tlZ1vnPJ1FGhMcfTVbzH55/</link>
	<thumbnail></thumbnail>
</plugin>


 <plugin>
	<title>[COLORwhite][B]Eric Clapton - All The Top Tracks[/B][/COLOR]</title>
	<link>plugin://plugin.video.youtube/playlist/PL9848A0E6CD1E97A9/</link>
	<thumbnail></thumbnail>
</plugin>

 <plugin>
	<title>[COLORwhite][B]Robbie Williams - All The top Tracks[/B][/COLOR]</title>
	<link>plugin://plugin.video.youtube/playlist/PL3JsLcHQKdHuC5GBjFeBb1o71ihwCTZQu/</link>
	<thumbnail></thumbnail>
</plugin>

 <plugin>
	<title>[COLORwhite][B]Gearge Ezra - All The Top Tracks[/B][/COLOR]</title>
	<link>plugin://plugin.video.youtube/playlist/PLmGUHV0fV2he1KOrm3WhpjnOhLCm-37YT/</link>
	<thumbnail></thumbnail>
</plugin>

 <plugin>
	<title>[COLORwhite][B]Lewis Capaldi - All The top Tracks[/B][/COLOR]</title>
	<link>plugin://plugin.video.youtube/playlist/PLFq2YEzLx0LlsyTZJCt4qq6flMlv4YqNc/</link>
	<thumbnail></thumbnail>
</plugin>

 <plugin>
	<title>[COLORwhite][B]Calvin Harris - All The  Tracks[/B][/COLOR]</title>
	<link>plugin://plugin.video.youtube/playlist/PLeuNX0comMiT39ygCcunteXzATRSlw4y3/</link>
	<thumbnail></thumbnail>
</plugin>

 <plugin>
	<title>[COLORwhite][B]Dusty Springfield - All The Tops Tracks[/B][/COLOR]</title>
	<link>plugin://plugin.video.youtube/playlist/PL6D4517F385DAD5BF/</link>
	<thumbnail></thumbnail>
</plugin>

 <plugin>
	<title>[COLORwhite][B]Dua Lipa - All The Top Tracks[/B][/COLOR]</title>
	<link>plugin://plugin.video.youtube/playlist/PLtyc8svuod36Mr4pjstV_S9x1SoHplgWk/</link>
	<thumbnail></thumbnail>
</plugin>

 <plugin>
	<title>[COLORwhite][B]Sting - All The Top Tracks[/B][/COLOR]</title>
	<link>plugin://plugin.video.youtube/playlist/PL4EA4DF2B2926EDC8/</link>
	<thumbnail></thumbnail>
</plugin>


 <plugin>
	<title>[COLORwhite][B]Shirley Bassey - All The Top Tracks[/B][/COLOR]</title>
	<link>plugin://plugin.video.youtube/playlist/PLm1WqxbDXbNCDygh2lyWrUPYxOaLEkBEZ/</link>
	<thumbnail></thumbnail>
</plugin>

 <plugin>
	<title>[COLORwhite][B]Tom Jones - All The Top Tracks[/B][/COLOR]</title>
	<link>plugin://plugin.video.youtube/playlist/PLsIFeK_CcH0ei7v-oQVOJHpgzZHwkV8IO/</link>
	<thumbnail></thumbnail>
</plugin>

 <plugin>
	<title>[COLORwhite][B]David Bowie - All The Top Tracks[/B][/COLOR]</title>
	<link>plugin://plugin.video.youtube/playlist/PLJ8y7DDcrI_piG-vQIQLOTe4q3zyxgzob/</link>
	<thumbnail></thumbnail>
</plugin>

 <plugin>
	<title>[COLORwhite][B]Elton John - All The Top Tracks[/B][/COLOR]</title>
	<link>plugin://plugin.video.youtube/playlist/PL3SPwwCTiBlvMFXto21ie6muNtmCr8c5m/</link>
	<thumbnail></thumbnail>
</plugin>

 <plugin>
	<title>[COLORwhite][B]Elton John - All The Top Tracks[/B][/COLOR]</title>
	<link>plugin://plugin.video.youtube/playlist/PL3SPwwCTiBlvMFXto21ie6muNtmCr8c5m/</link>
	<thumbnail></thumbnail>
</plugin>

 <plugin>
	<title>[COLORwhite][B]Dave Edmunds - All The Top Tracks[/B][/COLOR]</title>
	<link>plugin://plugin.video.youtube/playlist/PLHIfh66haTq23JjKqd0fdMoZisHBfSn7M/</link>
	<thumbnail></thumbnail>
</plugin>

 <plugin>
	<title>[COLORwhite][B]Adel - All The Top Tracks[/B][/COLOR]</title>
	<link>plugin://plugin.video.youtube/playlist/PLBrbKtPlBbNc4XP_O9T1x55QnRh51hYuM/</link>
	<thumbnail></thumbnail>
</plugin>

 <plugin>
	<title>[COLORwhite][BLilly Allen - All The Top Tracksp[/B][/COLOR]</title>
	<link>plugin://plugin.video.youtube/playlist/PLaH3wjCwmlXHUDkSq_YYi_ZNJBAZtDn8O/</link>
	<thumbnail></thumbnail>
</plugin>


 <plugin>
	<title>[COLORwhite][B]Ed Sheeran - All The Top Tracks[/B][/COLOR]</title>
	<link>plugin://plugin.video.youtube/playlist/PLaq655wqcKDnUvTOizhqwNCiiF_grL1vh/</link>
	<thumbnail></thumbnail>
</plugin>

 <plugin>
	<title>[COLORwhite][B]Morrisey -All The Top Tracks[/B][/COLOR]</title>
	<link>plugin://plugin.video.youtube/playlist/PL6MOZ2QZlx6MT5z1GK-W76hPQap3L4ja1/</link>
	<thumbnail></thumbnail>
</plugin>

 <plugin>
	<title>[COLORwhite][B]George Harrison - All The Top Tracks[/B][/COLOR]</title>
	<link>plugin://plugin.video.youtube/playlist/PLfEkp5CP2_NOA7i24oJAA79qteGp_TeYd/</link>
	<thumbnail></thumbnail>
</plugin>

 <plugin>
	<title>[COLORwhite][B]leona Lewis - All The Top Tracks[/B][/COLOR]</title>
	<link>plugin://plugin.video.youtube/playlist/PLdFAf-Pe1lJDji4TX4DhRRvLvyu3tQoMH/</link>
	<thumbnail></thumbnail>
</plugin>

 <plugin>
	<title>[COLORwhite][B]Dido - All The Top Tracks[/B][/COLOR]</title>
	<link>plugin://plugin.video.youtube/playlist/PL4ACEAD2A8837B687/</link>
	<thumbnail></thumbnail>
</plugin>

 <plugin>
	<title>[COLORwhite][B]Pixie Lott - All The Top Tracks[/B][/COLOR]</title>
	<link>plugin://plugin.video.youtube/playlist/PL3744117E6DF79AF2/</link>
	<thumbnail></thumbnail>
</plugin>

 <plugin>
	<title>[COLORwhite][B]Kate Bush - All The Top Tracks[/B][/COLOR]</title>
	<link>plugin://plugin.video.youtube/playlist/PLf5lrbzEmn4r7FtOJ5Kw7b3ycFiBWflDr/</link>
	<thumbnail></thumbnail>
</plugin>

 <plugin>
	<title>[COLORwhite][B]Ozzy Osbounrne - All The Top Tracks[/B][/COLOR]</title>
	<link>plugin://plugin.video.youtube/playlist/PLXLL-M0b6MP1prsaEArzBYEbNI4cbhMfy/</link>
	<thumbnail></thumbnail>
</plugin>


 <plugin>
	<title>[COLORwhite][B]Sade - All The Top Tracks[/B][/COLOR]</title>
	<link>plugin://plugin.video.youtube/playlist/PLA9960E9983C1CB6B/</link>
	<thumbnail></thumbnail>
</plugin>

 <plugin>
	<title>[COLORwhite][B]Sophie Ellis-Bextor - All The Top Tracks[/B][/COLOR]</title>
	<link>plugin://plugin.video.youtube/playlist/PLEq4EPh5XDMWY3jlbripS5uNUj57YwpAJ/</link>
	<thumbnail></thumbnail>
</plugin>
    
</xml>