<xml>

<plugin>
	<title>[B][COLOR ffc51162]• [COLORred][B]Top Girlbands - Spice Girls - All The Top Tracks[/B][/COLOR]</title>
	<link>plugin://plugin.video.youtube/playlist/PLB739CB9E62F387E0/</link>
	<thumbnail></thumbnail>
</plugin>

 <plugin>
	<title>[B][COLOR ffc51162]• [COLORred][B]Top Girlbands - Girls Aloud - All The Top Tracks[/B][/COLOR]</title>
	<link>plugin://plugin.video.youtube/playlist/PL08713D57D31A4EC2/</link>
	<thumbnail></thumbnail>
</plugin>

 <plugin>
	<title>[B][COLOR ffc51162]• [COLORred][B]Top Girlbands - Sugerbabes - All The Top Tracks[/B][/COLOR]</title>
	<link>plugin://plugin.video.youtube/playlist/PL4_bxoNJAnh_9HpT01iedLVRSwirnAC7T/</link>
	<thumbnail></thumbnail>
</plugin>

 <plugin>
	<title>[B][COLOR ffc51162]• [COLORred][B]Top Girlbands - Bananarama - All The Top Tracks[/B][/COLOR]</title>
	<link>plugin://plugin.video.youtube/playlist/PLfoV_eb3lQOX7fdA-mPVIfTW1o5O2j236/</link>
	<thumbnail></thumbnail>
</plugin>

 <plugin>
	<title>[B][COLOR ffc51162]• [COLORred][B]Top Girlbands - All Saints - All The Top Tracks[/B][/COLOR]</title>
	<link>plugin://plugin.video.youtube/playlist/PLR7LiVDjOcBlL1KYG20Sa1dLjhIjOdzSK/</link>
	<thumbnail></thumbnail>
</plugin>

 <plugin>
	<title>[B][COLOR ffc51162]• [COLORred][B]op Girlbands - The Saturdays - All The Top Tracks[/B][/COLOR]</title>
	<link>plugin://plugin.video.youtube/playlist/PLVYaASLkdortVPblNEehie-2aLAJ4l_r1/</link>
	<thumbnail></thumbnail>
</plugin>

 <plugin>
	<title>[B][COLOR ffc51162]• [COLORred][B]Top Girlbands - Eternal - The Greatest Hits[/B][/COLOR]</title>
	<link>plugin://plugin.video.youtube/playlist/PLDyCcI2Pa72IB9ylhyTGfC6iyWBFkc4gO/</link>
	<thumbnail></thumbnail>
</plugin>

 <plugin>
	<title>[B][COLOR ffc51162]• [COLORred][B]Top Girlbands - Atomic Kitten - All The top Tracks [/B][/COLOR]</title>
	<link>plugin://plugin.video.youtube/playlist/PL3Z46fSkb6nkJPmzp2tTGJ3ysASN8qJCq/</link>
	<thumbnail></thumbnail>
</plugin>

 <plugin>
	<title>[B][COLOR ffc51162]• [COLORred][B]Top Girlbands  - Mis-Teeq - All The top Tracks [/B][/COLOR]</title>
	<link>plugin://plugin.video.youtube/playlist/PLvrkSnKWu-pEuIV_hXKrYgz5rbRERAkEy/</link>
	<thumbnail></thumbnail>
</plugin>

</xml>