	<dir>
    <title>New Artists to Watch-1 Ava Max   Albums </title>
    <lastfm>artist/ava max/albums</lastfm>
	<thumbnail>https://i.imgur.com/cFFNBCJ.png</thumbnail>
    </dir>
	
	<dir>
    <title>New Artists to Watch-1 Ava Max  Top tracks</title>
    <lastfm>artist/ava max/tracks</lastfm>
	<thumbnail>https://i.imgur.com/cFFNBCJ.png</thumbnail>
    </dir>
	
	

<item>
	<title>[COLOR magenta][B]--------------------------------------------------[/COLOR][/B]</title>
	<heading></heading>
</item>

	
	<dir>
    <title>New Artists to Watch-2 Ella Mai   Albums </title>
    <lastfm>artist/ella mai/albums</lastfm>
	<thumbnail>https://i.imgur.com/cFFNBCJ.png</thumbnail>
    </dir>
	
	<dir>
    <title>New Artists to Watch-2 Ella Mai  Top tracks</title>
    <lastfm>artist/ella mai/tracks</lastfm>
	<thumbnail>https://i.imgur.com/cFFNBCJ.png</thumbnail>
    </dir>

<item>
	<title>[COLOR magenta][B]--------------------------------------------------[/COLOR][/B]</title>
	<heading></heading>
</item>

	
	<dir>
    <title>New Artists to Watch-3 Fredo   Albums </title>
    <lastfm>artist/fredo/albums</lastfm>
	<thumbnail>https://i.imgur.com/cFFNBCJ.png</thumbnail>
    </dir>
	
	<dir>
    <title>New Artists to Watch-3 Fredo  Top tracks</title>
    <lastfm>artist/fredo/tracks</lastfm>
	<thumbnail>https://i.imgur.com/cFFNBCJ.png</thumbnail>
    </dir>

<item>
	<title>[COLOR magenta][B]--------------------------------------------------[/COLOR][/B]</title>
	<heading></heading>
</item>

	
	<dir>
    <title>New Artists to Watch-4 Freya Ridings   Albums </title>
    <lastfm>artist/freya ridings/albums</lastfm>
	<thumbnail>https://i.imgur.com/cFFNBCJ.png</thumbnail>
    </dir>
	
	

<item>
	<title>[COLOR magenta][B]--------------------------------------------------[/COLOR][/B]</title>
	<heading></heading>
</item>

<dir>
    <title>New Artists to Watch-4 Freya Ridings  Top tracks</title>
    <lastfm>artist/freya ridings/tracks</lastfm>
<thumbnail>https://i.imgur.com/cFFNBCJ.png</thumbnail>
    </dir>
	
	<dir>
    <title>New Artists to Watch-5 Grace Carter   Albums </title>
    <lastfm>artist/grace carter/albums</lastfm>
	<thumbnail>https://i.imgur.com/cFFNBCJ.png</thumbnail>
    </dir>
	
	<dir>
    <title>New Artists to Watch-5 Grace Carter  Top tracks</title>
    <lastfm>artist/grace carter/tracks</lastfm>
	<thumbnail>https://i.imgur.com/cFFNBCJ.png</thumbnail>
    </dir>

<item>
	<title>[COLOR magenta][B]--------------------------------------------------[/COLOR][/B]</title>
	<heading></heading>
</item>

	
	<dir>
    <title>New Artists to Watch-6 King Princess  Albums </title>
    <lastfm>artist/king princess/albums</lastfm>
	<thumbnail>https://i.imgur.com/cFFNBCJ.png</thumbnail>
    </dir>
	
	<dir>
    <title>New Artists to Watch-6 King Princess  Top tracks</title>
    <lastfm>artist/king princess/tracks</lastfm>
	<thumbnail>https://i.imgur.com/cFFNBCJ.png</thumbnail>
    </dir>

<item>
	<title>[COLOR magenta][B]--------------------------------------------------[/COLOR][/B]</title>
	<heading></heading>
</item>

	
	<dir>
    <title>New Artists to Watch-7 Lewis Capaldi  Albums </title>
    <lastfm>artist/lewis capaldi/albums</lastfm>
	<thumbnail>https://i.imgur.com/cFFNBCJ.png</thumbnail>
    </dir>
	
	<dir>
    <title>New Artists to Watch-7 Lewis Capaldi  Top tracks</title>
    <lastfm>artist/lewis Capaldi/tracks</lastfm>
	<thumbnail>https://i.imgur.com/cFFNBCJ.png</thumbnail>
    </dir>

<item>
	<title>[COLOR magenta][B]--------------------------------------------------[/COLOR][/B]</title>
	<heading></heading>
</item>


<dir>
    <title>New Artists to Watch-8 Mahalia   Albums </title>
    <lastfm>artist/mahalia/albums</lastfm>
	<thumbnail>https://i.imgur.com/cFFNBCJ.png</thumbnail>
    </dir>
	
	<dir>
    <title>New Artists to Watch-8 Mahalia  Top tracks</title>
    <lastfm>artist/mahalia/tracks</lastfm>
	<thumbnail>https://i.imgur.com/cFFNBCJ.png</thumbnail>
    </dir>

<item>
	<title>[COLOR magenta][B]--------------------------------------------------[/COLOR][/B]</title>
	<heading></heading>
</item>

	
	<dir>
    <title>New Artists to Watch-9 Octavian   Albums </title>
    <lastfm>artist/ella mai/albums</lastfm>
	<thumbnail>https://i.imgur.com/cFFNBCJ.png</thumbnail>
    </dir>
	
	<dir>
    <title>New Artists to Watch-9 Octavian  Top tracks</title>
    <lastfm>artist/octavian/tracks</lastfm>
	<thumbnail>https://i.imgur.com/cFFNBCJ.png</thumbnail>
    </dir>

<item>
	<title>[COLOR magenta][B]--------------------------------------------------[/COLOR][/B]</title>
	<heading></heading>
</item>

	
	<dir>
    <title>New Artists to Watch-10 Sea Girls   Albums </title>
    <lastfm>artist/sea girls/albums</lastfm>
	<thumbnail>https://i.imgur.com/cFFNBCJ.png</thumbnail>
    </dir>
	
	<dir>
    <title>New Artists to Watch-10 Sea Girls  Top tracks</title>
    <lastfm>artist/sea girls/tracks</lastfm>
<thumbnail>https://i.imgur.com/cFFNBCJ.png</thumbnail>
    </dir>


<item>
	<title>[COLOR magenta][B]--------------------------------------------------[/COLOR][/B]</title>
	<heading></heading>
</item>




       <dir>
    <title>Search Artist</title>
    <lastfm>search/artist</lastfm>
	<thumbnail>https://i.imgur.com/cFFNBCJ.png</thumbnail>
    </dir>

    <dir>
    <title>Search Album</title>
    <lastfm>search/album</lastfm>
	<thumbnail>https://i.imgur.com/cFFNBCJ.png</thumbnail>
    </dir>

<dir>
  <title>Artist Chart</title>
  <lastfm>chart/artists</lastfm>
  <thumbnail>https://i.imgur.com/cFFNBCJ.png</thumbnail>
</dir>

<dir>
  <title>Track Chart</title>
  <lastfm>chart/tracks</lastfm>
  <thumbnail>https://i.imgur.com/cFFNBCJ.png</thumbnail>
</dir>

<dir>
  <title>TAGS BY GENRE  MUSIC VIDEOS</title>
  <lastfm>chart/tags</lastfm>
  <thumbnail>https://i.imgur.com/cFFNBCJ.png</thumbnail>
</dir>

<item>
    <title>[COLOR magenta][B]--------------------------------------------------[/COLOR][/B]</title>
    <heading></heading>
</item>
 

<dir>
  <title>RnB Tracks</title>
  <lastfm>tag/rnb/tracks</lastfm>
  <thumbnail>https://i.imgur.com/cFFNBCJ.png</thumbnail>
</dir>

<dir>
  <title>RnB Artists</title>
  <lastfm>tag/rnb/artists</lastfm>
  <thumbnail>https://i.imgur.com/cFFNBCJ.png</thumbnail>
</dir>

<dir>
  <title>RnB Albums</title>
  <lastfm>tag/rnb/albums</lastfm>
  <thumbnail>https://i.imgur.com/cFFNBCJ.png</thumbnail>
</dir>

<dir>
  <title>Metal Tracks</title>
  <lastfm>tag/metal/tracks</lastfm>
  <thumbnail>https://i.imgur.com/cFFNBCJ.png</thumbnail>
</dir>

<dir>
  <title>Metal Artists</title>
  <lastfm>tag/metal/artists</lastfm>
  <thumbnail>https://i.imgur.com/cFFNBCJ.png</thumbnail>
</dir>

<dir>
  <title>Metal Albums</title>
  <lastfm>tag/metal/albums</lastfm>
  <thumbnail>https://i.imgur.com/cFFNBCJ.png</thumbnail>
</dir>
    
		


<item>
    <title>[COLOR magenta][B]--------------------------------------------------[/COLOR][/B]</title>
    <heading></heading>
</item>
 

<dir>
  <title>RnB Tracks</title>
  <lastfm>tag/rnb/tracks</lastfm>
  <thumbnail>https://i.imgur.com/cFFNBCJ.png</thumbnail>
</dir>

<dir>
  <title>RnB Artists</title>
  <lastfm>tag/rnb/artists</lastfm>
  <thumbnail>https://i.imgur.com/cFFNBCJ.png</thumbnail>
</dir>

<dir>
  <title>RnB Albums</title>
  <lastfm>tag/rnb/albums</lastfm>
  <thumbnail>https://i.imgur.com/cFFNBCJ.png</thumbnail>
</dir>

<item>
    <title>[COLOR magenta][B]--------------------------------------------------[/COLOR][/B]</title>
    <heading></heading>
</item>
 

<dir>
  <title>Metal Tracks</title>
  <lastfm>tag/metal/tracks</lastfm>
  <thumbnail>https://i.imgur.com/cFFNBCJ.png</thumbnail>
</dir>

<dir>
  <title>Metal Artists</title>
  <lastfm>tag/metal/artists</lastfm>
  <thumbnail>https://i.imgur.com/cFFNBCJ.png</thumbnail>
</dir>

<dir>
  <title>Metal Albums</title>
  <lastfm>tag/metal/albums</lastfm>
  <thumbnail>https://i.imgur.com/cFFNBCJ.png</thumbnail>
</dir>

<dir>
  <title>Electronic Music</title>
  <lastfm>tag/electronic/albums</lastfm>
  <thumbnail>https://i.imgur.com/cFFNBCJ.png</thumbnail>
</dir>
