<plugin>
	<title>[B][COLOR ff304ffe]• [COLORred][B]Mashup Playlist 2020[/B][/COLOR]</title>
	<link>plugin://plugin.video.youtube/playlist/PL0C6F06A475045244/</link>
	<thumbnail>https://i.imgur.com/k4GsSjx.png</thumbnail>
	<fanart>special://home/addons/plugin.video.thevault/fanart.jpg</fanart>
</plugin>



<plugin>
	<title>[B][COLOR ff304ffe]• [COLORred][B]TOP MASHUP SONGS[/B][/COLOR]</title>
	<link>plugin://plugin.video.youtube/playlist/PLv3TTBr1W_9s-I8N3SvDld1QFbJsCJzzW/</link>
	<thumbnail>https://i.imgur.com/k4GsSjx.png</thumbnail>
	<fanart>special://home/addons/plugin.video.thevault/fanart.jpg</fanart>
</plugin>

<plugin>
	<title>[B][COLOR ff304ffe]• [COLORred][B]Badass Mashup Songs[/B][/COLOR]</title>
	<link>plugin://plugin.video.youtube/playlist/PLNkrqg_yRzjmbtbASRi7fOydACUmpPHJF/</link>
	<thumbnail>https://i.imgur.com/k4GsSjx.png</thumbnail>
	<fanart>special://home/addons/plugin.video.thevault/fanart.jpg</fanart>
</plugin>

<plugin>
	<title>[B][COLOR ff304ffe]• [COLORred][B]Remix/Mashup 2000-2019[/B][/COLOR]</title>
	<link>plugin://plugin.video.youtube/playlist/PLSWRQsF7r7An1OVbNFtEesGD_nhIjAcrR/</link>
	<thumbnail>https://i.imgur.com/k4GsSjx.png</thumbnail>
	<fanart>special://home/addons/plugin.video.thevault/fanart.jpg</fanart>
</plugin>

<plugin>
	<title>[B][COLOR ff304ffe]• [COLORred][B]Bollywood Mashup[/B][/COLOR]</title>
	<link>plugin://plugin.video.youtube/playlist/PL661Qfv7ujykT81ah1cOLKO63kxb0HpA9/</link>
	<thumbnail>https://i.imgur.com/k4GsSjx.png</thumbnail>
	<fanart>special://home/addons/plugin.video.thevault/fanart.jpg</fanart>
</plugin>

<plugin>
	<title>[B][COLOR ff304ffe]• [COLORred][B]TRUE GREAT MASHUPS[/B][/COLOR]</title>
	<link>plugin://plugin.video.youtube/playlist/PL77A45216B77EC659/</link>
	<thumbnail>https://i.imgur.com/k4GsSjx.png</thumbnail>
	<fanart>special://home/addons/plugin.video.thevault/fanart.jpg</fanart>
</plugin>

<plugin>
	<title>[B][COLOR ff304ffe]• [COLORred][B]EAST STARTING CHANNEL MASHUP PLAYLIST[/B][/COLOR]</title>
	<link>plugin://plugin.video.youtube/playlist/PL7167D800372C1983/</link>
	<thumbnail>https://i.imgur.com/k4GsSjx.png</thumbnail>
	<fanart>special://home/addons/plugin.video.thevault/fanart.jpg</fanart>
</plugin>

<plugin>
	<title>[B][COLOR ff304ffe]• [COLORred][B]DJ Mashup[/B][/COLOR]</title>
	<link>plugin://plugin.video.youtube/playlist/PLwJ235aSvZHQBxuX7XI5POiB17eWfFtk5/</link>
	<thumbnail>https://i.imgur.com/k4GsSjx.png</thumbnail>
	<fanart>special://home/addons/plugin.video.thevault/fanart.jpg</fanart>
</plugin>

<plugin>
	<title>[B][COLOR ff304ffe]• [COLORred][B]YouTube Mix - The Monster/Wake Me Up (Acoustic Mashup)[/B][/COLOR]</title>
	<link>plugin://plugin.video.youtube/playlist/PL8lQIa1onJgwo0HjGE0DpEYdVJ27lDiQW/</link>
	<thumbnail>https://i.imgur.com/k4GsSjx.png</thumbnail>
	<fanart>special://home/addons/plugin.video.thevault/fanart.jpg</fanart>
</plugin>

<plugin>
	<title>[B][COLOR ff304ffe]• [COLORred][B] Top music mashup 2018[/B][/COLOR]</title>
	<link>plugin://plugin.video.youtube/playlist/PLJY8mygOe5_stBmzFi4ooUbxdITHGErlN/</link>
	<thumbnail>https://i.imgur.com/k4GsSjx.png</thumbnail>
	<fanart>special://home/addons/plugin.video.thevault/fanart.jpg</fanart>
</plugin>

<plugin>
	<title>[B][COLOR ff304ffe]• [COLORred][B]Best EDM Mashup Playlists[/B][/COLOR]</title>
	<link>plugin://plugin.video.youtube/playlist/PL2JZwGkndJdBGemJg-XnuKi1-S1wSUoDh/</link>
	<thumbnail>https://i.imgur.com/k4GsSjx.png</thumbnail>
	<fanart>special://home/addons/plugin.video.thevault/fanart.jpg</fanart>
</plugin>

<plugin>
	<title>[B][COLOR ff304ffe]• [COLORred][B]All Goblin Mashups[/B][/COLOR]</title>
	<link>plugin://plugin.video.youtube/playlist/PLMAx8Idtvlgc9iP1qmWkzCbog7sygC2lM/</link>
	<thumbnail>https://i.imgur.com/k4GsSjx.png</thumbnail>
	<fanart>special://home/addons/plugin.video.thevault/fanart.jpg</fanart>
</plugin>

<plugin>
	<title>[B][COLOR ff304ffe]• [COLORred][B]MASHUPS THAT JUST WORK[[/B][/COLOR]</title>
	<link>plugin://plugin.video.youtube/playlist/PLG-S-nXFghGhE7Mg7X3_uXSQeAZwFfoZR/</link>
	<thumbnail>https://i.imgur.com/k4GsSjx.png</thumbnail>
	<fanart>special://home/addons/plugin.video.thevault/fanart.jpg</fanart>
</plugin>

<plugin>
	<title>[B][COLOR ff304ffe]• [COLORred][B]The VAULT Mashups/Remix[/B][/COLOR]</title>
	<link>plugin://plugin.video.youtube/playlist/PLFq2YEzLx0LnkDePncf0sz_SLegpD5jzi/</link>
	<thumbnail>https://i.imgur.com/k4GsSjx.png</thumbnail>
	<fanart>special://home/addons/plugin.video.thevault/fanart.jpg</fanart>
</plugin>





