<item>
    <title>[B][COLOR ffffef00]• [COLOR magenta]Welcome  to [COLORred][B]T.H.E . V.A.U.L.T[/B][/COLOR] [/COLOR]  </title>
	
</item>	

<item>
    <title>[B][COLOR ffffef00]• [COLOR magenta]12/22/18 [COLOR limegreen]ADDED - [COLOR magenta]NOW MUSIC , Ministry of Sound , Northern Soul[/B] [/COLOR]</title>
	
</item>	

<item>

<title>[B][COLOR ffffef00]• [COLOR magenta]I hope you enjoy the add-on . Along with[COLOR red] .K.I.N.G.D.O.M  [COLOR magenta] My All In One Add-On[/B][/COLOR] </title>

</item>	

<item>

<title>[B][COLOR ffffef00]• [COLOR magenta]Pedro Kingdom[/B][/COLOR] </title>

</item>	

<item>

<title> </title>

</item>	


	
	<title> </title>
	
	
	
	<title> </title>
	
	<title> </title>
	
	<title>[COLOR magenta]I hope you enjoy the add-on and please follow me on Twitter...[/COLOR] </title>
	
    <link>nolink</link>
    <thumbnail>https://i.imgur.com/sjtiKlM.png</thumbnail>
    
</item>









