<plugin>
	<title>[B][COLOR ffffef00]• [/COLOR][/B][COLORorange][B]Ministry of Sound: Decade 2000-2009[/B][/COLOR]</title>
	<link>plugin://plugin.video.youtube/playlist/PLY08aS388LBLHegfcrQdCMHTHG69SJfVO/</link>
	<thumbnail>https://images-na.ssl-images-amazon.com/images/I/71bWl8UjFDL._AC_SL1500_.jpg</thumbnail>
	<fanart>special://home/addons/plugin.video.thevault/fanart.jpg</fanart>
</plugin>

<plugin>
	<title>[B][COLOR ffffef00]• [/COLOR][/B][COLORorange][B]I Love The 90s Ministry Of Sound[/B][/COLOR]</title>
	<link>plugin://plugin.video.youtube/playlist/PLK3PznYyKd-c4_3RUOxClrcprI2VdgSqy/</link>
	<thumbnail>https://images-na.ssl-images-amazon.com/images/I/91BSVhCw-aL._AC_SL1500_.jpg</thumbnail>
	<fanart>special://home/addons/plugin.video.thevault/fanart.jpg</fanart>
</plugin>

<plugin>
	<title>[B][COLOR ffffef00]• [/COLOR][/B][COLORorange][B]I Love Ibeza| Ministry of Sound[/B][/COLOR]</title>
	<link>plugin://plugin.video.youtube/playlist/PLRLqPSv_Eeo_RB-dYbQViMFHV8Elvi07S/</link>
	<thumbnail>https://images-na.ssl-images-amazon.com/images/I/61bBW-RtpdL._AC_.jpg</thumbnail>
	<fanart>special://home/addons/plugin.video.thevault/fanart.jpg</fanart>
</plugin>

<plugin>
	<title>[B][COLOR ffffef00]• [/COLOR][/B][COLORorange][B]The Weekender - Ministry Of Sound[/B][/COLOR]</title>
	<link>plugin://plugin.video.youtube/playlist/PLK3PznYyKd-eGbHmrY79llOkuEmSaMgAq/</link>
	<thumbnail>https://images-na.ssl-images-amazon.com/images/I/51LgVCjMtmL._AC_.jpg</thumbnail>
	<fanart>special://home/addons/plugin.video.thevault/fanart.jpg</fanart>
</plugin>

<plugin>
	<title>[B][COLOR ffffef00]• [/COLOR][/B][COLORorange][B]BIG TUNES - MINISTRY OF SOUND [/B][/COLOR]</title>
	<link>plugin://plugin.video.youtube/playlist/PLK3PznYyKd-fKj9U1Wbf-v00cddrbTAe8/</link>
	<thumbnail>https://images-na.ssl-images-amazon.com/images/I/513TBBT2AmL._AC_.jpg</thumbnail>
	<fanart>special://home/addons/plugin.video.thevault/fanart.jpg</fanart>
</plugin>

<plugin>
	<title>[B][COLOR ffffef00]• [/COLOR][/B][COLORorange][B]Ministry of Sound Chilled - 2015[/B][/COLOR]</title>
	<link>plugin://plugin.video.youtube/playlist/PLlR3RSdFI2Gzsj0laIX9lWCziW7Yl-0az/</link>
	<thumbnail>https://images-na.ssl-images-amazon.com/images/I/51s723dkIWL._AC_.jpg</thumbnail>
	<fanart>special://home/addons/plugin.video.thevault/fanart.jpg</fanart>
</plugin>


<plugin>
	<title>[B][COLOR ffffef00]• [/COLOR][/B][COLORorange][B]CLUB CLASSICS | Ministry of Sound[/B][/COLOR]</title>
	<link>plugin://plugin.video.youtube/playlist/PLK3PznYyKd-fhMkRzuiDejZw4aNF7QUY5/</link>
	<thumbnail>https://m.media-amazon.com/images/I/91DxmndXjTL._SS500_.jpg</thumbnail>
	<fanart>special://home/addons/plugin.video.thevault/fanart.jpg</fanart>
</plugin>

<plugin>
	<title>[B][COLOR ffffef00]• [/COLOR][/B][COLORorange][B]Marbella Collection 2017[/B][/COLOR]</title>
	<link>plugin://plugin.video.youtube/playlist/PLK3PznYyKd-epeSCTlsSC6jv2Hr8EPNeB/</link>
	<thumbnail>https://images-na.ssl-images-amazon.com/images/I/81sJ3GbfmAL._AC_SL1500_.jpg</thumbnail>
	<fanart>special://home/addons/plugin.video.thevault/fanart.jpg</fanart>
</plugin>



<plugin>
	<title>[B][COLOR ffffef00]• [/COLOR][/B][COLORorange][B]Rapper's Delight - Ministry of Sound[/B][/COLOR]</title>
	<link>plugin://plugin.video.youtube/playlist/PLK3PznYyKd-crXVccWBv23Ur5GI6G3j3W/</link>
	<thumbnail>https://images-na.ssl-images-amazon.com/images/I/919tk-KjwRL._AC_SL1500_.jpg</thumbnail>
	<fanart>special://home/addons/plugin.video.thevault/fanart.jpg</fanart>
</plugin>


<plugin>
	<title>[B][COLOR ffffef00]• [/COLOR][/B][COLORorange]Ministry of sound - Jungle Classic[B][/B][/COLOR]</title>
	<link>plugin://plugin.video.youtube/playlist/PL80E3ZCqdbdkVlxcAUW41_zaWFR0JHili/</link>
	<thumbnail>https://images-na.ssl-images-amazon.com/images/I/61OY0zdbM1L._AC_.jpg</thumbnail>
	<fanart>special://home/addons/plugin.video.thevault/fanart.jpg</fanart>
</plugin>

<plugin>
	<title>[B][COLOR ffffef00]• [/COLOR][/B][COLORorange][B]Ministry of Sound: I Love House[/B][/COLOR]</title>
	<link>plugin://plugin.video.youtube/playlist/PL4q6JrqRwJ1NPEV8B0fICAHN5vApn1QMD/</link>
	<thumbnail>https://images-na.ssl-images-amazon.com/images/I/51aSRaIQgBL._AC_.jpg</thumbnail>
	<fanart>special://home/addons/plugin.video.thevault/fanart.jpg</fanart>
</plugin>


<plugin>
	<title>[B][COLOR ffffef00]• [/COLOR][/B][COLORorange][B]  I LOVE THE 90s Ministry of Sound [/B][/COLOR]</title>
	<link>plugin://plugin.video.youtube/playlist/PLR8eBg1AtyjBxvnk8sDLYIE-YazrtNK-u/</link>
	<thumbnail>https://images-na.ssl-images-amazon.com/images/I/91BSVhCw-aL._AC_SL1500_.jpg</thumbnail>
	<fanart>special://home/addons/plugin.video.thevault/fanart.jpg</fanart>
</plugin>

<plugin>
	<title>[B][COLOR ffffef00]• [/COLOR][/B][COLORorange][B]Ministry Of Sound/Love Island - The Pool Party[/B][/COLOR]</title>
	<link>plugin://plugin.video.youtube/playlist/PLZ03fpdllhBkoOzsrxV1aDh3pg0nO8kuK/</link>
	<thumbnail>https://m.media-amazon.com/images/I/810y7UiwGJL._SS500_.jpg</thumbnail>
	<fanart>special://home/addons/plugin.video.thevault/fanart.jpg</fanart>
</plugin>

<plugin>
	<title>[B][COLOR ffffef00]• [/COLOR][/B][COLORorange][B]GARAGE XXV Ministry of Sound [/B][/COLOR]</title>
	<link>plugin://plugin.video.youtube/playlist/PLh2ZThx4HC6UjsKFFUoIs5I1RmoPuDq9l/</link>
	<thumbnail>https://m.media-amazon.com/images/I/81tbbe2EHTL._SS500_.jpg</thumbnail>
	<fanart>special://home/addons/plugin.video.thevault/fanart.jpg</fanart>
</plugin>

<plugin>
	<title>[B][COLOR ffffef00]• [/COLOR][/B][COLORorange][B]Ministry of sound;Eat sleep rave repeat[/B][/COLOR]</title>
	<link>plugin://plugin.video.youtube/playlist/PLpsaqSdUSwlSqIqt23QOlmpGPerrT8zLi/</link>
	<thumbnail>https://images-na.ssl-images-amazon.com/images/I/61F9s7-9-HL._AC_.jpg</thumbnail>
	<fanart>special://home/addons/plugin.video.thevault/fanart.jpg</fanart>
</plugin>

<plugin>
	<title>[B][COLOR ffffef00]• [/COLOR][/B][COLORorange][B]VA - The Annual XXV - Ministry of Sound [/B][/COLOR]</title>
	<link>plugin://plugin.video.youtube/playlist/PLCo9rIUIbaht40z3H2R51p7U2aVPLMiau/</link>
	<thumbnail>https://images-na.ssl-images-amazon.com/images/I/7118CAW0ulL._AC_SL1500_.jpg</thumbnail>
	<fanart>special://home/addons/plugin.video.thevault/fanart.jpg</fanart>
</plugin>

<plugin>
	<title>[B][COLOR ffffef00]• [/COLOR][/B][COLORorange][B]Ministry Fitness | Ministry of Sound[/B][/COLOR]</title>
	<link>plugin://plugin.video.youtube/playlist/PL7F8bxFSznDNpHJjYteDSMtwvwvGzvj9Z/</link>
	<thumbnail>https://i.imgur.com/NoLWUCL.jpg</thumbnail>
	<fanart>special://home/addons/plugin.video.thevault/fanart.jpg</fanart>
</plugin>

<plugin>
	<title>[B][COLOR ffffef00]• [/COLOR][/B][COLORorange][B]I LOVE 80s | Ministry of Sound[/B][/COLOR]</title>
	<link>plugin://plugin.video.youtube/playlist/PL7F8bxFSznDMU2M7boTjJkDStuGQcRHt3/</link>
	<thumbnail>https://images-na.ssl-images-amazon.com/images/I/91c3MXKCZpL._AC_SL1500_.jpg</thumbnail>
	<fanart>special://home/addons/plugin.video.thevault/fanart.jpg</fanart>
</plugin>

<plugin>
	<title>[B][COLOR ffffef00]• [/COLOR][/B][COLORorange][B]Ministry Of Sound Made In The UK[/B][/COLOR]</title>
	<link>plugin://plugin.video.youtube/playlist/PLCZF6-L29U4KVza8QBfAc9CexzoY7nTxy/</link>
	<thumbnail>https://i.imgur.com/TDw0jkJ.jpg</thumbnail>
	<fanart>special://home/addons/plugin.video.thevault/fanart.jpg</fanart>
</plugin>

<plugin>
	<title>[B][COLOR ffffef00]• [/COLOR][/B][COLORorange][B]Ministry of Sound | Dance Nation[/B][/COLOR]</title>
	<link>plugin://plugin.video.youtube/playlist/PLaT_00uhdbgaHhv2ON6oSNw87pc6FR5Sh/</link>
	<thumbnail>https://m.media-amazon.com/images/I/91+1mW8M1cL._SS500_.jpg</thumbnail>
	<fanart>special://home/addons/plugin.video.thevault/fanart.jpg</fanart>
</plugin>

<plugin>
	<title>[B][COLOR ffffef00]• [/COLOR][/B][COLORorange][B]DJ MAG TOP 100 DJS[/B][/COLOR]</title>
	<link>plugin://plugin.video.youtube/playlist/PLXVisrRQmpPeYUXvemeXzGyN-qc3h8TNx/</link>
	<thumbnail>https://images-na.ssl-images-amazon.com/images/I/61mDF%2BN8C3L._AC_.jpg</thumbnail>
	<fanart>special://home/addons/plugin.video.thevault/fanart.jpg</fanart>
</plugin>

<plugin>
	<title>[B][COLOR ffffef00]• [/COLOR][/B][COLORorange][B]I Love 00s | Ministry of Sound[/B][/COLOR]</title>
	<link>plugin://plugin.video.youtube/playlist/PL7F8bxFSznDP_-yRX2jGqCuuzKd74E51s/</link>
	<thumbnail>https://images-na.ssl-images-amazon.com/images/I/8172-9-75WL._AC_SL1500_.jpg</thumbnail>
	<fanart>special://home/addons/plugin.video.thevault/fanart.jpg</fanart>
</plugin>

<plugin>
	<title>[B][COLOR ffffef00]• [/COLOR][/B][COLORorange][B]I LOVE REGGAE | Ministry of Sound[/B][/COLOR]</title>
	<link>plugin://plugin.video.youtube/playlist/PLK3PznYyKd-eXHTwyCigIst4s5VyFEYtb/</link>
	<thumbnail>https://images-na.ssl-images-amazon.com/images/I/91LvHC%2BNaKL._AC_SL1500_.jpg</thumbnail>
	<fanart>special://home/addons/plugin.video.thevault/fanart.jpg</fanart>
</plugin>



<plugin>
	<title>[B][COLOR ffffef00]• [/COLOR][/B][COLORorange][B]House X Garage | Ministry of Sound[/B][/COLOR]</title>
	<link>plugin://plugin.video.youtube/playlist/PLK3PznYyKd-eBW8os6YE9Kt7HZPrjU_yE/</link>
	<thumbnail>https://images-na.ssl-images-amazon.com/images/I/71OhMTLNH%2BL._AC_SL1500_.jpg</thumbnail>
	<fanart>special://home/addons/plugin.video.thevault/fanart.jpg</fanart>
</plugin>

<plugin>
	<title>[B][COLOR ffffef00]• [/COLOR][/B][COLORorange][B]Recover  Ministry Of Sound 2017 Album[/B][/COLOR]</title>
	<link>plugin://plugin.video.youtube/playlist/PLbdlHmHJurLoLAZdALqFWMmMc2Xl8k_C8/</link>
	<thumbnail>https://images-na.ssl-images-amazon.com/images/I/81%2B8lNTkYQL._AC_SL1500_.jpg</thumbnail>
	<fanart>special://home/addons/plugin.video.thevault/fanart.jpg</fanart>
</plugin>

<plugin>
	<title>[B][COLOR ffffef00]• [/COLOR][/B][COLORorange][B]Ministry of Sound Reggae Throw Back Dancehall[/B][/COLOR]</title>
	<link>plugin://plugin.video.youtube/playlist/PLsxH_PdCZ3dQFZ1qGVhPac5noRQi6YTWm/</link>
	<thumbnail>https://images-na.ssl-images-amazon.com/images/I/61%2BaAuGcSSL._AC_.jpg</thumbnail>
	<fanart>special://home/addons/plugin.video.thevault/fanart.jpg</fanart>
</plugin>

<plugin>
	<title>[B][COLOR ffffef00]• [/COLOR][/B][COLORorange][B]I Love Summer - Ministry of Sound (2016)[/B][/COLOR]</title>
	<link>plugin://plugin.video.youtube/playlist/PLGaV_2gZ663YJcksJxi5w7jqGKFD_9B10/</link>
	<thumbnail>https://images-na.ssl-images-amazon.com/images/I/91xP8R4S-RL._AC_SL1500_.jpg</thumbnail>
	<fanart>special://home/addons/plugin.video.thevault/fanart.jpg</fanart>
</plugin>

<plugin>
	<title>[B][COLOR ffffef00]• [/COLOR][/B][COLORorange][B]Ministry of Sound - Anthems Acoustic[/B][/COLOR]</title>
	<link>plugin://plugin.video.youtube/playlist/PLam4OxavH4Ni9SxU-uRNmAPlLpK19wNrV/</link>
	<thumbnail>https://images-na.ssl-images-amazon.com/images/I/81x8UMLGGVL._AC_SL1500_.jpg</thumbnail>
	<fanart>special://home/addons/plugin.video.thevault/fanart.jpg</fanart>
</plugin>

<plugin>
	<title>[B][COLOR ffffef00]• [/COLOR][/B][COLORorange][B]Laidback Beats 2017 - Ministry of Sound[/B][/COLOR]</title>
	<link>plugin://plugin.video.youtube/playlist/PLK3PznYyKd-cUmGkTJ_Q5LjOe473QSf35/</link>
	<thumbnail>https://images-na.ssl-images-amazon.com/images/I/51%2B249rnHbL._AC_.jpg</thumbnail>
	<fanart>special://home/addons/plugin.video.thevault/fanart.jpg</fanart>
</plugin>

<plugin>
	<title>[B][COLOR ffffef00]• [/COLOR][/B][COLORorange][B]VA - 80s Soul Jams - Ministry of Sound[/B][/COLOR]</title>
	<link>plugin://plugin.video.youtube/playlist/PLh2ZThx4HC6VymUC9SvfeZLTD9QJtGKVQ/</link>
	<thumbnail>https://images-na.ssl-images-amazon.com/images/I/613gq4nTveL._AC_.jpg</thumbnail>
	<fanart>special://home/addons/plugin.video.thevault/fanart.jpg</fanart>
</plugin>

<plugin>
	<title>[B][COLOR ffffef00]• [/COLOR][/B][COLORorange][B]VA - 80s Soul Jams Vol. II - Ministry of Sound[/B][/COLOR]</title>
	<link>plugin://plugin.video.youtube/playlist/PLbAQNsWnhgyDmLwu8_Z9aYfladbFdxu55/</link>
	<thumbnail>https://images-na.ssl-images-amazon.com/images/I/81CIQwSFKZL._AC_SL1500_.jpg</thumbnail>
	<fanart>special://home/addons/plugin.video.thevault/fanart.jpg</fanart>
</plugin>


<plugin>
	<title>[B][COLOR ffffef00]• [/COLOR][/B][COLORorange][B]Ministry of Sound Anthems R&B[/B][/COLOR]</title>
	<link>plugin://plugin.video.youtube/playlist/PLD872F22145CA83B0/</link>
	<thumbnail>https://images-na.ssl-images-amazon.com/images/I/51D73RueX%2BL._AC_.jpg</thumbnail>
	<fanart>special://home/addons/plugin.video.thevault/fanart.jpg</fanart>
</plugin>


