<plugin>
	<title>[B][COLOR ff304ffe]• [/COLOR][/B][COLORorange][B]Ministry Of Sound The Annual 2002[/B][/COLOR]</title>
	<link>plugin://plugin.video.youtube/playlist/PLaIJMBmDxExD9D5pX92md-pesgxJfNj55/</link>
	<thumbnail>https://images-na.ssl-images-amazon.com/images/I/71VxIqKXhOL._AC_SL1499_.jpg</thumbnail>
	<fanart>special://home/addons/plugin.video.thevault/fanart.jpg</fanart>
</plugin>

<plugin>
	<title>[B][COLOR ff304ffe]• [/COLOR][/B][COLORorange][B]Ministry Of Sound The Annual 2003[/B][/COLOR]</title>
	<link>plugin://plugin.video.youtube/playlist/PL4tFsldEX6Rk5KNgXl-_Ni_FoJrMsTFQq/</link>
	<thumbnail>https://images-na.ssl-images-amazon.com/images/I/41A7WFY83EL._AC_.jpg</thumbnail>
	<fanart>special://home/addons/plugin.video.thevault/fanart.jpg</fanart>
</plugin>

<plugin>
	<title>[B][COLOR ff304ffe]• [/COLOR][/B][COLORorange][B]Ministry Of Sound The Annual 2004[/B][/COLOR]</title>
	<link>plugin://plugin.video.youtube/playlist/PLFq2YEzLx0Lm3i31WvwiHDWU1nbdskfqA/</link>
	<thumbnail>https://images-na.ssl-images-amazon.com/images/I/41X4SJHZFGL._AC_.jpg</thumbnail>
	<fanart>special://home/addons/plugin.video.thevault/fanart.jpg</fanart>
</plugin>

<plugin>
	<title>[B][COLOR ff304ffe]• [/COLOR][/B][COLORorange][B]Ministry Of Sound The Annual 2005[/B][/COLOR]</title>
	<link>plugin://plugin.video.youtube/playlist/PLL8XRJKlzTnIcnIQj6BI5eOo6hue5_yE-/</link>
	<thumbnail>https://images-na.ssl-images-amazon.com/images/I/51DWZ0BXTFL._AC_.jpg</thumbnail>
	<fanart>special://home/addons/plugin.video.thevault/fanart.jpg</fanart>
</plugin>

<plugin>
	<title>[B][COLOR ff304ffe]• [/COLOR][/B][COLORorange][B]Ministry Of Sound The Annual 2006[/B][/COLOR]</title>
	<link>plugin://plugin.video.youtube/playlist/PLGQFNXhd8TdgL1ltMoKhC5MPN1os-ZBnD/</link>
	<thumbnail>https://images-na.ssl-images-amazon.com/images/I/51Gv2vQch%2BL._AC_.jpg</thumbnail>
	<fanart>special://home/addons/plugin.video.thevault/fanart.jpg</fanart>
</plugin>

<plugin>
	<title>[B][COLOR ff304ffe]• [/COLOR][/B][COLORorange][B]Ministry Of Sound The Annual 2007[/B][/COLOR]</title>
	<link>plugin://plugin.video.youtube/playlist/PLL8XRJKlzTnIYVIYjtUuMENnKZBJfu1G6/</link>
	<thumbnail>https://images-na.ssl-images-amazon.com/images/I/619yfHk-6%2BL._AC_.jpg</thumbnail>
	<fanart>special://home/addons/plugin.video.thevault/fanart.jpg</fanart>
</plugin>

<plugin>
	<title>[B][COLOR ff304ffe]• [/COLOR][/B][COLORorange][B]Ministry Of Sound The Annual 2008[/B][/COLOR]</title>
	<link>plugin://plugin.video.youtube/playlist/PLFq2YEzLx0LmP5D7dTaFW7u8oCdEdM0It/</link>
	<thumbnail>https://images-na.ssl-images-amazon.com/images/I/51bA7ADMTpL._AC_.jpg</thumbnail>
	<fanart>special://home/addons/plugin.video.thevault/fanart.jpg</fanart>
</plugin>

<plugin>
	<title>[B][COLOR ff304ffe]• [/COLOR][/B][COLORorange][B]Ministry Of Sound The Annual 2009[/B][/COLOR]</title>
	<link>plugin://plugin.video.youtube/playlist/PLpQIl07cGUOJy8dzag3pf39a5csQ-qOxA/</link>
	<thumbnail>https://images-na.ssl-images-amazon.com/images/I/61WHRJ6kLPL._AC_.jpg</thumbnail>
	<fanart>special://home/addons/plugin.video.thevault/fanart.jpg</fanart>
</plugin>

<plugin>
	<title>[B][COLOR ff304ffe]• [/COLOR][/B][COLORorange][B]Ministry Of Sound The Annual 2010[/B][/COLOR]</title>
	<link>plugin://plugin.video.youtube/playlist/PL77E008664B1DCC72/</link>
	<thumbnail>https://images-na.ssl-images-amazon.com/images/I/51Z05v8mrHL._AC_.jpg</thumbnail>
	<fanart>special://home/addons/plugin.video.thevault/fanart.jpg</fanart>
</plugin>

<plugin>
	<title>[B][COLOR ff304ffe]• [/COLOR][/B][COLORorange][B]Ministry Of Sound The Annual 2011 [/B][/COLOR]</title>
	<link>plugin://plugin.video.youtube/playlist/PLFq2YEzLx0LnZkkZNT85MjQiGoMyJQLOF/</link>
	<thumbnail>https://images-na.ssl-images-amazon.com/images/I/61MDtDV9e5L._AC_.jpg</thumbnail>
	<fanart>special://home/addons/plugin.video.thevault/fanart.jpg</fanart>
</plugin>

<plugin>
	<title>[B][COLOR ff304ffe]• [/COLOR][/B][COLORorange][B]Ministry Of Sound The Annual 2012 [/B][/COLOR]</title>
	<link>plugin://plugin.video.youtube/playlist/PLaf7Hmmvir8AMFNwrkU7k02c4h2rYIhTr/</link>
	<thumbnail>https://images-na.ssl-images-amazon.com/images/I/51F2n4OIQFL._AC_.jpg</thumbnail>
	<fanart>special://home/addons/plugin.video.thevault/fanart.jpg</fanart>
</plugin>

<plugin>
	<title>[B][COLOR ff304ffe]• [/COLOR][/B][COLORorange][B]Ministry of Sound - The Annual 2013[/B][/COLOR]</title>
	<link>plugin://plugin.video.youtube/playlist/PLzww8i1wjokRtWxbQZGrhykQ7O6pmsuyQ/</link>
	<thumbnail>https://images-na.ssl-images-amazon.com/images/I/5122ZeQrrbL._AC_.jpg</thumbnail>
	<fanart>special://home/addons/plugin.video.thevault/fanart.jpg</fanart>
</plugin>

<plugin>
	<title>[B][COLOR ff304ffe]• [/COLOR][/B][COLORorange][B]Ministry of Sound - The Annual 2014[/B][/COLOR]</title>
	<link>plugin://plugin.video.youtube/playlist/PLxDQO0w5VG2kUMubelvjgCFkHuB1l3icM/</link>
	<thumbnail>https://images-na.ssl-images-amazon.com/images/I/61Zr8d1tANL._AC_.jpg</thumbnail>
	<fanart>special://home/addons/plugin.video.thevault/fanart.jpg</fanart>
</plugin>


<plugin>
	<title>[B][COLOR ff304ffe]• [/COLOR][/B][COLORorange][B]Ministry of Sound - The Annual 2015[/B][/COLOR]</title>
	<link>plugin://plugin.video.youtube/playlist/PLfEqsA56PqE5u7xrsofY1nGEnHd5XTzpb/</link>
	<thumbnail>https://images-na.ssl-images-amazon.com/images/I/51ElI8MAsTL._AC_.jpg</thumbnail>
	<fanart>special://home/addons/plugin.video.thevault/fanart.jpg</fanart>
</plugin>

<plugin>
	<title>[B][COLOR ff304ffe]• [/COLOR][/B][COLORorange][B]Ministry of Sound: The Annual 2016[/B][/COLOR]</title>
	<link>plugin://plugin.video.youtube/playlist/PLInomKBpUU4TgVnXUVs961mEG3yRyNJAL/</link>
	<thumbnail>https://images-na.ssl-images-amazon.com/images/I/71WuAdS0DtL._AC_SL1500_.jpg</thumbnail>
	<fanart>special://home/addons/plugin.video.thevault/fanart.jpg</fanart>
</plugin>


<plugin>
	<title>[B][COLOR ff304ffe]• [/COLOR][/B][COLORorange][B]Ministry of sound The Annual 2017[/B][/COLOR]</title>
	<link>plugin://plugin.video.youtube/playlist/PLK3PznYyKd-enVLnRkwh-ysBvFotWwswH/</link>
	<thumbnail>https://images-na.ssl-images-amazon.com/images/I/71xvazhsWsL._AC_SL1500_.jpg</thumbnail>
	<fanart>special://home/addons/plugin.video.thevault/fanart.jpg</fanart>
</plugin>

<plugin>
	<title>[B][COLOR ff304ffe]• [/COLOR][/B][COLORorange][B]Ministry Of Sound The Annual 2018[/B][/COLOR]</title>
	<link>plugin://plugin.video.youtube/playlist/PLK3PznYyKd-dgvBoaWHgZf5Ep3-neTNii/</link>
	<thumbnail>https://images-na.ssl-images-amazon.com/images/I/71oL4tkjyrL._AC_SL1357_.jpg</thumbnail>
	<fanart>special://home/addons/plugin.video.thevault/fanart.jpg</fanart>
</plugin>

<plugin>
	<title>[B][COLOR ff304ffe]• [/COLOR][/B][COLORorange][B]Ministry Of Sound The Annual 2019[/B][/COLOR]</title>
	<link>plugin://plugin.video.youtube/playlist/PLFUf7DS_x0-O8e4hgJFTlPZpGIbsN9syU/</link>
	<thumbnail>https://m.media-amazon.com/images/I/71sEsFPC8dL._SS500_.jpg</thumbnail>
	<fanart>special://home/addons/plugin.video.thevault/fanart.jpg</fanart>
</plugin>

<plugin>
	<title>[B][COLOR ff304ffe]• [/COLOR][/B][COLORorange][B]Ministry Of Sound - The Annual 2020[/B][/COLOR]</title>
	<link>plugin://plugin.video.youtube/playlist/PL9swuG05GAQuaYtAf9Fr0FJwAshBYpWWx/</link>
	<thumbnail>https://images-na.ssl-images-amazon.com/images/I/61G7-5kJDoL._AC_SL1500_.jpg</thumbnail>
	<fanart>special://home/addons/plugin.video.thevault/fanart.jpg</fanart>
</plugin>

<plugin>
	<title>[B][COLOR ff304ffe]• [/COLOR][/B][COLORorange][B]Ministry Of Sound - The Annual xxv[/B][/COLOR]</title>
	<link>plugin://plugin.video.youtube/playlist/PLCo9rIUIbaht40z3H2R51p7U2aVPLMiau/</link>
	<thumbnail>https://images-na.ssl-images-amazon.com/images/I/61G7-5kJDoL._AC_SL1500_.jpg</thumbnail>
	<fanart>special://home/addons/plugin.video.thevault/fanart.jpg</fanart>
</plugin>



