
<item>
    <title>[COLOR magenta][B]--------------------------------------------------[/COLOR][/B]</title>
    <heading></heading>
</item>
 <dir>
    <title>[COLORred][B]THE [/B] [/COLOR][COLORlimegreen][B]ULTIMATE [COLORwhite][B] MUSIC [/B][/COLOR] [COLORyellow][B]COMPILATION [/B] [/COLOR]</title>
    <link>file://menu/ultimmusic.xml</link>
    <thumbnail>https://i.imgur.com/em1pHeg.png</thumbnail>
  </dir>
  
  <dir>
    <title>[COLORblue][B]MUSIC[/B][/COLOR]  [COLORdeeppink][B]VIDEO [/B][/COLOR] [COLORorange][B]HEAVEN[/B][/COLOR] By Decade and lots More</title>
    <link>file://menu/music vids.xml</link>
    <thumbnail>https://i.imgur.com/rTDoMhP.png</thumbnail>
  </dir>
  
  
   <dir>
    <title>[COLORblue][B]KARAOKE[/B][/COLOR]  [COLORyellow][B]LOUNGE [/B][/COLOR] </title>
    <link>file://menu/karaoke.xml</link>
    <thumbnail>https://i.imgur.com/rwL7bfW.png</thumbnail>
  </dir>
  

  
  
  
  <item>
    <title>[COLOR magenta][B]--------------------------------------------------[/COLOR][/B]</title>
    <heading></heading>
</item>
  
<dir>
    <title>[COLORsteelblue][B]Top Artists[/B][/COLOR]</title>
    <lastfm>charts/all/top artists</lastfm>
	<thumbnail>https://i.imgur.com/vBo6KRV.png</thumbnail>
    </dir>
	
	<dir>
    <title>[COLORsteelblue][B]Top Tracks[/B][/COLOR]</title>
    <lastfm>charts/all/top tracks</lastfm>
	<thumbnail>https://i.imgur.com/eEqOOLC.png</thumbnail>
    </dir>
	
	<item>
    <title>[COLOR magenta][B]--------------------------------------------------[/COLOR][/B]</title>
    <heading></heading>
</item>

<dir>
    <title>[COLORlime][B]EDGE PLAYLISTS[/B][/COLOR]   Click Me</title>
    <link>file://content/myedge.xml</link>
    <thumbnail>https://i.imgur.com/nISWSAv.png</thumbnail>
  </dir>
 

<item>
	<title>[COLOR magenta][B]--------------------------------------------------[/COLOR][/B]</title>
	<heading></heading>
</item>

<dir>
    <title>Search Artist</title>
    <musicmp3ru>artist/queen/albums</musicmp3ru>
    </dir>




	<dir>
    <title>New Artists to Watch-1 Ava Max   Albums </title>
    <lastfm>artist/ava max/albums</lastfm>
	<thumbnail>https://i.imgur.com/RFupvcR.png</thumbnail>
    </dir>
	
	<dir>
    <title>New Artists to Watch-1 Ava Max  Top tracks</title>
    <lastfm>artist/ava max/tracks</lastfm>
	<thumbnail>https://i.imgur.com/RFupvcR.png</thumbnail>
    </dir>

<item>
	<title>[COLOR magenta][B]--------------------------------------------------[/COLOR][/B]</title>
	<heading></heading>
</item>

	
	<dir>
    <title>New Artists to Watch-2 Ella Mai   Albums </title>
    <lastfm>artist/ella mai/albums</lastfm>
	<thumbnail>https://i.imgur.com/RFupvcR.png</thumbnail>
    </dir>
	
	<dir>
    <title>New Artists to Watch-2 Ella Mai  Top tracks</title>
    <lastfm>artist/ella mai/tracks</lastfm>
	<thumbnail>https://i.imgur.com/RFupvcR.png</thumbnail>
    </dir>

<item>
	<title>[COLOR magenta][B]--------------------------------------------------[/COLOR][/B]</title>
	<heading></heading>
</item>

	
	<dir>
    <title>New Artists to Watch-3 Fredo   Albums </title>
    <lastfm>artist/fredo/albums</lastfm>
	<thumbnail>https://i.imgur.com/RFupvcR.png</thumbnail>
    </dir>
	
	<dir>
    <title>New Artists to Watch-3 Fredo  Top tracks</title>
    <lastfm>artist/fredo/tracks</lastfm>
	<thumbnail>https://i.imgur.com/RFupvcR.png</thumbnail>
    </dir>

<item>
	<title>[COLOR magenta][B]--------------------------------------------------[/COLOR][/B]</title>
	<heading></heading>
</item>

	
	<dir>
    <title>New Artists to Watch-4 Freya Ridings   Albums </title>
    <lastfm>artist/freya ridings/albums</lastfm>
	<thumbnail>https://i.imgur.com/RFupvcR.png</thumbnail>
    </dir>
	
	<dir>
    <title>New Artists to Watch-4 Freya Ridings  Top tracks</title>
    <lastfm>artist/freya ridings/tracks</lastfm>
<thumbnail>https://i.imgur.com/RFupvcR.png</thumbnail>
    </dir>

<item>
	<title>[COLOR magenta][B]--------------------------------------------------[/COLOR][/B]</title>
	<heading></heading>
</item>

	
	<dir>
    <title>New Artists to Watch-5 Grace Carter   Albums </title>
    <lastfm>artist/grace carter/albums</lastfm>
	<thumbnail>https://i.imgur.com/RFupvcR.png</thumbnail>
    </dir>
	
	<dir>
    <title>New Artists to Watch-5 Grace Carter  Top tracks</title>
    <lastfm>artist/grace carter/tracks</lastfm>
	<thumbnail>https://i.imgur.com/RFupvcR.png</thumbnail>
    </dir>

<item>
	<title>[COLOR magenta][B]--------------------------------------------------[/COLOR][/B]</title>
	<heading></heading>
</item>

	
	<dir>
    <title>New Artists to Watch-6 King Princess  Albums </title>
    <lastfm>artist/king princess/albums</lastfm>
	<thumbnail>https://i.imgur.com/RFupvcR.png</thumbnail>
    </dir>
	
	<dir>
    <title>New Artists to Watch-6 King Princess  Top tracks</title>
    <lastfm>artist/king princess/tracks</lastfm>
	<thumbnail>https://i.imgur.com/RFupvcR.png</thumbnail>
    </dir>

<item>
	<title>[COLOR magenta][B]--------------------------------------------------[/COLOR][/B]</title>
	<heading></heading>
</item>

	
	<dir>
    <title>New Artists to Watch-7 Lewis Capaldi  Albums </title>
    <lastfm>artist/lewis capaldi/albums</lastfm>
	<thumbnail>https://i.imgur.com/RFupvcR.png</thumbnail>
    </dir>
	
	<dir>
    <title>New Artists to Watch-7 Lewis Capaldi  Top tracks</title>
    <lastfm>artist/lewis Capaldi/tracks</lastfm>
	<thumbnail>https://i.imgur.com/RFupvcR.png</thumbnail>
    </dir>

<item>
	<title>[COLOR magenta][B]--------------------------------------------------[/COLOR][/B]</title>
	<heading></heading>
</item>


<dir>
    <title>New Artists to Watch-8 Mahalia   Albums </title>
    <lastfm>artist/mahalia/albums</lastfm>
	<thumbnail>https://i.imgur.com/RFupvcR.png</thumbnail>
    </dir>
	
	<dir>
    <title>New Artists to Watch-8 Mahalia  Top tracks</title>
    <lastfm>artist/mahalia/tracks</lastfm>
	<thumbnail>https://i.imgur.com/RFupvcR.png</thumbnail>
    </dir>

<item>
	<title>[COLOR magenta][B]--------------------------------------------------[/COLOR][/B]</title>
	<heading></heading>
</item>

	
	<dir>
    <title>New Artists to Watch-9 Octavian   Albums </title>
    <lastfm>artist/ella mai/albums</lastfm>
	<thumbnail>https://i.imgur.com/RFupvcR.png</thumbnail>
    </dir>
	
	<dir>
    <title>New Artists to Watch-9 Octavian  Top tracks</title>
    <lastfm>artist/octavian/tracks</lastfm>
	<thumbnail>https://i.imgur.com/RFupvcR.png</thumbnail>
    </dir>

<item>
	<title>[COLOR magenta][B]--------------------------------------------------[/COLOR][/B]</title>
	<heading></heading>
</item>

	
	<dir>
    <title>New Artists to Watch-10 Sea Girls   Albums </title>
    <lastfm>artist/sea girls/albums</lastfm>
	<thumbnail>https://i.imgur.com/RFupvcR.png</thumbnail>
    </dir>
	
	<dir>
    <title>New Artists to Watch-10 Sea Girls  Top tracks</title>
    <lastfm>artist/sea girls/tracks</lastfm>
<thumbnail>https://i.imgur.com/RFupvcR.png</thumbnail>
    </dir>


<item>
	<title>[COLOR magenta][B]--------------------------------------------------[/COLOR][/B]</title>
	<heading></heading>
</item>




       <dir>
    <title>Search Artist</title>
    <lastfm>search/artist</lastfm>
	<thumbnail>https://i.imgur.com/RFupvcR.png</thumbnail>
    </dir>

    <dir>
    <title>Search Album</title>
    <lastfm>search/album</lastfm>
	<thumbnail>https://i.imgur.com/RFupvcR.png</thumbnail>
    </dir>

<dir>
  <title>Artist Chart</title>
  <lastfm>chart/artists</lastfm>
  <thumbnail>https://i.imgur.com/RFupvcR.png</thumbnail>
</dir>

<dir>
  <title>Track Chart</title>
  <lastfm>chart/tracks</lastfm>
  <thumbnail>https://i.imgur.com/RFupvcR.png</thumbnail>
</dir>

<dir>
  <title>TAGS BY GENRE  MUSIC VIDEOS</title>
  <lastfm>chart/tags</lastfm>
  <thumbnail>https://i.imgur.com/RFupvcR.png</thumbnail>
</dir>

<item>
    <title>[COLOR magenta][B]--------------------------------------------------[/COLOR][/B]</title>
    <heading></heading>
</item>
 

<dir>
  <title>RnB Tracks</title>
  <lastfm>tag/rnb/tracks</lastfm>
  <thumbnail>https://i.imgur.com/RFupvcR.png</thumbnail>
</dir>

<dir>
  <title>RnB Artists</title>
  <lastfm>tag/rnb/artists</lastfm>
  <thumbnail>https://i.imgur.com/RFupvcR.png</thumbnail>
</dir>

<dir>
  <title>RnB Albums</title>
  <lastfm>tag/rnb/albums</lastfm>
  <thumbnail>https://i.imgur.com/RFupvcR.png</thumbnail>
</dir>

<dir>
  <title>Metal Tracks</title>
  <lastfm>tag/metal/tracks</lastfm>
  <thumbnail>https://i.imgur.com/RFupvcR.png</thumbnail>
</dir>

<dir>
  <title>Metal Artists</title>
  <lastfm>tag/metal/artists</lastfm>
  <thumbnail>https://i.imgur.com/RFupvcR.png</thumbnail>
</dir>

<dir>
  <title>Metal Albums</title>
  <lastfm>tag/metal/albums</lastfm>
  <thumbnail>https://i.imgur.com/RFupvcR.png</thumbnail>
</dir>
    </dir>
	
	
<item>
	<title>[COLOR magenta][B]--------------------------------------------------[/COLOR][/B]</title>
	<heading></heading>
</item>


       <dir>
    <title>Search Artist</title>
    <lastfm>search/artist</lastfm>
	<thumbnail>https://i.imgur.com/RFupvcR.png</thumbnail>
    </dir>

    <dir>
    <title>Search Album</title>
    <lastfm>search/album</lastfm>
	<thumbnail>https://i.imgur.com/RFupvcR.png</thumbnail>
    </dir>

<dir>
  <title>Artist Chart</title>
  <lastfm>chart/artists</lastfm>
  <thumbnail>https://i.imgur.com/RFupvcR.png</thumbnail>
</dir>

<dir>
  <title>Track Chart</title>
  <lastfm>chart/tracks</lastfm>
  <thumbnail>https://i.imgur.com/RFupvcR.png</thumbnail>
</dir>

<dir>
  <title>TAGS BY GENRE  MUSIC VIDEOS</title>
  <lastfm>chart/tags</lastfm>
  <thumbnail>https://i.imgur.com/RFupvcR.png</thumbnail>
</dir>

<item>
    <title>[COLOR magenta][B]--------------------------------------------------[/COLOR][/B]</title>
    <heading></heading>
</item>
 

<dir>
  <title>RnB Tracks</title>
  <lastfm>tag/rnb/tracks</lastfm>
  <thumbnail>https://i.imgur.com/RFupvcR.png</thumbnail>
</dir>

<dir>
  <title>RnB Artists</title>
  <lastfm>tag/rnb/artists</lastfm>
  <thumbnail>https://i.imgur.com/RFupvcR.png</thumbnail>
</dir>

<dir>
  <title>RnB Albums</title>
  <lastfm>tag/rnb/albums</lastfm>
  <thumbnail>https://i.imgur.com/RFupvcR.png</thumbnail>
</dir>

<item>
    <title>[COLOR magenta][B]--------------------------------------------------[/COLOR][/B]</title>
    <heading></heading>
</item>
 

<dir>
  <title>Metal Tracks</title>
  <lastfm>tag/metal/tracks</lastfm>
  <thumbnail>https://i.imgur.com/RFupvcR.png</thumbnail>
</dir>

<dir>
  <title>Metal Artists</title>
  <lastfm>tag/metal/artists</lastfm>
  <thumbnail>https://i.imgur.com/RFupvcR.png</thumbnail>
</dir>

<dir>
  <title>Metal Albums</title>
  <lastfm>tag/metal/albums</lastfm>
  <thumbnail>https://i.imgur.com/RFupvcR.png</thumbnail>
</dir>


