 <plugin>
	<title>[B][COLOR ffc51162]• [/COLOR][/B][COLORwhite][B]TRAP NATION MUSIC CHANNEL[/B][/COLOR]</title>
	<link>plugin://plugin.video.youtube/user/AllTrapNation/</link>
	<thumbnail>https://i.imgur.com/cFFNBCJ.png</thumbnail>
		<fanart>special://home/addons/plugin.video.thevault/fanart.jpg</fanart>
</plugin>





<plugin>
	<title>[B][COLOR ffc51162]• [/COLOR][/B][COLORwhite][B]Nirvana Channel[/B][/COLOR]</title>
	<link>plugin://plugin.video.youtube/playlist/UCFMZHIQMgBXTSxsr86Caazw/</link>
	<thumbnail>https://i.imgur.com/cFFNBCJ.png</thumbnail>
	<fanart>special://home/addons/plugin.video.thevault/fanart.jpg</fanart>
</plugin>

 
 
 <plugin>
	<title>[B][COLOR ffc51162]• [/COLOR][/B][COLORwhite][B]SONY MUSIC - Click on Playlists[/B][/COLOR]</title>
	<link>plugin://plugin.video.youtube/user/SonyMusicIn/</link>
	<thumbnail>https://i.imgur.com/cFFNBCJ.png</thumbnail>
		<fanart>special://home/addons/plugin.video.thevault/fanart.jpg</fanart>
</plugin>

<plugin>
	<title>[B][COLOR ffc51162]• [/COLOR][/B][COLORwhite][B]Metallica Channel[/B][/COLOR]</title>
	<link>plugin://plugin.video.youtube/playlist/UCbulh9WdLtEXiooRcYK7SWw/</link>
	<thumbnail>https://i.imgur.com/cFFNBCJ.png</thumbnail>
	<fanart>special://home/addons/plugin.video.thevault/fanart.jpg</fanart>
</plugin>

  <plugin>
	<title>[B][COLOR ffc51162]• [/COLOR][/B][COLORwhite][B]Music Channel Mix[/B][/COLOR]</title>
	<link>plugin://plugin.video.youtube/playlist/UC-9-kyTW8ZkZNDHQJ6FgpwQ/</link>
	<thumbnail>https://i.imgur.com/cFFNBCJ.png</thumbnail>
	<fanart>special://home/addons/plugin.video.thevault/fanart.jpg</fanart>
</plugin>
 

<plugin>
	<title>[B][COLOR ffc51162]• [/COLOR][/B][COLORwhite][B]The Eagles Channel[/B][/COLOR]</title>
	<link>plugin://plugin.video.youtube/playlist/UC49r4GNHHpc-eQ9hmD2Rg6A/</link>
	<thumbnail>https://i.imgur.com/cFFNBCJ.png</thumbnail>
	<fanart>special://home/addons/plugin.video.thevault/fanart.jpg</fanart>
</plugin>

<plugin>
	<title>[B][COLOR ffc51162]• [/COLOR][/B][COLORwhite][B]Jimi Hendrix Channel[/B][/COLOR]</title>
	<link>plugin://plugin.video.youtube/playlist/UCEqrtYLjy1o4hvaUI0J530w/</link>
	<thumbnail>https://i.imgur.com/cFFNBCJ.png</thumbnail>
	<fanart>special://home/addons/plugin.video.thevault/fanart.jpg</fanart>
</plugin>


<plugin>
	<title>[B][COLOR ffc51162]• [/COLOR][/B][COLORwhite][B]Cranberries Channel[/B][/COLOR]</title>
	<link>plugin://plugin.video.youtube/playlist/UCb0vzLwvr7xbJgdqMzejDhw/</link>
	<thumbnail>https://i.imgur.com/cFFNBCJ.png</thumbnail>
	<fanart>special://home/addons/plugin.video.thevault/fanart.jpg</fanart>
</plugin>



 <plugin>
	<title>[B][COLOR ffc51162]• [/COLOR][/B][COLORwhite][B]CAR MUSIC[/B][/COLOR]</title>
	<link>plugin://plugin.video.youtube/user/adrix119/</link>
	<thumbnail>https://i.imgur.com/cFFNBCJ.png</thumbnail>
		<fanart>special://home/addons/plugin.video.thevault/fanart.jpg</fanart>
</plugin>

 <plugin>
	<title>[B][COLOR ffc51162]• [/COLOR][/B][COLORwhite][B]ULTRA RECORDS[/B][/COLOR]</title>
	<link>plugin://plugin.video.youtube/user/UltraRecords/</link>
	<thumbnail>https://i.imgur.com/cFFNBCJ.png</thumbnail>
		<fanart>special://home/addons/plugin.video.thevault/fanart.jpg</fanart>
</plugin>
  
  
   <plugin>
	<title>[B][COLOR ffc51162]• [/COLOR][/B][COLORwhite][B]Audio Library — Music for Content Creators[/B][/COLOR]</title>
	<link>plugin://plugin.video.youtube/channel/UCht8qITGkBvXKsR1Byln-wA/</link>
	<thumbnail>https://i.imgur.com/cFFNBCJ.png</thumbnail>
		<fanart>special://home/addons/plugin.video.thevault/fanart.jpg</fanart>
</plugin>

   <plugin>
	<title>[B][COLOR ffc51162]• [/COLOR][/B][COLORwhite][B]Top Music Channel[/B][/COLOR]</title>
	<link>plugin://plugin.video.youtube/channel/UCqmHXdMF817v4_1xreTw6sQ/</link>
	<thumbnail>https://i.imgur.com/cFFNBCJ.png</thumbnail>
		<fanart>special://home/addons/plugin.video.thevault/fanart.jpg</fanart>
</plugin>

   <plugin>
	<title>[B][COLOR ffc51162]• [/COLOR][/B][COLORwhite][B]The Sound You Need[/B][/COLOR]</title>
	<link>plugin://plugin.video.youtube/user/thesoundyouneed1/f/</link>
	<thumbnail>https://i.imgur.com/cFFNBCJ.png</thumbnail>
		<fanart>special://home/addons/plugin.video.thevault/fanart.jpg</fanart>
</plugin>

 <plugin>
	<title>[B][COLOR ffc51162]• [/COLOR][/B][COLORwhite][B]CHILL NATION[/B][/COLOR]</title>
	<link>plugin://plugin.video.youtube/channel/UCM9KEEuzacwVlkt9JfJad7g/</link>
	<thumbnail>https://i.imgur.com/cFFNBCJ.png</thumbnail>
		<fanart>special://home/addons/plugin.video.thevault/fanart.jpg</fanart>
</plugin>

 <plugin>
	<title>[B][COLOR ffc51162]• [/COLOR][/B][COLORwhite][B]BASS NATION[/B][/COLOR]</title>
	<link>plugin://plugin.video.youtube/channel/UCCvVpbYRgYjMN7mG7qQN0Pg/</link>
	<thumbnail>https://i.imgur.com/cFFNBCJ.png</thumbnail>
		<fanart>special://home/addons/plugin.video.thevault/fanart.jpg</fanart>
</plugin>

<plugin>
	<title>[B][COLOR ffc51162]• [/COLOR][/B][COLORwhite][B]RAP NATION[/B][/COLOR]</title>
	<link>plugin://plugin.video.youtube/channel/UC8QfB1wbfrNwNFHQxfyNJsw/</link>
	<thumbnail>https://i.imgur.com/cFFNBCJ.png</thumbnail>
		<fanart>special://home/addons/plugin.video.thevault/fanart.jpg</fanart>
</plugin>

<plugin>
	<title>[B][COLOR ffc51162]• [/COLOR][/B][COLORwhite][B]INDIE NATION[/B][/COLOR]</title>
	<link>plugin://plugin.video.youtube/channel/UCS34YVeqtFViWRB3jc3o2FQ/</link>
	<thumbnail>https://i.imgur.com/cFFNBCJ.png</thumbnail>
		<fanart>special://home/addons/plugin.video.thevault/fanart.jpg</fanart>
</plugin>

<plugin>
	<title>[B][COLOR ffc51162]• [/COLOR][/B][COLORwhite][B]Red Hot Chili Peppers[/B][/COLOR]</title>
	<link>plugin://plugin.video.youtube/playlist/UCEuOwB9vSL1oPKGNdONB4ig/</link>
	<thumbnail>https://i.imgur.com/cFFNBCJ.png</thumbnail>
	<fanart>special://home/addons/plugin.video.thevault/fanart.jpg</fanart>
</plugin>

<plugin>
	<title>[B][COLOR ffc51162]• [/COLOR][/B][COLORwhite][B]R&B NATION[/B][/COLOR]</title>
	<link>plugin://plugin.video.youtube/channel/UCRrCiR_F-olJgMClfsl7YAg/</link>
	<thumbnail>https://i.imgur.com/cFFNBCJ.png</thumbnail>
		<fanart>special://home/addons/plugin.video.thevault/fanart.jpg</fanart>
</plugin>

<plugin>
	<title>[B][COLOR ffc51162]• [/COLOR][/B][COLORwhite][B]HOUSE NATION[/B][/COLOR]</title>
	<link>plugin://plugin.video.youtube/channel/UCj_Y-xJ2DRDGP4ilfzplCOQ/</link>
	<thumbnail>https://i.imgur.com/cFFNBCJ.png</thumbnail>
		<fanart>special://home/addons/plugin.video.thevault/fanart.jpg</fanart>
</plugin>