 <plugin>
	<title>[B][COLOR ff304ffe]• [COLORwhite][B] MUSIC VIDEOS OF THE 50s (200)[/B][/COLOR] </title>
	<link>plugin://plugin.video.youtube/playlist/PLuK6flVU_Aj45QZ_A5ld0-pP3CIkoNQDk/</link>
	<thumbnail>https://i.imgur.com/9R4SFIy.png</thumbnail>
	<fanart>special://home/addons/plugin.video.thevault/fanart.jpg</fanart>
</plugin>
 
 <plugin>
	<title>[B][COLOR ff304ffe]• [COLORwhite][B] MUSIC VIDEOS OF THE 60s (313)[/B][/COLOR] </title>
	<link>plugin://plugin.video.youtube/playlist/PLuK6flVU_Aj5EJ9Pp-C9N7XA0YJr_GrJI/</link>
	<thumbnail>https://i.imgur.com/Qs4uNvR.jpg</thumbnail>
	<fanart>special://home/addons/plugin.video.thevault/fanart.jpg</fanart>
</plugin>

 <plugin>
	<title>[B][COLOR ff304ffe]• [COLORwhite][B] MUSIC VIDEOS OF THE 70s (152)[/B][/COLOR]</title>
	<link>plugin://plugin.video.youtube/playlist/PLGBuKfnErZlAkaUUy57-mR97f8SBgMNHh/</link>
	<thumbnail>https://i.imgur.com/DmxHFVE.jpg</thumbnail>
	<fanart>special://home/addons/plugin.video.thevault/fanart.jpg</fanart>
</plugin>

 <plugin>
	<title>[B][COLOR ff304ffe]• [COLORwhite][B]MUSIC VIDEOS OF THE 80s (189)[/B][/COLOR]</title>
	<link>plugin://plugin.video.youtube/playlist/PLpYWKGMgRA1uU9lyMtR8vQBzc4HrjpqYu/</link>
	<thumbnail>https://i.imgur.com/XZDZJPX.jpg</thumbnail>
	<fanart>special://home/addons/plugin.video.thevault/fanart.jpg</fanart>
</plugin>

 <plugin>
	<title>[B][COLOR ff304ffe]• [COLORwhite][B]MUSIC VIDEOS OF THE 90s  (217} [/B][/COLOR] </title>
	<link>plugin://plugin.video.youtube/playlist/playlist?list=PLDB29F01702BF67F9/</link>
	<thumbnail>https://i.imgur.com/7wWwrQB.jpg</thumbnail>
	<fanart>special://home/addons/plugin.video.thevault/fanart.jpg</fanart>
</plugin>

 <plugin>
	<title>[B][COLOR ff304ffe]• [COLORwhite][BMUSIC VIDEOS OF THE 00s (385][/B][/COLOR]</title>
	<link>plugin://plugin.video.youtube/playlist/PLpuDUpB0osJmZQ0a3n6imXirSu0QAZIqF/</link>
	<thumbnail>https://i.imgur.com/MiQGnhH.jpg</thumbnail>
	<fanart>special://home/addons/plugin.video.thevault/fanart.jpg</fanart>
</plugin>

 <plugin>
	<title>[B][COLOR ff304ffe]• [COLORwhite][B]MUSIC VIDEOS 2019 PLAYLIST  (241)[/B][/COLOR]</title>
	<link>plugin://plugin.video.youtube/playlist/PL4o29bINVT4ECr8O6FU3PzXh2NX8_JE2-/</link>
	<thumbnail>https://i.imgur.com/GbUNJYE.png</thumbnail>
	<fanart>special://home/addons/plugin.video.thevault/fanart.jpg</fanart>
</plugin>

 <plugin>
	<title>[B][COLOR ff304ffe]• [COLORwhite][B]ROCK CLASSICS MUSIC VIDEOS (132)[/B][/COLOR] </title>
	<link>plugin://plugin.video.youtube/playlist/PLBD5pRttJ7N0vCfh4NpEg7Vw47hfeCxuE/</link>
	<thumbnail>https://i.imgur.com/sK32VNr.jpg</thumbnail>
	<fanart>special://home/addons/plugin.video.thevault/fanart.jpg</fanart>
</plugin>

 <plugin>
	<title>[B][COLOR ff304ffe]• [COLORwhite][B]INDIE  AND ALTERNATIVE PLAYLIST (50)[/B][/COLOR]</title>
	<link>plugin://plugin.video.youtube/playlist/PLkqz3S84Tw-Sf_46j-O6XyLw-oPWfppal/</link>
	<thumbnail>https://i.imgur.com/3gebwHr.jpg</thumbnail>
	<fanart>special://home/addons/plugin.video.thevault/fanart.jpg</fanart>
</plugin>

 <plugin>
	<title>[B][COLOR ff304ffe]• [COLORwhite][B] R & B PLAYLIST (416)[/B][/COLOR]</title>
	<link>plugin://plugin.video.youtube/playlist/PLFbWuc6jwPGeqFkoDBq87CcmlurwrlEGv/</link>
	<thumbnail>https://i.imgur.com/uDBSvFh.jpg</thumbnail>
	<fanart>special://home/addons/plugin.video.thevault/fanart.jpg</fanart>
</plugin>

 <plugin>
	<title>[B][COLOR ff304ffe]• [COLORwhite][B]Best Pop Music Videos  -   Udated Weekly[/B][/COLOR] </title>
	<link>plugin://plugin.video.youtube/playlist/PLMC9KNkIncKtGvr2kFRuXBVmBev6cAJ2u/</link>
	<thumbnail>https://i.imgur.com/ILXMMN8.png</thumbnail>
	<fanart>special://home/addons/plugin.video.thevault/fanart.jpg</fanart>
</plugin>

 <plugin>
	<title>[B][COLOR ff304ffe]• [COLORwhite][B]Top Trending Music Videos 2020[/B][/COLOR]</title>
	<link>plugin://plugin.video.youtube/playlist/PLw-VjHDlEOgvWPpRBs9FRGgJcKpDimTqf/</link>
	<thumbnail>https://i.imgur.com/Xf3Wqbw.png</thumbnail>
	<fanart>special://home/addons/plugin.video.thevault/fanart.jpg</fanart>
</plugin>

 <plugin>
	<title>[B][COLOR ff304ffe]• [COLORwhite][B]Best Dance Songs 2019[/B][/COLOR] </title>
	<link>plugin://plugin.video.youtube/playlist/PL-QvSRz8uhNF-l-oeezLtml1bEmXBd9fa/</link>
	<thumbnail>https://i.imgur.com/qYm9SoJ.png</thumbnail>
	<fanart>special://home/addons/plugin.video.thevault/fanart.jpg</fanart>
</plugin>

 <plugin>
	<title>[B][COLOR ff304ffe]• [COLORwhite][B]Zumba Dance Fitness[/B][/COLOR] </title>
	<link>plugin://plugin.video.youtube/playlist/PLpTzWtYX-XYTIipJ1lp9NoWSEEgOiVuxf/</link>
	<thumbnail>https://i.imgur.com/kioWJJr.png</thumbnail>
	<fanart>special://home/addons/plugin.video.thevault/fanart.jpg</fanart>
</plugin>

<plugin>
	<title>[B][COLOR ff304ffe]• [COLORwhite][B] ONE HIT WONDERS[/B][/COLOR]</title>
	<link>plugin://plugin.video.youtube/playlist/PLHBq_GM3XFBF8vtA7fUUDN_lU0_I7L7QH/</link>
	<thumbnail>https://i.imgur.com/cFFNBCJ.png</thumbnail>
	<fanart>special://home/addons/plugin.video.thevault/fanart.jpg</fanart>
</plugin>

<plugin>
	<title>[B][COLOR ff304ffe]• [COLORwhite][B]00s Rap Hits[/B][/COLOR]</title>
	<link>plugin://plugin.video.youtube/playlist/PLkqz3S84Tw-R_DiaZHsYkB_k3-tWcM7CZ/</link>
	<thumbnail>https://i.imgur.com/cFFNBCJ.png</thumbnail>
	<fanart>special://home/addons/plugin.video.thevault/fanart.jpg</fanart>
</plugin>

<plugin>
	<title>[B][COLOR ff304ffe]• [COLORwhite][B]Pop Punk & Pizza Crusts[/B][/COLOR]</title>
	<link>plugin://plugin.video.youtube/playlist/PLkqz3S84Tw-RKbguLI9CdsxQdlNDBnk2w/</link>
	<thumbnail>https://i.imgur.com/cFFNBCJ.png</thumbnail>
	<fanart>special://home/addons/plugin.video.thevault/fanart.jpg</fanart>
</plugin>

<plugin>
	<title>[B][COLOR ff304ffe]• [COLORwhite][B]Dreamy Alt Pop[/B][/COLOR]</title>
	<link>plugin://plugin.video.youtube/playlist/PLkqz3S84Tw-Qu8q7meaiXYpBHp-wldz2T/</link>
	<thumbnail>https://i.imgur.com/cFFNBCJ.png</thumbnail>
	<fanart>special://home/addons/plugin.video.thevault/fanart.jpg</fanart>
</plugin>

<plugin>
	<title>[B][COLOR ff304ffe]• [COLORwhite][B]Fresh HIP-HOP & RAP [/B][/COLOR]</title>
	<link>plugin://plugin.video.youtube/playlist/PLkqz3S84Tw-TjG0EAeZLqarp1DQ7w5ByC/</link>
	<thumbnail>https://i.imgur.com/cFFNBCJ.png</thumbnail>
	<fanart>special://home/addons/plugin.video.thevault/fanart.jpg</fanart>
</plugin>

<plugin>
	<title>[B][COLOR ff304ffe]• [COLORwhite][B]Latest R&B Tunes Playlist 2019[/B][/COLOR]</title>
	<link>plugin://plugin.video.youtube/playlist/PLkqz3S84Tw-QYDfzAUFH3Gk7WodTR-1b2/</link>
	<thumbnail>https://i.imgur.com/cFFNBCJ.png</thumbnail>
	<fanart>special://home/addons/plugin.video.thevault/fanart.jpg</fanart>
</plugin>

<plugin>
	<title>[B][COLOR ff304ffe]• [COLORwhite][B]All New INDIE Playlist[/B][/COLOR]</title>
	<link>plugin://plugin.video.youtube/playlist/PLkqz3S84Tw-Sf_46j-O6XyLw-oPWfppal/</link>
	<thumbnail>https://i.imgur.com/cFFNBCJ.png</thumbnail>
	
	<plugin>
	<title>[B][COLOR ff304ffe]• [COLORwhite][B]New Jazz & Soul Playlist 2019[/B][/COLOR]</title>
	<link>plugin://plugin.video.youtube/playlist/PLkqz3S84Tw-TMjUl6jDkT5BrpJk-YLBuj/</link>
	<thumbnail>https://i.imgur.com/cFFNBCJ.png</thumbnail>
	<fanart>special://home/addons/plugin.video.thevault/fanart.jpg</fanart>
</plugin>

<plugin>
	<title>[B][COLOR ff304ffe]• [COLORwhite][B]2019 DANCE POP Hits US[/B][/COLOR]</title>
	<link>plugin://plugin.video.youtube/playlist/PLkqz3S84Tw-Q2iL3f8nysy4rsbQ1qpmOS/</link>
	<thumbnail>https://i.imgur.com/cFFNBCJ.png</thumbnail>
	<fanart>special://home/addons/plugin.video.thevault/fanart.jpg</fanart>
</plugin>

<plugin>
	<title>[B][COLOR ff304ffe]• [COLORwhite][B]Old School Hip-Hop - 80s & 90s[/B][/COLOR]</title>
	<link>plugin://plugin.video.youtube/playlist/PLkqz3S84Tw-QikEysvE3mPoB6qqXCHGwu/</link>
	<thumbnail>https://i.imgur.com/cFFNBCJ.png</thumbnail>
	<fanart>special://home/addons/plugin.video.thevault/fanart.jpg</fanart>
</plugin>

<plugin>
	<title>[B][COLOR ff304ffe]• [COLORwhite][B]Iconic Indie Anthems[/B][/COLOR]</title>
	<link>plugin://plugin.video.youtube/playlist/PLkqz3S84Tw-TOYvWRIssV0WD62uxVeegp/</link>
	<thumbnail>https://i.imgur.com/cFFNBCJ.png</thumbnail>
	<fanart>special://home/addons/plugin.video.thevault/fanart.jpg</fanart>
</plugin>

<plugin>
	<title>[B][COLOR ff304ffe]• [COLORwhite][B]Nuevo Pop Latino Hits 2019[/B][/COLOR]</title>
	<link>plugin://plugin.video.youtube/playlist/PLkqz3S84Tw-T-Y50mzbb6KMHsXWmARnhr/</link>
	<thumbnail>https://i.imgur.com/cFFNBCJ.png</thumbnail>
	<fanart>special://home/addons/plugin.video.thevault/fanart.jpg</fanart>
</plugin>

<plugin>
	<title>[B][COLOR ff304ffe]• [COLORwhite][B]Best New ROCK Videos 2019[/B][/COLOR]</title>
	<link>plugin://plugin.video.youtube/playlist/PLkqz3S84Tw-S6TraCQK_24MxjjwvsbE7T/</link>
	<thumbnail>https://i.imgur.com/cFFNBCJ.png</thumbnail>
	<fanart>special://home/addons/plugin.video.thevault/fanart.jpg</fanart>
</plugin>

<plugin>
	<title>[B][COLOR ff304ffe]• [COLORwhite][B]Top ROCK Hits Playlist 2019 UK[/B][/COLOR]</title>
	<link>plugin://plugin.video.youtube/playlist/PLkqz3S84Tw-TLUOQbX4pSg21x6pEGeMAz/</link>
	<thumbnail>https://i.imgur.com/cFFNBCJ.png</thumbnail>
	<fanart>special://home/addons/plugin.video.thevault/fanart.jpg</fanart>
	</plugin>
	
	<plugin>
	<title>[B][COLOR ff304ffe]• [COLORwhite][B]New DANCE Beats Playlist 2019[/B][/COLOR]</title>
	<link>plugin://plugin.video.youtube/playlist/PLkqz3S84Tw-SGSkKPXPVARuqMWckmBagr/</link>
	<thumbnail>https://i.imgur.com/cFFNBCJ.png</thumbnail>
	<fanart>special://home/addons/plugin.video.thevault/fanart.jpg</fanart>
</plugin>

<plugin>
	<title>[B][COLOR ff304ffe]• [COLORwhite][B]Best Music 2019 - 2020[/B][/COLOR]</title>
	<link>plugin://plugin.video.youtube/playlist/PL3oW2tjiIxvQ1BZS58qtot3-p-lD32oWT/</link>
	<thumbnail>https://i.imgur.com/cFFNBCJ.png</thumbnail>
	<fanart>special://home/addons/plugin.video.thevault/fanart.jpg</fanart>
</plugin>

<plugin>
	<title>[B][COLOR ff304ffe]• [COLORwhite][B]Dance Charts 2019 - 2020 [/B][/COLOR]</title>
	<link>plugin://plugin.video.youtube/playlist/PL6Go6XFhidEAH6LrK-RKxR5xwhdZ0g4vm/</link>
	<thumbnail>https://i.imgur.com/cFFNBCJ.png</thumbnail>
	<fanart>special://home/addons/plugin.video.thevault/fanart.jpg</fanart>
</plugin>




 
