<plugin>
	<title>[B][COLOR ffffef00]• [/COLOR][/B][COLORorange][B]NORTHERN SOUL PLAYLIST 1[/B][/COLOR]</title>
	<link>plugin://plugin.video.youtube/playlist/PL9b1CZXamNMdRJ4Bs-8XCBIZWJF1aiHyZ/</link>
	<thumbnail>https://i.imgur.com/kERnGAK.png</thumbnail>
	<fanart>special://home/addons/plugin.video.thevault/fanart.jpg</fanart>
</plugin>

<plugin>
	<title>[B][COLOR ffffef00]• [/COLOR][/B][COLORorange][B]NORTHERN SOUL STOMPERS[/B][/COLOR]</title>
	<link>plugin://plugin.video.youtube/playlist/PLfMaV_DTTyta-hFFXFtw0OyeNqRUfOx9x/</link>
	<thumbnail>https://i.imgur.com/kERnGAK.png</thumbnail>
	<fanart>special://home/addons/plugin.video.thevault/fanart.jpg</fanart>
</plugin>

<plugin>
	<title>[B][COLOR ffffef00]• [/COLOR][/B][COLORorange][B]Northern Soul, Memorys Of Wigan Casino (1,096)Videos[/B][/COLOR]</title>
	<link>plugin://plugin.video.youtube/playlist/PL1BC05561ACAF455/</link>
	<thumbnail>https://i.imgur.com/kERnGAK.png</thumbnail>
	<fanart>special://home/addons/plugin.video.thevault/fanart.jpg</fanart>
</plugin>

<plugin>
	<title>[B][COLOR ffffef00]• [/COLOR][/B][COLORorange][B]RARE NORTHERN SOUL COLLECTION[/B][/COLOR]</title>
	<link>plugin://plugin.video.youtube/playlist/PLlQCfHrNSSv-dlzsCZjxoDBhy9A3iiVgG/</link>
	<thumbnail>https://i.imgur.com/kERnGAK.png</thumbnail>
	<fanart>special://home/addons/plugin.video.thevault/fanart.jpg</fanart>
</plugin>

<plugin>
	<title>[B][COLOR ffffef00]• [/COLOR][/B][COLORorange][B]NORTHERN SOUL  45s COLLECTION[/B][/COLOR]</title>
	<link>plugin://plugin.video.youtube/playlist/PLI1MNcjn02IoNMFtz5nN8Pga1I2sypIx0/</link>
	<thumbnail>https://i.imgur.com/kERnGAK.png</thumbnail>
	<fanart>special://home/addons/plugin.video.thevault/fanart.jpg</fanart>
</plugin>

<plugin>
	<title>[B][COLOR ffffef00]• [/COLOR][/B][COLORorange][B]Northern Soul: The Collection[/B][/COLOR]</title>
	<link>plugin://plugin.video.youtube/playlist/OLAK5uy_nHie_6RyBuy0THU2CmeyD8sy8sSw4xpqI/</link>
	<thumbnail>https://m.media-amazon.com/images/I/81PIS0Uy66L._SS500_.jpg</thumbnail>
	<fanart>special://home/addons/plugin.video.thevault/fanart.jpg</fanart>
</plugin>

<plugin>
	<title>[B][COLOR ffffef00]• [/COLOR][/B][COLORorange][B]Northern Soul - ALL NIGHTERS[/B][/COLOR]</title>
	<link>plugin://plugin.video.youtube/playlist/PLXoMW4h1G46NcDYFTk45MmQ9ZIV3I1Svk/</link>
	<thumbnail>https://images-na.ssl-images-amazon.com/images/I/61CYOer9nyL._AC_SL1200_.jpg</thumbnail>
	<fanart>special://home/addons/plugin.video.thevault/fanart.jpg</fanart>
</plugin>

<plugin>
	<title>[B][COLOR ffffef00]• [/COLOR][/B][COLORorange][B]NORTHERN SOUL DOCUMENTARIES & Clips [/B][/COLOR]</title>
	<link>plugin://plugin.video.youtube/playlist/PLSzasSqWvmmjf8tvdMExvVayGT5W558Fd/</link>
	<thumbnail>https://i.imgur.com/kERnGAK.png</thumbnail>
	<fanart>special://home/addons/plugin.video.thevault/fanart.jpg</fanart>
</plugin>

<plugin>
	<title>[B][COLOR ffffef00]• [/COLOR][/B][COLORorange][B]NORTHERN SOUL THE DANCES & DANCERS[/B][/COLOR]</title>
	<link>plugin://plugin.video.youtube/playlist/PLFq2YEzLx0LnhMbSETJleNziQ2IZLfgc4/</link>
	<thumbnail>https://i.imgur.com/kERnGAK.png</thumbnail>
	<fanart>special://home/addons/plugin.video.thevault/fanart.jpg</fanart>
</plugin>

