<plugin>
	<title>[B][COLOR ffffef00]• [/COLOR][/B][COLORorange][B]Now That’s What I Call Music 1[/B][/COLOR]</title>
	<link>plugin://plugin.video.youtube/playlist/PLSDFo3uefkViQiBE1boD4E1lkT-L0tval/</link>
	<thumbnail>https://images-na.ssl-images-amazon.com/images/I/81ap%2BWRt1xL._SL1500_.jpg</thumbnail>
	<fanart>special://home/addons/plugin.video.thevault/fanart.jpg</fanart>
</plugin>

<plugin>
	<title>[B][COLOR ffffef00]• [/COLOR][/B][COLORorange][B]Now That's What I Call Music 2[/B][/COLOR]</title>
	<link>plugin://plugin.video.youtube/playlist/PLqf3vdDTch5eIprOE5UW22JYVeF2H3DZQ/</link>
	<thumbnail>https://images-na.ssl-images-amazon.com/images/I/91tgAVeQp4L._SL1500_.jpg</thumbnail>
	<fanart>special://home/addons/plugin.video.thevault/fanart.jpg</fanart>
</plugin>	

<plugin>
	<title>[B][COLOR ffffef00]• [/COLOR][/B][COLORorange][B]Now That's What I Call Music! 3[/B][/COLOR]</title>
	<link>plugin://plugin.video.youtube/playlist/PL2BiE_4h8Tpx5gH-aLL2fPHEDIQuNdOO7/</link>
	<thumbnail>https://images-na.ssl-images-amazon.com/images/I/A1Hvv-pOUdL._SL1500_.jpg</thumbnail>
	<fanart>special://home/addons/plugin.video.thevault/fanart.jpg</fanart>
</plugin>



<plugin>
	<title>[B][COLOR ffffef00]• [/COLOR][/B][COLORorange][B]Now that's what I call music 4[/B][/COLOR]</title>
	<link>plugin://plugin.video.youtube/playlist/PLC134EF07843F8E12/</link>
	<thumbnail>https://images-na.ssl-images-amazon.com/images/I/91ZIq4ZSxRL._SL1500_.jpg</thumbnail>
	<fanart>special://home/addons/plugin.video.thevault/fanart.jpg</fanart>
</plugin>

<plugin>
	<title>[B][COLOR ffffef00]• [/COLOR][/B][COLORorange][B]Now That's What I Call Music Vol.5[/B][/COLOR]</title>
	<link>plugin://plugin.video.youtube/playlist/PL0F21A53AF61D1FB7/</link>
	<thumbnail>https://images-na.ssl-images-amazon.com/images/I/41PHJ73BBSL.jpg</thumbnail>
	<fanart>special://home/addons/plugin.video.thevault/fanart.jpg</fanart>
</plugin>

<plugin>
	<title>[B][COLOR ffffef00]• [/COLOR][/B][COLORorange][B]Now That's What I Call Music Vol.6[/B][/COLOR]</title>
	<link>plugin://plugin.video.youtube/playlist/PL469DC54E90251585/</link>
	<thumbnail>https://i.imgur.com/4cKYmXA.jpg</thumbnail>
	<fanart>special://home/addons/plugin.video.thevault/fanart.jpg</fanart>
</plugin>

<plugin>
	<title>[B][COLOR ffffef00]• [/COLOR][/B][COLORorange][B]Now That's What I Call Music 7[/B][/COLOR]</title>
	<link>plugin://plugin.video.youtube/playlist/PL6Z-l9iL9V02f4s7eTwOOHLICG_pMp-bi/</link>
	<thumbnail>https://images-na.ssl-images-amazon.com/images/I/51d%2BrRfU3xL.jpg</thumbnail>
	<fanart>special://home/addons/plugin.video.thevault/fanart.jpg</fanart>
</plugin>

<plugin>
	<title>[B][COLOR ffffef00]• [/COLOR][/B][COLORorange][B]Now That's What I Call Music! 8[/B][/COLOR]</title>
	<link>plugin://plugin.video.youtube/playlist/PL2BiE_4h8TpzglEey9QQK56Pk_kc0D_Ll/</link>
	<thumbnail>https://images-na.ssl-images-amazon.com/images/I/5171D0WEGVL.jpg</thumbnail>
	<fanart>special://home/addons/plugin.video.thevault/fanart.jpg</fanart>
</plugin>

<plugin>
	<title>[B][COLOR ffffef00]• [/COLOR][/B][COLORorange][B]Now That's What I Call Music Vol.9[/B][/COLOR]</title>
	<link>plugin://plugin.video.youtube/playlist/PLAAB55DE564DDB852/</link>
	<thumbnail>https://i.imgur.com/ikNqIoC.jpg</thumbnail>
	<fanart>special://home/addons/plugin.video.thevault/fanart.jpg</fanart>
</plugin>

<plugin>
	<title>[B][COLOR ffffef00]• [/COLOR][/B][COLORorange][B]Now That’s What I Call Music! 10[/B][/COLOR]</title>
	<link>plugin://plugin.video.youtube/playlist/PLGQ0UcnwJRN0vlWtPCvCddvpVv-_RJXik/</link>
	<thumbnail>https://i.imgur.com/2GUZse7.jpg</thumbnail>
	<fanart>special://home/addons/plugin.video.thevault/fanart.jpg</fanart>
</plugin>

<plugin>
	<title>[B][COLOR ffffef00]• [/COLOR][/B][COLORorange][B]Now thats what I call music 11[/B][/COLOR]</title>
	<link>plugin://plugin.video.youtube/playlist/PLe_aExlm6LzI-bHdvaznqY9HaN0uccsWY/</link>
	<thumbnail>https://images-na.ssl-images-amazon.com/images/I/41311YHWXYL.jpg</thumbnail>
	<fanart>special://home/addons/plugin.video.thevault/fanart.jpg</fanart>
</plugin>

	<plugin>
	<title>[B][COLOR ffffef00]• [/COLOR][/B][COLORorange][B]Now That's What I Call Music Vol.12[/B][/COLOR]</title>
	<link>plugin://plugin.video.youtube/playlist/PLDouWbMQEftHsFyHSBua-RZLFsx--Cu4U/</link>
	<thumbnail>https://i.imgur.com/b2Oe3CL.jpg</thumbnail>
	<fanart>special://home/addons/plugin.video.thevault/fanart.jpg</fanart>
</plugin>

<plugin>
	<title>[B][COLOR ffffef00]• [/COLOR][/B][COLORorange][B]Now That's What I Call Music 13[/B][/COLOR]</title>
	<link>plugin://plugin.video.youtube/playlist/PLP1Y3xiNAKkuhumMQUsCZocF-SaS7uIAC/</link>
	<thumbnail>https://i.imgur.com/l40jsof.jpg</thumbnail>
	<fanart>special://home/addons/plugin.video.thevault/fanart.jpg</fanart>
</plugin>

<plugin>
	<title>[B][COLOR ffffef00]• [/COLOR][/B][COLORorange][B]Now That's What I Call Music! 14[/B][/COLOR]</title>
	<link>plugin://plugin.video.youtube/playlist/PL2BiE_4h8TpwA_Vs7CmADdM8TWsnmH9L8/</link>
	<thumbnail>https://images-na.ssl-images-amazon.com/images/I/61V19mXGOiL.jpg</thumbnail>
	<fanart>special://home/addons/plugin.video.thevault/fanart.jpg</fanart>
</plugin>

<plugin>
	<title>[B][COLOR ffffef00]• [/COLOR][/B][COLORorange][B]Now thats what i call music 15[/B][/COLOR]</title>
	<link>plugin://plugin.video.youtube/playlist/PLsqB7ljSBkucly4zjjGca9PUDCvrdd4F1/</link>
	<thumbnail>https://i.imgur.com/MoadWek.jpg</thumbnail>
	<fanart>special://home/addons/plugin.video.thevault/fanart.jpg</fanart>
</plugin>

<plugin>
	<title>[B][COLOR ffffef00]• [/COLOR][/B][COLORorange][B]Now That's What I Call Music 16[/B][/COLOR]</title>
	<link>plugin://plugin.video.youtube/playlist/PLP1Y3xiNAKkug6YZSWuszc3nrXMxImP0T/</link>
	<thumbnail>https://i.imgur.com/V0buJrm.jpg</thumbnail>
	<fanart>special://home/addons/plugin.video.thevault/fanart.jpg</fanart>
</plugin>	

<plugin>
	<title>[B][COLOR ffffef00]• [/COLOR][/B][COLORorange][B]Now That's What I Call Music! 17[/B][/COLOR]</title>
	<link>plugin://plugin.video.youtube/playlist/PLGQ0UcnwJRN2YFTPvcFdlEqPk2X50EtsC/</link>
	<thumbnail>https://images-na.ssl-images-amazon.com/images/I/61ZDN74TTRL.jpg</thumbnail>
	<fanart>special://home/addons/plugin.video.thevault/fanart.jpg</fanart>
</plugin>

<plugin>
	<title>[B][COLOR ffffef00]• [/COLOR][/B][COLORorange][B]Now That's What I Call Music! 18[/B][/COLOR]</title>
	<link>plugin://plugin.video.youtube/playlist/PLsqB7ljSBkudm8Kc21ML3S8Ywwm8POK_n/</link>
	<thumbnail>https://i.imgur.com/oVRWw7C.jpg</thumbnail>
	<fanart>special://home/addons/plugin.video.thevault/fanart.jpg</fanart>
</plugin>

<plugin>
	<title>[B][COLOR ffffef00]• [/COLOR][/B][COLORorange][B]Now That's What I Call Music! 19[/B][/COLOR]</title>
	<link>plugin://plugin.video.youtube/playlist/PLGQ0UcnwJRN3nlqZfg3GzdnJRu7tXbDvP/</link>
	<thumbnail>https://images-na.ssl-images-amazon.com/images/I/61AMZA9HKDL.jpg</thumbnail>
	<fanart>special://home/addons/plugin.video.thevault/fanart.jpg</fanart>
</plugin>

<plugin>
	<title>[B][COLOR ffffef00]• [/COLOR][/B][COLORorange][B]Now That's What I Call Music! 20[/B][/COLOR]</title>
	<link>plugin://plugin.video.youtube/playlist/PLP1Y3xiNAKkvYyHd7bmpd0B8gHTxvcYdL/</link>
	<thumbnail>https://images-na.ssl-images-amazon.com/images/I/61K8V91TJEL.jpg</thumbnail>
	<fanart>special://home/addons/plugin.video.thevault/fanart.jpg</fanart>
</plugin>

<plugin>
	<title>[B][COLOR ffffef00]• [/COLOR][/B][COLORorange][B]Now That's What I Call Music 21[/B][/COLOR]</title>
	<link>plugin://plugin.video.youtube/playlist/PLP1Y3xiNAKktUOg36k5y3pOnHh9gmoXsn/</link>
	<thumbnail>https://images-na.ssl-images-amazon.com/images/I/41aAVS7y34L.jpg</thumbnail>
	<fanart>special://home/addons/plugin.video.thevault/fanart.jpg</fanart>
</plugin>

<plugin>
	<title>[B][COLOR ffffef00]• [/COLOR][/B][COLORorange][B]Now That's What I Call Music! 22[/B][/COLOR]</title>
	<link>plugin://plugin.video.youtube/playlist/PLU2xNh0BeCUhEVLj3S78WNag9O-Hpm8ad/</link>
	<thumbnail>https://images-na.ssl-images-amazon.com/images/I/81PEYqI91SL._SL1500_.jpg</thumbnail>
	<fanart>special://home/addons/plugin.video.thevault/fanart.jpg</fanart>
</plugin>

<plugin>
	<title>[B][COLOR ffffef00]• [/COLOR][/B][COLORorange][B]Now That's What I Call Music! 23[/B][/COLOR]</title>
	<link>plugin://plugin.video.youtube/playlist/PLsqB7ljSBkufEHqSjQJmedoixNkWNtQBO/</link>
	<thumbnail>https://images-na.ssl-images-amazon.com/images/I/61rw5sxjqPL._SL1280_.jpg</thumbnail>
	<fanart>special://home/addons/plugin.video.thevault/fanart.jpg</fanart>
</plugin>

<plugin>
	<title>[B][COLOR ffffef00]• [/COLOR][/B][COLORorange][B]Now That's What I Call Music Vol.24[/B][/COLOR]</title>
	<link>plugin://plugin.video.youtube/playlist/PLDouWbMQEftFLmCbJNnxBqo925x89tJci/</link>
	<thumbnail>https://images-na.ssl-images-amazon.com/images/I/61jzcDV6YaL.jpg</thumbnail>
	<fanart>special://home/addons/plugin.video.thevault/fanart.jpg</fanart>
</plugin>

<plugin>
	<title>[B][COLOR ffffef00]• [/COLOR][/B][COLORorange][B]Now That's What I Call Music! 25[/B][/COLOR]</title>
	<link>plugin://plugin.video.youtube/playlist/PLsqB7ljSBkuexkNUk-eaT0nS9KAZPGMD7/</link>
	<thumbnail>https://images-na.ssl-images-amazon.com/images/I/51WxEeTnzzL.jpg</thumbnail>
	<fanart>special://home/addons/plugin.video.thevault/fanart.jpg</fanart>
</plugin>

<plugin>
	<title>[B][COLOR ffffef00]• [/COLOR][/B][COLORorange][B]Now That's What I Call Music! 26[/B][/COLOR]</title>
	<link>plugin://plugin.video.youtube/playlist/PLsqB7ljSBkuesJ07Bxz6eiLcIaIz7xYXv/</link>
	<thumbnail>https://images-na.ssl-images-amazon.com/images/I/61mNwWWBFaL.jpg</thumbnail>
	<fanart>special://home/addons/plugin.video.thevault/fanart.jpg</fanart>
</plugin>	

<plugin>
	<title>[B][COLOR ffffef00]• [/COLOR][/B][COLORorange][B]Now That's What I Call Music! 27[/B][/COLOR]</title>
	<link>plugin://plugin.video.youtube/playlist/PLsqB7ljSBkuecopwcuVGcYAJO4qvz3XA3/</link>
	<thumbnail>https://images-na.ssl-images-amazon.com/images/I/511a-t5gmHL.jpg</thumbnail>
	<fanart>special://home/addons/plugin.video.thevault/fanart.jpg</fanart>
</plugin>

<plugin>
	<title>[B][COLOR ffffef00]• [/COLOR][/B][COLORorange][B]Now That's What I Call Music! 28[/B][/COLOR]</title>
	<link>plugin://plugin.video.youtube/playlist/PLsqB7ljSBkufIxPcOdmwnxGfSRZgDGOe3/</link>
	<thumbnail>https://images-na.ssl-images-amazon.com/images/I/613mfjp6TKL.jpg</thumbnail>
	<fanart>special://home/addons/plugin.video.thevault/fanart.jpg</fanart>
</plugin>

<plugin>
	<title>[B][COLOR ffffef00]• [/COLOR][/B][COLORorange][B]Now That's What I Call Music! 29[/B][/COLOR]</title>
	<link>plugin://plugin.video.youtube/playlist/PLsqB7ljSBkucC3zgKZF3S4EiZ45PUmx-/</link>
	<thumbnail>https://images-na.ssl-images-amazon.com/images/I/51fenE0RUbL.jpg</thumbnail>
	<fanart>special://home/addons/plugin.video.thevault/fanart.jpg</fanart>
</plugin>

<plugin>
	<title>[B][COLOR ffffef00]• [/COLOR][/B][COLORorange][B]Now That's What I Call Music! Vol.30[/B][/COLOR]</title>
	<link>plugin://plugin.video.youtube/playlist/PLDouWbMQEftEEeKB6GcLaDQbypvob4e10/</link>
	<thumbnail>https://images-na.ssl-images-amazon.com/images/I/61NQu10sd4L.jpg</thumbnail>
	<fanart>special://home/addons/plugin.video.thevault/fanart.jpg</fanart>
</plugin>

<plugin>
	<title>[B][COLOR ffffef00]• [/COLOR][/B][COLORorange][B]Now That's What I Call Music! 31[/B][/COLOR]</title>
	<link>plugin://plugin.video.youtube/playlist/PLsqB7ljSBkuevnNzpL3R_p6BEV_u1r3aZ/</link>
	<thumbnail>https://images-na.ssl-images-amazon.com/images/I/71Nx4MROVtL._SL1050_.jpg</thumbnail>
	<fanart>special://home/addons/plugin.video.thevault/fanart.jpg</fanart>
</plugin>

<plugin>
	<title>[B][COLOR ffffef00]• [/COLOR][/B][COLORorange][B]Now That's What I Call Music! 32[/B][/COLOR]</title>
	<link>plugin://plugin.video.youtube/playlist/PLsqB7ljSBkudmCDLFhy2slnXN3gVUuGrm/</link>
	<thumbnail>https://images-na.ssl-images-amazon.com/images/I/81V-K4qPNTL._SL1500_.jpg</thumbnail>
	<fanart>special://home/addons/plugin.video.thevault/fanart.jpg</fanart>
</plugin>


<plugin>
	<title>[B][COLOR ffffef00]• [/COLOR][/B][COLORorange][B]Now That's What I Call Music! 33[/B][/COLOR]</title>
	<link>plugin://plugin.video.youtube/playlist/PLsqB7ljSBkud2zZR9oVu2XGjZ8aDNlIVX/</link>
	<thumbnail>https://images-na.ssl-images-amazon.com/images/I/91u9LoIsh9L._SL1500_.jpg</thumbnail>
	<fanart>special://home/addons/plugin.video.thevault/fanart.jpg</fanart>
</plugin>

<plugin>
	<title>[B][COLOR ffffef00]• [/COLOR][/B][COLORorange][B]Now That's What I Call Music! 34[/B][/COLOR]</title>
	<link>plugin://plugin.video.youtube/playlist/PLsqB7ljSBkufvOUAC7Wbr5_Ik_XsnjD_X/</link>
	<thumbnail>https://images-na.ssl-images-amazon.com/images/I/819wK3hJnoL._SL1090_.jpg</thumbnail>
	<fanart>special://home/addons/plugin.video.thevault/fanart.jpg</fanart>
</plugin>

<plugin>
	<title>[B][COLOR ffffef00]• [/COLOR][/B][COLORorange][B]Now That's What I Call Music! 35[/B][/COLOR]</title>
	<link>plugin://plugin.video.youtube/playlist/PLsqB7ljSBkucOpSfwBvSGo-oNiGJ3ALJi/</link>
	<thumbnail>https://images-na.ssl-images-amazon.com/images/I/51FlwO06jvL.jpg</thumbnail>
	<fanart>special://home/addons/plugin.video.thevault/fanart.jpg</fanart>
</plugin>

<plugin>
	<title>[B][COLOR ffffef00]• [/COLOR][/B][COLORorange][B]Now That's What I Call Music! 36[/B][/COLOR]</title>
	<link>plugin://plugin.video.youtube/playlist/PLsqB7ljSBkufqYFkLc4cBF6CkHzDBxnYx/</link>
	<thumbnail>https://images-na.ssl-images-amazon.com/images/I/81rnwKnBNxL._SL1408_.jpg</thumbnail>
	<fanart>special://home/addons/plugin.video.thevault/fanart.jpg</fanart>
</plugin>

<plugin>
	<title>[B][COLOR ffffef00]• [/COLOR][/B][COLORorange][B]Now That's What I Call Music! 37[/B][/COLOR]</title>
	<link>plugin://plugin.video.youtube/playlist/PLDouWbMQEftEcdNjhvM5YeVvXSl9nxOaU/</link>
	<thumbnail>https://images-na.ssl-images-amazon.com/images/I/8154Vw2nc%2BL._SL1500_.jpg</thumbnail>
	<fanart>special://home/addons/plugin.video.thevault/fanart.jpg</fanart>
</plugin>

	<plugin>
	<title>[B][COLOR ffffef00]• [/COLOR][/B][COLORorange][B]Now That's What I Call Music! 38[/B][/COLOR]</title>
	<link>plugin://plugin.video.youtube/playlist/PLsqB7ljSBkuex2YFNUhqHTEPU4PXMz6Gz/</link>
	<thumbnail>https://images-na.ssl-images-amazon.com/images/I/A1BE0KDKdcL._SL1500_.jpg</thumbnail>
	<fanart>special://home/addons/plugin.video.thevault/fanart.jpg</fanart>
</plugin>

<plugin>
	<title>[B][COLOR ffffef00]• [/COLOR][/B][COLORorange][B]Now That's What I Call Music! 39[/B][/COLOR]</title>
	<link>plugin://plugin.video.youtube/playlist/PLsqB7ljSBkueDzyERVqcAdh2C-aiTmBXY/</link>
	<thumbnail>https://images-na.ssl-images-amazon.com/images/I/A1pYkhzsNcL._SL1500_.jpg</thumbnail>
	<fanart>special://home/addons/plugin.video.thevault/fanart.jpg</fanart>
</plugin>


<plugin>
	<title>[B][COLOR ffffef00]• [/COLOR][/B][COLORorange][B]NOW THATS WHAT i CALL MUSIC 40[/B][/COLOR]</title>
	<link>plugin://plugin.video.youtube/playlist/PL1h8do6DyqVMWIR4s3ppNF64_M0y42wW2/</link>
	<thumbnail>https://images-na.ssl-images-amazon.com/images/I/81MqMK-%2B4RL._SL1500_.jpg</thumbnail>
	<fanart>special://home/addons/plugin.video.thevault/fanart.jpg</fanart>
</plugin>

<plugin>
	<title>[B][COLOR ffffef00]• [/COLOR][/B][COLORorange][B]Now That's What I Call Music! 41[/B][/COLOR]</title>
	<link>plugin://plugin.video.youtube/playlist/PLsqB7ljSBkuc7rHY6_l1khV-rG_Tie81e/</link>
	<thumbnail>https://images-na.ssl-images-amazon.com/images/I/41GHKJWYXHL.jpg</thumbnail>
	<fanart>special://home/addons/plugin.video.thevault/fanart.jpg</fanart>
</plugin>

<plugin>
	<title>[B][COLOR ffffef00]• [/COLOR][/B][COLORorange][B]Now That's What I Call Music! 42[/B][/COLOR]</title>
	<link>plugin://plugin.video.youtube/playlist/PLsqB7ljSBkufUxVPOQxyTkistak74Si_S/</link>
	<thumbnail>https://images-na.ssl-images-amazon.com/images/I/419TSVVYGAL.jpg</thumbnail>
	<fanart>special://home/addons/plugin.video.thevault/fanart.jpg</fanart>
</plugin>

<plugin>
	<title>[B][COLOR ffffef00]• [/COLOR][/B][COLORorange][B]Now That's What I Call Music! Vol.43[/B][/COLOR]</title>
	<link>plugin://plugin.video.youtube/playlist/PLDouWbMQEftHJSvaRvBzvFZ4S34kucnwl/</link>
	<thumbnail>https://images-na.ssl-images-amazon.com/images/I/41GAN355XJL.jpg</thumbnail>
	<fanart>special://home/addons/plugin.video.thevault/fanart.jpg</fanart>
</plugin>

<plugin>
	<title>[B][COLOR ffffef00]• [/COLOR][/B][COLORorange][B]Now That's What I Call Music! 44[/B][/COLOR]</title>
	<link>plugin://plugin.video.youtube/playlist/PLsqB7ljSBkuehTugfSUFkeXFGbwKBcYnu/</link>
	<thumbnail>https://images-na.ssl-images-amazon.com/images/I/412T957SHDL.jpg</thumbnail>
	<fanart>special://home/addons/plugin.video.thevault/fanart.jpg</fanart>
</plugin>

<plugin>
	<title>[B][COLOR ffffef00]• [/COLOR][/B][COLORorange][B]Now That's What I Call Music! 45[/B][/COLOR]</title>
	<link>plugin://plugin.video.youtube/playlist/PLsqB7ljSBkueLsTNOL9vMM9QX3Vnrz-yn/</link>
	<thumbnail>https://images-na.ssl-images-amazon.com/images/I/51RJ4H23H4L.jpg</thumbnail>
	<fanart>special://home/addons/plugin.video.thevault/fanart.jpg</fanart>
</plugin>

<plugin>
	<title>[B][COLOR ffffef00]• [/COLOR][/B][COLORorange][B]Now That's What I Call Music! 46[/B][/COLOR]</title>
	<link>plugin://plugin.video.youtube/playlist/PLDUAmuW0s8Whc9NXMvEtO5jFynx43OBLo/</link>
	<thumbnail>https://images-na.ssl-images-amazon.com/images/I/71qKyQp4N%2BL._SL1070_.jpg</thumbnail>
	<fanart>special://home/addons/plugin.video.thevault/fanart.jpg</fanart>
</plugin>

<plugin>
	<title>[B][COLOR ffffef00]• [/COLOR][/B][COLORorange][B]Now That's What I Call Music! 47[/B][/COLOR]</title>
	<link>plugin://plugin.video.youtube/playlist/PLDouWbMQEftFtfaMjEM-9IjipNjw7qJ5W/</link>
	<thumbnail>https://images-na.ssl-images-amazon.com/images/I/712pWOKTajL._SL1050_.jpg</thumbnail>
	<fanart>special://home/addons/plugin.video.thevault/fanart.jpg</fanart>
</plugin>


<plugin>
	<title>[B][COLOR ffffef00]• [/COLOR][/B][COLORorange][B]NOW THATS WHAT I CALL MUSIC 48[/B][/COLOR]</title>
	<link>plugin://plugin.video.youtube/playlist/PL1h8do6DyqVOBo4p_hK90IMfCIPcFQ3dx/</link>
	<thumbnail>https://images-na.ssl-images-amazon.com/images/I/81s5KwsrJIL._SL1500_.jpg</thumbnail>
	<fanart>special://home/addons/plugin.video.thevault/fanart.jpg</fanart>
</plugin>


<plugin>
	<title>[B][COLOR ffffef00]• [/COLOR][/B][COLORorange][B]Now That's What I Call Music Vol.49[/B][/COLOR]</title>
	<link>plugin://plugin.video.youtube/playlist/PLxniG6aRxGSsg3ZuNKTs7dE5VWNBche0D/</link>
	<thumbnail>https://images-na.ssl-images-amazon.com/images/I/71jUe9H-fLL._SL1107_.jpg</thumbnail>
	<fanart>special://home/addons/plugin.video.thevault/fanart.jpg</fanart>
</plugin>

	<plugin>
	<title>[B][COLOR ffffef00]• [/COLOR][/B][COLORorange][B]Now That's What I Call Music! 50[/B][/COLOR]</title>
	<link>plugin://plugin.video.youtube/playlist//</link>
	<thumbnail>https://images-na.ssl-images-amazon.com/images/I/61LHMZUHt%2BL.jpg</thumbnail>
	<fanart>special://home/addons/plugin.video.thevault/fanart.jpg</fanart>
</plugin>


<plugin>
	<title>[B][COLOR ffffef00]• [/COLOR][/B][COLORorange][B]NOW That's What I Call Music! 51[/B][/COLOR]</title>
	<link>plugin://plugin.video.youtube/playlist/PLhUnYSiS17hw156nLAPgoULF3Mq7_z6K-/</link>
	<thumbnail>https://images-na.ssl-images-amazon.com/images/I/81%2Bh5v6hPrL._SL1500_.jpg</thumbnail>
	<fanart>special://home/addons/plugin.video.thevault/fanart.jpg</fanart>
</plugin>

<plugin>
	<title>[B][COLOR ffffef00]• [/COLOR][/B][COLORorange][B]Now That's What I Call Music! 52[/B][/COLOR]</title>
	<link>plugin://plugin.video.youtube/playlist/PLGQ0UcnwJRN1i1peiUpidY8gOl6u7dGbY/</link>
	<thumbnail>https://images-na.ssl-images-amazon.com/images/I/81WzETCoBjL._SL1500_.jpg</thumbnail>
	<fanart>special://home/addons/plugin.video.thevault/fanart.jpg</fanart>
</plugin>

<plugin>
	<title>[B][COLOR ffffef00]• [/COLOR][/B][COLORorange][B]Now That's What I Call Music! 53[/B][/COLOR]</title>
	<link>plugin://plugin.video.youtube/playlist/PLGQ0UcnwJRN0AgPw0IWosO6eyHCmlgOjx/</link>
	<thumbnail>https://images-na.ssl-images-amazon.com/images/I/81YoWHiI0xL._SL1500_.jpg</thumbnail>
	<fanart>special://home/addons/plugin.video.thevault/fanart.jpg</fanart>
</plugin>

<plugin>
	<title>[B][COLOR ffffef00]• [/COLOR][/B][COLORorange][B]Now That's What I Call Music! 54[/B][/COLOR]</title>
	<link>plugin://plugin.video.youtube/playlist/PLGQ0UcnwJRN3GZ-1DvWtyVXI_wP-XitwI/</link>
	<thumbnail>https://images-na.ssl-images-amazon.com/images/I/81kwus3bsZL._SL1500_.jpg</thumbnail>
	<fanart>special://home/addons/plugin.video.thevault/fanart.jpg</fanart>
</plugin>


<plugin>
	<title>[B][COLOR ffffef00]• [/COLOR][/B][COLORorange][B]Now That’s What I Call Music! 55[/B][/COLOR]</title>
	<link>plugin://plugin.video.youtube/playlist//</link>
	<thumbnail>https://images-na.ssl-images-amazon.com/images/I/71kFlRrz8aL._SL1075_.jpg</thumbnail>
	<fanart>special://home/addons/plugin.video.thevault/fanart.jpg</fanart>
</plugin>
	
<plugin>
	<title>[B][COLOR ffffef00]• [/COLOR][/B][COLORorange][B]NOW That's What I Call Music! 56[/B][/COLOR]</title>
	<link>plugin://plugin.video.youtube/playlist/PLhUnYSiS17hzI0c55YCNUREsg_QLem0D2/</link>
	<thumbnail>https://images-na.ssl-images-amazon.com/images/I/616628S52SL.jpg</thumbnail>
	<fanart>special://home/addons/plugin.video.thevault/fanart.jpg</fanart>
</plugin>

<plugin>
	<title>[B][COLOR ffffef00]• [/COLOR][/B][COLORorange][B]NOW THATS WHAT I CAll MUSIC 57[/B][/COLOR]</title>
	<link>plugin://plugin.video.youtube/playlist/PL1h8do6DyqVNHVVtloq2-cOWnuWtAX87w/</link>
	<thumbnail>https://images-na.ssl-images-amazon.com/images/I/81wLwtNGx7L._SL1500_.jpg</thumbnail>
	<fanart>special://home/addons/plugin.video.thevault/fanart.jpg</fanart>
</plugin>

<plugin>
	<title>[B][COLOR ffffef00]• [/COLOR][/B][COLORorange][B]Now That's What I Call Music! 58[/B][/COLOR]</title>
	<link>plugin://plugin.video.youtube/playlist/PLGQ0UcnwJRN2AnC0Fe49aa7Lq-QILORYh/</link>
	<thumbnail>https://images-na.ssl-images-amazon.com/images/I/614977J8WQL.jpg</thumbnail>
	<fanart>special://home/addons/plugin.video.thevault/fanart.jpg</fanart>
</plugin>

<plugin>
	<title>[B][COLOR ffffef00]• [/COLOR][/B][COLORorange][B]Now That's What I Call Music! 59[/B][/COLOR]</title>
	<link>plugin://plugin.video.youtube/playlist/PL1F0D80E99F7850E5/</link>
	<thumbnail>https://images-na.ssl-images-amazon.com/images/I/81oVFGaSTsL._SL1500_.jpg</thumbnail>
	<fanart>special://home/addons/plugin.video.thevault/fanart.jpg</fanart>
</plugin>

<plugin>
	<title>[B][COLOR ffffef00]• [/COLOR][/B][COLORorange][B]NOW That's What I Call Music! 60[/B][/COLOR]</title>
	<link>plugin://plugin.video.youtube/playlist/PLhUnYSiS17hxqroAmcTp0rPZlvjlSOKQ-/</link>
	<thumbnail>https://images-na.ssl-images-amazon.com/images/I/41RYXVRNN8L.jpg</thumbnail>
	<fanart>special://home/addons/plugin.video.thevault/fanart.jpg</fanart>
</plugin>
	
	<plugin>
	<title>[B][COLOR ffffef00]• [/COLOR][/B][COLORorange][B]Now That's What I Call Music! Vol.61[/B][/COLOR]</title>
	<link>plugin://plugin.video.youtube/playlist/PLDouWbMQEftGZPWsKV2-J1Nb-bnnP1kDt/</link>
	<thumbnail>https://images-na.ssl-images-amazon.com/images/I/814bsdjCKUL._SL1500_.jpg</thumbnail>
	<fanart>special://home/addons/plugin.video.thevault/fanart.jpg</fanart>
</plugin>

<plugin>
	<title>[B][COLOR ffffef00]• [/COLOR][/B][COLORorange][B]NOW THATS WHAT I CALL MUSIC 62 /B][/COLOR]</title>
	<link>plugin://plugin.video.youtube/playlist/PLDouWbMQEftEFihO_LZMovLip0mVz0Fg3/</link>
	<thumbnail>https://images-na.ssl-images-amazon.com/images/I/612PRR42ZPL.jpg</thumbnail>
	<fanart>special://home/addons/plugin.video.thevault/fanart.jpg</fanart>
</plugin>

		<plugin>
	<title>[B][COLOR ffffef00]• [/COLOR][/B][COLORorange][B]Now That's What I Call Music! Vol.63[/B][/COLOR]</title>
	<link>plugin://plugin.video.youtube/playlist/PLDouWbMQEftGksuKJ-MJ8i2WwtwH-DyVe/</link>
	<thumbnail>https://images-na.ssl-images-amazon.com/images/I/61tKjFvayPL.jpg</thumbnail>
	<fanart>special://home/addons/plugin.video.thevault/fanart.jpg</fanart>
</plugin>
	

<plugin>
	<title>[B][COLOR ffffef00]• [/COLOR][/B][COLORorange][B]Now that's what I call music! 64[/B][/COLOR]</title>
	<link>plugin://plugin.video.youtube/playlist/PLDB9B7A7906FAFAB8/</link>
	<thumbnail>https://images-na.ssl-images-amazon.com/images/I/615W12MH18L.jpg</thumbnail>
	<fanart>special://home/addons/plugin.video.thevault/fanart.jpg</fanart>
</plugin>

<plugin>
	<title>[B][COLOR ffffef00]• [/COLOR][/B][COLORorange][B]NOW THATS WHAT I CALL MUSIC 65[/B][/COLOR]</title>
	<link>plugin://plugin.video.youtube/playlist/PL_34_m4eTlaOh7AX4GJRnnxKgJ5n9_V-M/</link>
	<thumbnail>https://images-na.ssl-images-amazon.com/images/I/814nalVr8mL._SY355_.jpg</thumbnail>
	<fanart>special://home/addons/plugin.video.thevault/fanart.jpg</fanart>
</plugin>	

<plugin>
	<title>[B][COLOR ffffef00]• [/COLOR][/B][COLORorange][B]Now That's What I Call Music! Vol. 66[/B][/COLOR]</title>
	<link>plugin://plugin.video.youtube/playlist/PLDouWbMQEftFvmLqnvKo-Svl6QNXaD4ac/</link>
	<thumbnail>https://images-na.ssl-images-amazon.com/images/I/61wdAcJbJoL.jpg</thumbnail>
	<fanart>special://home/addons/plugin.video.thevault/fanart.jpg</fanart>
</plugin>

<plugin>
	<title>[B][COLOR ffffef00]• [/COLOR][/B][COLORorange][B]Now That's What I Call Music 67[/B][/COLOR]</title>
	<link>plugin://plugin.video.youtube/playlist/PLgXn-x6PNSy0QqokVgysvrcN_99cnlK1W/</link>
	<thumbnail>https://images-na.ssl-images-amazon.com/images/I/81W3QKV6ibL._SL1500_.jpg</thumbnail>
	<fanart>special://home/addons/plugin.video.thevault/fanart.jpg</fanart>
</plugin>

	<plugin>
	<title>[B][COLOR ffffef00]• [/COLOR][/B][COLORorange][B]Now That's What I Call Music 68[/B][/COLOR]</title>
	<link>plugin://plugin.video.youtube/playlist/PLgXn-x6PNSy3zxCaW4I9zxJpoNGm97dUK/</link>
	<thumbnail>https://images-na.ssl-images-amazon.com/images/I/91SHlsqip7L._SL1500_.jpg</thumbnail>
	<fanart>special://home/addons/plugin.video.thevault/fanart.jpg</fanart>
</plugin>

<plugin>
	<title>[B][COLOR ffffef00]• [/COLOR][/B][COLORorange][B]NOW THATS WAHT I CALL MUSIC 69[/B][/COLOR]</title>
	<link>plugin://plugin.video.youtube/playlist/PL_34_m4eTlaP6n2tYDBKamuvoQDo89a97/</link>
	<thumbnail>https://images-na.ssl-images-amazon.com/images/I/81FCDR9PDFL._SL1500_.jpg</thumbnail>
	<fanart>special://home/addons/plugin.video.thevault/fanart.jpg</fanart>
</plugin>

<plugin>
	<title>[B][COLOR ffffef00]• [/COLOR][/B][COLORorange][B]NOW That's What I Call Music! 70[/B][/COLOR]</title>
	<link>plugin://plugin.video.youtube/playlist/PLfajXyIbTpnHOAqRdvINIq2ak-lFiEJvw/</link>
	<thumbnail>https://images-na.ssl-images-amazon.com/images/I/61dPgWkqd3L.jpg</thumbnail>
	<fanart>special://home/addons/plugin.video.thevault/fanart.jpg</fanart>
</plugin>

<plugin>
	<title>[B][COLOR ffffef00]• [/COLOR][/B][COLORorange][B]NOW That's What I Call Music! 71[/B][/COLOR]</title>
	<link>plugin://plugin.video.youtube/playlist/PLfajXyIbTpnHWjIRCcKyLcBorqLBnjPxc/</link>
	<thumbnail>https://images-na.ssl-images-amazon.com/images/I/81ySTdmZ5dL._SL1500_.jpg</thumbnail>
	<fanart>special://home/addons/plugin.video.thevault/fanart.jpg</fanart>
</plugin>

<plugin>
	<title>[B][COLOR ffffef00]• [/COLOR][/B][COLORorange][B]NOW THATS WHAT I CALL MUSIC 72[/B][/COLOR]</title>
	<link>plugin://plugin.video.youtube/playlist/PL_34_m4eTlaMoYI8LghIOjui2Tr8rukHp/</link>
	<thumbnail>https://images-na.ssl-images-amazon.com/images/I/81INiNPwGuL._SL1500_.jpg</thumbnail>
	<fanart>special://home/addons/plugin.video.thevault/fanart.jpg</fanart>
</plugin>

<plugin>
	<title>[B][COLOR ffffef00]• [/COLOR][/B][COLORorange][B]NOW That's What I Call Music! 73[/B][/COLOR]</title>
	<link>plugin://plugin.video.youtube/playlist/PLjvJyxqOmFBJFZ8kMlpTIG63jCFwi_-cu/</link>
	<thumbnail>https://i.imgur.com/sTxpLUS.png</thumbnail>
	<fanart>special://home/addons/plugin.video.thevault/fanart.jpg</fanart>
</plugin>

<plugin>
	<title>[B][COLOR ffffef00]• [/COLOR][/B][COLORorange][B]Now That's What I Call Music 74[/B][/COLOR]</title>
	<link>plugin://plugin.video.youtube/playlist/PLDouWbMQEftHqrKjdu7cFSACIudT2n5Il/</link>
	<thumbnail>https://images-na.ssl-images-amazon.com/images/I/61TvoOEXQTL.jpg</thumbnail>
	<fanart>special://home/addons/plugin.video.thevault/fanart.jpg</fanart>
</plugin>

<plugin>
	<title>[B][COLOR ffffef00]• [/COLOR][/B][COLORorange][B]Now That's What I Call Music 75[/B][/COLOR]</title>
	<link>plugin://plugin.video.youtube/playlist/PLjvJyxqOmFBIRjjgW0IQgRfh3cfAgANsS/</link>
	<thumbnail>https://images-na.ssl-images-amazon.com/images/I/817SwqK2mxL._SL1500_.jpg</thumbnail>
	<fanart>special://home/addons/plugin.video.thevault/fanart.jpg</fanart>
</plugin>


<plugin>
	<title>[B][COLOR ffffef00]• [/COLOR][/B][COLORorange][B]Now That's What I Call Music 76[/B][/COLOR]</title>
	<link>plugin://plugin.video.youtube/playlist/PLDouWbMQEftHiTge92lMQFgbNVUCBlP8E/</link>
	<thumbnail>https://images-na.ssl-images-amazon.com/images/I/71KOb5xwDkL._SL1116_.jpg</thumbnail>
	<fanart>special://home/addons/plugin.video.thevault/fanart.jpg</fanart>
</plugin>

<plugin>
	<title>[B][COLOR ffffef00]• [/COLOR][/B][COLORorange][B]NOW THATS WHAT I CALL MUSIC 77[/B][/COLOR]</title>
	<link>plugin://plugin.video.youtube/playlist/PLziBTZqySBRFOFOwbSuPn4GtockoGot7k/</link>
	<thumbnail>https://images-na.ssl-images-amazon.com/images/I/61ZB4goPqsL.jpg</thumbnail>
	<fanart>special://home/addons/plugin.video.thevault/fanart.jpg</fanart>
</plugin>

<plugin>
	<title>[B][COLOR ffffef00]• [/COLOR][/B][COLORorange][B]Now That's What I Call Music! 78[/B][/COLOR]</title>
	<link>plugin://plugin.video.youtube/playlist/PL6CDBDD2A3C0D55A5/</link>
	<thumbnail>https://images-na.ssl-images-amazon.com/images/I/61BdOPkB1jL.jpg</thumbnail>
	<fanart>special://home/addons/plugin.video.thevault/fanart.jpg</fanart>
</plugin>

<plugin>
	<title>[B][COLOR ffffef00]• [/COLOR][/B][COLORorange][B]NOW That's What I Call Music! 79[/B][/COLOR]</title>
	<link>plugin://plugin.video.youtube/playlist/PLjvJyxqOmFBLVpyCD38x8RkEaYtETiBcR/</link>
	<thumbnail>https://images-na.ssl-images-amazon.com/images/I/61GFdswcB8L.jpg</thumbnail>
	<fanart>special://home/addons/plugin.video.thevault/fanart.jpg</fanart>
</plugin>	

<plugin>
	<title>[B][COLOR ffffef00]• [/COLOR][/B][COLORorange][B]Now that's what i call music 80[/B][/COLOR]</title>
	<link>plugin://plugin.video.youtube/playlist/PLBB7D0AF873F8FAEA/</link>
	<thumbnail>https://images-na.ssl-images-amazon.com/images/I/61pawYvxa6L.jpg</thumbnail>
	<fanart>special://home/addons/plugin.video.thevault/fanart.jpg</fanart>
</plugin>

<plugin>
	<title>[B][COLOR ffffef00]• [/COLOR][/B][COLORorange][B]Now That's What I Call Music! 81[/B][/COLOR]</title>
	<link>plugin://plugin.video.youtube/playlist/PL8FA9A7569EBB5E4A/</link>
	<thumbnail>https://images-na.ssl-images-amazon.com/images/I/61i-rEn0wKL.jpg</thumbnail>
	<fanart>special://home/addons/plugin.video.thevault/fanart.jpg</fanart>
</plugin>	

<plugin>
	<title>[B][COLOR ffffef00]• [/COLOR][/B][COLORorange][B]Now That's What I Call Music! 82[/B][/COLOR]</title>
	<link>plugin://plugin.video.youtube/playlist/PLoDgQlTbBQzYPrbsgmAJcDoD9Y33XhNJo/</link>
	<thumbnail>https://images-na.ssl-images-amazon.com/images/I/61Lx0eeBbAL.jpg</thumbnail>
	<fanart>special://home/addons/plugin.video.thevault/fanart.jpg</fanart>
</plugin>	

<plugin>
	<title>[B][COLOR ffffef00]• [/COLOR][/B][COLORorange][B]NOW THATS WHAT I CALL MUSIC 83[/B][/COLOR]</title>
	<link>plugin://plugin.video.youtube/playlist/PL_34_m4eTlaOeNd6fP9MspKqh9ksDiNtm/</link>
	<thumbnail>https://images-na.ssl-images-amazon.com/images/I/61hQ3gN5qeL.jpg</thumbnail>
	<fanart>special://home/addons/plugin.video.thevault/fanart.jpg</fanart>
</plugin>

<plugin>
	<title>[B][COLOR ffffef00]• [/COLOR][/B][COLORorange][B]Now That's What I Call Music! 84[/B][/COLOR]</title>
	<link>plugin://plugin.video.youtube/playlist/PLwyQmbD4WPl9s1rHOfSSKUj8a86HRLUCA/</link>
	<thumbnail>https://images-na.ssl-images-amazon.com/images/I/61NUXGl8g4L.jpg</thumbnail>
	<fanart>special://home/addons/plugin.video.thevault/fanart.jpg</fanart>
</plugin>

<plugin>
	<title>[B][COLOR ffffef00]• [/COLOR][/B][COLORorange][B]Now That's What I Call Music! 85[/B][/COLOR]</title>
	<link>plugin://plugin.video.youtube/playlist/PLlhDgn0Cytc26XrU4x3JDhXb9dxyt2DEa/</link>
	<thumbnail>https://images-na.ssl-images-amazon.com/images/I/61WhzeSUOpL.jpg</thumbnail>
	<fanart>special://home/addons/plugin.video.thevault/fanart.jpg</fanart>
</plugin>	

<plugin>
	<title>[B][COLOR ffffef00]• [/COLOR][/B][COLORorange][B]Now That's What I call Music 86[/B][/COLOR]</title>
	<link>plugin://plugin.video.youtube/playlist/PLDg9kwdnXsO-sGrCANOR5gb44MLhLD1Er/</link>
	<thumbnail>https://images-na.ssl-images-amazon.com/images/I/6169c-owWaL.jpg</thumbnail>
	<fanart>special://home/addons/plugin.video.thevault/fanart.jpg</fanart>
</plugin>	

<plugin>
	<title>[B][COLOR ffffef00]• [/COLOR][/B][COLORorange][B]Now That's What I Call Music 87[/B][/COLOR]</title>
	<link>plugin://plugin.video.youtube/playlist/PLRmc7JLx8IJKOccrdanLLQG1s0FTaHGKH/</link>
	<thumbnail>https://images-na.ssl-images-amazon.com/images/I/81aQzQv1ENL._SL1417_.jpg</thumbnail>
	<fanart>special://home/addons/plugin.video.thevault/fanart.jpg</fanart>
</plugin>


<plugin>
	<title>[B][COLOR ffffef00]• [/COLOR][/B][COLORorange][B]NOW THATSA WHAT I CALL MUSIC 88[/B][/COLOR]</title>
	<link>plugin://plugin.video.youtube/playlist/PL_34_m4eTlaPzdgA9RG_BlIImsUwCVkzy/</link>
	<thumbnail>https://images-na.ssl-images-amazon.com/images/I/61WYHQ5x4TL.jpg</thumbnail>
	<fanart>special://home/addons/plugin.video.thevault/fanart.jpg</fanart>
</plugin>

<plugin>
	<title>[B][COLOR ffffef00]• [/COLOR][/B][COLORorange][B]NOW That's What I Call Music! 89[/B][/COLOR]</title>
	<link>plugin://plugin.video.youtube/playlist/PL_34_m4eTlaOtJMirQzXvOoAwdechWbhF/</link>
	<thumbnail>https://images-na.ssl-images-amazon.com/images/I/61sBlML2DaL.jpg</thumbnail>
	<fanart>special://home/addons/plugin.video.thevault/fanart.jpg</fanart>
</plugin>

<plugin>
	<title>[B][COLOR ffffef00]• [/COLOR][/B][COLORorange][B]NOW That's What I Call Music! 90[/B][/COLOR]</title>
	<link>plugin://plugin.video.youtube/playlist/PL_34_m4eTlaNHt6GM5dOnraJ2zdE4R2Z_/</link>
	<thumbnail>https://images-na.ssl-images-amazon.com/images/I/81Ju-NO5N5L._SL1000_.jpg</thumbnail>
	<fanart>special://home/addons/plugin.video.thevault/fanart.jpg</fanart>
	</plugin>
	
<plugin>
	<title>[B][COLOR ffffef00]• [/COLOR][/B][COLORorange][B]NOW That's What I Call Music! 91[/B][/COLOR]</title>
	<link>plugin://plugin.video.youtube/playlist/PL_34_m4eTlaMf-42RHro2x2UVMHNEkLvD/</link>
	<thumbnail>https://images-na.ssl-images-amazon.com/images/I/91L6jlUiTBL._SL1500_.jpg</thumbnail>
	<fanart>special://home/addons/plugin.video.thevault/fanart.jpg</fanart>
</plugin>

<plugin>
	<title>[B][COLOR ffffef00]• [/COLOR][/B][COLORorange][B]NOW That's What i Call Music 92 [/B][/COLOR]</title>
	<link>plugin://plugin.video.youtube/playlist/PL_34_m4eTlaOFcXryY7OFbYGtK5Y1JoIa/</link>
	<thumbnail>https://images-na.ssl-images-amazon.com/images/I/61Z1cbRZ-BL.jpg</thumbnail>
	<fanart>special://home/addons/plugin.video.thevault/fanart.jpg</fanart>
</plugin>

<plugin>
	<title>[B][COLOR ffffef00]• [/COLOR][/B][COLORorange][B]NOW That's What I Call Music! 93[/B][/COLOR]</title>
	<link>plugin://plugin.video.youtube/playlist/PL_34_m4eTlaN5Dj1kIzrJMX95HRBLqeQr/</link>
	<thumbnail>https://images-na.ssl-images-amazon.com/images/I/61qiNyvmZsL.jpg</thumbnail>
	<fanart>special://home/addons/plugin.video.thevault/fanart.jpg</fanart>
</plugin>

<plugin>
	<title>[B][COLOR ffffef00]• [/COLOR][/B][COLORorange][B]NOW That's What I Call Music! 94[/B][/COLOR]</title>
	<link>plugin://plugin.video.youtube/playlist/PL_34_m4eTlaO0auWQxAH__sUTfRidOQZW/</link>
	<thumbnail>https://images-na.ssl-images-amazon.com/images/I/616D7HqoaSL.jpg</thumbnail>
	<fanart>special://home/addons/plugin.video.thevault/fanart.jpg</fanart>
</plugin>

<plugin>
	<title>[B][COLOR ffffef00]• [/COLOR][/B][COLORorange][B]NOW That's What I Call Music! 95[/B][/COLOR]</title>
	<link>plugin://plugin.video.youtube/playlist/NOW That's What I Call Party Anthems /</link>
	<thumbnail>https://images-na.ssl-images-amazon.com/images/I/61kYfyTJOQL.jpg</thumbnail>
	<fanart>special://home/addons/plugin.video.thevault/fanart.jpg</fanart>
</plugin>

<plugin>
	<title>[B][COLOR ffffef00]• [/COLOR][/B][COLORorange][B]NOW That's What I Call Music! 96[/B][/COLOR]</title>
	<link>plugin://plugin.video.youtube/playlist/PLJyQ4LyHbaraIkU1z9RzBLS2kWqAoQXH0/</link>
	<thumbnail>https://images-na.ssl-images-amazon.com/images/I/81fOCsveg6L._SL1500_.jpg</thumbnail>
	<fanart>special://home/addons/plugin.video.thevault/fanart.jpg</fanart>
</plugin>

<plugin>
	<title>[B][COLOR ffffef00]• [/COLOR][/B][COLORorange][B]NOW That's What I Call Music! NOW 97[/B][/COLOR]</title>
	<link>plugin://plugin.video.youtube/playlist/PL_34_m4eTlaPorC89EUOQxwhXeZxd-Hc7/</link>
	<thumbnail>https://images-na.ssl-images-amazon.com/images/I/61VywOC2M-L.jpg</thumbnail>
	<fanart>special://home/addons/plugin.video.thevault/fanart.jpg</fanart>
</plugin>

	<plugin>
	<title>[B][COLOR ffffef00]• [/COLOR][/B][COLORorange][B]NOW That's What I Call Music! 98[/B][/COLOR]</title>
	<link>plugin://plugin.video.youtube/playlist/PLJyQ4LyHbarYfhbtEaTk4xj9CGRlylq6I/</link>
	<thumbnail>https://images-na.ssl-images-amazon.com/images/I/81G3wMbIFYL._SL1500_.jpg</thumbnail>
	<fanart>special://home/addons/plugin.video.thevault/fanart.jpg</fanart>
</plugin>

<plugin>
	<title>[B][COLOR ffffef00]• [/COLOR][/B][COLORorange][B]NOW That's What I Call Music! 99[/B][/COLOR]</title>
	<link>plugin://plugin.video.youtube/playlist/PLAd5X7u2hj3dRVSJz4mrcRxfrbCZ-E4iN/</link>
	<thumbnail>https://images-na.ssl-images-amazon.com/images/I/61fK3bOruxL.jpg</thumbnail>
	<fanart>special://home/addons/plugin.video.thevault/fanart.jpg</fanart>
</plugin>

<plugin>
	<title>[B][COLOR ffffef00]• [/COLOR][/B][COLORorange][B]Now that's what I call music 100[/B][/COLOR]</title>
	<link>plugin://plugin.video.youtube/playlist/PLLZStkUkKPlVCF5pqz7Ztx8lXsTpGbIf6/</link>
	<thumbnail>https://images-na.ssl-images-amazon.com/images/I/81bjDRwmaOL._SL1500_.jpg</thumbnail>
	<fanart>special://home/addons/plugin.video.thevault/fanart.jpg</fanart>
</plugin>

<plugin>
	<title>[B][COLOR ffffef00]• [/COLOR][/B][COLORorange][B]NOW That's What I Call Music! 101[/B][/COLOR]</title>
	<link>plugin://plugin.video.youtube/playlist/PL_34_m4eTlaP8vMmdKKQpo4pm0efcwkxc/</link>
	<thumbnail>https://images-na.ssl-images-amazon.com/images/I/81xs-0py5KL._SL1500_.jpg</thumbnail>
	<fanart>special://home/addons/plugin.video.thevault/fanart.jpg</fanart>
</plugin>

<plugin>
	<title>[B][COLOR ffffef00]• [/COLOR][/B][COLORorange][B]Now That’s What I Call Music 102[/B][/COLOR]</title>
	<link>plugin://plugin.video.youtube/playlist/PLfWOuLCdH-1dCXUN2WvV6mUiTXRpr5VmI/</link>
	<thumbnail>https://images-na.ssl-images-amazon.com/images/I/81EjNgtQUiL._SL1500_.jpg</thumbnail>
	<fanart>special://home/addons/plugin.video.thevault/fanart.jpg</fanart>
</plugin>

<plugin>
	<title>[B][COLOR ffffef00]• [/COLOR][/B][COLORorange][B]NOW That’s What I Call Music! 103[/B][/COLOR]</title>
	<link>plugin://plugin.video.youtube/playlist/PLcn2SuWDLcXDkhAclaScxjgWqW6KHiv_m/</link>
	<thumbnail>https://images-na.ssl-images-amazon.com/images/I/91PjV48eIRL._SL1500_.jpg</thumbnail>
	<fanart>special://home/addons/plugin.video.thevault/fanart.jpg</fanart>
</plugin>	


<plugin>
	<title>[B][COLOR ffffef00]• [/COLOR][/B][COLORorange][B]NOW That's What I Call Music! 104[/B][/COLOR]</title>
	<link>plugin://plugin.video.youtube/playlist/PLhV4RKTkP5JQRIjQUPM5Ndr_xuF7gCF6h/</link>
	<thumbnail>https://images-na.ssl-images-amazon.com/images/I/81DM9-AqzKL._SL1500_.jpg</thumbnail>
	<fanart>special://home/addons/plugin.video.thevault/fanart.jpg</fanart>
</plugin>


 <item>
    <title>[COLOR skyblue][B]----------NOW COMPILATIONS AND COLLECTIONS---------[/COLOR][/B]</title>
    <heading></heading>
</item>


	<plugin>
	<title>[B][COLOR ffffef00]• [/COLOR][/B][COLORorange][B]NOW That's What I Call Pop[/B][/COLOR]</title>
	<link>plugin://plugin.video.youtube/playlist/PL_34_m4eTlaNQBMQYxfxQLN7eUkIKP66y/</link>
	<thumbnail>https://images-na.ssl-images-amazon.com/images/I/61dk1YEeeJL.jpg</thumbnail>
	<fanart>special://home/addons/plugin.video.thevault/fanart.jpg</fanart>
</plugin>

<plugin>
	<title>[COLORorange][B]Now That's What I Call 60s[/B][/COLOR]</title>
	<link>plugin://plugin.video.youtube/playlist/PL2BiE_4h8TpwWwKe3i_c4pnPshJktXC92/</link>
	<thumbnail>https://images-na.ssl-images-amazon.com/images/I/511pPkA1T2L.jpg</thumbnail>
	<fanart>special://home/addons/plugin.video.thevault/fanart.jpg</fanart>
</plugin>

<plugin>
	<title>[B][COLOR ffffef00]• [/COLOR][/B][COLORorange][B]NOW That’s What I Call 70s[/B][/COLOR]</title>
	<link>plugin://plugin.video.youtube/playlist/PLhXCO9UQq4zoIJY4qa1UA_WQWuwS-y2bc/</link>
	<thumbnail>https://images-na.ssl-images-amazon.com/images/I/61aWyDD3RDL.jpg</thumbnail>
	<fanart>special://home/addons/plugin.video.thevault/fanart.jpg</fanart>
</plugin>

<plugin>
	<title>[B][COLOR ffffef00]• [/COLOR][/B][COLORorange][B]Now: 100 Hits: Forgotten 70s[/B][/COLOR]</title>
	<link>plugin://plugin.video.youtube/playlist/PL2BiE_4h8Tpy3lZCGktKzvoRmD8w7aGMa/</link>
	<thumbnail>https://images-na.ssl-images-amazon.com/images/I/81BJ3TaugAL._SL1500_.jpg</thumbnail>
	<fanart>special://home/addons/plugin.video.thevault/fanart.jpg</fanart>
</plugin>

<plugin>
	<title>[B][COLOR ffffef00]• [/COLOR][/B][COLORorange][B]NOW That's What I Call The 80s[/B][/COLOR]</title>
	<link>plugin://plugin.video.youtube/playlist/PL_34_m4eTlaMgClOUihGU5EKM0md93FCN/</link>
	<thumbnail>https://images-na.ssl-images-amazon.com/images/I/71ErUwvWFyL._SL1500_.jpg</thumbnail>
	<fanart>special://home/addons/plugin.video.thevault/fanart.jpg</fanart>
</plugin>

<plugin>
	<title>[B][COLOR ffffef00]• [/COLOR][/B][COLORorange][B]VA - NOW 100 Hits Forgotten 80s[/B][/COLOR]</title>
	<link>plugin://plugin.video.youtube/playlist/PLh2ZThx4HC6WSLzfH8weBzCpzCLUNDGl4/</link>
	<thumbnail>https://images-na.ssl-images-amazon.com/images/I/819GOQ0KwNL._SL1500_.jpg</thumbnail>
	<fanart>special://home/addons/plugin.video.thevault/fanart.jpg</fanart>
</plugin>

<plugin>
	<title>[B][COLOR ffffef00]• [/COLOR][/B][COLORorange][B]NOW That's What I Call The 90s[/B][/COLOR]</title>
	<link>plugin://plugin.video.youtube/playlist/PL_34_m4eTlaOrcFRHD9mG4zUilcXQS8uB/</link>
	<thumbnail>https://images-na.ssl-images-amazon.com/images/I/61--8gptnIL.jpg</thumbnail>
	<fanart>special://home/addons/plugin.video.thevault/fanart.jpg</fanart>
</plugin>

<plugin>
	<title>[B][COLOR ffffef00]• [/COLOR][/B][COLORorange][B]VA - NOW 100 Hits Forgotten 90s[/B][/COLOR]</title>
	<link>plugin://plugin.video.youtube/playlist/PLCo9rIUIbahs3c8qsdSzflX7xstAoJg3N/</link>
	<thumbnail>https://images-na.ssl-images-amazon.com/images/I/81PV8Qmkd6L._SL1500_.jpg</thumbnail>
	<fanart>special://home/addons/plugin.video.thevault/fanart.jpg</fanart>
</plugin>
	

<plugin>
	<title>[B][COLOR ffffef00]• [/COLOR][/B][COLORorange][B]Now That's What I Call The 00s[/B][/COLOR]</title>
	<link>plugin://plugin.video.youtube/playlist/PLsdPA0A_fKLmuHNuafb76kecjHqeGoBLs/</link>
	<thumbnail>https://images-na.ssl-images-amazon.com/images/I/71CUHrLKrnL._SL1500_.jpg</thumbnail>
	<fanart>special://home/addons/plugin.video.thevault/fanart.jpg</fanart>
</plugin>



<plugin>
	<title>[B][COLOR ffffef00]• [/COLOR][/B][COLORorange][B]Now That's What I Call Reggae[/B][/COLOR]</title>
	<link>plugin://plugin.video.youtube/playlist/PL2BiE_4h8TpwJLR--E3-Fco9BRmEH0oq1/</link>
	<thumbnail>https://images-na.ssl-images-amazon.com/images/I/61iMF079tUL.jpg</thumbnail>
	<fanart>special://home/addons/plugin.video.thevault/fanart.jpg</fanart>
</plugin>

<plugin>
	<title>[B][COLOR ffffef00]• [/COLOR][/B][COLORorange][B]NOW That’s What I Call Reggae Party[/B][/COLOR]</title>
	<link>plugin://plugin.video.youtube/playlist/PLhXCO9UQq4zohQiwZP_I5Mht4zssrqsTC/</link>
	<thumbnail>https://images-na.ssl-images-amazon.com/images/I/91dSRk1qocL._SL1500_.jpg</thumbnail>
	<fanart>special://home/addons/plugin.video.thevault/fanart.jpg</fanart>
</plugin>


<plugin>
	<title>[B][COLOR ffffef00]• [/COLOR][/B][COLORorange][B]Now that's what I call 20th century ![/B][/COLOR]</title>
	<link>plugin://plugin.video.youtube/playlist/PLSVJaxSEQrlEs4BLZo0NmuRTEl4NNFOFe/</link>
	<thumbnail>https://images-na.ssl-images-amazon.com/images/I/616La9W8B3L.jpg</thumbnail>
	<fanart>special://home/addons/plugin.video.thevault/fanart.jpg</fanart>
</plugin>


<plugin>
	<title>[B][COLOR ffffef00]• [/COLOR][/B][COLORorange][B]NOW That's What I Call 21st Century[/B][/COLOR]</title>
	<link>plugin://plugin.video.youtube/playlist/PL_34_m4eTlaPLkaa4gLSJsWm86Z0H8i_U/</link>
	<thumbnail>https://images-na.ssl-images-amazon.com/images/I/91wmfiSXm0L._SL1500_.jpg</thumbnail>
	<fanart>special://home/addons/plugin.video.thevault/fanart.jpg</fanart>
</plugin>	
	

<plugin>
	<title>[B][COLOR ffffef00]• [/COLOR][/B][COLORorange][B]Now That's What I Call Country [/B][/COLOR]</title>
	<link>plugin://plugin.video.youtube/playlist/PL2BiE_4h8TpwCSkzXEntUnMb2K8Sfl8q3/</link>
	<thumbnail>https://images-na.ssl-images-amazon.com/images/I/81cO8ZwEt0L._SL1500_.jpg</thumbnail>
	<fanart>special://home/addons/plugin.video.thevault/fanart.jpg</fanart>
</plugin>

<plugin>
	<title>[B][COLOR ffffef00]• [/COLOR][/B][COLORorange][B]VA - NOW That’s What I Call A Summer Party 2019[/B][/COLOR]</title>
	<link>plugin://plugin.video.youtube/playlist/PLCo9rIUIbahty3bDn2cUeK_fU6sYrmWnF/</link>
	<thumbnail>https://images-na.ssl-images-amazon.com/images/I/81jUX%2BZksSL._SL1500_.jpg</thumbnail>
	<fanart>special://home/addons/plugin.video.thevault/fanart.jpg</fanart>
</plugin>

<plugin>
	<title>[B][COLOR ffffef00]• [/COLOR][/B][COLORorange][B]NOW That’s What I Call Summer Party 2018[/B][/COLOR]</title>
	<link>plugin://plugin.video.youtube/playlist/PLhXCO9UQq4zrX18c7r3algRWjBCmaJDt8/</link>
	<thumbnail>https://images-na.ssl-images-amazon.com/images/I/81hdhpHmNKL._SL1500_.jpg</thumbnail>
	<fanart>special://home/addons/plugin.video.thevault/fanart.jpg</fanart>
</plugin>
	
<plugin>
	<title>[B][COLOR ffffef00]• [/COLOR][/B][COLORorange][B]Now That's What I Call Classic Rock (2015)[/B][/COLOR]</title>
	<link>plugin://plugin.video.youtube/playlist/PL2BiE_4h8Tpw-9ppd1cagjhcsa6nuOByP/</link>
	<thumbnail>https://images-na.ssl-images-amazon.com/images/I/61mnHC188yL.jpg</thumbnail>
	<fanart>special://home/addons/plugin.video.thevault/fanart.jpg</fanart>
</plugin>


<plugin>
	<title>[B][COLOR ffffef00]• [/COLOR][/B][COLORorange][B]NOW That's What I Call Party Anthems [/B][/COLOR]</title>
	<link>plugin://plugin.video.youtube/playlist/PL_34_m4eTlaN0b1Wntb0io2m_j0Bbe1Id/</link>
	<thumbnail>https://i.imgur.com/sTxpLUS.png</thumbnail>
	<fanart>special://home/addons/plugin.video.thevault/fanart.jpg</fanart>
</plugin>


<plugin>
	<title>[B][COLOR ffffef00]• [/COLOR][/B][COLORorange][B]Now: 100 Hits: Sing-a-Long[/B][/COLOR]</title>
	<link>plugin://plugin.video.youtube/playlist/PL2BiE_4h8Tpx3Ez_UdMt-n6WeamFX3bqs/</link>
	<thumbnail>https://images-na.ssl-images-amazon.com/images/I/81pXwSK7vlL._SL1500_.jpg</thumbnail>
	<fanart>special://home/addons/plugin.video.thevault/fanart.jpg</fanart>
</plugin>	

<plugin>
	<title>[B][COLOR ffffef00]• [/COLOR][/B][COLORorange][B]Now 100 Hits Movies[/B][/COLOR]</title>
	<link>plugin://plugin.video.youtube/playlist/PLmMGqezX7LHW2HGwL8h3UpLtPxciLf9hO/</link>
	<thumbnail>https://images-na.ssl-images-amazon.com/images/I/81JpmtaG2WL._SL1500_.jpg</thumbnail>
	<fanart>special://home/addons/plugin.video.thevault/fanart.jpg</fanart>
</plugin>

<plugin>
	<title>[B][COLOR ffffef00]• [/COLOR][/B][COLORorange][B]Now: 100 Hits: Car Songs[/B][/COLOR]</title>
	<link>plugin://plugin.video.youtube/playlist/PL2BiE_4h8Tpx-eImS3x2BYsxSIwqWfl7x/</link>
	<thumbnail>https://images-na.ssl-images-amazon.com/images/I/81YASTzWCIL._SL1500_.jpg</thumbnail>
	<fanart>special://home/addons/plugin.video.thevault/fanart.jpg</fanart>
</plugin>

<plugin>
	<title>[B][COLOR ffffef00]• [/COLOR][/B][COLORorange][B]Now: 100 Hits: Power Ballads[/B][/COLOR]</title>
	<link>plugin://plugin.video.youtube/playlist/PL2BiE_4h8Tpy37yKc8FP4HpIV6ZyR2eaZ/</link>
	<thumbnail>https://images-na.ssl-images-amazon.com/images/I/810lSvbm6hL._SL1500_.jpg</thumbnail>
	<fanart>special://home/addons/plugin.video.thevault/fanart.jpg</fanart>
</plugin>

<plugin>
	<title>[B][COLOR ffffef00]• [/COLOR][/B][COLORorange][B]Now: 100 Hits: Christmas[/B][/COLOR]</title>
	<link>plugin://plugin.video.youtube/playlist/PL2BiE_4h8Tpz00pWE68zD_Ag9PO9o903s/</link>
	<thumbnail>https://images-na.ssl-images-amazon.com/images/I/51RfB8qAiPL.jpg</thumbnail>
	<fanart>special://home/addons/plugin.video.thevault/fanart.jpg</fanart>
</plugin>

<plugin>
	<title>[B][COLOR ffffef00]• [/COLOR][/B][COLORorange][B]Now That's What I Call Rock 'n' Roll[/B][/COLOR]</title>
	<link>plugin://plugin.video.youtube/playlist/PL2BiE_4h8TpzdcbEeANYQDnvsfXo0HHL5/</link>
	<thumbnail>https://images-na.ssl-images-amazon.com/images/I/91sxaZt3CaL._SL1500_.jpg</thumbnail>
	<fanart>special://home/addons/plugin.video.thevault/fanart.jpg</fanart>
</plugin>

<plugin>
	<title>[B][COLOR ffffef00]• [/COLOR][/B][COLORorange][B]Now That's What I Call Love Songs (2018)[/B][/COLOR]</title>
	<link>plugin://plugin.video.youtube/playlist/PL2BiE_4h8Tpz3VMIcAnTzaX5rpsvtIczX/</link>
	<thumbnail>https://m.media-amazon.com/images/I/71XV+k1vEwL._SS500_.jpg</thumbnail>
	<fanart>special://home/addons/plugin.video.thevault/fanart.jpg</fanart>
</plugin>
	
<plugin>
	<title>[B][COLOR ffffef00]• [/COLOR][/B][COLORorange][B]Now That's What I Call Easy[/B][/COLOR]</title>
	<link>plugin://plugin.video.youtube/playlist/PL2BiE_4h8Tpwr3V1CEDhNeKxEm6PLQwSe/</link>
	<thumbnail>https://images-na.ssl-images-amazon.com/images/I/91wp7qfRviL._SL1500_.jpg</thumbnail>
	<fanart>special://home/addons/plugin.video.thevault/fanart.jpg</fanart>
</plugin>

<plugin>
	<title>[B][COLOR ffffef00]• [/COLOR][/B][COLORorange][B]NOW That’s What I Call Disney 2017[/B][/COLOR]</title>
	<link>plugin://plugin.video.youtube/playlist/PLhXCO9UQq4zosccGMdyCinFpdHvSE9Kvu/</link>
	<thumbnail>https://images-na.ssl-images-amazon.com/images/I/61cr3178l4L.jpg</thumbnail>
	<fanart>special://home/addons/plugin.video.thevault/fanart.jpg</fanart>
</plugin>

<plugin>
	<title>[B][COLOR ffffef00]• [/COLOR][/B][COLORorange][B]Now That's What I Call Disney Princess[/B][/COLOR]</title>
	<link>plugin://plugin.video.youtube/playlist/PLcwMz-R1eTOk9J8SChlvp9q5a63dOFwDo/</link>
	<thumbnail>https://images-na.ssl-images-amazon.com/images/I/61ot3bf4EOL.jpg</thumbnail>
	<fanart>special://home/addons/plugin.video.thevault/fanart.jpg</fanart>
</plugin>


<plugin>
	<title>[B][COLOR ffffef00]• [/COLOR][/B][COLORorange][B]Now THATS WHAT I CALL Dad Rock[/B][/COLOR]</title>
	<link>plugin://plugin.video.youtube/playlist/PLW_NpxKH1uD_qdX2gbvTsHVzYKvEQXGh7/</link>
	<thumbnail>https://images-na.ssl-images-amazon.com/images/I/61-Zsfgj3vL.jpg</thumbnail>
	<fanart>special://home/addons/plugin.video.thevault/fanart.jpg</fanart>
</plugin>


	
<plugin>
	<title>[B][COLOR ffffef00]• [/COLOR][/B][COLORorange][B]NOW That’s What I Call Remix[/B][/COLOR]</title>
	<link>plugin://plugin.video.youtube/playlist/PLhXCO9UQq4zocy64nFXan7WiscyJymBDH/</link>
	<thumbnail>https://images-na.ssl-images-amazon.com/images/I/51HasXcS9%2BL.jpg</thumbnail>
	<fanart>special://home/addons/plugin.video.thevault/fanart.jpg</fanart>
</plugin>


<plugin>
	<title>[B][COLOR ffffef00]• [/COLOR][/B][COLORorange][B]Now That's What I Call Old Skool[/B][/COLOR]</title>
	<link>plugin://plugin.video.youtube/playlist/PL2BiE_4h8TpyHnumViPWg0_enDQRotJv4/</link>
	<thumbnail>https://images-na.ssl-images-amazon.com/images/I/61jL42dmfWL.jpg</thumbnail>
	<fanart>special://home/addons/plugin.video.thevault/fanart.jpg</fanart>
</plugin>

<plugin>
	<title>[B][COLOR ffffef00]• [/COLOR][/B][COLORorange][B]Now That's What I Call Classic Soul[/B][/COLOR]</title>
	<link>plugin://plugin.video.youtube/playlist/PL2BiE_4h8TpzvN8xfhOGPUw-SAcDa2-Ex/</link>
	<thumbnail>https://images-na.ssl-images-amazon.com/images/I/61lX-yqlvkL.jpg</thumbnail>
	<fanart>special://home/addons/plugin.video.thevault/fanart.jpg</fanart>
</plugin>
	
<plugin>
	<title>[B][COLOR ffffef00]• [/COLOR][/B][COLORorange][B]NOW That's What I Call A Singer[/B][/COLOR]</title>
	<link>plugin://plugin.video.youtube/playlist/PL_34_m4eTlaNh63gxFpUwwAROXj5V3AX8/</link>
	<thumbnail>https://images-na.ssl-images-amazon.com/images/I/81t5BnN8SdL._SL1500_.jpg</thumbnail>
	<fanart>special://home/addons/plugin.video.thevault/fanart.jpg</fanart>
</plugin>

<plugin>
	<title>[B][COLOR ffffef00]• [/COLOR][/B][COLORorange][B]Now That’s What I Call Halloween[/B][/COLOR]</title>
	<link>plugin://plugin.video.youtube/playlist/PLGQ0UcnwJRN3rMvLhns856JQoxtQtYIgf/</link>
	<thumbnail>https://images-na.ssl-images-amazon.com/images/I/81ecVSA-TXL._SL1500_.jpg</thumbnail>
	<fanart>special://home/addons/plugin.video.thevault/fanart.jpg</fanart>
</plugin>


<plugin>
	<title>[B][COLOR ffffef00]• [/COLOR][/B][COLORorange][B]Now That’s What I Call #1’s (2015)[/B][/COLOR]</title>
	<link>plugin://plugin.video.youtube/playlist/PLGQ0UcnwJRN2ZlwzY369IQP__M_bGRp1E/</link>
	<thumbnail>https://images-na.ssl-images-amazon.com/images/I/81ap%2BWRt1xL._SL1500_.jpg</thumbnail>
	<fanart>special://home/addons/plugin.video.thevault/fanart.jpg</fanart>
</plugin>

<plugin>
	<title>[B][COLOR ffffef00]• [/COLOR][/B][COLORorange][B]Now That’s What I Call Motown[/B][/COLOR]</title>
	<link>plugin://plugin.video.youtube/playlist/PLGQ0UcnwJRN0sYMpb9cKV9ct_h1Ct1YP0/</link>
	<thumbnail>https://images-na.ssl-images-amazon.com/images/I/61rbdP%2BJ1kL.jpg</thumbnail>
	<fanart>special://home/addons/plugin.video.thevault/fanart.jpg</fanart>
</plugin>

<plugin>
	<title>[B][COLOR ffffef00]• [/COLOR][/B][COLORorange][B]Now That’s What I Call New Wave 80s[/B][/COLOR]</title>
	<link>plugin://plugin.video.youtube/playlist/PLGQ0UcnwJRN03-63KDFnCiKaYLJsszOi_/</link>
	<thumbnail>https://images-na.ssl-images-amazon.com/images/I/81gRM4z6aUL._SL1500_.jpg</thumbnail>
	<fanart>special://home/addons/plugin.video.thevault/fanart.jpg</fanart>
</plugin>

<plugin>
	<title>[B][COLOR ffffef00]• [/COLOR][/B][COLORorange][B]Now That’s What I Call Country Vol. 3[/B][/COLOR]</title>
	<link>plugin://plugin.video.youtube/playlist/PLGQ0UcnwJRN0sCK_zH_BoG1nd4Y_3pmJb/</link>
	<thumbnail>https://i.imgur.com/oftXEFY.jpg</thumbnail>
	<fanart>special://home/addons/plugin.video.thevault/fanart.jpg</fanart>
</plugin>

<plugin>
	<title>[B][COLOR ffffef00]• [/COLOR][/B][COLORorange][B]Now That's What I Call Driving Rock[/B][/COLOR]</title>
	<link>plugin://plugin.video.youtube/playlist/PL2BiE_4h8TpynsEqA_fLDtgedjBzPQRlT/</link>
	<thumbnail>https://images-na.ssl-images-amazon.com/images/I/91kiiaWJCFL._AC_SL1500_.jpg</thumbnail>
	<fanart>special://home/addons/plugin.video.thevault/fanart.jpg</fanart>
</plugin>

<plugin>
	<title>[B][COLOR ffffef00]• [/COLOR][/B][COLORorange][B]NOW That's What I Call A Party 2019![/B][/COLOR]</title>
	<link>plugin://plugin.video.youtube/playlist/playlist?list=PLMkMtyhvxyN2wJ9b65Zx6cuP8ScPXZLsF/</link>
	<thumbnail>https://images-na.ssl-images-amazon.com/images/I/81jUX%2BZksSL._SL1500_.jpg</thumbnail>
	<fanart>special://home/addons/plugin.video.thevault/fanart.jpg</fanart>
</plugin>



<plugin>
	<title>[B][COLOR ffffef00]• [/COLOR][/B][COLORorange][B]Now that's what i call 80s hits & remixes[/B][/COLOR]</title>
	<link>plugin://plugin.video.youtube/playlist/PLJRhMxv45HrWgx3JgM7EDdBVB_TQ9_C0X/</link>
	<thumbnail>https://images-na.ssl-images-amazon.com/images/I/81IWJCq%2BcWL._SL1500_.jpg</thumbnail>
	<fanart>special://home/addons/plugin.video.thevault/fanart.jpg</fanart>
</plugin>

<plugin>
	<title>[B][COLOR ffffef00]• [/COLOR][/B][COLORorange][B]NOW that's what I Call RUNNING[/B][/COLOR]</title>
	<link>plugin://plugin.video.youtube/playlist/PLK3PznYyKd-fWWsgsv_s3_ZNXs1sH9ty5/</link>
	<thumbnail>https://images-na.ssl-images-amazon.com/images/I/61VAFVyOLZL.jpg</thumbnail>
	<fanart>special://home/addons/plugin.video.thevault/fanart.jpg</fanart>
</plugin>

<plugin>
	<title>[B][COLOR ffffef00]• [/COLOR][/B][COLORorange][B]Now That's What I Call Footie Anthems[/B][/COLOR]</title>
	<link>plugin://plugin.video.youtube/playlist/PL2BiE_4h8TpxwrXv5-mJACt4kB5KjRQRO/</link>
	<thumbnail>https://images-na.ssl-images-amazon.com/images/I/616llNuZOiL.jpg</thumbnail>
	<fanart>special://home/addons/plugin.video.thevault/fanart.jpg</fanart>
</plugin>


