<plugin>
	<title>[B][COLOR ffc51162]• [COLORyellow][B] 1 Top Tracks - Billie Eilish[/B][/COLOR]</title>
	<link>plugin://plugin.video.youtube/playlist/PLOOdB7t8yiV42WR1YEQfFQLXCkQLCo4Oe/</link>
	<thumbnail>https://i.imgur.com/A9lYNFt.png</thumbnail>
</plugin>

<plugin>
	<title>[B][COLOR ffc51162]• [COLORyellow][B]2 Top Tracks - Post Malone[/B][/COLOR]</title>
	<link>plugin://plugin.video.youtube/playlist/PLegvV8yC11jYacAMlRXvasFH0dPuNsIRv/</link>
	<thumbnail>https://i.imgur.com/A9lYNFt.png</thumbnail>
</plugin>

<plugin>
	<title>[B][COLOR ffc51162]• [COLORyellow][B]3 Top Tracks - The Weeknd[/B][/COLOR]</title>
	<link>plugin://plugin.video.youtube/playlist/PLVt9N9S0CzvgLOB74YgreOLMp3pG4dfzP/</link>
	<thumbnail>https://i.imgur.com/A9lYNFt.png</thumbnail>
</plugin>

<plugin>
	<title>[B][COLOR ffc51162]• [COLORyellow][B]4 Top Tracks - Taylor Swift[/B][/COLOR]</title>
	<link>plugin://plugin.video.youtube/playlist/PL1CbxROoA2JiVzg9zu_AkVHZR9S8mHhzh/</link>
	<thumbnail>https://i.imgur.com/A9lYNFt.png</thumbnail>
</plugin>

<plugin>
	<title>[B][COLOR ffc51162]• [COLORyellow][B]5 Top Tracks - Lizzo[/B][/COLOR]</title>
	<link>plugin://plugin.video.youtube/playlist/PLdJcxcrD5vQQrwYCUmuivgRr_tvjdYckt/</link>
	<thumbnail>https://i.imgur.com/A9lYNFt.png</thumbnail>
</plugin>

<plugin>
	<title>[B][COLOR ffc51162]• [COLORyellow][B]6 Top Tracks - DaBaby[/B][/COLOR]</title>
	<link>plugin://plugin.video.youtube/playlist/PLgZ4DdsdoXP1qA8gh21ea9W3DFFiC2h8W/</link>
	<thumbnail>https://i.imgur.com/A9lYNFt.png</thumbnail>
</plugin>

<plugin>
	<title>[B][COLOR ffc51162]• [COLORyellow][B]7 BTS All Songs Playlist[/B][/COLOR]</title>
	<link>plugin://plugin.video.youtube/playlist/PL1s89zMwwA_2Fe3oOrsnFSUrXGx3RTGfv/</link>
	<thumbnail>https://i.imgur.com/A9lYNFt.png</thumbnail>
</plugin>

<plugin>
	<title>[B][COLOR ffc51162]• [COLORyellow][B]8 Top Tracks - Luke Combs[/B][/COLOR]</title>
	<link>plugin://plugin.video.youtube/playlist/PLtuGGY9E3FClq4s5_uUnsJXSnbZ02QVHT/</link>
	<thumbnail>https://i.imgur.com/A9lYNFt.png</thumbnail>
</plugin>

<plugin>
	<title>[B][COLOR ffc51162]• [COLORyellow][B]9 Top Tracks - Pentatonix[/B][/COLOR]</title>
	<link>plugin://plugin.video.youtube/playlist/PLn12uJ5Bc1Y1MXuR9G43PxGDGAKs4lEtI/</link>
	<thumbnail>https://i.imgur.com/A9lYNFt.png</thumbnail>
</plugin>

<plugin>
	<title>[B][COLOR ffc51162]• [COLORyellow][B]10 Top Tracks - Khalid[/B][/COLOR]</title>
	<link>plugin://plugin.video.youtube/playlist/PLedovvx3ekTA9Z9PK352SF-sYvsWoTdNW/</link>
	<thumbnail>https://i.imgur.com/A9lYNFt.png</thumbnail>
</plugin>

<plugin>
	<title>[B][COLOR ffc51162]• [COLORyellow][B]11 Top Tracks - PANIC AT THE DISCO [/B][/COLOR]</title>
	<link>plugin://plugin.video.youtube/playlist/PL0eheHgLSuZDVZ6ac_NkGomG0YXezgUHf/</link>
	<thumbnail>https://i.imgur.com/A9lYNFt.png</thumbnail>
</plugin>

<plugin>
	<title>[B][COLOR ffc51162]• [COLORgoldenrod][B]TOP ROCK BAND 1 Imagine Dragons[/B][/COLOR]</title>
	<link>plugin://plugin.video.youtube/playlist/PL9LUD5Kp855IUocbAjUd6Du9UmvZrbKk7/</link>
	<thumbnail>https://i.imgur.com/A9lYNFt.png</thumbnail>
</plugin>

<plugin>
	<title>[B][COLOR ffc51162]• [COLORgoldenrod][B]TOP ROCK BAND 2 SHINE DOWN[/B][/COLOR]</title>
	<link>plugin://plugin.video.youtube/playlist/PLWoqVZDf55sHlejOgo--e4YKlRzwt_IHZ/</link>
	<thumbnail>https://i.imgur.com/A9lYNFt.png</thumbnail>
	<fanart>special://home/addons/plugin.video.thevault/fanart.jpg</fanart>
</plugin>

<plugin>
	<title>[B][COLOR ffc51162]• [COLORgoldenrod][B]TOP ROCK BAND 3 Godsmack  [/B][/COLOR]</title>
	<link>plugin://plugin.video.youtube/playlist/PL4933DF487D065CAB/</link>
	<thumbnail>https://i.imgur.com/A9lYNFt.png</thumbnail>
	<fanart>special://home/addons/plugin.video.thevault/fanart.jpg</fanart>
</plugin>

<plugin>
	<title>[COLORgoldenrod][B]TOP ROCK BAND 4 TWENTY ONE PILOTS [/B][/COLOR]</title>
	<link>plugin://plugin.video.youtube/playlist/twenty one pilots/</link>
	<thumbnail>https://i.imgur.com/A9lYNFt.png</thumbnail>
	<fanart>special://home/addons/plugin.video.thevault/fanart.jpg</fanart>
</plugin>
<plugin>
	<title>[B][COLOR ffc51162]• [COLORgoldenrod][B]TOP ROCK BAND 5 RADIOHEAD[/B][/COLOR]</title>
	<link>plugin://plugin.video.youtube/playlist/PL67y-alyKlu9_d7kvG0w2sEcqefoa3L_o/</link>
	<thumbnail>https://i.imgur.com/A9lYNFt.png</thumbnail>
	<fanart>special://home/addons/plugin.video.thevault/fanart.jpg</fanart>
</plugin>

<plugin>
	<title>[B][COLOR ffc51162]• [COLORgoldenrod][B]TOP ROCK BAND 6 MUSE[/B][/COLOR]</title>
	<link>plugin://plugin.video.youtube/playlist/PL0BF1AC3299C1ACDA/</link>
	<thumbnail>https://i.imgur.com/A9lYNFt.png</thumbnail>
	<fanart>special://home/addons/plugin.video.thevault/fanart.jpg</fanart>
</plugin>

<plugin>
	<title>[B][COLOR ffc51162]• [COLORgoldenrod][B]TOP ROCK BAND 7 BADFLOWER[/B][/COLOR]</title>
	<link>plugin://plugin.video.youtube/playlist/PLeaoNOfMP8LNCm9DMcLMCuvI0atc6cQ0r/</link>
	<thumbnail>https://i.imgur.com/A9lYNFt.png</thumbnail>
	<fanart>special://home/addons/plugin.video.thevault/fanart.jpg</fanart>
</plugin>

<plugin>
	<title>[B][COLOR ffc51162]• [COLORgoldenrod][B]TOP ROCK BAND 8 Three Days Grace[/B][/COLOR]</title>
	<link>plugin://plugin.video.youtube/playlist/PLqGNV0O8mvnjsFzpcEmeVj7Uw2Xxnx5T9/</link>
	<thumbnail>https://i.imgur.com/A9lYNFt.png</thumbnail>
	<fanart>special://home/addons/plugin.video.thevault/fanart.jpg</fanart>
</plugin>

<plugin>
	<title>[B][COLOR ffc51162]• [COLORgoldenrod][B]TOP ROCK BAND 9 THE WHO[/B][/COLOR]</title>
	<link>plugin://plugin.video.youtube/playlist/PLvy5jih231dZvE9kWIelel8YcHoysJCr-/</link>
	<thumbnail>https://i.imgur.com/A9lYNFt.png</thumbnail>
	<fanart>special://home/addons/plugin.video.thevault/fanart.jpg</fanart>
</plugin>

<plugin>
	<title>[B][COLOR ffc51162]• [COLORgoldenrod][B]TOP ROCK BAND 10 GRETA VAN FLEET[/B][/COLOR]</title>
	<link>plugin://plugin.video.youtube/playlist/PLEoQn-F0DgbCp0rWizm5H9jmzetBS-Z3v/</link>
	<thumbnail>https://i.imgur.com/A9lYNFt.png</thumbnail>
	<fanart>special://home/addons/plugin.video.thevault/fanart.jpg</fanart>
</plugin>

<plugin>
	<title>[B][COLOR ffc51162]• [COLORgoldenrod][B]TOP ROCK BAND 11 PVRIS [/B][/COLOR]</title>
	<link>plugin://plugin.video.youtube/playlist/PLnd4ZMZMHpxKXAw2edSz1D4wB6WmagZER/</link>
	<thumbnail>https://i.imgur.com/A9lYNFt.png</thumbnail>
	<fanart>special://home/addons/plugin.video.thevault/fanart.jpg</fanart>
</plugin>

<plugin>
	<title>[B][COLOR ffffef00]• [/COLOR]BBCRadio1 VEVO[/B][COLORorange][B][/B][/COLOR]</title>
	<link>plugin://plugin.video.youtube/user/BBCRadio1VEVO/</link>
	<thumbnail></thumbnail>
	<fanart>special://home/addons/plugin.video.thevault/fanart.jpg</fanart>
</plugin>

<plugin>
	<title>[B][COLOR ffffef00]• [/COLOR]Best UK Dance Anthems 1-100[/B][COLORorange][B][/B][/COLOR]</title>
	<link>plugin://plugin.video.youtube/playlist/PLY5dKW7CJXTXqendbPoRiKgFqU3d7xmZV/</link>
	<thumbnail></thumbnail>
	<fanart>special://home/addons/plugin.video.thevault/fanart.jpg</fanart>
</plugin>

<plugin>
	<title>[B][COLOR ffffef00]• [/COLOR]Radio 1 Dance Anthems 2018[/B][COLORorange][B][/B][/COLOR]</title>
	<link>plugin://plugin.video.youtube/playlist/PLCuDTtPeiM01ZbNzvBuLI1_wRdi7rRIbq/</link>
	<thumbnail></thumbnail>
	<fanart>special://home/addons/plugin.video.thevault/fanart.jpg</fanart>
</plugin>

<plugin>
	<title>[B][COLOR ffffef00]• [/COLOR][/B][COLORorange][B][/B][/COLOR]</title>
	<link>plugin://plugin.video.youtube/user//</link>
	<thumbnail></thumbnail>
	<fanart>special://home/addons/plugin.video.thevault/fanart.jpg</fanart>
</plugin>

<plugin>
	<title>[B][COLOR ffffef00]• [/COLOR][/B][COLORorange][B][/B][/COLOR]</title>
	<link>plugin://plugin.video.youtube/user//</link>
	<thumbnail></thumbnail>
	<fanart>special://home/addons/plugin.video.thevault/fanart.jpg</fanart>
</plugin>

<plugin>
	<title>[B][COLOR ffffef00]• [/COLOR][/B][COLORorange][B][/B][/COLOR]</title>
	<link>plugin://plugin.video.youtube/user//</link>
	<thumbnail></thumbnail>
	<fanart>special://home/addons/plugin.video.thevault/fanart.jpg</fanart>
</plugin>

<plugin>
	<title>[B][COLOR ffffef00]• [/COLOR][/B][COLORorange][B][/B][/COLOR]</title>
	<link>plugin://plugin.video.youtube/user//</link>
	<thumbnail></thumbnail>
	<fanart>special://home/addons/plugin.video.thevault/fanart.jpg</fanart>
</plugin>





