<xml>

<item>
    <title>[COLOR lightslategrey][B]------------------------------------------------------[/COLOR][/B]</title>
    <heading></heading>
</item>

<plugin>
	<title>[B][COLOR ffdaff4d]• [/COLOR][/B][COLORorange][B]CHILL NATION SUMMER SIZZLER[/B][/COLOR]</title>
	<link>plugin://plugin.video.youtube/playlist/PL3WxO0HXyeYuw2yfJ0gPWBNA2jGcAFJqE/</link>
	<thumbnail>https://i.imgur.com/r3iihbO.png</thumbnail>
</plugin>

<plugin>
	<title>[B][COLOR ffdaff4d]• [/COLOR][/B][COLORorange][B]SUMMER MIX 2019  COMPILATIONS[/B][/COLOR]</title>
	<link>plugin://plugin.video.youtube/playlist/PLFq2YEzLx0LnfXRkPH_YBJJtEHSU2V83j/</link>
	<thumbnail>https://i.imgur.com/ulVgfRn.jpg</thumbnail>
</plugin>

<plugin>
	<title>[B][COLOR ffdaff4d]• [/COLOR][/B][COLORorange][B]REGGAE NATION[/B][/COLOR]</title>
	<link>plugin://plugin.video.youtube/playlist/PLFq2YEzLx0LlKd037NtwXqTyrQn644yYj/</link>
	<thumbnail>https://i.imgur.com/Z24FwUq.png</thumbnail>
</plugin>

<item>
    <title> [/COLOR][/B][COLOR lightslategrey][B]------------------------------------------------------[/COLOR][/B]</title>
    <heading></heading>
</item>

<dir>
    <title>[B][COLOR ffdaff4d]• [/COLOR][/B][COLORblue][B]MASHUP[/B][/COLOR]  [COLORyellow][B]MAYHEM [/B][/COLOR] </title>
    <link>file://menu/mashup.xml</link>
    <thumbnail>https://i.imgur.com/SJO0ezW.png</thumbnail>
  </dir>


<plugin>
	<title>[B][COLOR ffdaff4d]• [/COLOR][/B][COLORindigo][B]WHATS HOT-VEVO TOP 50[/B][/COLOR]</title>
	<link>plugin://plugin.video.youtube/playlist/PL9tY0BWXOZFu8MzzbNVtUvHs0cQ_gZ03m/</link>
	<thumbnail>https://i.imgur.com/Z24FwUq.png</thumbnail>
</plugin>

<item>
    <title>[COLOR lightslategrey][B]------------------------------------------------------[/COLOR][/B]</title>
    <heading></heading>
</item>

<plugin>
	<title>[B][COLOR ffdaff4d]• [/COLOR][/B][COLORspringgreen][B]New Urban Latin and Reggaeton[/B][/COLOR]</title>
	<link>plugin://plugin.video.youtube/playlist/PL9tY0BWXOZFvRr9wRh1o8oeIpkPUdAjV6/</link>
	<thumbnail>https://i.imgur.com/Jgo7UmS.png</thumbnail>
</plugin>

<item>
    <title>[COLOR lightslategrey][B]------------------------------------------------------[/COLOR][/B]</title>
    <heading></heading>
</item>

<plugin>
	<title>[B][COLOR ffdaff4d]• [/COLOR][/B][COLORyellow][B]New R and B Vibes[/B][/COLOR]</title>
	<link>plugin://plugin.video.youtube/playlist/PL9tY0BWXOZFupYyrDriLYu3ba9oYMUJ65/</link>
	<thumbnail>https://i.imgur.com/kAJHwl8.png</thumbnail>
</plugin>

<item>
    <title>[COLOR lightslategrey][B]------------------------------------------------------[/COLOR][/B]</title>
    <heading></heading>
</item>

<plugin>
	<title>[B][COLOR ffdaff4d]• [/COLOR][/B][COLORdeepskyblue][B]Dancehall Delights[/B][/COLOR]</title>
	<link>plugin://plugin.video.youtube/playlist/PL9tY0BWXOZFu9k1UqFdWffUtMyeNbwAYw/</link>
	<thumbnail>https://i.imgur.com/v4Tp2RB.png</thumbnail>
</plugin>

<item>
    <title>[COLOR lightslategrey][B]------------------------------------------------------[/COLOR][/B]</title>
    <heading></heading>
</item>

<plugin>
	<title>[B][COLOR ffdaff4d]• [/COLOR][/B][COLORorange][B]Hottest new HIP-HOP[/B][/COLOR]</title>
	<link>plugin://plugin.video.youtube/playlist/PL9tY0BWXOZFv-V7FvZP-PWuE-1x2Deqqe/</link>
	<thumbnail>https://i.imgur.com/zjurV7P.png</thumbnail>
</plugin>

<item>
    <title>[COLOR lightslategrey][B]------------------------------------------------------[/COLOR][/B]</title>
    <heading></heading>
</item>

<plugin>
	<title>[B][COLOR ffdaff4d]• [/COLOR][/B][COLORwhite][B]Indie Replays[/B][/COLOR]</title>
	<link>plugin://plugin.video.youtube/playlist/PL9tY0BWXOZFs5S8Hy6amKBeKuGq2CMxCv/</link>
	<thumbnail></thumbnail>
</plugin>

<item>
    <title>[COLOR lightslategrey][B]------------------------------------------------------[/COLOR][/B]</title>
    <heading></heading>
</item>

<plugin>
	<title>[B][COLOR ffdaff4d]• [/COLOR][/B][COLORred][B]UK Top Tracks Playlist 2019[/B][/COLOR]</title>
	<link>plugin://plugin.video.youtube/playlist/PLkqz3S84Tw-Qqb_BtR4t130wWMt-vG_MT/</link>
	<thumbnail>https://i.imgur.com/PvFfp0j.png</thumbnail>
</plugin>

<item>
    <title>[COLOR lightslategrey][B]------------------------------------------------------[/COLOR][/B]</title>
    <heading></heading>
</item>

<plugin>
	<title>[B][COLOR ffdaff4d]• [/COLOR][/B][COLORdeeppink][B]US Top Tracks Playlist 2019[/B][/COLOR]</title>
	<link>plugin://plugin.video.youtube/playlist/PLkqz3S84Tw-Sd0zaBgHuusuSVJZF0d2Ik/</link>
	<thumbnail>https://i.imgur.com/O8YTmmL.png</thumbnail>
</plugin>

<item>
    <title>[COLOR lightslategrey][B]------------------------------------------------------[/COLOR][/B]</title>
    <heading></heading>
</item>

<plugin>
	<title>[B][COLOR ffdaff4d]• [/COLOR][/B][COLORmediumslateblue][B] Old School Hip-Hop Outta the 80s and 90s[/B][/COLOR]</title>
	<link>plugin://plugin.video.youtube/playlist/PLkqz3S84Tw-QikEysvE3mPoB6qqXCHGwu/</link>
	<thumbnail>https://i.imgur.com/qbF0Qnr.png</thumbnail>
</plugin>

<item>
    <title>[COLOR lightslategrey][B]------------------------------------------------------[/COLOR][/B]</title>
    <heading></heading>
</item>

<plugin>
	<title>[B][COLOR ffdaff4d]• [/COLOR][/B][COLORburlywood][B]Top ROCK Hits[/B][/COLOR]</title>
	<link>plugin://plugin.video.youtube/playlist/PLkqz3S84Tw-TLUOQbX4pSg21x6pEGeMAz/</link>
	<thumbnail>https://i.imgur.com/DWaLw9D.png</thumbnail>
</plugin>

<item>
    <title>[COLOR lightslategrey][B]------------------------------------------------------[/COLOR][/B]</title>
    <heading></heading>
</item>

<plugin>
	<title>[B][COLOR ffdaff4d]• [/COLOR][/B][COLORyellow][B]00s Rap Hits[/B][/COLOR]</title>
	<link>plugin://plugin.video.youtube/playlist/PLkqz3S84Tw-R_DiaZHsYkB_k3-tWcM7CZ/</link>
	<thumbnail>https://i.imgur.com/9KL9zcy.png</thumbnail>
</plugin>

<item>
    <title>[COLOR lightslategrey][B]------------------------------------------------------[/COLOR][/B]</title>
    <heading></heading>
</item>

<plugin>
	<title>[B][COLOR ffdaff4d]• [/COLOR][/B][COLORmediumslateblue][B]Top Dance Playlist 2019[/B][/COLOR]</title>
	<link>plugin://plugin.video.youtube/playlist/PLkqz3S84Tw-SesEEVw6x9UgeROTG0dFqJ/</link>
	<thumbnail>https://i.imgur.com/ZBNUhRA.png</thumbnail>
</plugin>

<item>
    <title>[COLOR lightslategrey][B]------------------------------------------------------[/COLOR][/B]</title>
    <heading></heading>
</item>

<plugin>
	<title>[B][COLOR ffdaff4d]• [/COLOR][/B][COLORmediumslateblue][B]100 Best Acoustic Songs Ever![/B][/COLOR]</title>
	<link>plugin://plugin.video.youtube/playlist/PLPku4k6WFAddgrVbhcDMrM0cda3VthtDG/</link>
	<thumbnail>https://i.imgur.com/em1pHeg.png</thumbnail>
</plugin>

<item>
    <title>[COLOR lightslategrey][B]------------------------------------------------------[/COLOR][/B]</title>
    <heading></heading>
</item>



<plugin>
	<title>[B][COLOR ffdaff4d]• [/COLOR][/B][COLORmediumslateblue][B]Acoustic Playlist - Acoustic Covers of Popular Songs[/B][/COLOR]</title>
	<link>plugin://plugin.video.youtube/playlist/PLwpFrtWg2EJFsZK90YBdU1PNei0Hfo0lb/</link>
	<thumbnail>https://i.imgur.com/em1pHeg.png</thumbnail>
</plugin>

<item>
    <title>[COLOR lightslategrey][B]------------------------------------------------------[/COLOR][/B]</title>
    <heading></heading>
</item>

<plugin>
	<title>[B][COLOR ffdaff4d]• [/COLOR][/B][COLORmediumslateblue][B] Best Timeless Country Songs & Country Music 2020[/B][/COLOR]</title>
	<link>plugin://plugin.video.youtube/playlist/PLlYKDqBVDxX0Qzmoi2-vvHJjOAy3tRPQ_/</link>
	<thumbnail>https://i.imgur.com/em1pHeg.png</thumbnail>
</plugin>

<item>
    <title>[COLOR lightslategrey][B]------------------------------------------------------[/COLOR][/B]</title>
    <heading></heading>
</item>

<plugin>
	<title>[B][COLOR ffdaff4d]• [/COLOR][/B][COLORmediumslateblue][B]60s & 70s Country Music Hits[/B][/COLOR]</title>
	<link>plugin://plugin.video.youtube/playlist/PLGBuKfnErZlDz-Qd3RJ3JVI5N44jMly3p/</link>
	<thumbnail>https://i.imgur.com/em1pHeg.png</thumbnail>
</plugin>

<item>
    <title>[COLOR lightslategrey][B]------------------------------------------------------[/COLOR][/B]</title>
    <heading></heading>
</item>



<plugin>
	<title>[B][COLOR ffdaff4d]• [/COLOR][/B][COLORmediumslateblue][B]Bollywood Party Music Playlist[/B][/COLOR]</title>
	<link>plugin://plugin.video.youtube/playlist/PLNCA1T91UH30u2NRMM_08QKUWt2wACnOm/</link>
	<thumbnail>https://i.imgur.com/em1pHeg.png</thumbnail>
</plugin>

<item>
    <title>[COLOR lightslategrey][B]------------------------------------------------------[/COLOR][/B]</title>
    <heading></heading>
</item>

<plugin>
	<title>[B][COLOR ffdaff4d]• [/COLOR][/B][COLORmediumslateblue][B]100 Greatest Movie Songs of All Time[/B][/COLOR]</title>
	<link>plugin://plugin.video.youtube/playlist/PLyORnIW1xT6zC14Z45V6c00JFwRBWdh8P/</link>
	<thumbnail>https://i.imgur.com/em1pHeg.png</thumbnail>
</plugin>

<item>
    <title>[COLOR lightslategrey][B]------------------------------------------------------[/COLOR][/B]</title>
    <heading></heading>
</item>

<plugin>
	<title>[B][COLOR ffdaff4d]• [/COLOR][/B][COLORmediumslateblue][B]Romantic Movies Soundtrack. Movie Theme Songs[/B][/COLOR]</title>
	<link>plugin://plugin.video.youtube/playlist/PLplXQ2cg9B_oExP9gO8WQD0UTtRrI-Prg/</link>
	<thumbnail>https://i.imgur.com/em1pHeg.png</thumbnail>
</plugin>

<item>
    <title>[COLOR lightslategrey][B]------------------------------------------------------[/COLOR][/B]</title>
    <heading></heading>
</item>

<plugin>
	<title>[B][COLOR ffdaff4d]• [/COLOR][/B][COLORmediumslateblue][B]The Ultimate Disney Songs Playlist[/B][/COLOR]</title>
	<link>plugin://plugin.video.youtube/playlist/PL4BrNFx1j7E6a6IKg8N0IgnkoamHlCHWa/</link>
	<thumbnail>https://i.imgur.com/em1pHeg.png</thumbnail>
</plugin>

<item>
    <title>[COLOR lightslategrey][B]------------------------------------------------------[/COLOR][/B]</title>
    <heading></heading>
</item>

<plugin>
	<title>[B][COLOR ffdaff4d]• [/COLOR][/B][COLORmediumslateblue][B]Best Classical Music Playlist[/B][/COLOR]</title>
	<link>plugin://plugin.video.youtube/playlist/PLxvodScTx2RtAOoajGSu6ad4p8P8uXKQk/</link>
	<thumbnail>https://i.imgur.com/em1pHeg.png</thumbnail>
</plugin>

<item>
    <title>[COLOR lightslategrey][B]------------------------------------------------------[/COLOR][/B]</title>
    <heading></heading>
</item>

<plugin>
	<title>[B][COLOR ffdaff4d]• [/COLOR][/B][COLORmediumslateblue][B]Top 100 - Best Pop Ballads[/B][/COLOR]</title>
	<link>plugin://plugin.video.youtube/playlist/PLjc6tGxBLEcX63o2WsuqJ-eBLG5Wea4Cl/</link>
	<thumbnail>https://i.imgur.com/em1pHeg.png</thumbnail>
</plugin>

<item>
    <title>[COLOR lightslategrey][B]------------------------------------------------------[/COLOR][/B]</title>
    <heading></heading>
</item>

<plugin>
	<title>[B][COLOR ffdaff4d]• [/COLOR][/B][COLORmediumslateblue][B]BEST LOVE SONGS EVER![/B][/COLOR]</title>
	<link>plugin://plugin.video.youtube/playlist/PLRNGf69jPtYLyoCALT1l1_5H6O2AaqkAH/</link>
	<thumbnail>https://i.imgur.com/em1pHeg.png</thumbnail>
</plugin>

<item>
    <title>[COLOR lightslategrey][B]------------------------------------------------------[/COLOR][/B]</title>
    <heading></heading>
</item>





</xml>